{
"type": "FeatureCollection",
"name": "ding0_mv_grid_districts_saarland",
"crs": { "type": "name", "properties": { "name": "urn:ogc:def:crs:OGC:1.3:CRS84" } },
"features": [
{ "type": "Feature", "properties": { "grid": "33364", "population": 43057 }, "geometry": { "type": "Polygon", "coordinates": [ [ [ 7.169009404134521, 49.323672615307224 ], [ 7.170801735354697, 49.393694477607561 ], [ 7.172621348197948, 49.390219405635911 ], [ 7.171017530242559, 49.38744432148976 ], [ 7.177708159171839, 49.384693703423828 ], [ 7.181134422509955, 49.388405426663503 ], [ 7.188826782498706, 49.390470537334792 ], [ 7.192363865368562, 49.393193283055759 ], [ 7.198738885372927, 49.392371926196361 ], [ 7.205542950774654, 49.393744741278198 ], [ 7.20816123614574, 49.391963606630839 ], [ 7.211139197765082, 49.391112125224446 ], [ 7.211174284128891, 49.389023754283663 ], [ 7.213421433767737, 49.391249974592597 ], [ 7.218339483809464, 49.391585586730351 ], [ 7.217934764002565, 49.39247394924157 ], [ 7.220894763978853, 49.394982429530131 ], [ 7.235964970923233, 49.396527931111265 ], [ 7.240592973019385, 49.40292894098431 ], [ 7.239602484305533, 49.40491743097261 ], [ 7.242959143024646, 49.405878988736845 ], [ 7.243466138454328, 49.405335649538905 ], [ 7.247384696487432, 49.406547182901527 ], [ 7.259513146038159, 49.403088003151787 ], [ 7.262686762059786, 49.400838163723336 ], [ 7.261600659018703, 49.399555241817737 ], [ 7.261671122088991, 49.397081163646035 ], [ 7.255231872576751, 49.397435589552735 ], [ 7.254625567267757, 49.3955906624359 ], [ 7.251219054272021, 49.391908500368011 ], [ 7.250964772995056, 49.390982832019027 ], [ 7.252817806822824, 49.389892795310701 ], [ 7.249228242837629, 49.388752890036812 ], [ 7.250674205749113, 49.385697937726356 ], [ 7.242714556438892, 49.384495390859044 ], [ 7.239049861177937, 49.38281362702115 ], [ 7.236878560414895, 49.37965303943772 ], [ 7.221017580491075, 49.369377303928111 ], [ 7.219849082118195, 49.3669027874543 ], [ 7.219778694749539, 49.364101189103707 ], [ 7.222449717132505, 49.363548005282219 ], [ 7.222153754282134, 49.361423465752871 ], [ 7.22515754703965, 49.360025377580747 ], [ 7.226457318226493, 49.36078328531211 ], [ 7.233005296955104, 49.361988833133047 ], [ 7.235882244175717, 49.361193367261457 ], [ 7.237415167498852, 49.360369618264301 ], [ 7.240670103206289, 49.355417058756672 ], [ 7.242391690654522, 49.351674272921812 ], [ 7.242557866038456, 49.34858746203566 ], [ 7.240466914596166, 49.348228731332291 ], [ 7.237040450634666, 49.344018556884457 ], [ 7.23298437825429, 49.340700597402581 ], [ 7.238061380874603, 49.337916220758053 ], [ 7.237377798429001, 49.33459193863844 ], [ 7.240033930500293, 49.334839977635376 ], [ 7.23973630854866, 49.332733093895996 ], [ 7.2405777177753, 49.332109500487299 ], [ 7.241780376397497, 49.3326575114164 ], [ 7.243717775576525, 49.331516077260012 ], [ 7.2436398315508, 49.330234953570553 ], [ 7.250547310901247, 49.329336559015339 ], [ 7.251868314734328, 49.327934076823865 ], [ 7.254948538425881, 49.326384330189128 ], [ 7.25737074851182, 49.32641810198249 ], [ 7.258884593654864, 49.327130443304029 ], [ 7.260466681485012, 49.326678476253612 ], [ 7.262612680173632, 49.326929368551149 ], [ 7.26289674930073, 49.324387337732333 ], [ 7.264764502431427, 49.324434149907866 ], [ 7.265501714975034, 49.32330298007836 ], [ 7.266678325983767, 49.323219608965999 ], [ 7.259491142520694, 49.317862357222211 ], [ 7.254676859574626, 49.319398212011997 ], [ 7.25146145116634, 49.319692435977423 ], [ 7.245580183131477, 49.316028790458638 ], [ 7.239388222061787, 49.314280491545325 ], [ 7.245931111222434, 49.310645433991468 ], [ 7.24755504446902, 49.308423386572777 ], [ 7.247562309644305, 49.307298102224699 ], [ 7.240482452325835, 49.303671420198036 ], [ 7.229248890693939, 49.299590261725399 ], [ 7.188972800484493, 49.289442255357983 ], [ 7.182892188958821, 49.287300579477986 ], [ 7.179653311848051, 49.291767018337822 ], [ 7.188289632504802, 49.296553714329505 ], [ 7.184467275007007, 49.301474323939864 ], [ 7.188518710131734, 49.306411185079362 ], [ 7.186270529405945, 49.307272352569328 ], [ 7.183398774624881, 49.309573815908962 ], [ 7.184425493599491, 49.311459027644368 ], [ 7.186919023006221, 49.312442109880287 ], [ 7.186207677100036, 49.314374663916368 ], [ 7.181632915229489, 49.318589253193714 ], [ 7.175864522189758, 49.321732396023371 ], [ 7.174460963497894, 49.323896818854571 ], [ 7.169009404134521, 49.323672615307224 ] ] ] } },
{ "type": "Feature", "properties": { "grid": "33025", "population": 15173 }, "geometry": { "type": "Polygon", "coordinates": [ [ [ 7.099525014043486, 49.302800667132615 ], [ 7.100444999864693, 49.303394683330737 ], [ 7.102579728299876, 49.303287919785717 ], [ 7.102636624117667, 49.3041626057976 ], [ 7.106050151068001, 49.304382863188465 ], [ 7.111593221045296, 49.306035928709548 ], [ 7.117021513051626, 49.309522250341537 ], [ 7.121203596809234, 49.307820473219827 ], [ 7.122501549619032, 49.309344902194319 ], [ 7.14033755517682, 49.301055004658117 ], [ 7.155796984712045, 49.300912812752998 ], [ 7.158135676358034, 49.299540901677211 ], [ 7.158691887277645, 49.297713151555087 ], [ 7.161668883149065, 49.297727599969775 ], [ 7.161822597391341, 49.29618344206289 ], [ 7.165182380878832, 49.298013176835852 ], [ 7.166441860183489, 49.300301699477401 ], [ 7.170345957531646, 49.302380496239351 ], [ 7.171710444407429, 49.303951603331207 ], [ 7.17814794603885, 49.303655870283755 ], [ 7.182848475752316, 49.304181937411755 ], [ 7.187410171659506, 49.305523061985078 ], [ 7.184467294199227, 49.301474189770481 ], [ 7.188290041296614, 49.296553595521175 ], [ 7.179653711836141, 49.291766499359753 ], [ 7.190370730244127, 49.278327855031847 ], [ 7.192818568391287, 49.279164528795064 ], [ 7.193960410008441, 49.277370280484888 ], [ 7.18961777533224, 49.276080758410558 ], [ 7.187476809720386, 49.273001498898672 ], [ 7.189010047605345, 49.271515658473852 ], [ 7.18719078996067, 49.263169090117273 ], [ 7.188132989377756, 49.259676216620129 ], [ 7.187788793301577, 49.259080789334845 ], [ 7.186320994657555, 49.259415297863136 ], [ 7.18465351221295, 49.257664601028495 ], [ 7.184241482265842, 49.254861115963678 ], [ 7.185070918131043, 49.251608063169591 ], [ 7.180124331841415, 49.250336337599578 ], [ 7.179594505191608, 49.250833930113082 ], [ 7.17710898090342, 49.250976448284767 ], [ 7.166677478988856, 49.24951039369158 ], [ 7.167258342572809, 49.247433842712049 ], [ 7.164027302406792, 49.244843627289605 ], [ 7.16715830140225, 49.241731132087637 ], [ 7.159727184089514, 49.240411614283616 ], [ 7.156595941322119, 49.238769673932936 ], [ 7.154917064825659, 49.241159886978153 ], [ 7.154307877396501, 49.24397583707767 ], [ 7.151740063652166, 49.240371718586943 ], [ 7.147663979772421, 49.238674283237053 ], [ 7.143722397408763, 49.238403357110542 ], [ 7.140400728957644, 49.236935314898204 ], [ 7.138576812152883, 49.239221906657676 ], [ 7.132779880685933, 49.240482990834487 ], [ 7.123153131996446, 49.295326411154569 ], [ 7.099525014043486, 49.302800667132615 ] ] ] } },
{ "type": "Feature", "properties": { "grid": "35446", "population": 585 }, "geometry": { "type": "Polygon", "coordinates": [ [ [ 6.811426488544402, 49.284714173408901 ], [ 6.81375838650338, 49.286139122684276 ], [ 6.817018095687389, 49.28618302068957 ], [ 6.818358044263932, 49.285587726818555 ], [ 6.820776275830981, 49.286909635191968 ], [ 6.822559623807275, 49.286995062132441 ], [ 6.821931724521934, 49.285308246579099 ], [ 6.825105168757137, 49.283412884100358 ], [ 6.830097409793199, 49.283305811063059 ], [ 6.838594078207236, 49.283997453150583 ], [ 6.843443280844208, 49.285947682718266 ], [ 6.846010332405039, 49.284779350586106 ], [ 6.847151307251504, 49.282087687656713 ], [ 6.851067377123596, 49.281818619103703 ], [ 6.85355367007917, 49.282799981546191 ], [ 6.856947589867991, 49.28579211373394 ], [ 6.857233870845882, 49.283468790126776 ], [ 6.858674746953707, 49.281894387010659 ], [ 6.856312494434229, 49.281457378597089 ], [ 6.855223281263563, 49.27966586643484 ], [ 6.856276307242857, 49.2784842717804 ], [ 6.856325253887611, 49.276387434878032 ], [ 6.858181552520508, 49.275321842084828 ], [ 6.855672380317764, 49.272106266178078 ], [ 6.849969408544892, 49.27253342820817 ], [ 6.845996908435691, 49.271917892115717 ], [ 6.837717191854959, 49.273647464074628 ], [ 6.828324749626938, 49.274790814071672 ], [ 6.825113477015662, 49.274667741906441 ], [ 6.81978024135686, 49.269710656625165 ], [ 6.81712379505623, 49.269905791965613 ], [ 6.811426488544402, 49.284714173408901 ] ] ] } },
{ "type": "Feature", "properties": { "grid": "32816", "population": 23918 }, "geometry": { "type": "Polygon", "coordinates": [ [ [ 6.765158584726804, 49.302754326307102 ], [ 6.772159405396875, 49.314596737779681 ], [ 6.772750239407951, 49.317102265669988 ], [ 6.771749406737257, 49.319879206816559 ], [ 6.776517423455582, 49.320757802620768 ], [ 6.780069883142114, 49.319525412471897 ], [ 6.778993272920933, 49.322235867817781 ], [ 6.796560388021187, 49.320816644625076 ], [ 6.798911844572662, 49.321398162647718 ], [ 6.795823019150713, 49.328592174932588 ], [ 6.804254869660707, 49.328608638319189 ], [ 6.805189214653887, 49.330800856162121 ], [ 6.810153935617429, 49.332368976657705 ], [ 6.814792536138382, 49.327775982332504 ], [ 6.815618811706741, 49.333529949126664 ], [ 6.825863896891018, 49.333099716729706 ], [ 6.828655455568255, 49.334082543810126 ], [ 6.832576186953395, 49.333994363273462 ], [ 6.838667570172082, 49.333274238558062 ], [ 6.842206353129319, 49.332047487261846 ], [ 6.841436925881374, 49.330392352080246 ], [ 6.843065902868677, 49.329131917124997 ], [ 6.845740502078622, 49.329890439451745 ], [ 6.847759335154788, 49.320825909391061 ], [ 6.849352037383531, 49.318051090691874 ], [ 6.85466203825009, 49.316645890988539 ], [ 6.856771543025499, 49.316993435645443 ], [ 6.873048373973579, 49.325661548491453 ], [ 6.882912170552665, 49.316540849998439 ], [ 6.875588401782745, 49.310810749668534 ], [ 6.875233809937961, 49.308575012574245 ], [ 6.87960463020492, 49.3032688206915 ], [ 6.880447921985218, 49.300969653554219 ], [ 6.878950263515778, 49.298925833395288 ], [ 6.875343260442062, 49.298545664867035 ], [ 6.873034137627857, 49.297210383921396 ], [ 6.869802798041714, 49.29313418060331 ], [ 6.867713796291502, 49.291805754144342 ], [ 6.866910168293654, 49.29423843068993 ], [ 6.862737297112822, 49.296255592905069 ], [ 6.85971865304148, 49.294663611106706 ], [ 6.862944232629716, 49.291876580314415 ], [ 6.866901460767695, 49.290347446528386 ], [ 6.864979777349286, 49.28753841019789 ], [ 6.862018673810311, 49.288099781590127 ], [ 6.860611558866264, 49.286496324371207 ], [ 6.856535129506879, 49.287066083101031 ], [ 6.856947550747927, 49.285792085325717 ], [ 6.853553683505714, 49.282799971876599 ], [ 6.851067537943581, 49.281818592175426 ], [ 6.847151126076411, 49.282087547626418 ], [ 6.846010266090114, 49.284779319807953 ], [ 6.843443536278994, 49.285947490553447 ], [ 6.838594015807799, 49.283997427437804 ], [ 6.82510541098121, 49.283412755427285 ], [ 6.821931469129045, 49.285308295895497 ], [ 6.822558898275776, 49.286994660297566 ], [ 6.820776714590132, 49.286909660940637 ], [ 6.818357934705913, 49.28558749632208 ], [ 6.817017941081729, 49.286183004277063 ], [ 6.81375839255611, 49.286139106471978 ], [ 6.809035367670386, 49.284353834806325 ], [ 6.798019594121682, 49.283692307645396 ], [ 6.79212637152696, 49.284530946177391 ], [ 6.786975016823102, 49.287076049802998 ], [ 6.78333663277221, 49.286030552976719 ], [ 6.780710936752988, 49.284456896872868 ], [ 6.78048252083946, 49.279169603815106 ], [ 6.778528878876883, 49.278087115336362 ], [ 6.774651549974742, 49.277670333047546 ], [ 6.76919837401235, 49.282659154914001 ], [ 6.765505548821285, 49.28724767228568 ], [ 6.764879243135339, 49.289681371897174 ], [ 6.765158584726804, 49.302754326307102 ] ] ] } },
{ "type": "Feature", "properties": { "grid": "32727", "population": 16500 }, "geometry": { "type": "Polygon", "coordinates": [ [ [ 6.786096007438042, 49.436716031903053 ], [ 6.789601312919962, 49.436750651935512 ], [ 6.79070606226204, 49.439074680714882 ], [ 6.793021309498884, 49.43932247084684 ], [ 6.793488481088557, 49.442030541615317 ], [ 6.797067445068739, 49.442544913970167 ], [ 6.795127703481655, 49.444768602336261 ], [ 6.795638790825018, 49.447091243925534 ], [ 6.79761700152283, 49.449200888884135 ], [ 6.801902484472752, 49.450233255717087 ], [ 6.80226968011342, 49.45102890620953 ], [ 6.800933716308309, 49.453479977576308 ], [ 6.796556123305179, 49.454345173852737 ], [ 6.798786070068532, 49.457128915615314 ], [ 6.796875262775349, 49.457544216605072 ], [ 6.79798746002143, 49.459958615117671 ], [ 6.801277856333772, 49.462264557428817 ], [ 6.805739285092779, 49.469814709900575 ], [ 6.807120818080554, 49.471075898928099 ], [ 6.811623617731541, 49.473087781788216 ], [ 6.813567008836427, 49.472980219104691 ], [ 6.8132358498545, 49.472626595962794 ], [ 6.821077043934893, 49.468965399704501 ], [ 6.827122955542101, 49.470864772956425 ], [ 6.829633963040253, 49.472360489731578 ], [ 6.829998842657182, 49.473372198038355 ], [ 6.835876265755031, 49.474590069372738 ], [ 6.836679321055365, 49.475480938416915 ], [ 6.839200805280061, 49.474680231121454 ], [ 6.8413044921163, 49.475000633371344 ], [ 6.841311073227366, 49.47655005275179 ], [ 6.851971824640276, 49.481398859729062 ], [ 6.853444310439441, 49.482941735828788 ], [ 6.85720113781464, 49.482441684409345 ], [ 6.861514872078332, 49.480797609879993 ], [ 6.870851412684099, 49.480359904800842 ], [ 6.873296301132174, 49.479294862543632 ], [ 6.874977678256203, 49.479717986741313 ], [ 6.882213322090364, 49.484579898293561 ], [ 6.885186093255319, 49.48585514696596 ], [ 6.886646451026952, 49.487388040225397 ], [ 6.892604987471636, 49.490325846201252 ], [ 6.897548227993893, 49.491879828861599 ], [ 6.900707029725737, 49.494187348363376 ], [ 6.903358222083119, 49.495154525358025 ], [ 6.910181844218226, 49.501703646651656 ], [ 6.9164941928811, 49.498112552193874 ], [ 6.918914021750176, 49.492569477946681 ], [ 6.924405444054927, 49.491286948329105 ], [ 6.926301478417551, 49.489585079440239 ], [ 6.926210841451669, 49.488360505861522 ], [ 6.921286059458019, 49.486736257199794 ], [ 6.920108062358334, 49.483816788755192 ], [ 6.914974248596677, 49.483329390424558 ], [ 6.910800409671175, 49.480746639337411 ], [ 6.912064327961436, 49.480102616807898 ], [ 6.912453509053373, 49.478720379481985 ], [ 6.91495299305862, 49.478061140350661 ], [ 6.916573468183756, 49.475467549587897 ], [ 6.922407321972444, 49.472438606199432 ], [ 6.923519019553188, 49.469304741148001 ], [ 6.925061533595001, 49.468753266659625 ], [ 6.932432602365455, 49.472588993052916 ], [ 6.934045932876936, 49.472640021594209 ], [ 6.935874165606932, 49.471472990693016 ], [ 6.934256702660711, 49.468702493823095 ], [ 6.936244781845203, 49.468350473039166 ], [ 6.9353007628488, 49.466366243181632 ], [ 6.931508709306279, 49.465886011697485 ], [ 6.927764415736817, 49.466811690094303 ], [ 6.927552916844372, 49.465193313998974 ], [ 6.922735269721752, 49.464941375675792 ], [ 6.918896792730143, 49.461388116305983 ], [ 6.916131500079393, 49.463434650439957 ], [ 6.914445969440052, 49.463104472731295 ], [ 6.914719376291314, 49.46237449661777 ], [ 6.911926211763523, 49.460617535529899 ], [ 6.910495571611527, 49.461167695001443 ], [ 6.905720958006039, 49.460752583049768 ], [ 6.907127953334372, 49.464282892529809 ], [ 6.906246054566298, 49.466082883137531 ], [ 6.902337832050497, 49.46495883244571 ], [ 6.902300745551861, 49.463975904987329 ], [ 6.900060680047334, 49.463022247906736 ], [ 6.897118903782951, 49.4603308057238 ], [ 6.896109832071353, 49.46110876382302 ], [ 6.89744128174779, 49.462433423767401 ], [ 6.89582774808012, 49.462769388979844 ], [ 6.896797978067228, 49.463827057933344 ], [ 6.895548778211087, 49.464642497555907 ], [ 6.893441235434092, 49.461981533689794 ], [ 6.888249593962519, 49.460464305593277 ], [ 6.886340328724767, 49.461799854007978 ], [ 6.88222443947458, 49.462450035587082 ], [ 6.879455475270543, 49.464199163075023 ], [ 6.878742013447132, 49.467958848146253 ], [ 6.875190173075327, 49.467421529439086 ], [ 6.871364610254624, 49.464839811019814 ], [ 6.871595469414394, 49.462892667231493 ], [ 6.879913435051322, 49.462593114220674 ], [ 6.882471564284062, 49.460502420871357 ], [ 6.880146943493315, 49.4554219267063 ], [ 6.88265543856801, 49.454034252868396 ], [ 6.88356540277207, 49.45259537369158 ], [ 6.879314382196871, 49.450900170559457 ], [ 6.881968892739237, 49.446662784352149 ], [ 6.885226272452295, 49.444866907536642 ], [ 6.886135264666684, 49.441239772324288 ], [ 6.888265614294773, 49.440830331249281 ], [ 6.889557467643193, 49.437800492346867 ], [ 6.886120280335566, 49.437419889379008 ], [ 6.887253451244093, 49.435183673043525 ], [ 6.882369780497505, 49.4323911139128 ], [ 6.872980258375597, 49.432746622767667 ], [ 6.869949582300736, 49.430650103231578 ], [ 6.873410759304241, 49.428878652794175 ], [ 6.872682767419845, 49.425180510931348 ], [ 6.874783340575976, 49.423329712888034 ], [ 6.86476705050869, 49.418863888656603 ], [ 6.864258091942747, 49.415560102953705 ], [ 6.866133671855452, 49.413945221035064 ], [ 6.865570109498865, 49.411369696061328 ], [ 6.867497554940925, 49.411431335919694 ], [ 6.868416477629609, 49.4078440028823 ], [ 6.865754375551356, 49.406754120859318 ], [ 6.866776753498685, 49.405355995076626 ], [ 6.871048573249824, 49.40413021276288 ], [ 6.871106955102461, 49.402865885702326 ], [ 6.868326754848898, 49.402856612551098 ], [ 6.867284494273363, 49.401310031632178 ], [ 6.865224056210558, 49.403187352170256 ], [ 6.861387385271458, 49.402272361533292 ], [ 6.857759565619552, 49.396435922199878 ], [ 6.855250136260647, 49.395318899499919 ], [ 6.850267836876944, 49.393878514097615 ], [ 6.848342231103143, 49.394338406915864 ], [ 6.845890649091871, 49.393934816473141 ], [ 6.846358171643695, 49.392670868762686 ], [ 6.842890913526953, 49.392540252364448 ], [ 6.842992460470073, 49.393028661612718 ], [ 6.845072299063116, 49.393061721942239 ], [ 6.84497617484061, 49.394147235890642 ], [ 6.843325646742627, 49.393896380851977 ], [ 6.841086315162231, 49.397912659443719 ], [ 6.833233225067651, 49.397576059027486 ], [ 6.821879405225705, 49.393856887412156 ], [ 6.819046710778315, 49.39424572050779 ], [ 6.817201919321496, 49.399853871455406 ], [ 6.820161481034743, 49.402779615218115 ], [ 6.81485587808073, 49.404628053177824 ], [ 6.80574292291637, 49.410656090511303 ], [ 6.804996158543623, 49.412898769181183 ], [ 6.795547801651166, 49.417364670006215 ], [ 6.794932329747891, 49.420325771641757 ], [ 6.796511844308008, 49.427184389910572 ], [ 6.795153382913993, 49.428688925056846 ], [ 6.795073054539903, 49.432615907412071 ], [ 6.793467743267473, 49.433905466953448 ], [ 6.786096007438042, 49.436716031903053 ] ] ] } },
{ "type": "Feature", "properties": { "grid": "32485", "population": 16005 }, "geometry": { "type": "Polygon", "coordinates": [ [ [ 7.079228919489715, 49.354799642681932 ], [ 7.084903804916904, 49.356601805050261 ], [ 7.084395771536777, 49.357937375065781 ], [ 7.08770363961143, 49.358920441012089 ], [ 7.089067450153597, 49.360883640856976 ], [ 7.089233729067683, 49.362802912075232 ], [ 7.095352056001128, 49.365959908344777 ], [ 7.1021515465867, 49.366886296529806 ], [ 7.100446838404531, 49.368005053229183 ], [ 7.099309461617309, 49.372185088638567 ], [ 7.100971359383131, 49.375197911807788 ], [ 7.098554810172912, 49.377772496298483 ], [ 7.100304228532972, 49.378186427998074 ], [ 7.097438343604438, 49.383402901820411 ], [ 7.095086780507362, 49.385636933668906 ], [ 7.08909790849607, 49.385275795921082 ], [ 7.090079580713807, 49.389568766949864 ], [ 7.096265299398359, 49.390158948628496 ], [ 7.095744568791988, 49.390630816963593 ], [ 7.097097156839143, 49.391159008487584 ], [ 7.099067860917772, 49.390949942460963 ], [ 7.099421163862901, 49.392206992202311 ], [ 7.101620625440667, 49.393076807858151 ], [ 7.106527629173687, 49.392763832854833 ], [ 7.107955178013398, 49.396579838940305 ], [ 7.112486796204091, 49.395518638309525 ], [ 7.120000581591287, 49.396572913498254 ], [ 7.124323293597397, 49.396513517458317 ], [ 7.134280593655932, 49.393821968024696 ], [ 7.138506360381873, 49.389238596592683 ], [ 7.152036501876174, 49.385913825506563 ], [ 7.149062980830226, 49.381484968998876 ], [ 7.148380095762522, 49.369559880938638 ], [ 7.142146297658058, 49.368572220664397 ], [ 7.141685221321843, 49.362354745317475 ], [ 7.139573320766163, 49.361059714408604 ], [ 7.142101043830557, 49.358287465339359 ], [ 7.140363590992203, 49.357540283143287 ], [ 7.141166813713784, 49.35642651758819 ], [ 7.139177089849215, 49.353085903903946 ], [ 7.136766513358727, 49.350699530395957 ], [ 7.125756238593122, 49.344579711867013 ], [ 7.124509548559234, 49.342903300681385 ], [ 7.124518347752552, 49.341507879526105 ], [ 7.120760757566522, 49.341683750961828 ], [ 7.119202473796162, 49.341125207044769 ], [ 7.118801624803972, 49.339700722882078 ], [ 7.121735437997655, 49.338069531508097 ], [ 7.114241075694648, 49.336273138759708 ], [ 7.110730032215802, 49.337013824347764 ], [ 7.109758037195847, 49.338668520055293 ], [ 7.103076880808797, 49.33904305735301 ], [ 7.102006979873486, 49.337795134094897 ], [ 7.100936069727038, 49.337933860820264 ], [ 7.099195567615805, 49.339159944681981 ], [ 7.100638988644757, 49.340175984968091 ], [ 7.099841098181524, 49.340746147755205 ], [ 7.097198432196348, 49.340891340457603 ], [ 7.093693733444929, 49.339011427236251 ], [ 7.086949488417788, 49.344903345279789 ], [ 7.086528392832054, 49.346754664648664 ], [ 7.087942398549086, 49.347410285747806 ], [ 7.085836440199962, 49.349894486096623 ], [ 7.083791535309038, 49.352092627760392 ], [ 7.080769316818584, 49.352721257748527 ], [ 7.079228919489715, 49.354799642681932 ] ] ] } },
{ "type": "Feature", "properties": { "grid": "33737", "population": 22999 }, "geometry": { "type": "Polygon", "coordinates": [ [ [ 6.910799604205342, 49.480746870808353 ], [ 6.914974343064218, 49.483329458481826 ], [ 6.920108137017795, 49.483816853891248 ], [ 6.921286083755335, 49.486736305781491 ], [ 6.926210852604657, 49.488360962581304 ], [ 6.926301392135271, 49.489585118200324 ], [ 6.924405515507966, 49.491286861257066 ], [ 6.918914131049054, 49.492569294716411 ], [ 6.916494170202082, 49.498112541562541 ], [ 6.910181852187755, 49.501703652614253 ], [ 6.918135739745217, 49.507736169480445 ], [ 6.919257530409659, 49.507860960803356 ], [ 6.923072917838621, 49.503812168636507 ], [ 6.925230881857757, 49.504853764991786 ], [ 6.928655726314113, 49.503569646963456 ], [ 6.928857373896609, 49.504773183243202 ], [ 6.930396315583708, 49.506019753450346 ], [ 6.931419090379658, 49.505295743281906 ], [ 6.93586290543309, 49.506516613801899 ], [ 6.935830625344369, 49.507704658008237 ], [ 6.938082399773413, 49.508147037764125 ], [ 6.938470561140333, 49.507373780194108 ], [ 6.946884894969585, 49.511196571827831 ], [ 6.955454728162479, 49.51183536652966 ], [ 6.956883494359138, 49.510974774589165 ], [ 6.959757609423044, 49.510707543193803 ], [ 6.961325347890315, 49.509327247965174 ], [ 6.962607653813184, 49.510272681378041 ], [ 6.967572424794913, 49.51142907495101 ], [ 6.969115150350509, 49.512470796062871 ], [ 6.971706084511185, 49.510462224801032 ], [ 6.977019243438205, 49.510313154546822 ], [ 6.977629643063938, 49.511800247565468 ], [ 6.979618323151715, 49.511352791611905 ], [ 6.9828272404405, 49.511836241316722 ], [ 6.984818987969569, 49.513348360281093 ], [ 6.985757641045172, 49.512810287330666 ], [ 6.987518412596714, 49.512937125347612 ], [ 6.988320152920856, 49.514267936254669 ], [ 6.990374877460815, 49.515295504123024 ], [ 6.992654678393188, 49.515141622592282 ], [ 6.993402270557361, 49.517587156272263 ], [ 6.996763129967359, 49.519294619043158 ], [ 6.999701712585867, 49.519214782637746 ], [ 7.002038975612219, 49.52073716005129 ], [ 7.006919922863753, 49.521149529141773 ], [ 7.010013752387295, 49.522170054034298 ], [ 7.014445548684233, 49.524141860605212 ], [ 7.01561910661301, 49.525531202787128 ], [ 7.01706756238401, 49.524093132218646 ], [ 7.021818291899228, 49.525347150633941 ], [ 7.023379804202719, 49.524608348759045 ], [ 7.025979231492993, 49.526618161238908 ], [ 7.025898700550195, 49.524709235750365 ], [ 7.026953846938242, 49.524289229752156 ], [ 7.028168386095608, 49.524588011405754 ], [ 7.028466704144291, 49.523534371602416 ], [ 7.034939305682427, 49.522013517789951 ], [ 7.036011719192645, 49.523838336076302 ], [ 7.048528819910041, 49.52369044510661 ], [ 7.048200893578698, 49.520375173581549 ], [ 7.049346194692998, 49.518113773717765 ], [ 7.051380021735214, 49.516572888945646 ], [ 7.049901313710191, 49.515221843007033 ], [ 7.05505362379462, 49.513657240603479 ], [ 7.055090725427548, 49.512633774709052 ], [ 7.053485012430909, 49.512583785603724 ], [ 7.056202687818784, 49.508879063467582 ], [ 7.054747942267294, 49.507738569267367 ], [ 7.0532160522745, 49.507604527303364 ], [ 7.054133674211419, 49.504652501179272 ], [ 7.05988476770182, 49.502962922815051 ], [ 7.058681639378507, 49.501377423770073 ], [ 7.056465720902722, 49.500141903410658 ], [ 7.057013151306858, 49.498463191986389 ], [ 7.060098223750148, 49.49805286115545 ], [ 7.058119280904323, 49.495966207364233 ], [ 7.060343157971869, 49.494251468155333 ], [ 7.066555318997472, 49.496115087607819 ], [ 7.06563900721485, 49.497528237402307 ], [ 7.075076324768895, 49.503605808093994 ], [ 7.078051990575825, 49.502021333478794 ], [ 7.080932510665009, 49.503662302647975 ], [ 7.082211393860069, 49.50148068816501 ], [ 7.076084844121095, 49.498852741587541 ], [ 7.071325431268122, 49.497863317056975 ], [ 7.0682164529531, 49.49784073799222 ], [ 7.067721960312205, 49.496826051385995 ], [ 7.068710489085967, 49.494802863342201 ], [ 7.071712184877481, 49.493160247207008 ], [ 7.077769124518683, 49.491362718461772 ], [ 7.08298986865382, 49.486486928708288 ], [ 7.086238313168773, 49.482249593824569 ], [ 7.088999755346143, 49.480739154868225 ], [ 7.08646866205616, 49.47882524615089 ], [ 7.086397155425966, 49.471096550344797 ], [ 7.087713212278922, 49.471097508250935 ], [ 7.087296005948113, 49.467413267624089 ], [ 7.091510820242147, 49.460766727292572 ], [ 7.093031484532482, 49.460022539724903 ], [ 7.096985368594551, 49.46192480303575 ], [ 7.09797592348482, 49.46101814973315 ], [ 7.10454544789574, 49.461108144694592 ], [ 7.105560994794041, 49.459067738555177 ], [ 7.109835835066977, 49.459952586545619 ], [ 7.111964103976559, 49.458575722823895 ], [ 7.11012457302909, 49.458411916519047 ], [ 7.110144112186112, 49.456377728852651 ], [ 7.103035908071078, 49.456289743853546 ], [ 7.098329175819157, 49.453509268804773 ], [ 7.096806597186182, 49.453364103085235 ], [ 7.096838360410875, 49.451744229489073 ], [ 7.095096792667736, 49.452150771351533 ], [ 7.094266204698434, 49.451696344898259 ], [ 7.093516247849005, 49.447442500389357 ], [ 7.094350641450185, 49.441463102906667 ], [ 7.096203555580818, 49.438011918444403 ], [ 7.100010165956061, 49.43663882334495 ], [ 7.101985718949755, 49.434697937304165 ], [ 7.102535626379745, 49.432713127318969 ], [ 7.100303607736377, 49.432454526982823 ], [ 7.101176151130242, 49.420005198351738 ], [ 7.099016105736119, 49.42126377210905 ], [ 7.094087436303465, 49.421853029606375 ], [ 7.091599625919365, 49.419373484386178 ], [ 7.091899862096886, 49.415150168886441 ], [ 7.088771367126932, 49.41430798942514 ], [ 7.086622009433552, 49.412702965031407 ], [ 7.08392612904352, 49.412774117970358 ], [ 7.083870057123567, 49.411421803789835 ], [ 7.081470616795805, 49.410619570267123 ], [ 7.069777781490829, 49.411740635272842 ], [ 7.060345318151949, 49.409201782718931 ], [ 7.056868606466978, 49.412067347908362 ], [ 7.056625627673363, 49.415832979729004 ], [ 7.054659394308976, 49.416304431687102 ], [ 7.051277779932762, 49.421305133147989 ], [ 7.048935446761827, 49.423144535010834 ], [ 7.047461268597605, 49.426548176555507 ], [ 7.044358859932266, 49.425922031581194 ], [ 7.041081196061579, 49.424281589399747 ], [ 7.040967671650033, 49.422215702513476 ], [ 7.038495313129187, 49.423184343880287 ], [ 7.032409776028624, 49.422195723082005 ], [ 7.029464470980284, 49.422834459593943 ], [ 7.029379441337918, 49.423615410567159 ], [ 7.024298917765752, 49.424008030116781 ], [ 7.02237853346874, 49.426308119865098 ], [ 7.019323007221375, 49.426177901389806 ], [ 7.017595620399969, 49.427340260738006 ], [ 7.016858812684131, 49.428929474218833 ], [ 7.017715729019177, 49.430802553468844 ], [ 7.015433961219248, 49.431451645118372 ], [ 7.015281475177079, 49.430303658108379 ], [ 7.009996017878357, 49.431022593336607 ], [ 7.010151642088842, 49.433234001081999 ], [ 7.001676039325832, 49.43452899798811 ], [ 6.997807098726659, 49.434183663881633 ], [ 6.997276444116786, 49.435013467472288 ], [ 6.995757431502045, 49.434642274690574 ], [ 6.995120926211262, 49.435414993193589 ], [ 6.997279481175169, 49.437409671128961 ], [ 6.994353482168284, 49.437786670865371 ], [ 6.989319326290024, 49.436756376748001 ], [ 6.989245505819326, 49.438981842235471 ], [ 6.987352872386924, 49.440376408725434 ], [ 6.986374597478251, 49.448233217082596 ], [ 6.981378728491094, 49.451422643771842 ], [ 6.97522702721837, 49.450903708289474 ], [ 6.978694707699783, 49.453442850033341 ], [ 6.975068229105883, 49.456223601783137 ], [ 6.971610352923483, 49.461573448042564 ], [ 6.974146608400219, 49.464282627480742 ], [ 6.973716398931667, 49.465998377683839 ], [ 6.975581189986841, 49.46788490440732 ], [ 6.978442950246396, 49.469181580470938 ], [ 6.977479773608882, 49.470249802880481 ], [ 6.971184097068285, 49.46923338614809 ], [ 6.970112564572452, 49.470271576041966 ], [ 6.969793582619456, 49.473098544743863 ], [ 6.973112328978859, 49.475697142167554 ], [ 6.968803620420701, 49.478651375843526 ], [ 6.968124168404979, 49.480179169093802 ], [ 6.971509992118444, 49.482248783263124 ], [ 6.968819344365833, 49.486307154856391 ], [ 6.966041670992697, 49.486481405555374 ], [ 6.963272544246802, 49.487844464574074 ], [ 6.960457194258972, 49.486099131361335 ], [ 6.956024255699412, 49.485104319361987 ], [ 6.940812419217735, 49.472529638731551 ], [ 6.937096207671688, 49.47251126530599 ], [ 6.935874172113811, 49.471472997128721 ], [ 6.934045837413652, 49.472639977390713 ], [ 6.932432552789598, 49.47258894881459 ], [ 6.925062367584975, 49.468752973474494 ], [ 6.923519070465441, 49.469304530762898 ], [ 6.922407173370752, 49.472438662826512 ], [ 6.916573452606542, 49.475467539472874 ], [ 6.914952947224691, 49.478061001897558 ], [ 6.912453271443222, 49.478720369544149 ], [ 6.912064250810159, 49.480102586356793 ], [ 6.910799604205342, 49.480746870808353 ] ] ] } },
{ "type": "Feature", "properties": { "grid": "34691", "population": 3663 }, "geometry": { "type": "Polygon", "coordinates": [ [ [ 6.675031992380426, 49.314566169819763 ], [ 6.68600893415269, 49.318605311270169 ], [ 6.687565315610631, 49.318613083199594 ], [ 6.690196365033023, 49.317234341476535 ], [ 6.693048076232162, 49.318627804741794 ], [ 6.691801771784398, 49.317495609244581 ], [ 6.693343372133794, 49.316467034114204 ], [ 6.693770543125717, 49.314896771014944 ], [ 6.697205891216873, 49.315886222976367 ], [ 6.695742001118611, 49.312477225995252 ], [ 6.700986967416677, 49.31337503034473 ], [ 6.709819035127262, 49.317681075597328 ], [ 6.73425004170723, 49.297587618731065 ], [ 6.759608837936877, 49.295841070313401 ], [ 6.768638082297676, 49.278130799195949 ], [ 6.772001040532379, 49.280063870831064 ], [ 6.776373225524737, 49.276061105888168 ], [ 6.78214272924434, 49.273190087734271 ], [ 6.78116928331759, 49.271716781136135 ], [ 6.763600404839901, 49.260451432845073 ], [ 6.762593664288239, 49.261714942688741 ], [ 6.752786806228059, 49.263945883615676 ], [ 6.748421834416579, 49.267853206930894 ], [ 6.736258309744877, 49.270586357517125 ], [ 6.731520052988374, 49.272421034275794 ], [ 6.72752342791947, 49.272842768716615 ], [ 6.717540406415528, 49.281157774651355 ], [ 6.711611436709746, 49.284523223397365 ], [ 6.714354679666854, 49.285876803341317 ], [ 6.71342793603837, 49.288205369373372 ], [ 6.720319407504936, 49.292148626847315 ], [ 6.721046867210788, 49.296516371417709 ], [ 6.720057475015204, 49.297607883361316 ], [ 6.714531184811667, 49.297822294037196 ], [ 6.710434764336443, 49.295778562860569 ], [ 6.709190708998681, 49.296709362888464 ], [ 6.709238452089651, 49.299764469458999 ], [ 6.707693697254224, 49.300144614568275 ], [ 6.703774292934049, 49.299724035649319 ], [ 6.700799444982356, 49.298848829469414 ], [ 6.696376220920269, 49.304436562959978 ], [ 6.692168944761772, 49.303303494733797 ], [ 6.69085782788778, 49.301943961744662 ], [ 6.690017317750798, 49.302816190355934 ], [ 6.690175107529647, 49.304821126874927 ], [ 6.691928458715788, 49.306834710539583 ], [ 6.688067126337306, 49.306389025829191 ], [ 6.682409451133132, 49.307205754299403 ], [ 6.682094019230516, 49.312041040411437 ], [ 6.686654717095469, 49.316015648120903 ], [ 6.685606507714811, 49.31672685856352 ], [ 6.681072821919754, 49.314834689327789 ], [ 6.675031992380426, 49.314566169819763 ] ] ] } },
{ "type": "Feature", "properties": { "grid": "32510", "population": 19620 }, "geometry": { "type": "Polygon", "coordinates": [ [ [ 6.994252345546044, 49.201328147481881 ], [ 6.995624790081337, 49.205556151326064 ], [ 7.080900318198492, 49.238580379447612 ], [ 7.068619571564415, 49.256278047626481 ], [ 7.074340850170317, 49.258143507305256 ], [ 7.077388497152652, 49.258236497639032 ], [ 7.079520922950858, 49.257464022066706 ], [ 7.081424652271937, 49.255649155157357 ], [ 7.083199344683487, 49.255649006842056 ], [ 7.079421397971415, 49.249780268069593 ], [ 7.085617782794875, 49.2485187423691 ], [ 7.08528870864729, 49.247536132763628 ], [ 7.086368860598052, 49.245498299257996 ], [ 7.092324127315559, 49.246858637731385 ], [ 7.093659076667999, 49.24781759453596 ], [ 7.094711464962973, 49.25024477746927 ], [ 7.104297804804506, 49.254936981607536 ], [ 7.107657816929091, 49.254327904978965 ], [ 7.108247764392842, 49.256289469871511 ], [ 7.112897264674443, 49.25521587318309 ], [ 7.11382883399054, 49.252327686449561 ], [ 7.117041117710388, 49.251776597343742 ], [ 7.118988253723518, 49.249338601266423 ], [ 7.122142001773661, 49.248840460495636 ], [ 7.12551591809713, 49.2452502672325 ], [ 7.128270593559071, 49.245197822476335 ], [ 7.130581863187351, 49.244402838857518 ], [ 7.128542543380365, 49.242693589550143 ], [ 7.129464646982057, 49.240326175135813 ], [ 7.126270265516882, 49.228614432340137 ], [ 7.122460674710875, 49.222754740749977 ], [ 7.126796904374833, 49.216393445142998 ], [ 7.129255484283163, 49.216809150025973 ], [ 7.130643570012144, 49.217994497370618 ], [ 7.136197132686014, 49.216984880733683 ], [ 7.137248380596045, 49.21367249171977 ], [ 7.134473492680247, 49.211581293169338 ], [ 7.130859345164872, 49.213345333873477 ], [ 7.12874426323902, 49.211553349965293 ], [ 7.127346670960851, 49.206585857092051 ], [ 7.121188670752107, 49.20307777711411 ], [ 7.119009340278274, 49.201238274618412 ], [ 7.117184644712247, 49.198067707836422 ], [ 7.116833523899021, 49.195635036914624 ], [ 7.118987161253401, 49.194313208879677 ], [ 7.119144141777531, 49.193552885174171 ], [ 7.114648927810283, 49.193092746698902 ], [ 7.113280894500533, 49.192034004256193 ], [ 7.11272169589683, 49.190216167021624 ], [ 7.108727539300257, 49.189204133868579 ], [ 7.109382154080158, 49.188476399866616 ], [ 7.10833673562392, 49.187715419887247 ], [ 7.106959264175368, 49.188347844215699 ], [ 7.106202740942718, 49.185444963541123 ], [ 7.108087867481625, 49.183535021062461 ], [ 6.994252345546044, 49.201328147481881 ] ] ] } },
{ "type": "Feature", "properties": { "grid": "33076", "population": 1107 }, "geometry": { "type": "Polygon", "coordinates": [ [ [ 6.893567229735772, 49.265693724868733 ], [ 6.895917566935079, 49.265678136978828 ], [ 6.900221333587921, 49.262601233275255 ], [ 6.904344088729109, 49.262859264205595 ], [ 6.908030103464976, 49.257357637413627 ], [ 6.908551505507087, 49.254429497848193 ], [ 6.910747782803781, 49.252653459258674 ], [ 6.910557226468019, 49.250413920109622 ], [ 6.908346121909884, 49.247047049465642 ], [ 6.900614348758973, 49.248357120170176 ], [ 6.900040350730627, 49.245168869435723 ], [ 6.895688035279302, 49.244819414054795 ], [ 6.893567229735772, 49.265693724868733 ] ] ] } },
{ "type": "Feature", "properties": { "grid": "33015", "population": 12048 }, "geometry": { "type": "Polygon", "coordinates": [ [ [ 6.819780253523918, 49.269710654355663 ], [ 6.825113240246628, 49.274667750620139 ], [ 6.828324750791815, 49.27479082216076 ], [ 6.837716964128677, 49.273647511634955 ], [ 6.845997034199669, 49.271917922934179 ], [ 6.849969317352575, 49.272533430024765 ], [ 6.855672382245048, 49.272106284246654 ], [ 6.859661417387188, 49.272866095915461 ], [ 6.86348662540078, 49.271792273813595 ], [ 6.876332714283026, 49.274009443550959 ], [ 6.878517391214793, 49.273241159831684 ], [ 6.878713149067233, 49.268710423937208 ], [ 6.882858054112099, 49.26567249801694 ], [ 6.885241333836109, 49.265271958950471 ], [ 6.887034316288675, 49.266320227812258 ], [ 6.892407822921213, 49.266601102040816 ], [ 6.895004620600487, 49.2659182378666 ], [ 6.893567302268743, 49.265693011307789 ], [ 6.895688023297136, 49.244819412597039 ], [ 6.889388809580085, 49.244313311683122 ], [ 6.88618912945612, 49.242977147618895 ], [ 6.889168649009282, 49.240884311197924 ], [ 6.888050761813433, 49.240752362195728 ], [ 6.888494316113525, 49.236989742454639 ], [ 6.886181090542334, 49.235744366661123 ], [ 6.886260178995403, 49.233774740538323 ], [ 6.878658290866295, 49.229170990427541 ], [ 6.879073166783852, 49.228400624609371 ], [ 6.870979142549191, 49.230696746695564 ], [ 6.865639720297085, 49.230417652615536 ], [ 6.861438787228782, 49.244747143476935 ], [ 6.863088568521563, 49.262801301838422 ], [ 6.830332145733736, 49.263977487393909 ], [ 6.828639478360742, 49.265443468486808 ], [ 6.829824950352373, 49.267040339455967 ], [ 6.829137244853135, 49.268296746571046 ], [ 6.822928399573431, 49.268859124225756 ], [ 6.819780253523918, 49.269710654355663 ] ] ] } },
{ "type": "Feature", "properties": { "grid": "34793", "population": 26846 }, "geometry": { "type": "Polygon", "coordinates": [ [ [ 6.662012814694383, 49.398867058098318 ], [ 6.671726405526082, 49.40028778621744 ], [ 6.673855514192224, 49.398342403247383 ], [ 6.678297738155914, 49.397322398995357 ], [ 6.684512159811599, 49.398316802921215 ], [ 6.688009405686184, 49.39981352405907 ], [ 6.689812703119622, 49.401955087008247 ], [ 6.689252425911621, 49.404665712912802 ], [ 6.690677152187138, 49.406713676988048 ], [ 6.692385968029379, 49.407618174038369 ], [ 6.699435812169354, 49.406271213926949 ], [ 6.700314863043111, 49.407201303131018 ], [ 6.700548187945429, 49.408785835047503 ], [ 6.697454234275204, 49.411056836164953 ], [ 6.695486860721862, 49.413754923703841 ], [ 6.695775193624788, 49.414659676833502 ], [ 6.698797724715975, 49.417806353359211 ], [ 6.701655739964762, 49.41662789005067 ], [ 6.704175557754175, 49.418476269914834 ], [ 6.706168245062676, 49.422198444429064 ], [ 6.709515625685794, 49.424399814518253 ], [ 6.711291571616942, 49.431514201067408 ], [ 6.715658214931853, 49.438938648623513 ], [ 6.716759131165015, 49.440166264552182 ], [ 6.723172977031378, 49.443646542785807 ], [ 6.724876509937061, 49.445681663807484 ], [ 6.722939937607504, 49.448370817415743 ], [ 6.718270122860448, 49.450655761681347 ], [ 6.711592273955794, 49.459749851714108 ], [ 6.709363395920353, 49.460012333826988 ], [ 6.710703204358213, 49.465435049156611 ], [ 6.715585242493955, 49.46749066638035 ], [ 6.72872407066063, 49.462391886231359 ], [ 6.737011089904325, 49.46235300114212 ], [ 6.736349472130065, 49.461105595694832 ], [ 6.742886206217316, 49.456694080356662 ], [ 6.743335568498722, 49.454664653168571 ], [ 6.744525798230225, 49.454289703825623 ], [ 6.753636957665872, 49.455628785567761 ], [ 6.754599193807741, 49.454462652721546 ], [ 6.758595254808006, 49.454415352259254 ], [ 6.768641431243967, 49.461675132039971 ], [ 6.78345541953275, 49.464524492533563 ], [ 6.785756503698802, 49.464077918128481 ], [ 6.787162972115784, 49.463052368964107 ], [ 6.792440481342964, 49.462532543504274 ], [ 6.793306913476077, 49.457950733914508 ], [ 6.79485427340674, 49.45919816928491 ], [ 6.797548554001513, 49.458665214172271 ], [ 6.796875819002986, 49.457544386615247 ], [ 6.798786490566525, 49.457129611454469 ], [ 6.796556552913987, 49.45434496636738 ], [ 6.800933742480503, 49.453480138226261 ], [ 6.802269747729019, 49.451029001239839 ], [ 6.801902918351574, 49.450233379309168 ], [ 6.797617171152504, 49.449200911810721 ], [ 6.795638811356009, 49.447091239112488 ], [ 6.795127833106749, 49.444768628197096 ], [ 6.797067799650691, 49.442544558187294 ], [ 6.793488844651135, 49.442030454315955 ], [ 6.79302120906526, 49.439322025906094 ], [ 6.79070604157192, 49.439074444543927 ], [ 6.789601502362404, 49.436750486851459 ], [ 6.786099495527699, 49.43671514995421 ], [ 6.79346782699989, 49.433905429743838 ], [ 6.795073004989565, 49.432616074011733 ], [ 6.795153433284638, 49.428689034308832 ], [ 6.796511907548139, 49.427184558683159 ], [ 6.794932345157394, 49.42032577124553 ], [ 6.795353754973008, 49.418243972956205 ], [ 6.795548103015486, 49.417364566625345 ], [ 6.798689240708757, 49.415837682923311 ], [ 6.795949605964579, 49.413594894207826 ], [ 6.79527023296118, 49.411581851890311 ], [ 6.791263310112857, 49.408137351358782 ], [ 6.782037609278889, 49.404186915830387 ], [ 6.768570543338966, 49.402668896002211 ], [ 6.765215177996733, 49.401675869803476 ], [ 6.763384910731734, 49.401881260081112 ], [ 6.758170675656782, 49.399546344812151 ], [ 6.754263937370512, 49.395849594526339 ], [ 6.750098664340419, 49.394585020191222 ], [ 6.746549451525437, 49.39515024247256 ], [ 6.747180346299224, 49.39290296454282 ], [ 6.748442789754631, 49.392818436739333 ], [ 6.749980873239306, 49.389384093429257 ], [ 6.752259665180434, 49.388717036954496 ], [ 6.754953665060571, 49.385632761850324 ], [ 6.765424002679905, 49.38793851641158 ], [ 6.768508721105952, 49.384640430531682 ], [ 6.770306557631486, 49.376954873735428 ], [ 6.771748319500007, 49.377397983135424 ], [ 6.773520906210766, 49.373403518059426 ], [ 6.778751084276985, 49.369460400469144 ], [ 6.772561559148347, 49.366931595124655 ], [ 6.769332085836065, 49.36412248545782 ], [ 6.764049556276129, 49.362361986697373 ], [ 6.763640838380182, 49.361231453773236 ], [ 6.757781837649397, 49.361910051970241 ], [ 6.756711493888902, 49.360964913344361 ], [ 6.757551702889566, 49.359560851072033 ], [ 6.753859570356658, 49.358456025825774 ], [ 6.752690916031268, 49.355272015370041 ], [ 6.749454359778213, 49.352126247973302 ], [ 6.741959220154825, 49.35046510079264 ], [ 6.740229806616503, 49.347498937359951 ], [ 6.732295722911207, 49.344871718442889 ], [ 6.729263823938277, 49.342420904249515 ], [ 6.7196613047151, 49.339198059112327 ], [ 6.717345838009134, 49.336597176354388 ], [ 6.73337785704488, 49.38907441116168 ], [ 6.731480005004778, 49.387776556796844 ], [ 6.727230788817102, 49.387056208104241 ], [ 6.717900010319084, 49.382872838961013 ], [ 6.719811585311111, 49.381693204549308 ], [ 6.717257580779381, 49.380551399987247 ], [ 6.715736961675537, 49.378662656970803 ], [ 6.708083719961365, 49.376882641921988 ], [ 6.708697386792661, 49.375219000606478 ], [ 6.700896285048676, 49.373748891466015 ], [ 6.700687297397527, 49.372372633229567 ], [ 6.695650019035744, 49.372229427914128 ], [ 6.692934977896766, 49.374632684956197 ], [ 6.694324577757306, 49.378156772134119 ], [ 6.693730355832205, 49.38199183929094 ], [ 6.68475413849889, 49.384525223271176 ], [ 6.682369770174093, 49.385876637358095 ], [ 6.670892132361396, 49.389477067420266 ], [ 6.662012814694383, 49.398867058098318 ] ] ] } },
{ "type": "Feature", "properties": { "grid": "33410", "population": 3186 }, "geometry": { "type": "Polygon", "coordinates": [ [ [ 6.993554859975107, 49.320569571707253 ], [ 6.994310335987392, 49.321096479146561 ], [ 6.99578373529177, 49.320911421479288 ], [ 7.042620787624718, 49.31244759215712 ], [ 7.039732407549726, 49.310059586921746 ], [ 7.037534256162159, 49.309217286424584 ], [ 7.036161747099654, 49.307437311189041 ], [ 7.042431953671122, 49.302596294991247 ], [ 7.035454572804801, 49.299859859817893 ], [ 7.014118126392563, 49.285331647241414 ], [ 7.011307101431266, 49.286694204880249 ], [ 7.004192251661098, 49.286473017979922 ], [ 7.01089525771953, 49.289955607276809 ], [ 7.013225827780571, 49.293628163226884 ], [ 7.015871590356315, 49.295886539802929 ], [ 7.007097469035508, 49.302302131549411 ], [ 7.006828867709807, 49.309482595838496 ], [ 7.005878817828601, 49.310614996947095 ], [ 7.005843425366527, 49.312802413309306 ], [ 6.993554859975107, 49.320569571707253 ] ] ] } },
{ "type": "Feature", "properties": { "grid": "31706", "population": 12970 }, "geometry": { "type": "Polygon", "coordinates": [ [ [ 7.10685587627793, 49.315591247826781 ], [ 7.110552676874099, 49.317071559846667 ], [ 7.109119379027717, 49.320405197897685 ], [ 7.109774375139609, 49.321469512431442 ], [ 7.114045091297399, 49.324125897277845 ], [ 7.120019406241801, 49.320157335938227 ], [ 7.127972186647153, 49.322250982879858 ], [ 7.129836737439168, 49.32120831407056 ], [ 7.134863368439535, 49.322007253402681 ], [ 7.140600929172261, 49.319936744839346 ], [ 7.144351225995647, 49.319623688254715 ], [ 7.147630080721459, 49.319885452086218 ], [ 7.155471456638519, 49.321811881291332 ], [ 7.158369793797378, 49.321537994198657 ], [ 7.160169876233684, 49.322987121170648 ], [ 7.174461041231757, 49.323897047960294 ], [ 7.175864583778547, 49.321732348460472 ], [ 7.181633022830392, 49.318589216645805 ], [ 7.186207543740661, 49.314375009406348 ], [ 7.186919319176842, 49.312442028963588 ], [ 7.1844254599695, 49.311458912971091 ], [ 7.183398998334033, 49.30957374776392 ], [ 7.186270540241562, 49.307272360845893 ], [ 7.188519458988384, 49.306411185890028 ], [ 7.186271869291621, 49.305057315953349 ], [ 7.182848276376339, 49.3041818963585 ], [ 7.178147691344609, 49.303655855749888 ], [ 7.171710562123587, 49.30395145577873 ], [ 7.170345906968616, 49.302380416309816 ], [ 7.166441985824368, 49.300301794606931 ], [ 7.165182406253335, 49.298013165854279 ], [ 7.161821340120943, 49.296182688641338 ], [ 7.161668711174381, 49.297727234281666 ], [ 7.158691490800765, 49.297712885459802 ], [ 7.158135778491599, 49.299540784575392 ], [ 7.155796832249584, 49.300912807083094 ], [ 7.140337609218273, 49.30105496589136 ], [ 7.122502579167617, 49.309344403342884 ], [ 7.121204024136851, 49.307820114666917 ], [ 7.117021564285295, 49.309522234369084 ], [ 7.117597815939029, 49.311115430403277 ], [ 7.115848664083456, 49.31268350005724 ], [ 7.10853887125606, 49.313994151544684 ], [ 7.10685587627793, 49.315591247826781 ] ] ] } },
{ "type": "Feature", "properties": { "grid": "34078", "population": 12039 }, "geometry": { "type": "Polygon", "coordinates": [ [ [ 7.182892194278389, 49.287300573066155 ], [ 7.188972781227792, 49.289442250501587 ], [ 7.229248854534618, 49.299590252623013 ], [ 7.240482422969057, 49.303671408258786 ], [ 7.247561882607907, 49.307297863055858 ], [ 7.247555044794779, 49.308423336512668 ], [ 7.245931229759855, 49.310645337948891 ], [ 7.239387194930629, 49.314280233034012 ], [ 7.245580055997066, 49.31602876886361 ], [ 7.251461415298635, 49.319692515559623 ], [ 7.254676863360556, 49.319398220100155 ], [ 7.259491435613872, 49.317862663844707 ], [ 7.266676088113597, 49.323217969007729 ], [ 7.265501855560192, 49.323302883937679 ], [ 7.264764624184306, 49.32443407543272 ], [ 7.262896653012863, 49.324387290460407 ], [ 7.26261276863824, 49.326929314369032 ], [ 7.260466726989988, 49.326678473614692 ], [ 7.258884001843843, 49.327130378268158 ], [ 7.257370924411171, 49.32641813350174 ], [ 7.254948625640147, 49.326384299321717 ], [ 7.251868305511175, 49.327934070472296 ], [ 7.250547302411635, 49.329336547076586 ], [ 7.2436393532785, 49.330235184476741 ], [ 7.24371765499381, 49.331516124635407 ], [ 7.241780427934493, 49.332657383579836 ], [ 7.240577577624873, 49.332109415951884 ], [ 7.239736146390683, 49.332733284252505 ], [ 7.240033721006514, 49.334840071129186 ], [ 7.237377841283301, 49.334591829996342 ], [ 7.238061249580282, 49.337916290599516 ], [ 7.232983754492026, 49.340700348076801 ], [ 7.237040480754671, 49.344018593897488 ], [ 7.240467183184575, 49.348229086833364 ], [ 7.242537376412889, 49.348968364256947 ], [ 7.284242502893833, 49.337823984189292 ], [ 7.278392660867951, 49.324963588554347 ], [ 7.28075673446435, 49.327026294831839 ], [ 7.287257352408819, 49.330436761585325 ], [ 7.287526846372305, 49.331993285375106 ], [ 7.286472928031338, 49.332507995184976 ], [ 7.285472749300074, 49.332048124629047 ], [ 7.284383203913944, 49.333266351920251 ], [ 7.283981181329811, 49.335117469853415 ], [ 7.285772943231472, 49.335873349457934 ], [ 7.285898672085519, 49.336736479654476 ], [ 7.28471037277819, 49.337205426691483 ], [ 7.285142969120067, 49.338012828064556 ], [ 7.286777236456052, 49.337687492572705 ], [ 7.293260704119291, 49.338945610582186 ], [ 7.300652661095737, 49.33909944710917 ], [ 7.301041023163771, 49.336935144312051 ], [ 7.302774996372207, 49.335531167328398 ], [ 7.304032761454876, 49.333065529413112 ], [ 7.305609945363472, 49.331823965840037 ], [ 7.309186453674029, 49.331210774462932 ], [ 7.311922391563463, 49.325701577239151 ], [ 7.314107540348872, 49.325304198839618 ], [ 7.313944114464563, 49.323362719646639 ], [ 7.316137420392151, 49.323100618398087 ], [ 7.316621250693728, 49.321619696918141 ], [ 7.313390345504962, 49.320906760185345 ], [ 7.311928690448037, 49.318180362217419 ], [ 7.306000788502677, 49.315628134118384 ], [ 7.305718878211335, 49.314062343911182 ], [ 7.30178533486131, 49.311294355792676 ], [ 7.300324445581486, 49.312134756506666 ], [ 7.298591852003552, 49.310861255082912 ], [ 7.29980275796224, 49.30673617181057 ], [ 7.302525439883822, 49.306381310978566 ], [ 7.30304488700034, 49.305189744136101 ], [ 7.304015768498011, 49.305712403093089 ], [ 7.304698163017154, 49.305389666775142 ], [ 7.304922842915283, 49.304081502779347 ], [ 7.303798979577834, 49.302969176210524 ], [ 7.304678476736343, 49.301130318135414 ], [ 7.303000752164056, 49.300686432230819 ], [ 7.294809569683308, 49.301911680443901 ], [ 7.290526933548733, 49.301096166539132 ], [ 7.282821525237882, 49.303072350201433 ], [ 7.279701305082233, 49.300335975110471 ], [ 7.286090865862709, 49.295783138593848 ], [ 7.281772842795989, 49.294272927099748 ], [ 7.277078896304277, 49.290365753793886 ], [ 7.274202987254364, 49.288914600306633 ], [ 7.267649862386516, 49.282378484314371 ], [ 7.263002968964794, 49.280687330625717 ], [ 7.264148966349186, 49.279999686949949 ], [ 7.26035054872545, 49.278773704693371 ], [ 7.257801713640698, 49.278610048945531 ], [ 7.254391264566377, 49.276944964028459 ], [ 7.253126204691674, 49.273666924555144 ], [ 7.250061645261169, 49.270552938847025 ], [ 7.25013490352439, 49.267025520305083 ], [ 7.241867566487871, 49.269400750053158 ], [ 7.239447793341787, 49.271519260596605 ], [ 7.235081856100811, 49.271288900749347 ], [ 7.229265790327391, 49.269814183000975 ], [ 7.227892902178923, 49.268549547329542 ], [ 7.221976537043472, 49.266729238077559 ], [ 7.211498070470284, 49.270663831400981 ], [ 7.20953930031635, 49.271137648031484 ], [ 7.205687951584105, 49.270916706540319 ], [ 7.199712784815955, 49.269354509527219 ], [ 7.197310683710243, 49.267068996502054 ], [ 7.198915609061547, 49.26453191094096 ], [ 7.196856973911796, 49.264255167081075 ], [ 7.192905024084489, 49.262301970110265 ], [ 7.191617843320108, 49.260814456679192 ], [ 7.188132999789064, 49.259676222590791 ], [ 7.187190772711998, 49.263169090184618 ], [ 7.189010022536988, 49.271515401450827 ], [ 7.187476598565742, 49.273001217667641 ], [ 7.189617720214445, 49.276080797444401 ], [ 7.193959994414146, 49.277370901378767 ], [ 7.192818347226369, 49.279164129097111 ], [ 7.19037137878454, 49.278327084857956 ], [ 7.182892194278389, 49.287300573066155 ] ] ] } },
{ "type": "Feature", "properties": { "grid": "33286", "population": 20446 }, "geometry": { "type": "Polygon", "coordinates": [ [ [ 7.023929533185015, 49.350294514023034 ], [ 7.024747291010089, 49.350995206281077 ], [ 7.034915923579879, 49.352956888889864 ], [ 7.034647466189763, 49.353822193741593 ], [ 7.035667586976056, 49.354099441828069 ], [ 7.035639939851448, 49.354969442939847 ], [ 7.040563318705724, 49.355121147602183 ], [ 7.038735624458996, 49.35849582700645 ], [ 7.041510658743755, 49.36112071248273 ], [ 7.0426773204611, 49.360814790037999 ], [ 7.043876499626209, 49.362270491814236 ], [ 7.047429189649744, 49.361160016723055 ], [ 7.04884968681551, 49.36317420178829 ], [ 7.050685249011118, 49.362956228184458 ], [ 7.051348439681608, 49.364291576968213 ], [ 7.054215602953033, 49.365008464682035 ], [ 7.058165228478444, 49.365281850223603 ], [ 7.058372984964493, 49.364780800241441 ], [ 7.060483494044302, 49.364737431133314 ], [ 7.060290683397502, 49.365334673331326 ], [ 7.062181637379536, 49.36550053621631 ], [ 7.067767687102982, 49.364698641868458 ], [ 7.068768579548509, 49.365557533669971 ], [ 7.069644246718512, 49.364702775045124 ], [ 7.072490838823297, 49.369615082084792 ], [ 7.069012151338746, 49.371022192508136 ], [ 7.06795418630538, 49.372124595331208 ], [ 7.068612206301067, 49.374107821410767 ], [ 7.070382241934142, 49.374035904366124 ], [ 7.07073254018283, 49.375117619967497 ], [ 7.062928006831226, 49.376834075940721 ], [ 7.063835354733272, 49.377447255366178 ], [ 7.06279643072359, 49.378478038162882 ], [ 7.064353787112172, 49.378876912754372 ], [ 7.064455946810243, 49.380149678633394 ], [ 7.072846836254879, 49.380468557378506 ], [ 7.073506762421816, 49.378966853458813 ], [ 7.076460817312172, 49.379299786688634 ], [ 7.077017244425741, 49.379860497845854 ], [ 7.081288466395987, 49.378915251172756 ], [ 7.084455532056917, 49.377048349336349 ], [ 7.088541704263344, 49.376406951562956 ], [ 7.091673249037944, 49.379122184784514 ], [ 7.093386760848308, 49.37868778812544 ], [ 7.092868606775525, 49.377249582663033 ], [ 7.09410002598166, 49.376989479406021 ], [ 7.098554798712522, 49.377772494225084 ], [ 7.100971496323685, 49.375198001866274 ], [ 7.099309537494971, 49.372184989169511 ], [ 7.100446846053858, 49.368005154727413 ], [ 7.102153184198349, 49.366885932464612 ], [ 7.095352066476161, 49.36595989378791 ], [ 7.089234152662914, 49.362803133471786 ], [ 7.089067467584712, 49.360883638061779 ], [ 7.087703543704159, 49.358920276472844 ], [ 7.08439608406304, 49.357937177610488 ], [ 7.084904366248165, 49.35660204354884 ], [ 7.079229447422878, 49.354799064345627 ], [ 7.08076920062969, 49.352721446610545 ], [ 7.083791589394083, 49.352092672684542 ], [ 7.085836447384348, 49.349894478373066 ], [ 7.087942819442929, 49.347409939216519 ], [ 7.08652852936001, 49.346754448034879 ], [ 7.086949590793186, 49.34490323171439 ], [ 7.093693093192644, 49.339011937503464 ], [ 7.097198637089813, 49.34089153432884 ], [ 7.099841162201446, 49.340746340721388 ], [ 7.100639501379317, 49.340176150319493 ], [ 7.099196085290391, 49.339159777504136 ], [ 7.100936229266162, 49.337933855235221 ], [ 7.102007094759794, 49.337795417805317 ], [ 7.103076253713672, 49.339043110390762 ], [ 7.109758754445951, 49.338668478033007 ], [ 7.110730240783173, 49.337013842150093 ], [ 7.114241068583762, 49.336273129714094 ], [ 7.114192582203034, 49.334029445731815 ], [ 7.105953992119856, 49.331871906498492 ], [ 7.109094471582686, 49.327750599669251 ], [ 7.114045083225746, 49.324125902888319 ], [ 7.109774529288922, 49.32146961156981 ], [ 7.109119525841566, 49.320405436474715 ], [ 7.110553047801511, 49.317071554137222 ], [ 7.106855865378596, 49.315591253695324 ], [ 7.089742387530713, 49.316063835386686 ], [ 7.087451157911379, 49.317467387101274 ], [ 7.087513033228669, 49.320880045024218 ], [ 7.086455568698551, 49.322094342174594 ], [ 7.083553839412096, 49.322737496551639 ], [ 7.081993208667297, 49.322596644120445 ], [ 7.077835434478153, 49.320614313833758 ], [ 7.076430536924683, 49.318657816997344 ], [ 7.076637144531093, 49.314791927636094 ], [ 7.072707796683543, 49.313492493014202 ], [ 7.067562741222312, 49.312633081353901 ], [ 7.064967078586014, 49.314264382017981 ], [ 7.063515410597754, 49.313373891163913 ], [ 7.063014975797275, 49.315159510766193 ], [ 7.056414882920193, 49.314624391848106 ], [ 7.054871891410786, 49.315396574187751 ], [ 7.059530280689327, 49.319591794515041 ], [ 7.060901948798685, 49.323712947518061 ], [ 7.059829620362674, 49.327336252890497 ], [ 7.062237422075182, 49.330447405150892 ], [ 7.060533134109503, 49.331941443988093 ], [ 7.061182905121521, 49.333258181120769 ], [ 7.060164971770264, 49.339773719554493 ], [ 7.06130701570109, 49.342105174880786 ], [ 7.051280040989395, 49.34624609328997 ], [ 7.0482052516518, 49.343954958439618 ], [ 7.044661346061004, 49.343404860740272 ], [ 7.045101193708356, 49.350109031438521 ], [ 7.035591301063874, 49.348195866412951 ], [ 7.027915411302579, 49.347788032704443 ], [ 7.027256392280306, 49.348893412552457 ], [ 7.023929533185015, 49.350294514023034 ] ] ] } },
{ "type": "Feature", "properties": { "grid": "33741", "population": 37170 }, "geometry": { "type": "Polygon", "coordinates": [ [ [ 6.845889332188062, 49.393934595609146 ], [ 6.848342371264287, 49.394338443851282 ], [ 6.850267945011151, 49.393878645406701 ], [ 6.857759331624012, 49.396435779778201 ], [ 6.860379254211698, 49.401555333212194 ], [ 6.861951383210704, 49.402479784015334 ], [ 6.865224407321569, 49.403187465508921 ], [ 6.867284218683265, 49.401310932088833 ], [ 6.868326613421982, 49.402856753267621 ], [ 6.871106702801543, 49.402866292568987 ], [ 6.871048206749738, 49.404130253654465 ], [ 6.866776503496235, 49.405356055095723 ], [ 6.865753951133136, 49.406754666687092 ], [ 6.868416273863338, 49.407844452050178 ], [ 6.86749765892719, 49.411430673143897 ], [ 6.86556975981403, 49.411369136066533 ], [ 6.866133567289397, 49.413945203331117 ], [ 6.864258045568731, 49.415559920659661 ], [ 6.864766755605147, 49.418863776714439 ], [ 6.874782748882008, 49.423329777838511 ], [ 6.872682669900623, 49.425180494322952 ], [ 6.873410514648383, 49.428878687513965 ], [ 6.869948729654102, 49.430649535088399 ], [ 6.872979919417329, 49.432746651830939 ], [ 6.882369996403245, 49.432391286140799 ], [ 6.887253023737865, 49.435183686133563 ], [ 6.886119582461154, 49.437420062862387 ], [ 6.889557058699905, 49.437800955180677 ], [ 6.888265571547434, 49.440830176240638 ], [ 6.88613534436499, 49.441239380178772 ], [ 6.885226198323757, 49.444866880128927 ], [ 6.881968867802493, 49.446662772531276 ], [ 6.879314025026491, 49.450900703710843 ], [ 6.883565034440664, 49.452595547349084 ], [ 6.882655414174297, 49.454034241286976 ], [ 6.880146625309628, 49.455421795595456 ], [ 6.882471341085203, 49.460502578809546 ], [ 6.879913108202947, 49.462593110912287 ], [ 6.871594813807606, 49.462892620240069 ], [ 6.871364408794188, 49.464839703839033 ], [ 6.875190258934703, 49.467421605267049 ], [ 6.878742741739563, 49.467959094893274 ], [ 6.879455480258812, 49.46419927793076 ], [ 6.882224356811649, 49.462450102610504 ], [ 6.886340474704288, 49.46179984408333 ], [ 6.888250345837038, 49.460464446112383 ], [ 6.89344121495054, 49.461981546174854 ], [ 6.89554854221464, 49.464642841294307 ], [ 6.896798327428056, 49.463827171682347 ], [ 6.895828580287063, 49.462769498234636 ], [ 6.897442080105145, 49.462433705938999 ], [ 6.896110164457947, 49.461108859499632 ], [ 6.897119052674793, 49.460331248282699 ], [ 6.900060658672269, 49.463022261078898 ], [ 6.90230052456323, 49.463975885653021 ], [ 6.902337462038492, 49.464958790931405 ], [ 6.906246701128181, 49.466083214767309 ], [ 6.907128006210729, 49.464282977785679 ], [ 6.905722194423955, 49.460752838660284 ], [ 6.910495737126904, 49.461167726211713 ], [ 6.911926337023329, 49.460617930837884 ], [ 6.914718997545361, 49.462374513292275 ], [ 6.914445371285862, 49.463104500024571 ], [ 6.916132088604538, 49.46343477856648 ], [ 6.918897152544941, 49.461388716966958 ], [ 6.922735202548665, 49.464941452439859 ], [ 6.927552517053593, 49.465193447925195 ], [ 6.927763812479016, 49.466812141803786 ], [ 6.931508587164632, 49.465886054275444 ], [ 6.93530072166733, 49.466366418201638 ], [ 6.936244366093657, 49.468350119407667 ], [ 6.934256258487907, 49.468701895022441 ], [ 6.937095985251839, 49.472511290755456 ], [ 6.940812820508347, 49.472529890554689 ], [ 6.95602410174275, 49.485104299891063 ], [ 6.960457029621015, 49.486099111244101 ], [ 6.963272820186439, 49.487844616093057 ], [ 6.966041572724226, 49.486481468250517 ], [ 6.968819402361364, 49.48630722251437 ], [ 6.971510188377118, 49.482248612491311 ], [ 6.96812433660589, 49.480179005575408 ], [ 6.968803763818655, 49.478651265542453 ], [ 6.973112567608523, 49.475697136745346 ], [ 6.969793690750259, 49.473098520480463 ], [ 6.970112648487007, 49.470271512853785 ], [ 6.971184783467283, 49.469233538657477 ], [ 6.97748006019278, 49.470249829451767 ], [ 6.978443102860258, 49.469181210575712 ], [ 6.975581204520638, 49.467884895259616 ], [ 6.973716693076488, 49.465998675272239 ], [ 6.974146690046165, 49.464282613720371 ], [ 6.97161044343858, 49.461573442375837 ], [ 6.975068285998209, 49.456223551241237 ], [ 6.978695351101695, 49.45344265739655 ], [ 6.975227732967598, 49.4509040277404 ], [ 6.981378761152074, 49.451422700875227 ], [ 6.986374720797994, 49.448233147854644 ], [ 6.98735290974109, 49.440376602173252 ], [ 6.989245584223332, 49.438981862276151 ], [ 6.989319552226634, 49.436757050460507 ], [ 6.994353594180441, 49.437786703595258 ], [ 6.997281293004345, 49.437409451786955 ], [ 6.995121285020041, 49.43541530427099 ], [ 6.995757457982619, 49.434642581982011 ], [ 6.997276905324747, 49.435013730710374 ], [ 6.9978076360632, 49.43418377356857 ], [ 7.001676040174802, 49.434529009317615 ], [ 7.010152492302383, 49.433233884993314 ], [ 7.009997098797435, 49.431022446335383 ], [ 7.015280472564154, 49.430303854961224 ], [ 7.015432712372847, 49.431452066257414 ], [ 7.017716782102197, 49.430802253852661 ], [ 7.016858913208446, 49.428929257403645 ], [ 7.017595646396912, 49.427340270723263 ], [ 7.019322615889771, 49.426178164724483 ], [ 7.022378654276401, 49.42630826289254 ], [ 7.024299123225593, 49.424008075406626 ], [ 7.029380302067715, 49.42361535753124 ], [ 7.029464872110051, 49.422834440568451 ], [ 7.032409458105261, 49.422195792033442 ], [ 7.038495598527192, 49.423184403709662 ], [ 7.040966922680409, 49.422216425642354 ], [ 7.041080906960169, 49.424281465508464 ], [ 7.044358852361827, 49.425922041140232 ], [ 7.047461548544568, 49.426548512579181 ], [ 7.048935467183681, 49.423144542026378 ], [ 7.051277743448019, 49.421305182019651 ], [ 7.054659380533207, 49.416304429900009 ], [ 7.043823824585218, 49.411712967113154 ], [ 7.043094446408226, 49.408997707930297 ], [ 7.030923491114904, 49.403445322252281 ], [ 7.031442793807678, 49.401029626530686 ], [ 7.024857954451958, 49.401134530021267 ], [ 7.023870488367722, 49.401571498552372 ], [ 7.020520355215884, 49.39980116905209 ], [ 7.020025087697324, 49.398830982266894 ], [ 7.022477350619414, 49.397357909588692 ], [ 7.020459506705325, 49.394170593576106 ], [ 7.018047026657264, 49.395473779178538 ], [ 7.015581685585397, 49.395595565682207 ], [ 7.014308250987336, 49.395087943305313 ], [ 7.013614873218189, 49.393616593224934 ], [ 7.005107017468291, 49.390146908241874 ], [ 7.005356099606204, 49.389181828152253 ], [ 7.002914391033717, 49.386908589536418 ], [ 6.999335073763761, 49.386238941465528 ], [ 6.994581769767035, 49.383893615762865 ], [ 6.994035843691132, 49.378338128669292 ], [ 6.995421361721616, 49.376363897893071 ], [ 6.994322654385631, 49.376112784535465 ], [ 6.994856223948371, 49.373906013840724 ], [ 6.996748589806633, 49.373676476539728 ], [ 6.995444039752526, 49.367935303420573 ], [ 6.997975829720385, 49.364988130714977 ], [ 7.000148411905509, 49.359021930692016 ], [ 6.997388726537324, 49.358107511836756 ], [ 6.991990935702425, 49.359146044054754 ], [ 6.980725910536461, 49.357461332973585 ], [ 6.978196314361355, 49.358859009212033 ], [ 6.970155328757143, 49.355905319788505 ], [ 6.964557557370094, 49.356657103806533 ], [ 6.963669886479081, 49.359537669718762 ], [ 6.962660877231157, 49.359569419282288 ], [ 6.960644861676467, 49.362225862627966 ], [ 6.956195318790092, 49.365904226372415 ], [ 6.957443437717877, 49.366925040373843 ], [ 6.956776704208973, 49.367741742469612 ], [ 6.958343454828342, 49.368934940752688 ], [ 6.958560574038955, 49.370850655707926 ], [ 6.956151471772638, 49.373782641132614 ], [ 6.949431716820474, 49.373699778276048 ], [ 6.944277933946205, 49.377668055103314 ], [ 6.940766466847828, 49.376287480746278 ], [ 6.939886708629206, 49.377358156857404 ], [ 6.937121732937256, 49.376712466932027 ], [ 6.938287184549488, 49.37401153713239 ], [ 6.937755215035885, 49.372445652286672 ], [ 6.936255181337729, 49.372587278133629 ], [ 6.935224241320303, 49.375508347063757 ], [ 6.932019775785019, 49.37538876145728 ], [ 6.931374236970564, 49.367546720928992 ], [ 6.927621110927616, 49.366498287253513 ], [ 6.92419627121815, 49.368025736852744 ], [ 6.9206023334583, 49.368505939044688 ], [ 6.919835405196001, 49.371021275383704 ], [ 6.9178719002961, 49.373309130724287 ], [ 6.915729868018817, 49.373916596005579 ], [ 6.9037902514747, 49.372013616004814 ], [ 6.90173374559183, 49.373136679616437 ], [ 6.894980455522463, 49.37362297066592 ], [ 6.893438479973553, 49.373033217586062 ], [ 6.889841360002239, 49.372998907420161 ], [ 6.888836777046987, 49.372417284053022 ], [ 6.876992035908507, 49.371649214194626 ], [ 6.871252214566058, 49.371860519469536 ], [ 6.870350675576885, 49.374479396747859 ], [ 6.871513371259696, 49.377155933229496 ], [ 6.868266241390799, 49.380878739319854 ], [ 6.867925692825436, 49.382642040538066 ], [ 6.866375912188277, 49.383069389256768 ], [ 6.865400243841497, 49.384658458498052 ], [ 6.859193113612222, 49.382098676837252 ], [ 6.857066414735657, 49.380129476207777 ], [ 6.854329371096751, 49.381481414079971 ], [ 6.853016494014145, 49.379872198890908 ], [ 6.849346034307198, 49.38024854373311 ], [ 6.849924830238815, 49.382068800929744 ], [ 6.848627250401106, 49.388241174231318 ], [ 6.847513506943532, 49.39217676177001 ], [ 6.84635818482493, 49.392670867726757 ], [ 6.845889332188062, 49.393934595609146 ] ] ] } },
{ "type": "Feature", "properties": { "grid": "32536", "population": 17141 }, "geometry": { "type": "Polygon", "coordinates": [ [ [ 6.994035785873681, 49.378338027806862 ], [ 6.994581552549778, 49.383893586673445 ], [ 6.999335065813407, 49.386238951872706 ], [ 7.002914469569017, 49.386908693041008 ], [ 7.00535591326721, 49.389181677120241 ], [ 7.005106456137927, 49.39014669489481 ], [ 7.013614637556788, 49.393616509893711 ], [ 7.014308180105234, 49.395087979246313 ], [ 7.01558200361997, 49.395595692438334 ], [ 7.018046921264748, 49.395473854613797 ], [ 7.020459747011339, 49.394171324990396 ], [ 7.022477095636202, 49.397357686989729 ], [ 7.020024749956264, 49.398831101934363 ], [ 7.020520172502148, 49.399801053536592 ], [ 7.023870806074689, 49.40157168597969 ], [ 7.024858136913392, 49.401134517877871 ], [ 7.031442117179403, 49.401029746213425 ], [ 7.030923074261033, 49.403445131262529 ], [ 7.043094153878625, 49.40899760885393 ], [ 7.0438234727498, 49.411712780488472 ], [ 7.054659389675956, 49.416304422353761 ], [ 7.056625709588912, 49.41583323553629 ], [ 7.056868622485949, 49.412067451929914 ], [ 7.060345781910639, 49.409201969204261 ], [ 7.069777660136151, 49.411740654180754 ], [ 7.081470683734029, 49.410619615470878 ], [ 7.083869789447821, 49.411421800127236 ], [ 7.083925519085549, 49.412774284452631 ], [ 7.086622063395466, 49.412703086414282 ], [ 7.08991775752198, 49.41468492108023 ], [ 7.093204225740613, 49.414081971550658 ], [ 7.096267399514429, 49.412544841320091 ], [ 7.104487662572031, 49.416020710739438 ], [ 7.104755889031368, 49.414813587976454 ], [ 7.110396918423103, 49.409408101124498 ], [ 7.116491014969285, 49.405643688822359 ], [ 7.118929026875359, 49.404726468874337 ], [ 7.121636349346604, 49.404690607129147 ], [ 7.120737476965301, 49.401781779356831 ], [ 7.124323347997428, 49.396513520273864 ], [ 7.12000050260575, 49.396572902418249 ], [ 7.11248665957603, 49.395518606296051 ], [ 7.107955614475815, 49.396579605650281 ], [ 7.106528138398765, 49.392763667283852 ], [ 7.101620498312545, 49.393076739436566 ], [ 7.099421266632749, 49.392206945959117 ], [ 7.09906840592617, 49.390949738617095 ], [ 7.097097172480582, 49.391158954923107 ], [ 7.095745293303824, 49.390630908851726 ], [ 7.096267057376711, 49.390159311455037 ], [ 7.090079396260103, 49.389568335309114 ], [ 7.089098169056327, 49.385276338199091 ], [ 7.095086509381749, 49.38563721835699 ], [ 7.097438313376758, 49.383402956834203 ], [ 7.10030468477088, 49.378185585750025 ], [ 7.094100413421547, 49.376989401921691 ], [ 7.092868286172461, 49.377249273473794 ], [ 7.093386300808132, 49.37868773354554 ], [ 7.091673465132446, 49.379121989771292 ], [ 7.088542361254711, 49.37640680480375 ], [ 7.084455681193378, 49.377048298790257 ], [ 7.081288296250746, 49.378915272278121 ], [ 7.077017915507453, 49.379860354186427 ], [ 7.076461242858345, 49.379299822893742 ], [ 7.073505836497446, 49.378966733821628 ], [ 7.072846190439305, 49.380468406674026 ], [ 7.064456579173699, 49.380149473513427 ], [ 7.064353993436894, 49.378876815632673 ], [ 7.062797159182874, 49.378477794080879 ], [ 7.063835726872209, 49.377447145734948 ], [ 7.062929396979694, 49.376833934259885 ], [ 7.070732785067772, 49.375118028657297 ], [ 7.070382620438585, 49.374035730283396 ], [ 7.068612174756672, 49.374107401744546 ], [ 7.067954266853788, 49.372124778832628 ], [ 7.069012170615137, 49.371022205195032 ], [ 7.072491254482168, 49.369615331054909 ], [ 7.069643295065235, 49.364701702012042 ], [ 7.068768548986002, 49.365556890692439 ], [ 7.067768284974132, 49.364698543614885 ], [ 7.062181636673292, 49.365500525587066 ], [ 7.060291617824827, 49.365334683779508 ], [ 7.06048516493198, 49.364737269100367 ], [ 7.058372408376743, 49.364780720070705 ], [ 7.058164343281097, 49.365281774885901 ], [ 7.054215970773778, 49.365008490148853 ], [ 7.051348589219406, 49.364291463256187 ], [ 7.050685601443611, 49.362956022605239 ], [ 7.04884953648476, 49.363173846541471 ], [ 7.047429385158659, 49.361159662592229 ], [ 7.043876420089017, 49.362270101731362 ], [ 7.042677101767339, 49.360814371343523 ], [ 7.041510201698399, 49.361120257757449 ], [ 7.0387358089387, 49.358495896642367 ], [ 7.04056437341313, 49.355121015945763 ], [ 7.035640760770876, 49.354969405729499 ], [ 7.035667823563917, 49.354099341047537 ], [ 7.034647682936686, 49.353821822259796 ], [ 7.034916701450359, 49.352956964347918 ], [ 7.024747614576019, 49.350995281307597 ], [ 7.023929516996256, 49.350294513669134 ], [ 7.021450007574115, 49.350848032330873 ], [ 7.020373611845134, 49.349716265240254 ], [ 7.013917970192487, 49.349777506026079 ], [ 7.020251912113087, 49.355007759615098 ], [ 7.022391509566805, 49.358757033905292 ], [ 7.000148424568409, 49.359021932101903 ], [ 6.997975810995679, 49.364988126684636 ], [ 6.995444019750973, 49.367935217374949 ], [ 6.996748257377276, 49.37367591330144 ], [ 6.994856183234348, 49.373905732526907 ], [ 6.994322482010183, 49.376113524007962 ], [ 6.995420831856949, 49.376364616785743 ], [ 6.994035785873681, 49.378338027806862 ] ] ] } },
{ "type": "Feature", "properties": { "grid": "33369", "population": 6279 }, "geometry": { "type": "Polygon", "coordinates": [ [ [ 6.873048382535072, 49.325661553915751 ], [ 6.875303903010746, 49.32694986132811 ], [ 6.889000552594036, 49.324977345094943 ], [ 6.896484784928124, 49.32586594792636 ], [ 6.901379601752425, 49.325086122644883 ], [ 6.905610225161484, 49.322501586317451 ], [ 6.910226410575678, 49.317108519270512 ], [ 6.912493676151528, 49.315867291338733 ], [ 6.913965043738723, 49.316076016034017 ], [ 6.920283090289362, 49.314783649305483 ], [ 6.926371637286261, 49.314347540466407 ], [ 6.929197273770992, 49.312997582305393 ], [ 6.927969032713976, 49.31160562232656 ], [ 6.928658344345545, 49.308817794273459 ], [ 6.923869922559085, 49.3047210197875 ], [ 6.927431464937353, 49.30263204233367 ], [ 6.92120621761801, 49.297179040390162 ], [ 6.921970746828723, 49.295420247587067 ], [ 6.928182454172205, 49.292988295453377 ], [ 6.926821883823054, 49.292224459803293 ], [ 6.928517953813776, 49.290882582840865 ], [ 6.927527179309317, 49.289022887486048 ], [ 6.919333469072915, 49.285187142760876 ], [ 6.921076269128815, 49.284750759415445 ], [ 6.926027166302395, 49.280962098370622 ], [ 6.926360485613397, 49.280041187111046 ], [ 6.92277147146186, 49.277543948583919 ], [ 6.919948331824215, 49.277650234627444 ], [ 6.918445388508773, 49.276884183752983 ], [ 6.882304854522256, 49.316123545289038 ], [ 6.882911484421522, 49.316541457693198 ], [ 6.873048382535072, 49.325661553915751 ] ] ] } },
{ "type": "Feature", "properties": { "grid": "33622", "population": 6479 }, "geometry": { "type": "Polygon", "coordinates": [ [ [ 6.774651556202086, 49.277670326172327 ], [ 6.778528850074685, 49.278087166753991 ], [ 6.780482312224581, 49.279169501778888 ], [ 6.780710742704986, 49.284456857305329 ], [ 6.783336624278171, 49.286030561692456 ], [ 6.78697528950379, 49.287076196054478 ], [ 6.792126378205963, 49.284530954549439 ], [ 6.795327817014746, 49.283804964156964 ], [ 6.803667317629778, 49.283799000934323 ], [ 6.809035446913658, 49.284353852848362 ], [ 6.811434528861638, 49.285174343847117 ], [ 6.817123782433841, 49.269905792904417 ], [ 6.805139557459604, 49.271094138456725 ], [ 6.794611330755232, 49.273755382048847 ], [ 6.780468590996016, 49.27436856361021 ], [ 6.776373155830136, 49.276061143472624 ], [ 6.774651556202086, 49.277670326172327 ] ] ] } },
{ "type": "Feature", "properties": { "grid": "34407", "population": 1478 }, "geometry": { "type": "Polygon", "coordinates": [ [ [ 6.994310344524254, 49.321096486174127 ], [ 6.999553515041223, 49.325025181270028 ], [ 7.002311267931293, 49.323671236420473 ], [ 7.002797017874983, 49.326458702733234 ], [ 7.001667232348601, 49.32721630161177 ], [ 7.004190978220748, 49.330590805376275 ], [ 7.012083238470141, 49.333672779856926 ], [ 7.017375260618843, 49.337844226645778 ], [ 7.018261671847269, 49.339681676571146 ], [ 7.016004021845482, 49.341548038807595 ], [ 7.017445976948833, 49.343898030045828 ], [ 7.01660916960904, 49.345934469040337 ], [ 7.021449494112229, 49.350848212165666 ], [ 7.024325190712284, 49.35035173287789 ], [ 7.027256510378584, 49.348893368003516 ], [ 7.02791595864519, 49.347788140836137 ], [ 7.035286064481269, 49.348194349079023 ], [ 7.041369127553944, 49.336439123789511 ], [ 6.995783777188034, 49.320911449499491 ], [ 6.994310344524254, 49.321096486174127 ] ] ] } },
{ "type": "Feature", "properties": { "grid": "33006", "population": 22643 }, "geometry": { "type": "Polygon", "coordinates": [ [ [ 6.746549065706078, 49.3951512472389 ], [ 6.750098912186958, 49.394585060108845 ], [ 6.754263670706802, 49.395849489336719 ], [ 6.758170735493485, 49.3995463907969 ], [ 6.76338514151227, 49.401881378744044 ], [ 6.765215305540448, 49.401675922235974 ], [ 6.768570540063441, 49.402668903649506 ], [ 6.778406644830783, 49.403447321497573 ], [ 6.787233481013059, 49.406174180971107 ], [ 6.793068143445999, 49.409618010047581 ], [ 6.795270212202665, 49.411581858001234 ], [ 6.795949580997817, 49.41359490196578 ], [ 6.798689249379156, 49.415837678214316 ], [ 6.804996394226807, 49.412898673479674 ], [ 6.805743056183989, 49.410656032651687 ], [ 6.814855890331556, 49.404628063014677 ], [ 6.820162066529576, 49.402779566186858 ], [ 6.817202000541376, 49.3998535952122 ], [ 6.819047058284974, 49.394245728253033 ], [ 6.821879547608039, 49.393856953121919 ], [ 6.833233219560558, 49.397576072287954 ], [ 6.84108734216554, 49.397912699852334 ], [ 6.843325349543628, 49.393896957501504 ], [ 6.844976115693298, 49.394148125349979 ], [ 6.84507273731632, 49.393061458433671 ], [ 6.842993091219621, 49.393028603539996 ], [ 6.842891375735025, 49.392540635934211 ], [ 6.846358178353367, 49.392670861305326 ], [ 6.847513471593436, 49.392176962989325 ], [ 6.849924854502063, 49.382068685497359 ], [ 6.849346935979731, 49.380248520633501 ], [ 6.853016357823619, 49.379872377208571 ], [ 6.854328818219013, 49.381481864804101 ], [ 6.857066590251281, 49.380129905537331 ], [ 6.859193099571739, 49.38209868648336 ], [ 6.865400120567366, 49.384659049960682 ], [ 6.866375789725866, 49.383069748211057 ], [ 6.867925774246083, 49.382642069121182 ], [ 6.868266305074012, 49.380878646961932 ], [ 6.871513746394625, 49.377155763777722 ], [ 6.870350695380204, 49.374479665773855 ], [ 6.871252880117367, 49.371860566827316 ], [ 6.876992105811986, 49.37164922098713 ], [ 6.888836510166777, 49.372417292647199 ], [ 6.889841230432973, 49.372998900838319 ], [ 6.893438618136983, 49.373033352065406 ], [ 6.894980294027372, 49.373622999615641 ], [ 6.901733749487256, 49.373136689391131 ], [ 6.903791101135893, 49.372013831855099 ], [ 6.91572987311182, 49.373916649888201 ], [ 6.917871710050581, 49.373309352381831 ], [ 6.919835417302187, 49.371021278308028 ], [ 6.920602291259299, 49.368506160732437 ], [ 6.922044732553262, 49.367991932558112 ], [ 6.920008277872829, 49.366327903544779 ], [ 6.920146489510777, 49.365450501514609 ], [ 6.918408252813876, 49.365275631111636 ], [ 6.918262769118646, 49.363425257559776 ], [ 6.915875296061849, 49.362924647953989 ], [ 6.91279699099026, 49.360385927622602 ], [ 6.912000465096882, 49.361261039426331 ], [ 6.909027936356667, 49.361202272801869 ], [ 6.908915105625992, 49.360298066680627 ], [ 6.907311108831334, 49.360003662920796 ], [ 6.909028786671887, 49.35804110504376 ], [ 6.903709174079108, 49.355430461796743 ], [ 6.890339466246758, 49.352229064257166 ], [ 6.890866691522247, 49.351165828781717 ], [ 6.888928045847571, 49.350877054366983 ], [ 6.889210946464019, 49.350219643111217 ], [ 6.884024143839329, 49.34989982395556 ], [ 6.881424025608284, 49.34744756098209 ], [ 6.87701965239725, 49.346261029420695 ], [ 6.876502169267476, 49.347441381684909 ], [ 6.874038975203967, 49.345814755759783 ], [ 6.872021333030259, 49.345487560627632 ], [ 6.868721572601213, 49.345714658184811 ], [ 6.864324730924181, 49.347431116424019 ], [ 6.863059124761714, 49.346819101031116 ], [ 6.8680722684197, 49.344168822237769 ], [ 6.870476099827687, 49.344698967030645 ], [ 6.871972734231608, 49.34419918916759 ], [ 6.875631954089472, 49.337674195692585 ], [ 6.879642574301594, 49.335609946105265 ], [ 6.879970911531852, 49.33344993550574 ], [ 6.882220041368169, 49.331216789523978 ], [ 6.880115670353552, 49.32896952740942 ], [ 6.8775267065934, 49.328399761696154 ], [ 6.856771462519379, 49.316993372102587 ], [ 6.854662455097625, 49.316645785897165 ], [ 6.849352123579006, 49.318050882557593 ], [ 6.847759346609052, 49.320825857951483 ], [ 6.845740697808889, 49.329889460226156 ], [ 6.843066385507004, 49.329131526006691 ], [ 6.841436767605528, 49.330392239375009 ], [ 6.842205829188799, 49.332047591036812 ], [ 6.838667760434013, 49.333274175606164 ], [ 6.828655826453867, 49.334082538896574 ], [ 6.825864033614206, 49.333099699225762 ], [ 6.811419702930169, 49.333653445219028 ], [ 6.807451468109398, 49.334892230936866 ], [ 6.801121312287965, 49.335690645731276 ], [ 6.797773129999245, 49.335406006433338 ], [ 6.784492154880119, 49.33896341129811 ], [ 6.779590975534518, 49.341377345111823 ], [ 6.777726746838509, 49.348826287553912 ], [ 6.776339187846603, 49.350257547777069 ], [ 6.774979998430656, 49.350184068935931 ], [ 6.771165876864617, 49.351528373874132 ], [ 6.763640848604962, 49.36123145002778 ], [ 6.764049284188464, 49.362361895642444 ], [ 6.769331960974389, 49.364122462062177 ], [ 6.772561621032211, 49.366931664658964 ], [ 6.778750323848301, 49.369460641324082 ], [ 6.773520893759507, 49.373403514182399 ], [ 6.771748532248117, 49.377397281629555 ], [ 6.770306807901521, 49.376953906892517 ], [ 6.768508695167561, 49.384640424887493 ], [ 6.765424344009281, 49.387938123635443 ], [ 6.754953900613873, 49.385632344688496 ], [ 6.752259724237393, 49.388716939107859 ], [ 6.749980944275604, 49.389383878149907 ], [ 6.748442953089183, 49.392818024536759 ], [ 6.747180468952235, 49.3929024633712 ], [ 6.746549065706078, 49.3951512472389 ] ] ] } },
{ "type": "Feature", "properties": { "grid": "33318", "population": 8600 }, "geometry": { "type": "Polygon", "coordinates": [ [ [ 6.995783723791957, 49.320911427263979 ], [ 7.041368518771995, 49.336438993779495 ], [ 7.035286077067109, 49.348194350144794 ], [ 7.045102272013973, 49.350109395050346 ], [ 7.044662028859396, 49.343405256504255 ], [ 7.048205332967632, 49.343955019608842 ], [ 7.051279563923821, 49.346246576588193 ], [ 7.061307228464954, 49.342105036743433 ], [ 7.060164967923527, 49.339773603226178 ], [ 7.061182908934933, 49.333258127871829 ], [ 7.060533405708746, 49.331941455287151 ], [ 7.06223765231478, 49.330447580081433 ], [ 7.059829676903107, 49.327336148136844 ], [ 7.060901962709882, 49.323712902740134 ], [ 7.059530212516369, 49.319591611940659 ], [ 7.054871880272692, 49.315396577299325 ], [ 7.048878348279609, 49.315419746643848 ], [ 7.04262079592201, 49.312447598727623 ], [ 6.995783723791957, 49.320911427263979 ] ] ] } },
{ "type": "Feature", "properties": { "grid": "33476", "population": 38145 }, "geometry": { "type": "Polygon", "coordinates": [ [ [ 7.031084974672308, 49.296870381346679 ], [ 7.037127490592995, 49.300721913515567 ], [ 7.042431027865682, 49.302596142423816 ], [ 7.036161487580809, 49.307437115567986 ], [ 7.037534360091111, 49.309217444560588 ], [ 7.039732372217893, 49.310059566328057 ], [ 7.044505448198855, 49.313592433820077 ], [ 7.048878313873644, 49.315419805099189 ], [ 7.054871880628346, 49.315396568351147 ], [ 7.056415172895695, 49.314624428265653 ], [ 7.063015742964179, 49.315159633226543 ], [ 7.063515750527998, 49.31337484563651 ], [ 7.064966822375474, 49.314264734963587 ], [ 7.067562781788478, 49.312633152497774 ], [ 7.069843751738464, 49.312711779129934 ], [ 7.076636775867983, 49.314791873068238 ], [ 7.076430532859033, 49.318657870469671 ], [ 7.077835414080655, 49.320614324174784 ], [ 7.081993454421365, 49.322596736120573 ], [ 7.086455371212088, 49.322094561355819 ], [ 7.087513048505317, 49.320880127712762 ], [ 7.087451281204419, 49.317467421097753 ], [ 7.089742423315698, 49.316063890676318 ], [ 7.106855864158989, 49.315591245654431 ], [ 7.108539126613946, 49.313994116531383 ], [ 7.115848530616425, 49.312683659200175 ], [ 7.117597946051343, 49.311115453349458 ], [ 7.115755666541965, 49.308331500432359 ], [ 7.111593226771237, 49.30603592125933 ], [ 7.106050072642824, 49.304382843684763 ], [ 7.102637497709897, 49.30416266706338 ], [ 7.102580346887668, 49.303287734266199 ], [ 7.100445328693482, 49.303394651246329 ], [ 7.099526000085327, 49.302800774233631 ], [ 7.123153098403353, 49.295326723034357 ], [ 7.132779869109116, 49.240482987956938 ], [ 7.12946463470351, 49.240326266792209 ], [ 7.128542376941345, 49.242693721088848 ], [ 7.130546525745282, 49.243924534564698 ], [ 7.130325449687946, 49.244727924809958 ], [ 7.125516134498803, 49.24525013597011 ], [ 7.122142044829755, 49.248840432550097 ], [ 7.118988462425874, 49.249338508292972 ], [ 7.117041184419897, 49.251776557519001 ], [ 7.113828573006663, 49.252327808816673 ], [ 7.112896991460306, 49.255215971784786 ], [ 7.108249162712425, 49.256289232539501 ], [ 7.107658159821944, 49.254327544995206 ], [ 7.104297337296416, 49.254936769093383 ], [ 7.094711610551428, 49.250244829677747 ], [ 7.093659101452235, 49.247817585510042 ], [ 7.092324056465989, 49.246858573102415 ], [ 7.08636861594076, 49.245497968243058 ], [ 7.08528864784094, 49.247536212827569 ], [ 7.085617034019033, 49.248518834373627 ], [ 7.079420862157528, 49.249779836698984 ], [ 7.083198397572024, 49.255648766040203 ], [ 7.081424686820636, 49.255649011550346 ], [ 7.079520904661364, 49.257464009029789 ], [ 7.076269963126271, 49.25849047950144 ], [ 7.068398156086387, 49.256206065302344 ], [ 7.067280847972133, 49.257981882304215 ], [ 7.062693917444208, 49.261524568417933 ], [ 7.064347181855868, 49.263610307152774 ], [ 7.06210625327278, 49.267242755161348 ], [ 7.062578311986635, 49.271417684544907 ], [ 7.060918782254624, 49.274995625353945 ], [ 7.058040559395235, 49.278095391455174 ], [ 7.05416965185044, 49.28697279903686 ], [ 7.050365088119743, 49.289728652270988 ], [ 7.043317102412364, 49.293136863343321 ], [ 7.031084974672308, 49.296870381346679 ] ] ] } },
{ "type": "Feature", "properties": { "grid": "33005", "population": 12868 }, "geometry": { "type": "Polygon", "coordinates": [ [ [ 6.855672394560484, 49.272106266567683 ], [ 6.858181217441065, 49.275321713604242 ], [ 6.856325143768693, 49.276387401530158 ], [ 6.856276294062301, 49.278484189728665 ], [ 6.855223118447524, 49.279665940039841 ], [ 6.85631248220802, 49.281457510515679 ], [ 6.858674025589451, 49.28189486570141 ], [ 6.857233844273847, 49.283468784546216 ], [ 6.856534323568042, 49.287066611200729 ], [ 6.860610868354368, 49.286496436467232 ], [ 6.862018413308507, 49.28809997558038 ], [ 6.864979501576754, 49.287538735249768 ], [ 6.8669010050991, 49.29034704695934 ], [ 6.862944219534671, 49.291876570688359 ], [ 6.859717622883037, 49.29466306362724 ], [ 6.86273666738391, 49.296255898650166 ], [ 6.866910243901534, 49.294238463004049 ], [ 6.867715133182804, 49.291806692288596 ], [ 6.869802872940833, 49.293134270389139 ], [ 6.873033989018701, 49.297210297976306 ], [ 6.875343110152635, 49.298545665665372 ], [ 6.878950434288718, 49.298926093693062 ], [ 6.880447826364922, 49.300969914274425 ], [ 6.879604593734638, 49.303268867804903 ], [ 6.875233742459501, 49.308575085222522 ], [ 6.875588446671541, 49.310811032617984 ], [ 6.882304820318011, 49.316123574344751 ], [ 6.918445412883155, 49.276884148646857 ], [ 6.916009805614546, 49.27564235401956 ], [ 6.913928785772494, 49.272541007526911 ], [ 6.911096094150546, 49.270847438324722 ], [ 6.909253541638427, 49.268428991925731 ], [ 6.906033614459314, 49.266947907080635 ], [ 6.90378972139836, 49.263899170872968 ], [ 6.904343991026293, 49.262859302885943 ], [ 6.900221394208319, 49.262601105332436 ], [ 6.895917551877292, 49.265678122755624 ], [ 6.892407896366688, 49.266601081963067 ], [ 6.887034482549418, 49.26632022056021 ], [ 6.885241507765616, 49.26527186342971 ], [ 6.882858137117432, 49.265672417492375 ], [ 6.878713025122337, 49.268710492019025 ], [ 6.878517236777996, 49.273240936226145 ], [ 6.876332859480438, 49.274009384787803 ], [ 6.863486468253723, 49.271792229433018 ], [ 6.859661412436107, 49.272866043431151 ], [ 6.855672394560484, 49.272106266567683 ] ] ] } },
{ "type": "Feature", "properties": { "grid": "35498", "population": 33157 }, "geometry": { "type": "Polygon", "coordinates": [ [ [ 6.863057657945838, 49.346818408284975 ], [ 6.864324271062768, 49.347431271058426 ], [ 6.868721606515115, 49.345714721418119 ], [ 6.872021252182452, 49.3454875744413 ], [ 6.874039058041447, 49.345814826511869 ], [ 6.87650314712847, 49.347442223262554 ], [ 6.877021015489099, 49.34626132677402 ], [ 6.881424065571451, 49.347447586447167 ], [ 6.884023953537418, 49.349899868687736 ], [ 6.889210043680711, 49.35021973337976 ], [ 6.888927145635443, 49.350876990810129 ], [ 6.890866236942997, 49.351166210594194 ], [ 6.890338365321657, 49.352229018382587 ], [ 6.90370943029621, 49.355430563906545 ], [ 6.90902824686429, 49.358040934358264 ], [ 6.907310101699867, 49.360003640680482 ], [ 6.908914879342569, 49.360298188353426 ], [ 6.909026710484744, 49.361202244019893 ], [ 6.912000699283428, 49.361261119544018 ], [ 6.912798185068528, 49.360386607967008 ], [ 6.915875232698439, 49.362924698040054 ], [ 6.918262539849018, 49.363425372667329 ], [ 6.918408186132107, 49.365276020678259 ], [ 6.920146081096282, 49.365450707591158 ], [ 6.92000807808108, 49.366327760824404 ], [ 6.922044745270975, 49.367991928669632 ], [ 6.924196154145486, 49.368025806755398 ], [ 6.927621269331636, 49.366498412976725 ], [ 6.931373824102979, 49.367546688197784 ], [ 6.932019569507222, 49.375389031975466 ], [ 6.935224384951037, 49.375508621665951 ], [ 6.936255052690779, 49.372587703786778 ], [ 6.937754709799208, 49.372445835722942 ], [ 6.938287138505749, 49.374011610113605 ], [ 6.93712114947956, 49.376712474410809 ], [ 6.939886996528621, 49.37735839130319 ], [ 6.940767181715989, 49.376287841921915 ], [ 6.944277864095683, 49.377668339792756 ], [ 6.949431756883493, 49.373699840062379 ], [ 6.956151219463818, 49.373783061397823 ], [ 6.95856060025205, 49.370850887019785 ], [ 6.958343466162174, 49.368934834868512 ], [ 6.956776985616942, 49.367741722367228 ], [ 6.957443750877941, 49.366925195751854 ], [ 6.956195753479708, 49.365903970352299 ], [ 6.960644905921606, 49.362225825920241 ], [ 6.962660671064682, 49.359569725439741 ], [ 6.963669696003893, 49.359538089291746 ], [ 6.964558334693404, 49.356657011550048 ], [ 6.970155572100821, 49.355905364604489 ], [ 6.978196787890536, 49.358859117162027 ], [ 6.980726075265784, 49.357461434971285 ], [ 6.991990936641601, 49.359146059068323 ], [ 6.997388720284835, 49.358107590999658 ], [ 7.000148421500294, 49.359021924676767 ], [ 7.004496728523692, 49.359328239664727 ], [ 7.016108148623108, 49.358535758829802 ], [ 7.022392815534941, 49.358757230459126 ], [ 7.02025192323593, 49.355007755522557 ], [ 7.013919395763899, 49.349778430812677 ], [ 7.020373605630009, 49.349716257171238 ], [ 7.016609291275533, 49.345934456430712 ], [ 7.017446060178488, 49.343898123416608 ], [ 7.016004253478957, 49.341547965697764 ], [ 7.018261825291972, 49.339681783990265 ], [ 7.017375292614973, 49.337844255537917 ], [ 7.012083184254515, 49.3336727487603 ], [ 7.004190940010482, 49.330590763905462 ], [ 7.001667492093828, 49.327216680778811 ], [ 7.002797080239851, 49.32645896634282 ], [ 7.002311294546865, 49.323670149497225 ], [ 6.999553078056482, 49.325024748069112 ], [ 6.993554800260165, 49.320569547456984 ], [ 6.986408208703214, 49.317698742943158 ], [ 6.981733751237642, 49.321703951906606 ], [ 6.978172615345562, 49.320863140033154 ], [ 6.976750139091815, 49.31959377736235 ], [ 6.971317675356091, 49.318153452053998 ], [ 6.967773832768787, 49.316142002458648 ], [ 6.965556948704355, 49.312947465848659 ], [ 6.963813512742411, 49.304445118299547 ], [ 6.958555306808909, 49.299551603839973 ], [ 6.955113109833105, 49.292430493049949 ], [ 6.952193061834302, 49.29102765868285 ], [ 6.95200851097048, 49.288591496911891 ], [ 6.949388957017566, 49.286996347647786 ], [ 6.945487059259438, 49.286143466820583 ], [ 6.933039330477665, 49.286730440497479 ], [ 6.930845614471193, 49.285868220143925 ], [ 6.930480116262243, 49.283929404800084 ], [ 6.923259955005379, 49.283276421536996 ], [ 6.919331885519438, 49.285186582446926 ], [ 6.927527041028423, 49.289022840252855 ], [ 6.92851783916292, 49.290882577395713 ], [ 6.926821038419611, 49.292224527300853 ], [ 6.92818124730403, 49.292988716073999 ], [ 6.921970474582395, 49.295420330914737 ], [ 6.921206067151245, 49.297179151765157 ], [ 6.927430957050692, 49.302631558638026 ], [ 6.923869555682933, 49.304720719688916 ], [ 6.928658162180163, 49.308817745215705 ], [ 6.927968978085024, 49.311605732845869 ], [ 6.92919666723915, 49.312997781769589 ], [ 6.926371504143325, 49.314347537703782 ], [ 6.920283005396731, 49.314783658226339 ], [ 6.913965265412426, 49.316075984010126 ], [ 6.912493988219437, 49.31586710575391 ], [ 6.910226394859269, 49.317108510994785 ], [ 6.905610274817237, 49.322501532435922 ], [ 6.901379476590694, 49.325086132441115 ], [ 6.896484784225676, 49.325865932817123 ], [ 6.889000706083864, 49.324977333297852 ], [ 6.875303912636203, 49.32694986751094 ], [ 6.87752669184241, 49.328399777276111 ], [ 6.880115744268002, 49.328969614627859 ], [ 6.882219803024698, 49.331216521279728 ], [ 6.879970823934335, 49.333449997598343 ], [ 6.879642488520286, 49.335609917308979 ], [ 6.875631982306116, 49.337674098733103 ], [ 6.871972663625933, 49.344199148131899 ], [ 6.870476091685759, 49.344698895252385 ], [ 6.868072627877214, 49.344168610850225 ], [ 6.863057657945838, 49.346818408284975 ] ] ] } },
{ "type": "Feature", "properties": { "grid": "33378", "population": 30917 }, "geometry": { "type": "Polygon", "coordinates": [ [ [ 6.708964320836618, 49.317527994891364 ], [ 6.711280350842671, 49.318937720904252 ], [ 6.714280341271039, 49.317246880072929 ], [ 6.716484482024446, 49.318815924075395 ], [ 6.716851607497058, 49.321152043951898 ], [ 6.718962253069789, 49.320764006535413 ], [ 6.719372309854885, 49.322038511880372 ], [ 6.720491760365399, 49.321301765555205 ], [ 6.723997725509411, 49.322608088387597 ], [ 6.722054584855812, 49.324200381606985 ], [ 6.727035670446337, 49.325520626884156 ], [ 6.728457208816071, 49.324974232971158 ], [ 6.734104516399662, 49.328684913138872 ], [ 6.73170469170893, 49.333099420290687 ], [ 6.719661252192811, 49.339198111889495 ], [ 6.729263760613615, 49.342420880565932 ], [ 6.732295516118151, 49.344871760106152 ], [ 6.7402294348484, 49.347498774129434 ], [ 6.741958886224304, 49.350465044179835 ], [ 6.749454432046267, 49.35212634694529 ], [ 6.752690900744622, 49.355272019747503 ], [ 6.753859530476228, 49.358456152679693 ], [ 6.75755111031666, 49.35956082493874 ], [ 6.756711318233159, 49.3609650199922 ], [ 6.757782178273446, 49.361910372305836 ], [ 6.763640839248446, 49.361231446385844 ], [ 6.771165824269939, 49.351528458764797 ], [ 6.774979881177283, 49.350184124517355 ], [ 6.77633907648891, 49.350257765501006 ], [ 6.777726794647136, 49.348826238233947 ], [ 6.779591042997411, 49.341377374027289 ], [ 6.784491931213767, 49.338963503072996 ], [ 6.797773018480519, 49.335406047229469 ], [ 6.801121366886965, 49.335690650538332 ], [ 6.807451554960178, 49.334892219979722 ], [ 6.811419640893901, 49.333653465034935 ], [ 6.81561879947135, 49.333529949924475 ], [ 6.814792625173357, 49.327774623943149 ], [ 6.810153680030155, 49.332368717326894 ], [ 6.805189311350542, 49.330800803356908 ], [ 6.804255455170826, 49.328608547364844 ], [ 6.79582362141256, 49.328591965056567 ], [ 6.798913059602967, 49.321398463150281 ], [ 6.796560530857922, 49.320816606684197 ], [ 6.77899507589903, 49.322235662744731 ], [ 6.780071359888016, 49.319524470448179 ], [ 6.776517411718918, 49.320757747961082 ], [ 6.771749830149584, 49.31987935597413 ], [ 6.772646766899798, 49.318080508214308 ], [ 6.77246835970126, 49.315408568075085 ], [ 6.765158684113498, 49.30275440378265 ], [ 6.764789959524807, 49.299346503655812 ], [ 6.765505528681415, 49.287247727939722 ], [ 6.772001032259147, 49.28006387680707 ], [ 6.768638629662996, 49.278129682217241 ], [ 6.759608866799468, 49.29584082211516 ], [ 6.734249989277402, 49.297587556299355 ], [ 6.709819601676163, 49.317680616324388 ], [ 6.708964320836618, 49.317527994891364 ] ] ] } },
{ "type": "Feature", "properties": { "grid": "33386", "population": 3709 }, "geometry": { "type": "Polygon", "coordinates": [ [ [ 7.105953484016934, 49.331871971402755 ], [ 7.114192180924856, 49.334029721207045 ], [ 7.114241082316269, 49.336273130134792 ], [ 7.121733678150624, 49.338069174050872 ], [ 7.118801376587097, 49.339700764853262 ], [ 7.119202282988234, 49.341125198722544 ], [ 7.120760616877303, 49.341683769938498 ], [ 7.124517911571386, 49.341508184492071 ], [ 7.124509521606132, 49.342903304685976 ], [ 7.125756127163322, 49.344579635512268 ], [ 7.136766390134591, 49.350699454775885 ], [ 7.139177036233114, 49.353085870577239 ], [ 7.141166680899002, 49.35642633320014 ], [ 7.140363125047741, 49.357540273401703 ], [ 7.142100570946334, 49.358287711178249 ], [ 7.139572954318152, 49.361059835827618 ], [ 7.141685216244922, 49.362354935992109 ], [ 7.142146327986548, 49.368572873406691 ], [ 7.148379966038446, 49.369560372713607 ], [ 7.149062964205073, 49.381484971567104 ], [ 7.152934245863293, 49.387084217405679 ], [ 7.153775413353738, 49.390053759045067 ], [ 7.163498877813431, 49.390675579076714 ], [ 7.170694477105595, 49.39389929711151 ], [ 7.169009391986259, 49.323672614397189 ], [ 7.160170599475818, 49.322987215166869 ], [ 7.158369579517976, 49.321537893402677 ], [ 7.155471348207834, 49.321811845401974 ], [ 7.14763000140497, 49.319885432194027 ], [ 7.14435148130696, 49.319623680812555 ], [ 7.14060101438284, 49.319936721770013 ], [ 7.134863488729263, 49.322007105663744 ], [ 7.129836266436927, 49.321208303394485 ], [ 7.127972013324009, 49.322250880158983 ], [ 7.120019353362266, 49.320157138559821 ], [ 7.109094412178496, 49.327750623797193 ], [ 7.105953484016934, 49.331871971402755 ] ] ] } },
{ "type": "Feature", "properties": { "grid": "33003", "population": 66474 }, "geometry": { "type": "Polygon", "coordinates": [ [ [ 6.978865805764403, 49.286207975813056 ], [ 6.988586948324294, 49.318399421837476 ], [ 6.99355485004363, 49.320569566822051 ], [ 7.005843664435622, 49.312802285471271 ], [ 7.005878836204096, 49.310614947144984 ], [ 7.006828858906611, 49.309482831127298 ], [ 7.007097547674282, 49.302302151951807 ], [ 7.015872235379213, 49.295886313107253 ], [ 7.013225811248312, 49.293628140850061 ], [ 7.010895231389723, 49.28995558434093 ], [ 7.004194269303023, 49.286473468907253 ], [ 7.01130727578005, 49.286694227984405 ], [ 7.014118562082551, 49.285332057484531 ], [ 7.031084965371696, 49.296870374661296 ], [ 7.038967351220443, 49.294841813152026 ], [ 7.050365225765897, 49.289728573674147 ], [ 7.054169757277562, 49.286972740072436 ], [ 7.058040535145661, 49.278095437967174 ], [ 7.060918756965246, 49.274995679872482 ], [ 7.06257836795589, 49.271417563858911 ], [ 7.062106280666416, 49.267242757974138 ], [ 7.06434731176134, 49.26361030316442 ], [ 7.062694336181456, 49.261524536264247 ], [ 7.067280892971191, 49.257981852102247 ], [ 7.080901142075041, 49.238580680463897 ], [ 6.995624735553817, 49.205556134520457 ], [ 7.002553136151108, 49.260386135471201 ], [ 6.978865805764403, 49.286207975813056 ] ] ] } },
{ "type": "Feature", "properties": { "grid": "33630", "population": 17906 }, "geometry": { "type": "Polygon", "coordinates": [ [ [ 6.719738951500074, 49.221108519824661 ], [ 6.723170951017245, 49.225385502697293 ], [ 6.725311646644357, 49.241570736136723 ], [ 6.729729586973207, 49.242421816430053 ], [ 6.735991252805751, 49.24256025670072 ], [ 6.736493917924973, 49.24950313937039 ], [ 6.73843238997185, 49.25022563363062 ], [ 6.743957231179169, 49.250302852823488 ], [ 6.745355721318255, 49.254420490157933 ], [ 6.753114709122901, 49.251086048227194 ], [ 6.755635137012447, 49.25087327513522 ], [ 6.756543685800154, 49.25422668095451 ], [ 6.755966991248459, 49.254919087434388 ], [ 6.762593908129086, 49.261714860023694 ], [ 6.76360044038944, 49.260451932924894 ], [ 6.765018059982565, 49.261156066330365 ], [ 6.781169102304369, 49.271716657219059 ], [ 6.782142473235281, 49.273190058815452 ], [ 6.780468599798865, 49.274368558215016 ], [ 6.794611394279365, 49.273755374089291 ], [ 6.80513954544889, 49.271094140538565 ], [ 6.828357404542817, 49.268595492851695 ], [ 6.829825026103903, 49.267760845642123 ], [ 6.828639797718976, 49.265443216494333 ], [ 6.838749176085809, 49.256479128036453 ], [ 6.833545201853759, 49.256336277694871 ], [ 6.833215633683572, 49.258477683836375 ], [ 6.823487385684103, 49.255971198321497 ], [ 6.818892482931719, 49.249128865748119 ], [ 6.810606386828822, 49.240931155749493 ], [ 6.80567897685201, 49.239715272429059 ], [ 6.797839595656294, 49.239765554238389 ], [ 6.798689519325638, 49.236062556480185 ], [ 6.797646184310458, 49.234279157031239 ], [ 6.795080046349642, 49.233205371142091 ], [ 6.793698401878459, 49.233465952872415 ], [ 6.793607033719941, 49.235723117032705 ], [ 6.792101270199175, 49.235979816716082 ], [ 6.784625739920778, 49.232517421883756 ], [ 6.782103333827433, 49.228137673952659 ], [ 6.776529337630732, 49.225530054575259 ], [ 6.772744623457689, 49.225215194999656 ], [ 6.766999633888166, 49.222871590716835 ], [ 6.763331027842298, 49.223722101259547 ], [ 6.759799502499999, 49.223334256565231 ], [ 6.741667087230717, 49.226087652429349 ], [ 6.740720955050546, 49.228856344839201 ], [ 6.735719312968197, 49.226527600878363 ], [ 6.732662164981241, 49.22394820054047 ], [ 6.729965754146823, 49.223082900024636 ], [ 6.723465468224483, 49.218829232866184 ], [ 6.719738951500074, 49.221108519824661 ] ] ] } },
{ "type": "Feature", "properties": { "grid": "31413", "population": 5952 }, "geometry": { "type": "Polygon", "coordinates": [ [ [ 6.789721104870048, 49.190541681453702 ], [ 6.816808390180019, 49.243577412581743 ], [ 6.861438776757026, 49.244747083003652 ], [ 6.865639708228223, 49.230417651054445 ], [ 6.862970049252178, 49.230277997645501 ], [ 6.863113760528866, 49.231236515446099 ], [ 6.859364319246138, 49.231662541045559 ], [ 6.855427323961739, 49.2300535273314 ], [ 6.854649127000387, 49.228871650807974 ], [ 6.852260440118352, 49.229321552137442 ], [ 6.852768843533933, 49.230547624423941 ], [ 6.848689701177206, 49.232828149179447 ], [ 6.841186744709457, 49.229873306793138 ], [ 6.841212133372244, 49.229171514846918 ], [ 6.839039631820012, 49.22790281713263 ], [ 6.835709359791709, 49.227217680483221 ], [ 6.835405487281896, 49.225424532051726 ], [ 6.831624528985595, 49.225237876808073 ], [ 6.829338782287592, 49.224379612980243 ], [ 6.827222287685425, 49.220401617404121 ], [ 6.828359596782056, 49.219547489458748 ], [ 6.829544768753072, 49.219874201414299 ], [ 6.829331523150678, 49.21834509748043 ], [ 6.832977540465391, 49.214159498170105 ], [ 6.830375358439182, 49.212948612204201 ], [ 6.82824198239028, 49.215319146424285 ], [ 6.824794953369708, 49.214034832948919 ], [ 6.814726248362257, 49.205678786981416 ], [ 6.802018924674275, 49.199160250816639 ], [ 6.802994015387689, 49.197438448072063 ], [ 6.802329461551945, 49.194728710712923 ], [ 6.803167601806579, 49.192525838464057 ], [ 6.794744198130018, 49.192386263799932 ], [ 6.789721104870048, 49.190541681453702 ] ] ] } },
{ "type": "Feature", "properties": { "grid": "33019", "population": 16066 }, "geometry": { "type": "Polygon", "coordinates": [ [ [ 7.219778682789879, 49.364100478231705 ], [ 7.219849083734231, 49.3669028517754 ], [ 7.221017474643542, 49.369377210790006 ], [ 7.236878446227039, 49.379652958447458 ], [ 7.239049726270101, 49.382813538937505 ], [ 7.242714552552773, 49.384495398362709 ], [ 7.250673536139808, 49.385698103488863 ], [ 7.249227678471985, 49.388753010694181 ], [ 7.25281667652948, 49.389892722946939 ], [ 7.25096454055811, 49.390982876272858 ], [ 7.251219088971137, 49.391908626557161 ], [ 7.254625554511512, 49.395590665675769 ], [ 7.255231905145098, 49.397436020729884 ], [ 7.261670974534863, 49.397081168285922 ], [ 7.266114237755906, 49.397479014636517 ], [ 7.269021863953068, 49.398552960557929 ], [ 7.274195426021629, 49.402041878982963 ], [ 7.285054481742041, 49.402442440029553 ], [ 7.289331182423351, 49.405752046850765 ], [ 7.292158099953852, 49.406805061766249 ], [ 7.292601486759384, 49.408222442368775 ], [ 7.297219213807253, 49.404580997631697 ], [ 7.294243388567025, 49.401011483920421 ], [ 7.298941255937627, 49.398519356051658 ], [ 7.289657854860965, 49.393294724872383 ], [ 7.292144377916831, 49.392848858974297 ], [ 7.289341417175995, 49.388814895972814 ], [ 7.296756680842673, 49.389283766412618 ], [ 7.297267882882587, 49.388194815627422 ], [ 7.299504003905628, 49.387972371853991 ], [ 7.299385705501814, 49.389297234031886 ], [ 7.303992932864369, 49.388753704346662 ], [ 7.30140679348428, 49.38482794400992 ], [ 7.295576434209985, 49.385391439395335 ], [ 7.28449667606263, 49.384427169909678 ], [ 7.279551223161615, 49.385159105942712 ], [ 7.274076236719189, 49.383309723777309 ], [ 7.275390684483406, 49.375649016576901 ], [ 7.27703190553396, 49.375029388185972 ], [ 7.278432708401003, 49.373061519648047 ], [ 7.278943404552642, 49.371410459478369 ], [ 7.277995507215927, 49.371060777062105 ], [ 7.278252819042717, 49.370165510716603 ], [ 7.279509460605505, 49.370093256547108 ], [ 7.280356864613235, 49.36777333651542 ], [ 7.283453762091852, 49.367685661769954 ], [ 7.285462939819518, 49.364654707854115 ], [ 7.285752149386555, 49.362600999796548 ], [ 7.284517531348276, 49.360674741077865 ], [ 7.297815760869225, 49.358866202614848 ], [ 7.30581638041519, 49.359201619510145 ], [ 7.300652660722307, 49.339099454707032 ], [ 7.293260708268122, 49.338945598513796 ], [ 7.286777009844641, 49.337687471908254 ], [ 7.285142786698667, 49.338012320672433 ], [ 7.284710692105036, 49.337205595495142 ], [ 7.285898888728836, 49.336736550981009 ], [ 7.285772880817536, 49.335872921699696 ], [ 7.283981386164791, 49.335117413442426 ], [ 7.28438317532075, 49.333266483581568 ], [ 7.285472371468348, 49.332048688817125 ], [ 7.286472932657647, 49.332508201091521 ], [ 7.287527095401428, 49.331993253987797 ], [ 7.287257338687505, 49.330436567002586 ], [ 7.280756802669544, 49.327026330617237 ], [ 7.278389778757683, 49.324959841129079 ], [ 7.284241833440608, 49.337824083587563 ], [ 7.242537375949839, 49.348968372778138 ], [ 7.242391664990145, 49.351674328721671 ], [ 7.237415111298558, 49.360369647843704 ], [ 7.233005223519461, 49.361988807772832 ], [ 7.226457497326892, 49.360783329821622 ], [ 7.225157962319988, 49.360025108142715 ], [ 7.222153668455833, 49.361423341451356 ], [ 7.222449051936318, 49.363548112757243 ], [ 7.219778682789879, 49.364100478231705 ] ] ] } },
{ "type": "Feature", "properties": { "grid": "35870", "population": 89869 }, "geometry": { "type": "Polygon", "coordinates": [ [ [ 6.827222168120047, 49.220401593665223 ], [ 6.8293386291901, 49.224379573450967 ], [ 6.831624521312971, 49.225237893217525 ], [ 6.835405104881096, 49.225424663536963 ], [ 6.835708972665609, 49.227217665897996 ], [ 6.839039620132114, 49.227902830635671 ], [ 6.841211865662312, 49.22917137994115 ], [ 6.841186297739278, 49.229873148450629 ], [ 6.848690580534107, 49.232828492152052 ], [ 6.852769250527903, 49.230547526801189 ], [ 6.85226106838031, 49.229321584543023 ], [ 6.854648033188731, 49.228871856835575 ], [ 6.855427237546557, 49.230053513572699 ], [ 6.859364199205012, 49.231662544945465 ], [ 6.861217075576141, 49.231742950665797 ], [ 6.863114479793358, 49.231236335793319 ], [ 6.862971152018265, 49.230278118737822 ], [ 6.870979307555685, 49.230696771710335 ], [ 6.879071559748482, 49.22840129154671 ], [ 6.878657695950114, 49.229170721924348 ], [ 6.886259952973638, 49.23377460720917 ], [ 6.88618100140428, 49.235744483088375 ], [ 6.888494291421142, 49.236989967671583 ], [ 6.888050354406107, 49.2407530013217 ], [ 6.889167868371403, 49.240885243171505 ], [ 6.886187938154994, 49.242976501882104 ], [ 6.88938880478804, 49.244313321898645 ], [ 6.900039801960873, 49.245168883593429 ], [ 6.900613359633859, 49.248357310819522 ], [ 6.908346338294126, 49.247047546346863 ], [ 6.910557210759799, 49.250413922523769 ], [ 6.910747749922946, 49.25265327940312 ], [ 6.908551503499814, 49.254429405674998 ], [ 6.908030092363357, 49.257357635438851 ], [ 6.903789595692388, 49.263898888207429 ], [ 6.906033725861596, 49.266948024282762 ], [ 6.909253582837347, 49.268429066722121 ], [ 6.911096079962293, 49.270847445330958 ], [ 6.913928767143498, 49.272541016266935 ], [ 6.916009841165042, 49.275642429935559 ], [ 6.919948305616641, 49.277650289750291 ], [ 6.922771681925375, 49.277544091459809 ], [ 6.925391242486929, 49.279097484866291 ], [ 6.926360401522055, 49.280041240259052 ], [ 6.926027187670706, 49.280962039343876 ], [ 6.923259963469603, 49.283276413905519 ], [ 6.93047947449746, 49.283929465495824 ], [ 6.930845514032036, 49.285868258832451 ], [ 6.933039324879394, 49.286730461029947 ], [ 6.945487056716813, 49.286143480110113 ], [ 6.949388944715304, 49.286996361209155 ], [ 6.952008150453736, 49.288591277389486 ], [ 6.95219298985409, 49.291027774593481 ], [ 6.955113138356043, 49.292430593186374 ], [ 6.958555253113451, 49.29955154852167 ], [ 6.963813486653548, 49.304445125507868 ], [ 6.965556856876896, 49.31294732590041 ], [ 6.967773776179034, 49.316141971046768 ], [ 6.971317850697907, 49.318153547565871 ], [ 6.976750005701175, 49.319593754438415 ], [ 6.978172469387718, 49.320863119595103 ], [ 6.981734126794505, 49.321704119375937 ], [ 6.986407705397436, 49.317699196195079 ], [ 6.988586952556044, 49.318399455571345 ], [ 6.978865896868946, 49.286207986262383 ], [ 7.002553171324441, 49.260386236545244 ], [ 6.995624732551432, 49.20555615610553 ], [ 6.994252799422193, 49.201328335700978 ], [ 7.10808780626612, 49.183535027646528 ], [ 7.112044562275075, 49.1762118623259 ], [ 7.103695030870771, 49.180290259230162 ], [ 7.097341316196746, 49.181565277828625 ], [ 7.0941174268026, 49.181314199318685 ], [ 7.077126517497208, 49.174358541952465 ], [ 7.075519264215948, 49.172427372252173 ], [ 7.073158900399179, 49.173174632753962 ], [ 7.073463331129811, 49.174102627921187 ], [ 7.069487701590504, 49.176545477754253 ], [ 7.069611698076216, 49.175929575698213 ], [ 7.062729933335239, 49.174593137443786 ], [ 7.058319598644619, 49.176916056370871 ], [ 7.054385986641463, 49.176813118591724 ], [ 7.053598038224269, 49.175150112161539 ], [ 7.046552133167233, 49.172853112496036 ], [ 7.044076311967611, 49.172713754206633 ], [ 7.040399352110808, 49.174383225518874 ], [ 7.029435277074036, 49.17672767689055 ], [ 7.033730390411272, 49.182317466034377 ], [ 7.033223183803259, 49.18802894351046 ], [ 7.035011587365044, 49.191415698601674 ], [ 7.028636690849563, 49.190843414963503 ], [ 7.027985852735028, 49.19125046879455 ], [ 7.025957829202215, 49.189831673976911 ], [ 7.023326274750815, 49.189189922419047 ], [ 7.021788897919215, 49.190367217305521 ], [ 7.021463322573659, 49.193140210840461 ], [ 7.015554305081097, 49.191089798730623 ], [ 7.013450001851863, 49.188649363950105 ], [ 7.010752733437986, 49.187953099911766 ], [ 7.008901082129645, 49.193973610661189 ], [ 6.999481071672891, 49.194463546793713 ], [ 6.997145632611955, 49.197668453287612 ], [ 6.992573784423679, 49.200821360791416 ], [ 6.97523089070494, 49.209453922710694 ], [ 6.972592722698704, 49.209512381011855 ], [ 6.959603696713648, 49.203090179693405 ], [ 6.951084630489218, 49.207728769037175 ], [ 6.944015494522987, 49.214114823245019 ], [ 6.939880064073308, 49.216685339544732 ], [ 6.938107339334296, 49.222433940500686 ], [ 6.928899970322719, 49.222125080908796 ], [ 6.925060441076523, 49.223346302865814 ], [ 6.922705553148098, 49.222658953276351 ], [ 6.918713661235999, 49.222720565178854 ], [ 6.918768745508276, 49.219948699404924 ], [ 6.91153034737818, 49.215061432635615 ], [ 6.900527148662761, 49.213664108244124 ], [ 6.893345429873097, 49.209146748028743 ], [ 6.873165628944985, 49.21482697871415 ], [ 6.87170661201142, 49.215581276619545 ], [ 6.870431914867579, 49.218809083453479 ], [ 6.866376279448837, 49.219902663761857 ], [ 6.862898716001189, 49.222248686838341 ], [ 6.85887347446257, 49.222757403043715 ], [ 6.857297807670365, 49.222319014572989 ], [ 6.845632372264435, 49.216238726954387 ], [ 6.837553526676045, 49.212893748750759 ], [ 6.832977555504519, 49.214159500309108 ], [ 6.829331428953775, 49.218345177380044 ], [ 6.829544387429171, 49.219873250474286 ], [ 6.828359796398892, 49.219547229087866 ], [ 6.827222168120047, 49.220401593665223 ] ] ] } },
{ "type": "Feature", "properties": { "grid": "33035", "population": 41989 }, "geometry": { "type": "Polygon", "coordinates": [ [ [ 6.447211692043494, 49.523091660159338 ], [ 6.448390052805361, 49.524701662993003 ], [ 6.448837445666621, 49.527916153461597 ], [ 6.452772311301292, 49.529832244372223 ], [ 6.458070185288198, 49.528724989475691 ], [ 6.460875926955691, 49.531726280979981 ], [ 6.46708346382354, 49.529840350633563 ], [ 6.468171920654951, 49.531221352938076 ], [ 6.477870177537003, 49.531117351709781 ], [ 6.478014641110199, 49.531861076136394 ], [ 6.473282824399749, 49.533485033169875 ], [ 6.473492191532021, 49.535105012802845 ], [ 6.472052868864128, 49.535432253147015 ], [ 6.470662278593827, 49.537968406970492 ], [ 6.467910978972366, 49.539239565139653 ], [ 6.469639048256566, 49.540733166795214 ], [ 6.468103604206195, 49.540895202284432 ], [ 6.469207174842128, 49.542412226268262 ], [ 6.467011450042931, 49.543009479396503 ], [ 6.46792155828025, 49.544366394207941 ], [ 6.476746723710103, 49.541672061311417 ], [ 6.481834250569174, 49.538465777745749 ], [ 6.485675677768855, 49.533773264026053 ], [ 6.494120353820767, 49.53062288595018 ], [ 6.497512330787242, 49.531112515731962 ], [ 6.499292189428584, 49.530356355682954 ], [ 6.500584083479779, 49.532284517103243 ], [ 6.507560344320946, 49.535270341783011 ], [ 6.509553412680393, 49.53543992784973 ], [ 6.511140931768391, 49.534334052760272 ], [ 6.514926780402569, 49.535080209630365 ], [ 6.514861448140837, 49.529221895339454 ], [ 6.51614016249465, 49.527825744441159 ], [ 6.517436296201312, 49.527547165029837 ], [ 6.51957753320736, 49.529100030887719 ], [ 6.522920434523978, 49.528344068910393 ], [ 6.525209820391215, 49.52944260151282 ], [ 6.527888819176836, 49.532185735524472 ], [ 6.538553918546087, 49.539452514505101 ], [ 6.544794684427612, 49.537644352614514 ], [ 6.549521710475827, 49.537233260093522 ], [ 6.55475019825423, 49.535963721647221 ], [ 6.556403962016733, 49.537282891452683 ], [ 6.559755890609622, 49.5377727535448 ], [ 6.561702130055165, 49.539818965957672 ], [ 6.563963082578719, 49.540557575903627 ], [ 6.565189655166914, 49.537933954469615 ], [ 6.568700674021882, 49.537659638034626 ], [ 6.571786445477964, 49.536127677317403 ], [ 6.578288746084935, 49.530128443678542 ], [ 6.579421264470649, 49.528807467548567 ], [ 6.580203666631085, 49.52483479207126 ], [ 6.579729286232918, 49.522187359103057 ], [ 6.584541653156466, 49.519517090386174 ], [ 6.586884872290804, 49.51929200212156 ], [ 6.588431929792769, 49.51747171860832 ], [ 6.591304947282787, 49.517021990877012 ], [ 6.595337483635462, 49.518810069922374 ], [ 6.603581507352257, 49.517996017105617 ], [ 6.604679827079899, 49.517259496975853 ], [ 6.608502784096758, 49.519075760262453 ], [ 6.610318100571946, 49.521084250743527 ], [ 6.609554741979808, 49.524003677740581 ], [ 6.607020563165575, 49.527398249714793 ], [ 6.612776511213379, 49.529292810484129 ], [ 6.618404952642824, 49.5294516393162 ], [ 6.619658191653606, 49.530561233140865 ], [ 6.619591579872771, 49.532045328313082 ], [ 6.616971905331736, 49.53552240482297 ], [ 6.624550399287923, 49.537922883908813 ], [ 6.627822004300965, 49.538322010864078 ], [ 6.630881142091182, 49.541351123404894 ], [ 6.632775019062687, 49.541903413117744 ], [ 6.636033285729695, 49.541928970658063 ], [ 6.641104259852312, 49.54023885991348 ], [ 6.641350236848779, 49.537753657776264 ], [ 6.644197973717826, 49.539025744359016 ], [ 6.64595109208682, 49.53914316241115 ], [ 6.650950067972683, 49.543376809699097 ], [ 6.652873971761004, 49.542523651872052 ], [ 6.655095326612027, 49.543130703246788 ], [ 6.657695326126016, 49.540579782956158 ], [ 6.651034906044465, 49.534929851918712 ], [ 6.647396217829408, 49.534742420475048 ], [ 6.647386653727854, 49.532967775421469 ], [ 6.64879263459976, 49.531664400064606 ], [ 6.644903295544081, 49.530296951786326 ], [ 6.645385888230033, 49.529286946127527 ], [ 6.650674404663089, 49.526341595578607 ], [ 6.649959198333705, 49.522848991268113 ], [ 6.645837164280183, 49.522654190877702 ], [ 6.641819680661087, 49.521688242544798 ], [ 6.641142825590751, 49.520124594864789 ], [ 6.637512008865506, 49.517622153281998 ], [ 6.634111033678986, 49.517415354493757 ], [ 6.632919777931015, 49.51538389022943 ], [ 6.636991740259342, 49.513613614876931 ], [ 6.636631617940616, 49.512430762898973 ], [ 6.63859431441219, 49.512785648530823 ], [ 6.641940782219141, 49.510575980541823 ], [ 6.641226878157404, 49.509137149709268 ], [ 6.642549190189128, 49.504236993042973 ], [ 6.647325744394887, 49.503784664677639 ], [ 6.652181326268374, 49.505034289701477 ], [ 6.650484486873044, 49.498274450641752 ], [ 6.651799958626485, 49.497040858362332 ], [ 6.653219071098333, 49.498493656803539 ], [ 6.655272790308292, 49.498581694753014 ], [ 6.66144758878883, 49.496774351083424 ], [ 6.663857374797429, 49.497946150426571 ], [ 6.668378283135907, 49.496406510048985 ], [ 6.669683742157358, 49.497036159479158 ], [ 6.670939638164683, 49.495862952742577 ], [ 6.673180088900275, 49.496551299537664 ], [ 6.675884996342679, 49.4945445891709 ], [ 6.677559187064116, 49.495564495953388 ], [ 6.675611776764577, 49.496408580330588 ], [ 6.676501266238799, 49.496699969362318 ], [ 6.683753602233331, 49.495765535976687 ], [ 6.682774988718021, 49.491295330601844 ], [ 6.687808762513271, 49.487741518525972 ], [ 6.694947961635484, 49.485775592151384 ], [ 6.695777720475313, 49.483164316124551 ], [ 6.69095301101022, 49.478119070428257 ], [ 6.689871214969454, 49.475560273126874 ], [ 6.690196697415102, 49.475121189127726 ], [ 6.691113725855326, 49.475404102031277 ], [ 6.693080192555439, 49.472578986929257 ], [ 6.691707020667927, 49.472118179230229 ], [ 6.69140595681313, 49.471216495173678 ], [ 6.69380370117904, 49.470954964738617 ], [ 6.69464410719065, 49.467163993213461 ], [ 6.693403703538578, 49.462600256350605 ], [ 6.693781164554328, 49.458721943703821 ], [ 6.699033618206536, 49.458588515642838 ], [ 6.705553015224082, 49.460487628731663 ], [ 6.711592118617125, 49.459750156273685 ], [ 6.718270085272964, 49.450655837473676 ], [ 6.722939962212165, 49.448370830473948 ], [ 6.724876680560279, 49.445681744823837 ], [ 6.723172993904641, 49.443646533440507 ], [ 6.716759247913378, 49.440166333985005 ], [ 6.715658198263363, 49.438938623444407 ], [ 6.711291590724834, 49.431514197950257 ], [ 6.709515667603468, 49.424399874306289 ], [ 6.706168216492723, 49.422198355942726 ], [ 6.70417559693202, 49.418476311475779 ], [ 6.701655313837709, 49.416627740670208 ], [ 6.698797357838735, 49.417805849420894 ], [ 6.695775208977016, 49.41465967281011 ], [ 6.695486994431528, 49.413754710513551 ], [ 6.697454162754636, 49.411056925391698 ], [ 6.700548369995281, 49.408785696577894 ], [ 6.699436347061646, 49.406271089552277 ], [ 6.692385626733394, 49.407617977001827 ], [ 6.69067712004089, 49.406713629036894 ], [ 6.689252583827478, 49.404665949194836 ], [ 6.689812914130447, 49.401955347798982 ], [ 6.688009429004037, 49.399813509981563 ], [ 6.684512387658882, 49.398316842686491 ], [ 6.678298071413802, 49.397322350515815 ], [ 6.673855400207168, 49.398342429643542 ], [ 6.671726067053254, 49.400287688306882 ], [ 6.662012807560452, 49.398867065604612 ], [ 6.652687942579878, 49.406367654997155 ], [ 6.642610416040777, 49.411354988456047 ], [ 6.638333562606073, 49.409254177981452 ], [ 6.635674940152782, 49.411063356304318 ], [ 6.631481852450104, 49.408964902050805 ], [ 6.628710227235614, 49.409941252217266 ], [ 6.624923036945702, 49.407996543956763 ], [ 6.623531667595429, 49.405779788175593 ], [ 6.623902346375393, 49.40481353742463 ], [ 6.621429124158896, 49.403776719423384 ], [ 6.609611815784572, 49.402677711098363 ], [ 6.606063281787283, 49.401556276817821 ], [ 6.606749918166707, 49.400283118020397 ], [ 6.601743152841582, 49.399147066570528 ], [ 6.601215978252974, 49.397690139328503 ], [ 6.599880503056933, 49.397048012904328 ], [ 6.592352494276607, 49.398352945232439 ], [ 6.592016110484015, 49.400020302311653 ], [ 6.58657443204296, 49.399134109249395 ], [ 6.583265645028224, 49.400100024327202 ], [ 6.58445192102038, 49.40269438677997 ], [ 6.581389111459976, 49.404422969951035 ], [ 6.579471840666878, 49.406429807917881 ], [ 6.579464245510609, 49.409647267947832 ], [ 6.577025605635592, 49.411326174843886 ], [ 6.571469629386487, 49.418056766873548 ], [ 6.564883592368428, 49.41550258208639 ], [ 6.562603335393297, 49.417019883831991 ], [ 6.556986072714072, 49.419208598656745 ], [ 6.555940716669167, 49.42100913785724 ], [ 6.554191376699293, 49.420110693125004 ], [ 6.55254787248043, 49.421287247134458 ], [ 6.552130012617778, 49.424011222456727 ], [ 6.550815928770449, 49.425379427161189 ], [ 6.542677692163886, 49.43060715726191 ], [ 6.541706797418667, 49.432491977043895 ], [ 6.53941442887578, 49.433723349685202 ], [ 6.537967167814194, 49.432783871869852 ], [ 6.535099229049178, 49.434223454596378 ], [ 6.534419623401298, 49.435311632322914 ], [ 6.52484586920151, 49.435397657566639 ], [ 6.523077077137809, 49.436772478356339 ], [ 6.514256287084613, 49.440676976992641 ], [ 6.509450945888651, 49.444957376487842 ], [ 6.499367535621074, 49.450383443100399 ], [ 6.486288048517045, 49.451621087007588 ], [ 6.484657565752171, 49.452608056928121 ], [ 6.489148645455076, 49.456065517025287 ], [ 6.483764821108409, 49.459133742891261 ], [ 6.485449833269001, 49.461367712448045 ], [ 6.488971002185496, 49.462980284339643 ], [ 6.488177186191211, 49.463734112887281 ], [ 6.490779122125167, 49.464799531548451 ], [ 6.486324330421702, 49.469083907639188 ], [ 6.487928911181233, 49.469311261598463 ], [ 6.487149932925134, 49.471801541873916 ], [ 6.485214248986575, 49.471504365004385 ], [ 6.48693602238595, 49.473553843899559 ], [ 6.4860980699719, 49.474911312967073 ], [ 6.487885611893408, 49.475318254471176 ], [ 6.492894953007882, 49.478928902125396 ], [ 6.495840526660777, 49.479405765171911 ], [ 6.498142547485561, 49.484420985665949 ], [ 6.495025864338851, 49.485941648407596 ], [ 6.490818712538051, 49.486639066908282 ], [ 6.495418272276893, 49.488040972188401 ], [ 6.488755754424966, 49.496813808449538 ], [ 6.485283906751236, 49.498875052315228 ], [ 6.485727883180406, 49.500186449964581 ], [ 6.488260779315198, 49.500967832634402 ], [ 6.489595344041289, 49.502722218342448 ], [ 6.491837759802065, 49.503496041218561 ], [ 6.49627472017725, 49.502419034843172 ], [ 6.500474863202977, 49.503946095322263 ], [ 6.500272714405726, 49.505487980240495 ], [ 6.497698089255719, 49.507397553283688 ], [ 6.496447728356622, 49.509642905852729 ], [ 6.496429533220512, 49.515982949442616 ], [ 6.492063836594292, 49.521106790682509 ], [ 6.483748244631671, 49.51914551827921 ], [ 6.482922373749892, 49.520575524548697 ], [ 6.481333876190485, 49.521203525933601 ], [ 6.479498398593901, 49.519985201551684 ], [ 6.477370592930784, 49.520603071426002 ], [ 6.471523459243214, 49.520853940346839 ], [ 6.467068211717552, 49.520019094130028 ], [ 6.462348222985463, 49.521841116779555 ], [ 6.460898246542214, 49.519501074494208 ], [ 6.447211692043494, 49.523091660159338 ] ] ] } },
{ "type": "Feature", "properties": { "grid": "33392", "population": 18240 }, "geometry": { "type": "Polygon", "coordinates": [ [ [ 6.58912128397911, 49.322058168956943 ], [ 6.589993567166292, 49.323187169467715 ], [ 6.58942307808204, 49.323428894440326 ], [ 6.592184034215097, 49.326587649212023 ], [ 6.597419959640369, 49.331859133811662 ], [ 6.599212720895592, 49.332686838853249 ], [ 6.598262280389477, 49.333536884897597 ], [ 6.599871836303838, 49.333584098458985 ], [ 6.608161399738474, 49.337249070474989 ], [ 6.615343810780933, 49.342523927317728 ], [ 6.622558343546738, 49.339737597234091 ], [ 6.623550376114454, 49.340600237542048 ], [ 6.628828581865717, 49.341818017456688 ], [ 6.634333604590324, 49.341926392007196 ], [ 6.634868998158943, 49.342818530952947 ], [ 6.639062100173281, 49.34262031489002 ], [ 6.640454352742734, 49.341253942329161 ], [ 6.645087918440059, 49.341232684687334 ], [ 6.652160944189623, 49.340186896817762 ], [ 6.652979716962865, 49.3390983250126 ], [ 6.654807153198832, 49.339844909946663 ], [ 6.654788376065343, 49.340429934753658 ], [ 6.66293531809606, 49.343707834322203 ], [ 6.664214017804928, 49.34495847328121 ], [ 6.668726290008692, 49.342319865224518 ], [ 6.670338547711357, 49.34183738421622 ], [ 6.672279590251541, 49.342261943501121 ], [ 6.675595206758651, 49.346075914495316 ], [ 6.673630695974616, 49.348508898802855 ], [ 6.674499057790697, 49.349424003544009 ], [ 6.677150578396135, 49.349398439864878 ], [ 6.67835531258747, 49.346908427110314 ], [ 6.680079172944958, 49.346210265062844 ], [ 6.682763520022396, 49.34660763921908 ], [ 6.685654085746722, 49.348227979305953 ], [ 6.687880587363805, 49.347105453124342 ], [ 6.693968980847663, 49.347509912343376 ], [ 6.693985123454326, 49.349050931490844 ], [ 6.690985651177725, 49.352101803011159 ], [ 6.694149994072557, 49.356211262674982 ], [ 6.69560545889107, 49.356788965167858 ], [ 6.69747237163093, 49.354816798734412 ], [ 6.704261786034323, 49.357864953456605 ], [ 6.703065480608685, 49.358356129648008 ], [ 6.695206099509166, 49.357478052604229 ], [ 6.698587327869109, 49.359529053713416 ], [ 6.69740735828883, 49.365286830734945 ], [ 6.698867172887406, 49.365273391890625 ], [ 6.699988877532492, 49.368544449773189 ], [ 6.700042218527001, 49.369804745239129 ], [ 6.697266742332053, 49.372194004714864 ], [ 6.700686678530597, 49.372372667311218 ], [ 6.70089558796731, 49.37374880659425 ], [ 6.708696535178503, 49.37521879369821 ], [ 6.708083069606229, 49.376882696598706 ], [ 6.71573694886012, 49.378662667946109 ], [ 6.717257312486353, 49.3805512969221 ], [ 6.719810563492668, 49.381692827536405 ], [ 6.717898775097076, 49.382872327198243 ], [ 6.72723077806429, 49.387056220226164 ], [ 6.731480089439764, 49.387776632398477 ], [ 6.733378988697722, 49.389076759143848 ], [ 6.717347417602367, 49.336602274187442 ], [ 6.719661242119273, 49.339198107153493 ], [ 6.725427031404398, 49.336518514709155 ], [ 6.731705026040211, 49.333099213483059 ], [ 6.734104856372045, 49.328685046460592 ], [ 6.728456653782866, 49.324973850939742 ], [ 6.727035282702117, 49.325520511768318 ], [ 6.722055814867012, 49.324200630559844 ], [ 6.723998716956775, 49.322608386822573 ], [ 6.720491329007395, 49.321301537743814 ], [ 6.719372373168137, 49.322037452893611 ], [ 6.71896283344386, 49.320763733276578 ], [ 6.716851924138763, 49.321151584648376 ], [ 6.716484488962956, 49.318815816902536 ], [ 6.714279635347671, 49.317246358674439 ], [ 6.711279551150382, 49.318937487960113 ], [ 6.70098669659504, 49.313374944388556 ], [ 6.695739947352928, 49.31247686115212 ], [ 6.697205104047918, 49.315884896042085 ], [ 6.693770991158503, 49.314896223085881 ], [ 6.693343059542204, 49.316467159694916 ], [ 6.691801341771942, 49.317495677781089 ], [ 6.693041982990747, 49.318624481806765 ], [ 6.690196229480151, 49.317234105644829 ], [ 6.687565435564983, 49.318612997791455 ], [ 6.686008831227408, 49.31860525956354 ], [ 6.675033710236781, 49.314567224344266 ], [ 6.681072814818616, 49.314834701093446 ], [ 6.685606957135804, 49.316727122281755 ], [ 6.686655520180964, 49.316015096690229 ], [ 6.682094053901512, 49.312040925877383 ], [ 6.682409517229802, 49.307206115720021 ], [ 6.688067126781493, 49.30638903905421 ], [ 6.691930136625158, 49.306835277642968 ], [ 6.690175094857264, 49.304820965867151 ], [ 6.690017347307051, 49.302816290291041 ], [ 6.690857820136642, 49.301943954502626 ], [ 6.684310944172691, 49.296101151346335 ], [ 6.681329032327614, 49.290298112021944 ], [ 6.676984177799611, 49.284502723291901 ], [ 6.672082794302073, 49.282777474326004 ], [ 6.674119010869673, 49.280712070596529 ], [ 6.672325686149764, 49.280140528119588 ], [ 6.669178901690743, 49.281415340732416 ], [ 6.665509427690721, 49.285174768290418 ], [ 6.660115059117377, 49.283665954018666 ], [ 6.655151154557556, 49.281343289714947 ], [ 6.653369681351048, 49.281237220981239 ], [ 6.651789420912976, 49.285497418413172 ], [ 6.65105374485305, 49.285742707299271 ], [ 6.651926227037518, 49.286880806584328 ], [ 6.650390209746631, 49.288529837273813 ], [ 6.648102799824592, 49.288028542955821 ], [ 6.645424133751969, 49.290008122707235 ], [ 6.64414389746044, 49.289829327411177 ], [ 6.638798609484808, 49.295680843782023 ], [ 6.636491857264887, 49.296285660364255 ], [ 6.636095885233036, 49.295038412325781 ], [ 6.632014552851419, 49.295780691604719 ], [ 6.632269239716265, 49.297401624723534 ], [ 6.630288913867123, 49.297540818536632 ], [ 6.6271165882725, 49.299476208954893 ], [ 6.624891263282003, 49.302300109833816 ], [ 6.622358615623655, 49.303131382059561 ], [ 6.617384503122657, 49.302673873024695 ], [ 6.617197753668187, 49.301881220421883 ], [ 6.61510568830947, 49.301349491394276 ], [ 6.612475406006846, 49.305770948860825 ], [ 6.609406098041249, 49.306583995601891 ], [ 6.604808443932738, 49.312144773412477 ], [ 6.600566239862703, 49.315015212744569 ], [ 6.594359901982162, 49.317628274383672 ], [ 6.58912128397911, 49.322058168956943 ] ] ] } },
{ "type": "Feature", "properties": { "grid": "33036", "population": 14532 }, "geometry": { "type": "Polygon", "coordinates": [ [ [ 6.540819186499149, 49.401250724391303 ], [ 6.537274648674354, 49.409426805061358 ], [ 6.538675787994346, 49.412204593342629 ], [ 6.539782600186412, 49.412203369658876 ], [ 6.543010336523712, 49.414024447023451 ], [ 6.542484153506377, 49.414555832064138 ], [ 6.548571182070887, 49.41783027136411 ], [ 6.552575268518798, 49.416928225775791 ], [ 6.554415240077877, 49.418397819782733 ], [ 6.556986064967709, 49.419208592860763 ], [ 6.562603406122181, 49.417019855196386 ], [ 6.56488350535377, 49.415502845907938 ], [ 6.571469318452272, 49.418057250191509 ], [ 6.577025564180191, 49.411326222416228 ], [ 6.579464336961026, 49.409647291822388 ], [ 6.579472014785581, 49.406429625673844 ], [ 6.581389120407663, 49.404422974947884 ], [ 6.584452250489584, 49.402694278006358 ], [ 6.583266373537859, 49.400099880106296 ], [ 6.586574436792723, 49.399134173460503 ], [ 6.592016936658323, 49.400020440041381 ], [ 6.592352982226607, 49.398353259559734 ], [ 6.599880225233985, 49.397048183310382 ], [ 6.601215907660166, 49.397690169752195 ], [ 6.601742693887394, 49.399146977012713 ], [ 6.606749082760113, 49.400282997185577 ], [ 6.606062225194578, 49.401555914558067 ], [ 6.607569329732223, 49.402065657305059 ], [ 6.621428857673107, 49.403776683537814 ], [ 6.623901521403573, 49.404813186218469 ], [ 6.623531585234979, 49.405779696883791 ], [ 6.624922928140809, 49.407996500795491 ], [ 6.62871093915936, 49.409941612697473 ], [ 6.631482091797429, 49.408965099115989 ], [ 6.635675119156223, 49.411063655005947 ], [ 6.638334025182403, 49.409254495176256 ], [ 6.642609760258499, 49.411355506121495 ], [ 6.651017592026848, 49.407400472932231 ], [ 6.656189276230326, 49.403847886690691 ], [ 6.662012819718178, 49.398867045056171 ], [ 6.670891977212493, 49.389477218725325 ], [ 6.682369854732106, 49.385876611003717 ], [ 6.684754147347642, 49.384525233060238 ], [ 6.69373051903368, 49.381991794094766 ], [ 6.694324572481507, 49.378156666822413 ], [ 6.692935104256263, 49.374632460616311 ], [ 6.693589087129382, 49.373519712580581 ], [ 6.695649832583934, 49.372229562189148 ], [ 6.697266729114513, 49.372194004446705 ], [ 6.700042350755291, 49.369804616502954 ], [ 6.698866992484157, 49.365272990519053 ], [ 6.697407432985612, 49.365286063778214 ], [ 6.698587592206395, 49.359529010681314 ], [ 6.695209032812398, 49.357479113693429 ], [ 6.703065747553225, 49.358356170800619 ], [ 6.704262941394898, 49.357865143987567 ], [ 6.697471687709318, 49.354816392210601 ], [ 6.695605814783596, 49.356788467557408 ], [ 6.694149947920548, 49.356211176596297 ], [ 6.69098581234814, 49.352101885558739 ], [ 6.693985241999258, 49.349050782387934 ], [ 6.693969588159471, 49.347509922169472 ], [ 6.687880349884536, 49.347105469806415 ], [ 6.685653942258283, 49.348227688752083 ], [ 6.682763534162846, 49.346607620825118 ], [ 6.680079155665685, 49.346210197926311 ], [ 6.678355377214464, 49.346908259560472 ], [ 6.677150427168494, 49.349398326915825 ], [ 6.674498888366909, 49.349423869401846 ], [ 6.67363082306157, 49.348508916567113 ], [ 6.675595361728641, 49.346075793723102 ], [ 6.672279562217731, 49.342261887466186 ], [ 6.670338603557521, 49.341837330128023 ], [ 6.665975126870327, 49.34347590206319 ], [ 6.664214051948362, 49.344957841127567 ], [ 6.662935335071301, 49.343707822808639 ], [ 6.65478898683503, 49.340430180531861 ], [ 6.654807585727667, 49.339845069440344 ], [ 6.652978900188221, 49.339097923046452 ], [ 6.652160363005557, 49.340186982769424 ], [ 6.645087991187506, 49.341232673933767 ], [ 6.640454148567656, 49.341253879689148 ], [ 6.639061490726686, 49.342620343712056 ], [ 6.634869714278492, 49.342818481688148 ], [ 6.634334244123206, 49.341926391605135 ], [ 6.628828584152141, 49.341818009429922 ], [ 6.623550520956478, 49.340600257193863 ], [ 6.62255857549583, 49.3397373146991 ], [ 6.615343739512355, 49.34252365219325 ], [ 6.608161414101438, 49.337249057562531 ], [ 6.59987118811026, 49.33358371843223 ], [ 6.59826341440539, 49.333537286745795 ], [ 6.599213482665873, 49.332687109879274 ], [ 6.595595500699742, 49.33005725553231 ], [ 6.593109796892989, 49.332655358391982 ], [ 6.589670354612011, 49.334607560458764 ], [ 6.591518091333755, 49.335779688884934 ], [ 6.590665210969569, 49.336614499957065 ], [ 6.587673850025531, 49.335087593209806 ], [ 6.585925582075412, 49.337080123187135 ], [ 6.582737890154788, 49.334762535199296 ], [ 6.581053510428986, 49.334289466574674 ], [ 6.579453735063933, 49.335314399040804 ], [ 6.578393300298589, 49.334962388033176 ], [ 6.577177703012876, 49.336343267741 ], [ 6.578430254472467, 49.338215802321507 ], [ 6.576405873059194, 49.339469013290191 ], [ 6.575694538834774, 49.341669273662383 ], [ 6.570788093141763, 49.343335739782468 ], [ 6.565664040380728, 49.347651639497165 ], [ 6.565347790293777, 49.352180738527068 ], [ 6.563621372253172, 49.355912935692629 ], [ 6.56919688531919, 49.357882592511068 ], [ 6.574056384517949, 49.358664912089992 ], [ 6.576848241033914, 49.35690662597527 ], [ 6.581600498346206, 49.356297600227812 ], [ 6.585608719886482, 49.352806872905205 ], [ 6.585724143872379, 49.351729907546009 ], [ 6.584890784621228, 49.351281015023126 ], [ 6.58680298806265, 49.349879116539618 ], [ 6.588109845470583, 49.349751814454379 ], [ 6.589663930934679, 49.351091797944868 ], [ 6.588995005572682, 49.351357273892468 ], [ 6.590163628385072, 49.354791311327276 ], [ 6.592757235302503, 49.355468165719472 ], [ 6.591955603466666, 49.358180309895893 ], [ 6.596639184790579, 49.359252774528706 ], [ 6.595810448794743, 49.360295997289505 ], [ 6.597527195304772, 49.360725094325389 ], [ 6.602157503691868, 49.367107512591382 ], [ 6.599591763514257, 49.366543748940131 ], [ 6.598922163847384, 49.36917812583232 ], [ 6.594519882661521, 49.371574388954095 ], [ 6.583148266016569, 49.368422610172765 ], [ 6.584740577807693, 49.372465039216586 ], [ 6.584407380872284, 49.376100217823769 ], [ 6.586009670133972, 49.379278297338246 ], [ 6.586015208548322, 49.381447428545727 ], [ 6.587456423196495, 49.38302297225593 ], [ 6.586653845111581, 49.385146377356449 ], [ 6.585644624551867, 49.384994698174978 ], [ 6.585272908629347, 49.385841253105305 ], [ 6.580281952961006, 49.385498103099138 ], [ 6.57943053332848, 49.387751108101348 ], [ 6.576793054365481, 49.389794082697769 ], [ 6.563587429246131, 49.388101235958516 ], [ 6.560106401219629, 49.392508183454567 ], [ 6.55723114639815, 49.392731946529544 ], [ 6.552250966396038, 49.394214937861229 ], [ 6.551386662753983, 49.396833139481188 ], [ 6.552099528717672, 49.399903163740916 ], [ 6.548860766185918, 49.399755633033287 ], [ 6.546880542578925, 49.400260373967249 ], [ 6.544176248961011, 49.402084056512187 ], [ 6.540819186499149, 49.401250724391303 ] ] ] } },
{ "type": "Feature", "properties": { "grid": "36104", "population": 22539 }, "geometry": { "type": "Polygon", "coordinates": [ [ [ 7.029435267406448, 49.176727671322503 ], [ 7.040399360437084, 49.174383238240381 ], [ 7.044076565788655, 49.172713778654433 ], [ 7.046552227652722, 49.172853166252082 ], [ 7.053597622205587, 49.175150029578781 ], [ 7.05438556519005, 49.176813177779884 ], [ 7.05832010969082, 49.176916066224294 ], [ 7.062730096977651, 49.174593233981653 ], [ 7.069610834727872, 49.175929422776633 ], [ 7.069485334310115, 49.17654701495848 ], [ 7.073463704766423, 49.174102418165226 ], [ 7.073159448503114, 49.17317452655977 ], [ 7.075518852897193, 49.172427656524626 ], [ 7.077126261910811, 49.174358437287815 ], [ 7.094117622958187, 49.181314279593856 ], [ 7.097341602312409, 49.181565295307855 ], [ 7.103695037812622, 49.180290268213682 ], [ 7.112042587445627, 49.17621350577965 ], [ 7.108295981285663, 49.183418812605979 ], [ 7.106202585815931, 49.18544473311416 ], [ 7.106959560406469, 49.188349065171742 ], [ 7.108337094213473, 49.187715787880087 ], [ 7.109381834283491, 49.188476420757773 ], [ 7.108726482025847, 49.189203932784274 ], [ 7.112721609981511, 49.19021622321808 ], [ 7.113280784634194, 49.192033939394392 ], [ 7.114648913163212, 49.193092759220711 ], [ 7.119143672883852, 49.19355327969356 ], [ 7.118987015156243, 49.194313274422811 ], [ 7.116833422373707, 49.195634924071605 ], [ 7.117184627617368, 49.198067711034042 ], [ 7.119009321319407, 49.20123828076445 ], [ 7.127346646910168, 49.206585868169149 ], [ 7.12874416523294, 49.211553285921298 ], [ 7.130858963918496, 49.213345650398026 ], [ 7.134473437971868, 49.211581617028017 ], [ 7.137248211165073, 49.213672609013187 ], [ 7.136196353370007, 49.216985009759753 ], [ 7.130643921787327, 49.217994365571052 ], [ 7.129255688105173, 49.216809219502785 ], [ 7.126796958713199, 49.216393160711668 ], [ 7.122460570113227, 49.222754897470232 ], [ 7.12627022533081, 49.228614336642359 ], [ 7.129464660180042, 49.240326216879431 ], [ 7.133160565838059, 49.240572230514005 ], [ 7.138577017366305, 49.239221871264199 ], [ 7.140401531653951, 49.236935740331397 ], [ 7.143722386551456, 49.238403376676835 ], [ 7.147663970483741, 49.238674300715545 ], [ 7.151739780008176, 49.240371600475633 ], [ 7.154308518844142, 49.24397805370829 ], [ 7.154917050686141, 49.241159952462709 ], [ 7.156596711991893, 49.238770584835258 ], [ 7.159727257977365, 49.240411641286066 ], [ 7.167157133329549, 49.241731066674184 ], [ 7.164026980690522, 49.244843637990755 ], [ 7.167258105462594, 49.247433678779785 ], [ 7.166676806847623, 49.249510346323589 ], [ 7.173709241540532, 49.250748002182789 ], [ 7.178181013253125, 49.250990173611044 ], [ 7.180523436468204, 49.248340194261175 ], [ 7.190752646146255, 49.24479744163358 ], [ 7.189875056908933, 49.243136741054364 ], [ 7.186230889011408, 49.241359374965981 ], [ 7.184856148410007, 49.23197251494333 ], [ 7.180226561504699, 49.224740322086291 ], [ 7.180000510586519, 49.213469345126924 ], [ 7.180860976856914, 49.210163258468256 ], [ 7.187960404191242, 49.207279915538145 ], [ 7.188657756164945, 49.208097790372356 ], [ 7.193436512783186, 49.209949525415581 ], [ 7.194296185910184, 49.211442558360048 ], [ 7.199533773593525, 49.211623819424425 ], [ 7.200733740248106, 49.204833836344847 ], [ 7.203123386634603, 49.19894378590417 ], [ 7.202088702560449, 49.194591375208184 ], [ 7.201541636966517, 49.192549432197872 ], [ 7.199199427203022, 49.192840223390519 ], [ 7.197085854138673, 49.191013530163779 ], [ 7.193366684217681, 49.185357548940736 ], [ 7.190599482670947, 49.183250025884881 ], [ 7.187938446494782, 49.182397059638994 ], [ 7.185003013908426, 49.182337127159776 ], [ 7.18010703007922, 49.178644782797527 ], [ 7.180042139566869, 49.172412047479668 ], [ 7.185675395128793, 49.165780878116657 ], [ 7.18422048133603, 49.163378806441678 ], [ 7.175763366419411, 49.159158529192268 ], [ 7.169222326181048, 49.157096572880135 ], [ 7.167509536244751, 49.154129641069595 ], [ 7.160877907526499, 49.150332266043847 ], [ 7.163048970301877, 49.148109745202234 ], [ 7.161453118942802, 49.146774411925044 ], [ 7.159058887975497, 49.138941940244273 ], [ 7.159975778947913, 49.13462022794338 ], [ 7.159166163161167, 49.132048260194068 ], [ 7.161303960125672, 49.130698100694026 ], [ 7.161261047762072, 49.128346727774115 ], [ 7.163394917470655, 49.12685273065415 ], [ 7.159533883218802, 49.122191079990955 ], [ 7.160336714628735, 49.121683347160385 ], [ 7.15940581763699, 49.120467064181327 ], [ 7.155843747579275, 49.121364238940501 ], [ 7.149947411785369, 49.125047293058806 ], [ 7.143785432257638, 49.125648940283455 ], [ 7.139693574891568, 49.128113310758806 ], [ 7.135600025533673, 49.128404981764241 ], [ 7.133822362550697, 49.13078145356446 ], [ 7.131443528317207, 49.131781997591503 ], [ 7.13137400978946, 49.134888847180832 ], [ 7.129241760080381, 49.136992598591519 ], [ 7.128809064003529, 49.139187864803212 ], [ 7.125784915076951, 49.141895428484553 ], [ 7.12236272008341, 49.141907424021255 ], [ 7.116654579905568, 49.140123694519311 ], [ 7.10780046977129, 49.139424218308463 ], [ 7.104057409923465, 49.138389927533098 ], [ 7.102730594478825, 49.141658916665406 ], [ 7.103603550089065, 49.145455166845721 ], [ 7.106255213912066, 49.147664920867236 ], [ 7.112151923149616, 49.150519579038367 ], [ 7.113235074664114, 49.151962534380637 ], [ 7.112354917864627, 49.15262644679909 ], [ 7.107220815352656, 49.152643743527832 ], [ 7.107077275858527, 49.154682426791368 ], [ 7.10605976164126, 49.155428506884228 ], [ 7.101068798127782, 49.155997777571578 ], [ 7.098088219383812, 49.155178431950795 ], [ 7.094819351354587, 49.152706183504861 ], [ 7.087422596375356, 49.151909312701456 ], [ 7.084442670298814, 49.153362266390204 ], [ 7.083274549205731, 49.153240716203861 ], [ 7.082181523304071, 49.152064045482625 ], [ 7.081521126380755, 49.147240918566013 ], [ 7.084287980420189, 49.143866033432957 ], [ 7.08207750778164, 49.141854328797336 ], [ 7.08968953505018, 49.133424080467378 ], [ 7.090203855523712, 49.131695818775334 ], [ 7.089395895234254, 49.130184658561156 ], [ 7.085373201507176, 49.12854682569585 ], [ 7.077237366437314, 49.126554440935003 ], [ 7.071819462001354, 49.124330195870215 ], [ 7.06857904711529, 49.12028582269901 ], [ 7.068361832057509, 49.116740607781615 ], [ 7.06660519909249, 49.114246591131383 ], [ 7.057195920749998, 49.111931562389486 ], [ 7.051712447375045, 49.113041364713759 ], [ 7.047140050580299, 49.115980014412855 ], [ 7.044231793364345, 49.120194343056511 ], [ 7.046766422803032, 49.136525940816604 ], [ 7.040930445608282, 49.147286359991163 ], [ 7.038775490718731, 49.148813654368752 ], [ 7.032273296431788, 49.156526701469488 ], [ 7.031907007629356, 49.158588158484896 ], [ 7.033033885815763, 49.163626390903438 ], [ 7.028960510370605, 49.167216945835051 ], [ 7.027733015061534, 49.170133252419305 ], [ 7.028396973742159, 49.175506884302031 ], [ 7.029435267406448, 49.176727671322503 ] ] ] } },
{ "type": "Feature", "properties": { "grid": "33185", "population": 11663 }, "geometry": { "type": "Polygon", "coordinates": [ [ [ 6.660423965717324, 49.261184848334281 ], [ 6.666299031156298, 49.267762905088404 ], [ 6.667764195748973, 49.270965308910966 ], [ 6.665925926946445, 49.276928719006719 ], [ 6.667990379569891, 49.277465146359987 ], [ 6.670165404735863, 49.28025302434466 ], [ 6.668246975592238, 49.280213097590696 ], [ 6.663500869908858, 49.281980714666652 ], [ 6.663010252718806, 49.281677912819603 ], [ 6.661049134846032, 49.282502927523282 ], [ 6.660114903176845, 49.283665905693077 ], [ 6.665510107945913, 49.285175023099697 ], [ 6.669178910335054, 49.281415347265508 ], [ 6.672325558036144, 49.280140659689017 ], [ 6.67411784492609, 49.280711712611762 ], [ 6.672082073991021, 49.282777405286382 ], [ 6.676984340924172, 49.28450294090419 ], [ 6.681329012316522, 49.290298085333632 ], [ 6.684310933161105, 49.296101155077217 ], [ 6.692168792704671, 49.303303469309753 ], [ 6.696376641004497, 49.304436821038379 ], [ 6.700799182049264, 49.298849195304861 ], [ 6.703774204563522, 49.29972402616459 ], [ 6.707693820980552, 49.300144638234443 ], [ 6.70923887555467, 49.299764439040352 ], [ 6.709190729018102, 49.296709541338622 ], [ 6.710434336451984, 49.295778969719542 ], [ 6.714530922219948, 49.297822298737536 ], [ 6.720057487465303, 49.297608032730025 ], [ 6.721047042226986, 49.296516482930905 ], [ 6.720319387224976, 49.292148452326906 ], [ 6.713428395006164, 49.288205616561569 ], [ 6.714354936598506, 49.285876744906936 ], [ 6.711612283351546, 49.284522941429891 ], [ 6.71754036426533, 49.281157810484324 ], [ 6.727523269152826, 49.272842918781514 ], [ 6.731519974420001, 49.272421056434688 ], [ 6.736258316571355, 49.270586366286459 ], [ 6.748421915312826, 49.267853203517056 ], [ 6.75278695605559, 49.263945864108237 ], [ 6.762593933960294, 49.261714893982564 ], [ 6.755967289200438, 49.254919364090263 ], [ 6.756543741720166, 49.254226789200622 ], [ 6.75563530925603, 49.250872986847909 ], [ 6.753114664680059, 49.251086062396098 ], [ 6.7453560983304, 49.25441993256505 ], [ 6.743957365845201, 49.25030261045773 ], [ 6.738432510896392, 49.250225626058288 ], [ 6.736493980517417, 49.249503011850514 ], [ 6.735991662148572, 49.242560006023453 ], [ 6.72972967438909, 49.242421818361578 ], [ 6.725311865030193, 49.241570619196423 ], [ 6.723170933034824, 49.225385366697147 ], [ 6.719738938990514, 49.221108522874182 ], [ 6.706307683851803, 49.21635867018589 ], [ 6.701972205106483, 49.216903480491958 ], [ 6.695824982005642, 49.215274308368834 ], [ 6.689809575129844, 49.220338903996534 ], [ 6.68863516311869, 49.222145496076891 ], [ 6.688227887919652, 49.22450951908553 ], [ 6.690619161680851, 49.231088773850921 ], [ 6.689456125407986, 49.232264898142198 ], [ 6.688920478566238, 49.237923411751787 ], [ 6.685899924830797, 49.239665228633548 ], [ 6.68531672702135, 49.240960934121055 ], [ 6.68562316449792, 49.243430735745456 ], [ 6.690674691280165, 49.247795204491581 ], [ 6.689999212844175, 49.24955471153951 ], [ 6.688029185667173, 49.249098190355461 ], [ 6.683817460080094, 49.253407691126931 ], [ 6.680415503921537, 49.253976542827644 ], [ 6.677258416879391, 49.255436316052538 ], [ 6.675631037757819, 49.257586809698857 ], [ 6.670374390846333, 49.255832198940006 ], [ 6.669951619519149, 49.255088120833982 ], [ 6.664305245918534, 49.254453927461576 ], [ 6.661415412555319, 49.25807517472613 ], [ 6.660423965717324, 49.261184848334281 ] ] ] } },
{ "type": "Feature", "properties": { "grid": "35781", "population": 28078 }, "geometry": { "type": "Polygon", "coordinates": [ [ [ 6.71120836580883, 49.188341825720869 ], [ 6.731444436006946, 49.205956470878732 ], [ 6.723465476072556, 49.218829225716455 ], [ 6.729965829025212, 49.223082945675117 ], [ 6.732662291599548, 49.223948286857912 ], [ 6.735719378495437, 49.226527686723777 ], [ 6.740721860012263, 49.2288570780036 ], [ 6.741667745920372, 49.22608757949844 ], [ 6.759799269530914, 49.223334303132127 ], [ 6.763330916579214, 49.223722137267849 ], [ 6.766999495423594, 49.222871679926655 ], [ 6.772744615274851, 49.22521521010345 ], [ 6.776529427184504, 49.225530107746643 ], [ 6.782103416671666, 49.22813779716509 ], [ 6.78462561430775, 49.23251737642056 ], [ 6.792101723682372, 49.235980016819958 ], [ 6.793606984378896, 49.235723554838941 ], [ 6.793699405833427, 49.233465776475917 ], [ 6.79507996902212, 49.233205535037968 ], [ 6.797646458063991, 49.234279373543579 ], [ 6.798689518222497, 49.23606259401523 ], [ 6.797839470978182, 49.239765977426984 ], [ 6.80567890364372, 49.239715266876182 ], [ 6.810606452306748, 49.240931242816728 ], [ 6.818892448211215, 49.249128830829349 ], [ 6.823487314261221, 49.255971247271972 ], [ 6.833216764708178, 49.258478050762761 ], [ 6.833545749547825, 49.256336434161696 ], [ 6.838747981933377, 49.256479362186447 ], [ 6.830332152484804, 49.263977478709684 ], [ 6.863088989940664, 49.262801547739237 ], [ 6.861438775534374, 49.244747091809025 ], [ 6.816808197990106, 49.243576992967263 ], [ 6.78972216011285, 49.190543704527784 ], [ 6.7947441898655, 49.192386283598033 ], [ 6.80316686962298, 49.192526090797628 ], [ 6.802329461356006, 49.194728654756602 ], [ 6.802993988343808, 49.197438445767951 ], [ 6.802018199244473, 49.19916009181398 ], [ 6.814726233579612, 49.205678795990814 ], [ 6.824794997211169, 49.214034878566665 ], [ 6.828242385681544, 49.215319463070102 ], [ 6.830375223975442, 49.212949083602901 ], [ 6.832977549602193, 49.21415949131611 ], [ 6.837553520494188, 49.21289374130027 ], [ 6.83629202037956, 49.211259467796829 ], [ 6.842288519691118, 49.208861766511994 ], [ 6.84301902959268, 49.207570615614131 ], [ 6.847501909438996, 49.204645801231628 ], [ 6.852169307136788, 49.200006543683372 ], [ 6.852455180789297, 49.19877293015454 ], [ 6.851001925364034, 49.196879365100607 ], [ 6.850496952460463, 49.193412845887849 ], [ 6.85516370591909, 49.188918455571546 ], [ 6.856385525180796, 49.188624526157128 ], [ 6.856885009858032, 49.187306501882574 ], [ 6.858358602192048, 49.186860944818861 ], [ 6.85964389780827, 49.183512158699365 ], [ 6.861555429137539, 49.181786997748723 ], [ 6.861014145710155, 49.180292083049231 ], [ 6.861767502638752, 49.178839316971036 ], [ 6.859734670855715, 49.177471780986991 ], [ 6.858995923856932, 49.174615612520739 ], [ 6.855668028757475, 49.17499976486139 ], [ 6.844397474781486, 49.173056706634661 ], [ 6.845377757438042, 49.168354461160675 ], [ 6.844500052499161, 49.163993860513735 ], [ 6.84751762787036, 49.15715785567405 ], [ 6.834056610293811, 49.151080441880374 ], [ 6.824492808176419, 49.154156277730472 ], [ 6.816897977050226, 49.157686208607629 ], [ 6.808052452122072, 49.158610918223339 ], [ 6.802618258351355, 49.162025958719738 ], [ 6.793992548888224, 49.163158741834131 ], [ 6.792420980577612, 49.163750107860743 ], [ 6.790045082365626, 49.166022464933341 ], [ 6.784065626236303, 49.167965014815053 ], [ 6.78003357947114, 49.168415051111772 ], [ 6.761093120441116, 49.164744827314607 ], [ 6.749814968831405, 49.166718513383785 ], [ 6.743193425844254, 49.164426875060059 ], [ 6.738600537117459, 49.163675127551194 ], [ 6.729485286351055, 49.169282675814408 ], [ 6.726816320873855, 49.172584273608912 ], [ 6.72032412983962, 49.175319625386727 ], [ 6.71120836580883, 49.188341825720869 ] ] ] } },
{ "type": "Feature", "properties": { "grid": "32540", "population": 6800 }, "geometry": { "type": "Polygon", "coordinates": [ [ [ 7.159166045770807, 49.132047955826671 ], [ 7.159975763687244, 49.134620228264183 ], [ 7.159058853554178, 49.138941827620307 ], [ 7.161453167346812, 49.146774570248446 ], [ 7.163048668365079, 49.148109754523126 ], [ 7.160877351322116, 49.150332044890192 ], [ 7.167509426434394, 49.154129589368388 ], [ 7.169222276841383, 49.157096546237078 ], [ 7.175763349562324, 49.159158543876849 ], [ 7.184220180362685, 49.163378652427532 ], [ 7.185675229811283, 49.165780634147239 ], [ 7.180042065176724, 49.172412114542915 ], [ 7.180106950208463, 49.178644802560022 ], [ 7.185003204678958, 49.182337293016907 ], [ 7.187938440823236, 49.182397074687835 ], [ 7.190599621313897, 49.183250131482474 ], [ 7.193366674022518, 49.185357553118955 ], [ 7.197085887289076, 49.191013580571564 ], [ 7.199199902843715, 49.192840634442106 ], [ 7.201541686370073, 49.19254999615957 ], [ 7.202088716581912, 49.194591404776375 ], [ 7.209542032875249, 49.194288164191057 ], [ 7.212347391108942, 49.192839801805768 ], [ 7.210871815712458, 49.191112619310928 ], [ 7.213560349397313, 49.184528732001894 ], [ 7.218884502195375, 49.181983597533176 ], [ 7.221390773576309, 49.179869100227229 ], [ 7.226316757607655, 49.178725452350868 ], [ 7.230027085088664, 49.176457357670749 ], [ 7.232232595324556, 49.179384282601681 ], [ 7.23591873263979, 49.179707770339334 ], [ 7.238774120306864, 49.181960783189751 ], [ 7.24377184904098, 49.181179060459364 ], [ 7.246407138505928, 49.183433978557836 ], [ 7.24807356712075, 49.186624741649034 ], [ 7.250500790928833, 49.186073874615708 ], [ 7.252064984871588, 49.184876704350103 ], [ 7.250030491326648, 49.181855351994649 ], [ 7.254328757075133, 49.179819222321839 ], [ 7.257740359726226, 49.179125766655027 ], [ 7.260777689712439, 49.180726044730328 ], [ 7.2632656501459, 49.181104035590522 ], [ 7.270174053875108, 49.179259512248287 ], [ 7.267579736402804, 49.176987869755258 ], [ 7.264964574139219, 49.176471192722417 ], [ 7.265420115881629, 49.175403966496091 ], [ 7.262459793051641, 49.1747061288183 ], [ 7.262402696120456, 49.172282647921037 ], [ 7.2597490415357, 49.170502371792935 ], [ 7.261221758582332, 49.169835794157272 ], [ 7.264347300205682, 49.171339409207718 ], [ 7.26454607140249, 49.170850200038231 ], [ 7.270645738114324, 49.172223352868954 ], [ 7.27552753346814, 49.165962498470137 ], [ 7.275969283821645, 49.163877842527306 ], [ 7.280325638023696, 49.16483994321063 ], [ 7.280360485850353, 49.161240066746828 ], [ 7.28320699978235, 49.16075413015713 ], [ 7.282758042196573, 49.159264452078745 ], [ 7.290868088009857, 49.157444528993693 ], [ 7.290671407511153, 49.156907315986729 ], [ 7.299420112487683, 49.15351185258961 ], [ 7.301545247734769, 49.155003823491825 ], [ 7.303654573593663, 49.154037655967372 ], [ 7.307519019196913, 49.149160066439457 ], [ 7.305422468006827, 49.1470385635672 ], [ 7.303818391591418, 49.147217183774586 ], [ 7.300479774056575, 49.135697609820973 ], [ 7.31021026074554, 49.1294387952127 ], [ 7.305591334786674, 49.127092137769409 ], [ 7.304095404467465, 49.123169316024779 ], [ 7.301470845503588, 49.121374687270404 ], [ 7.298355277232609, 49.117270318524945 ], [ 7.293176904276357, 49.114907325687533 ], [ 7.282359069876243, 49.116910725186919 ], [ 7.283802489422579, 49.123443191317421 ], [ 7.281588094020717, 49.124369745227881 ], [ 7.280542637552359, 49.122927631464577 ], [ 7.27823225735713, 49.122468113675936 ], [ 7.273560594554367, 49.124215408242009 ], [ 7.271635266550044, 49.124263748230561 ], [ 7.270288079313687, 49.123684725027786 ], [ 7.267373232650594, 49.123789574009642 ], [ 7.266543912385532, 49.122649311809937 ], [ 7.265679567928346, 49.122651356018423 ], [ 7.248789573434842, 49.127384110088414 ], [ 7.245345390830771, 49.129075349268938 ], [ 7.245053181437169, 49.130110456963557 ], [ 7.238656235151946, 49.128728083430936 ], [ 7.235595541126232, 49.128746914095807 ], [ 7.230030703296389, 49.126441729154756 ], [ 7.226563240984603, 49.125868640630884 ], [ 7.215528880632694, 49.125242908612684 ], [ 7.208530361257628, 49.124479155974186 ], [ 7.207934295938914, 49.123552284060686 ], [ 7.205482175289141, 49.123612475182725 ], [ 7.203827005146077, 49.122629980481342 ], [ 7.203591421965972, 49.120255207921865 ], [ 7.199890806940603, 49.115599364632367 ], [ 7.198041280206176, 49.115166637099044 ], [ 7.196702551896531, 49.117089936275228 ], [ 7.197291312134292, 49.118907938816861 ], [ 7.196307623048761, 49.121652226967448 ], [ 7.19049093127202, 49.125856174442951 ], [ 7.191523972192854, 49.126391245307282 ], [ 7.190273306612728, 49.128028383923464 ], [ 7.187115929811663, 49.127854245545905 ], [ 7.185469737533942, 49.131235961217051 ], [ 7.184022179209546, 49.131345798365835 ], [ 7.183613857531268, 49.130023840475125 ], [ 7.17741738829663, 49.1302407739202 ], [ 7.178189179277687, 49.128580182024493 ], [ 7.176704113111305, 49.12822998518515 ], [ 7.174426494732721, 49.129224527339623 ], [ 7.167821817489185, 49.127368754237523 ], [ 7.166146170140158, 49.12887706108507 ], [ 7.163394923556056, 49.126852737918114 ], [ 7.161260968850907, 49.128346796645786 ], [ 7.16130385386638, 49.130698071464664 ], [ 7.159166045770807, 49.132047955826671 ] ] ] } },
{ "type": "Feature", "properties": { "grid": "34076", "population": 22782 }, "geometry": { "type": "Polygon", "coordinates": [ [ [ 7.274075807862574, 49.383309600968644 ], [ 7.279551215821072, 49.385159184566071 ], [ 7.284496715126205, 49.384427170470673 ], [ 7.295576408428677, 49.385391439262733 ], [ 7.301406317250079, 49.384828216670662 ], [ 7.302971847922627, 49.387420551897861 ], [ 7.316197602705659, 49.384328860423658 ], [ 7.316027369277156, 49.382739362447872 ], [ 7.317753186278693, 49.381396807602897 ], [ 7.323297708474543, 49.38020758417224 ], [ 7.329407972937302, 49.380190776230229 ], [ 7.331358203717564, 49.378850334113807 ], [ 7.33695608261659, 49.380538198180815 ], [ 7.340687940203326, 49.380832112438853 ], [ 7.346148500194507, 49.380841191767665 ], [ 7.355817006840076, 49.379770134676001 ], [ 7.354844042151032, 49.37442274219363 ], [ 7.35699014263628, 49.374867047395114 ], [ 7.310432743688216, 49.349200925907532 ], [ 7.361430264293817, 49.298181375442844 ], [ 7.350611310031793, 49.284491078139197 ], [ 7.350946975460076, 49.282502406543841 ], [ 7.347696765944197, 49.281088023492785 ], [ 7.346371630473434, 49.281771125807104 ], [ 7.341547863155357, 49.2814644805173 ], [ 7.334463770960612, 49.278284918242306 ], [ 7.335779590205914, 49.276269103962051 ], [ 7.34128792488176, 49.274110401711525 ], [ 7.343505856015339, 49.274280722581899 ], [ 7.34419357435411, 49.273368166709382 ], [ 7.344019290234459, 49.270441670536087 ], [ 7.339081369447238, 49.26392832601222 ], [ 7.330827011571484, 49.25975212131079 ], [ 7.33000165263256, 49.260444638283616 ], [ 7.324858774980836, 49.257463367749473 ], [ 7.327785336023201, 49.25456118365868 ], [ 7.324554176077208, 49.248141719098143 ], [ 7.322620289563249, 49.247599830647609 ], [ 7.315898354948633, 49.251487627894058 ], [ 7.314237018312252, 49.253682092745017 ], [ 7.312669567190849, 49.254456404925982 ], [ 7.310839477106417, 49.259545401169348 ], [ 7.309850303588948, 49.259301091421541 ], [ 7.309367966100536, 49.260944240536269 ], [ 7.306246364042422, 49.26346589917339 ], [ 7.305273505825859, 49.262773406143111 ], [ 7.304476465278479, 49.263794871861421 ], [ 7.30381611430855, 49.263587272066403 ], [ 7.303453191002112, 49.26097489500539 ], [ 7.302363226486563, 49.260610710837199 ], [ 7.30312252739547, 49.259326816094749 ], [ 7.299744369956177, 49.258411242528339 ], [ 7.291358781814333, 49.258739129122695 ], [ 7.289291697363885, 49.25982356209034 ], [ 7.288722519258915, 49.26072559506099 ], [ 7.29068706795189, 49.260506788111485 ], [ 7.290148337196166, 49.260968115135185 ], [ 7.292431631911925, 49.262038193657339 ], [ 7.291969834902721, 49.264014753140309 ], [ 7.292593583911263, 49.2645637892549 ], [ 7.296267788641252, 49.264137555625851 ], [ 7.298687435613438, 49.26540407736892 ], [ 7.299534377107474, 49.26735490796171 ], [ 7.29910901551761, 49.269611712591754 ], [ 7.30316509519327, 49.274400256003204 ], [ 7.29953421093848, 49.275215092393545 ], [ 7.296001516502452, 49.274763382140904 ], [ 7.297079489632605, 49.273020284452414 ], [ 7.291280094450241, 49.274970594389991 ], [ 7.284435178756251, 49.275468129824951 ], [ 7.281331104982552, 49.277846256841741 ], [ 7.281699953421738, 49.279531535147186 ], [ 7.283945664516923, 49.281756729008258 ], [ 7.293396473360816, 49.286979035925917 ], [ 7.295247018176391, 49.286887806389167 ], [ 7.295616193635238, 49.285908341963967 ], [ 7.298290836399426, 49.286848343692256 ], [ 7.298101513847754, 49.287428399183533 ], [ 7.299158707643594, 49.287881701986002 ], [ 7.302024586269934, 49.287225296078915 ], [ 7.302763866612474, 49.288929871089934 ], [ 7.301754206404894, 49.289413920825424 ], [ 7.299403628875334, 49.288338870977221 ], [ 7.299352086842261, 49.289111687866239 ], [ 7.302894640723403, 49.290473317094992 ], [ 7.297423031434843, 49.294783264190322 ], [ 7.294524240324371, 49.295249730226693 ], [ 7.29579729097942, 49.296159851948545 ], [ 7.288622993359745, 49.297863251950908 ], [ 7.286090875625434, 49.295783143214081 ], [ 7.279700823004442, 49.300336221998684 ], [ 7.28282198348919, 49.303072771851213 ], [ 7.290526786993075, 49.301096221614351 ], [ 7.294809567928463, 49.301911693032778 ], [ 7.30300108163909, 49.300686487630337 ], [ 7.304678163780054, 49.301130223315191 ], [ 7.303798935302078, 49.302969085380028 ], [ 7.304922833441706, 49.304081582563526 ], [ 7.304698151480509, 49.305389663985416 ], [ 7.304016217089671, 49.305712403369263 ], [ 7.303045312690059, 49.305189613418825 ], [ 7.302524972208957, 49.30638142566773 ], [ 7.299802897995504, 49.306736044504014 ], [ 7.298591737237679, 49.310861279168584 ], [ 7.300324677174651, 49.312135147279932 ], [ 7.301786246745917, 49.311294991886221 ], [ 7.30571875265435, 49.314062277649853 ], [ 7.30600041400525, 49.315628001631715 ], [ 7.311928550684755, 49.318180314764433 ], [ 7.313390327158233, 49.320906888074468 ], [ 7.316621032840723, 49.321620292311458 ], [ 7.316137231018944, 49.323100490843174 ], [ 7.313943688327923, 49.323362611053852 ], [ 7.314107073521841, 49.325304091913964 ], [ 7.311922506533459, 49.325701308414921 ], [ 7.309186523616661, 49.331210594970408 ], [ 7.305609853749117, 49.331823938611578 ], [ 7.301041008140186, 49.336935092848982 ], [ 7.300652682094563, 49.339099513656805 ], [ 7.305815995928816, 49.359201072441493 ], [ 7.297815852595804, 49.358866190134805 ], [ 7.284516399195685, 49.360674829391712 ], [ 7.28575211795045, 49.362601002942981 ], [ 7.285462944577671, 49.364654672337643 ], [ 7.283453909292843, 49.367685277335809 ], [ 7.280356850050728, 49.367772968341214 ], [ 7.279509644712673, 49.370092862390841 ], [ 7.278253016474638, 49.370164844081387 ], [ 7.277995227779679, 49.371060861949033 ], [ 7.278901741193431, 49.372030611199051 ], [ 7.277031939055691, 49.375029302129015 ], [ 7.275390693385797, 49.375648688056458 ], [ 7.274075807862574, 49.383309600968644 ] ] ] } },
{ "type": "Feature", "properties": { "grid": "31742", "population": 17403 }, "geometry": { "type": "Polygon", "coordinates": [ [ [ 6.989562448242224, 49.559166952949568 ], [ 6.992178344046857, 49.562382338884632 ], [ 6.990442776974819, 49.564147807701552 ], [ 6.993537734989979, 49.566914232491023 ], [ 6.994289368204827, 49.568482426804643 ], [ 6.997992129674523, 49.569578635366149 ], [ 6.996482682055486, 49.570720794644544 ], [ 7.002210305021087, 49.57211931522933 ], [ 7.008471859190998, 49.572236453041931 ], [ 7.013349452119513, 49.569670813257268 ], [ 7.016929087116762, 49.57233052692591 ], [ 7.014897057430839, 49.575523278412092 ], [ 7.019526433238577, 49.577944484079467 ], [ 7.022455379576206, 49.581466157339889 ], [ 7.016048545739641, 49.58385356332434 ], [ 7.01413566767069, 49.585199530696215 ], [ 7.010286300187077, 49.586125484341558 ], [ 7.0112567559887, 49.58763247387688 ], [ 7.019582173513367, 49.585208650346402 ], [ 7.02052041990133, 49.584271187182459 ], [ 7.022425142722267, 49.585679999507711 ], [ 7.024057919839709, 49.585155970956215 ], [ 7.027748415345382, 49.586818102520802 ], [ 7.029075258215459, 49.585715128663459 ], [ 7.031246084891265, 49.585924220232698 ], [ 7.033092668444962, 49.587205665570757 ], [ 7.035179257991263, 49.58671138673639 ], [ 7.038758188726427, 49.587632363990203 ], [ 7.039820660692437, 49.58898779059102 ], [ 7.0404203047283, 49.59252035034983 ], [ 7.039825609871315, 49.593646128194457 ], [ 7.041315078442091, 49.593978699710576 ], [ 7.036314550986451, 49.598940446567013 ], [ 7.040596278465515, 49.60677133846923 ], [ 7.030830006820547, 49.605580986569898 ], [ 7.02750169134574, 49.608468902217624 ], [ 7.022838185340293, 49.609351325326813 ], [ 7.022003834810196, 49.610114968763085 ], [ 7.018121597538969, 49.611250221147024 ], [ 7.020315130738937, 49.613200186938379 ], [ 7.013740846847177, 49.623068008585172 ], [ 7.014133402038322, 49.624331710325912 ], [ 7.010276513371641, 49.624942624449368 ], [ 7.007078652745904, 49.626203883081573 ], [ 7.008308312802391, 49.629484161066664 ], [ 7.012397896705042, 49.628358636759963 ], [ 7.017096773825053, 49.6310340037614 ], [ 7.033469173973414, 49.643866585992633 ], [ 7.041933346030138, 49.647448925326785 ], [ 7.050778224071464, 49.654608640261905 ], [ 7.054254484391632, 49.654687513559168 ], [ 7.067784281354275, 49.645759267243626 ], [ 7.075783246046898, 49.643299768642372 ], [ 7.07172450521836, 49.639791005156027 ], [ 7.073759839951786, 49.639996318552747 ], [ 7.075571102340333, 49.638141842411216 ], [ 7.082841671710406, 49.636146213352973 ], [ 7.085084194356496, 49.633296157354692 ], [ 7.092109635423635, 49.633940118303627 ], [ 7.093244620363176, 49.632156648437309 ], [ 7.097160483120843, 49.630109174885426 ], [ 7.098166829626948, 49.628331656621597 ], [ 7.102667491044945, 49.626845815379035 ], [ 7.101756965435145, 49.626007747035274 ], [ 7.104538160374385, 49.622111278646194 ], [ 7.104451765292272, 49.620211060633302 ], [ 7.107804056999954, 49.616994475177798 ], [ 7.106312691370823, 49.614968537617862 ], [ 7.108091804659909, 49.61313960527751 ], [ 7.106550626692515, 49.612219707466608 ], [ 7.11116458546012, 49.61085419764683 ], [ 7.110128872569495, 49.609247133826777 ], [ 7.112790310975385, 49.608255207694505 ], [ 7.108909583212086, 49.606733117462383 ], [ 7.105295455672312, 49.604329143826 ], [ 7.107173749841165, 49.602611106887444 ], [ 7.108074618473577, 49.598756675256993 ], [ 7.110236477596558, 49.598604389474332 ], [ 7.112016221755582, 49.597138870537513 ], [ 7.11435979340784, 49.597667473623304 ], [ 7.118403932326667, 49.595982817278866 ], [ 7.124728899680578, 49.595616992452641 ], [ 7.131473626893833, 49.596043321944883 ], [ 7.141665487779644, 49.598282747472041 ], [ 7.144748155285343, 49.600157353244477 ], [ 7.146104393290438, 49.602944351792971 ], [ 7.151718296702924, 49.603705124551489 ], [ 7.155528648642713, 49.602719260064504 ], [ 7.16151556093795, 49.598546453075606 ], [ 7.165443763187748, 49.597050540160026 ], [ 7.168637395325563, 49.597144633616892 ], [ 7.173712553549398, 49.599068026252489 ], [ 7.172799765097552, 49.600843374354646 ], [ 7.173844633478138, 49.602738270173681 ], [ 7.176313480022936, 49.603116103304508 ], [ 7.179351198136066, 49.605060399344318 ], [ 7.182483655058554, 49.603054103989763 ], [ 7.180405213657662, 49.600094474568728 ], [ 7.186411550332931, 49.596361639977985 ], [ 7.192071623755067, 49.598661266869243 ], [ 7.201437807125449, 49.595648019520297 ], [ 7.213357045558935, 49.584371073963169 ], [ 7.21555813535368, 49.580894469546173 ], [ 7.209999653645268, 49.577148771128321 ], [ 7.214006630040299, 49.574455715552077 ], [ 7.210367980155095, 49.568775662617881 ], [ 7.20485269032788, 49.568236539558718 ], [ 7.197922349851765, 49.561532683209471 ], [ 7.19199379487765, 49.558378452623359 ], [ 7.185571877664004, 49.556726736927516 ], [ 7.17830972123649, 49.556689192292275 ], [ 7.1779395814244, 49.555663791101253 ], [ 7.169624040136438, 49.551408295155532 ], [ 7.168815698336293, 49.549943386513128 ], [ 7.170233866966986, 49.546230308956346 ], [ 7.169533797625874, 49.545523509740285 ], [ 7.164722277346634, 49.544095478013126 ], [ 7.15690945151628, 49.538461256180462 ], [ 7.151270398473605, 49.539077146105555 ], [ 7.145094437465476, 49.541154205924911 ], [ 7.143247750387173, 49.544086819072255 ], [ 7.139451037109848, 49.543337386442154 ], [ 7.140661234859125, 49.542436652643367 ], [ 7.134088530853551, 49.538296552234435 ], [ 7.130704486715966, 49.537817382758284 ], [ 7.128920058566209, 49.536515598590327 ], [ 7.127981080856236, 49.534771881755084 ], [ 7.125757144571312, 49.533085163356127 ], [ 7.125588803424863, 49.530694346896311 ], [ 7.123679433467454, 49.529853980305248 ], [ 7.125571806952725, 49.527408809865129 ], [ 7.123766438952232, 49.528093366474053 ], [ 7.122365029478142, 49.527760882748794 ], [ 7.124510787353232, 49.522836346279469 ], [ 7.12186441769535, 49.522455793384154 ], [ 7.121707007414525, 49.521569605308031 ], [ 7.123566559491867, 49.519359000312875 ], [ 7.123819909655877, 49.5163590392822 ], [ 7.126999245096421, 49.515796420726538 ], [ 7.126544763479318, 49.514732831833825 ], [ 7.129502672935344, 49.511674692043982 ], [ 7.124636288801319, 49.510862734307786 ], [ 7.120149472386385, 49.507869962165721 ], [ 7.115367967333847, 49.506678256335135 ], [ 7.115436223958848, 49.505703386139899 ], [ 7.108430775195868, 49.504396994222994 ], [ 7.104239534612522, 49.505171717624521 ], [ 7.099722838532125, 49.504396981536495 ], [ 7.094647485430242, 49.502194773725918 ], [ 7.091827051640996, 49.501728377095553 ], [ 7.084126453430567, 49.500998375226835 ], [ 7.082211455277624, 49.501480715741792 ], [ 7.080932487289787, 49.503661631712376 ], [ 7.078052135734772, 49.502021057466294 ], [ 7.075075923913134, 49.503605447219783 ], [ 7.065639490497071, 49.497528529715353 ], [ 7.066556144125625, 49.496115241115774 ], [ 7.060343844344144, 49.494250918723672 ], [ 7.058118965654162, 49.495966192040306 ], [ 7.060097286448948, 49.498052597149304 ], [ 7.057012966421781, 49.498463070594845 ], [ 7.056465588832475, 49.50014223282615 ], [ 7.05868162232877, 49.501377432404965 ], [ 7.059884204902205, 49.502962791387056 ], [ 7.054133743992492, 49.50465221512097 ], [ 7.053215764185194, 49.50760510068001 ], [ 7.054747896106685, 49.50773862365206 ], [ 7.05620252133679, 49.508879176361674 ], [ 7.053484088860255, 49.512584707807697 ], [ 7.055090329076965, 49.51263401523579 ], [ 7.055053618442705, 49.513656805703327 ], [ 7.049900586394272, 49.515221817551527 ], [ 7.051379618057127, 49.516572960048819 ], [ 7.049346183949051, 49.518113769685321 ], [ 7.048200878190676, 49.520375211629471 ], [ 7.048528297083839, 49.523690178256146 ], [ 7.036012405438543, 49.523838319073541 ], [ 7.034940316686433, 49.522013266401075 ], [ 7.028466223599724, 49.523534468730567 ], [ 7.02816789061271, 49.5245876173692 ], [ 7.02695370726897, 49.524289136216503 ], [ 7.025898255847449, 49.524709395190413 ], [ 7.025977855898056, 49.526616518997848 ], [ 7.023379864330117, 49.524608026486234 ], [ 7.021817850413613, 49.525347018964098 ], [ 7.017067312245083, 49.524092906797605 ], [ 7.013599268765063, 49.526498538758979 ], [ 7.015844047426309, 49.528540195597273 ], [ 7.015135070025207, 49.534093099700854 ], [ 7.016682870504944, 49.535068633308562 ], [ 7.0159470776983, 49.537198422239094 ], [ 7.013569854043952, 49.537908393297059 ], [ 7.010360165675205, 49.537673400045577 ], [ 7.008157252369418, 49.538558415368826 ], [ 7.007603385089647, 49.540123505955641 ], [ 7.004308544789945, 49.5413596217034 ], [ 7.002865859419477, 49.543295858944262 ], [ 6.999963386853212, 49.542107624946141 ], [ 6.996832041469198, 49.542343743786255 ], [ 6.996552246435511, 49.54422292358322 ], [ 6.998437838694527, 49.545273027759954 ], [ 6.997257429989728, 49.5477906155783 ], [ 6.993932795135444, 49.549442427568565 ], [ 6.994115240256529, 49.552287013745833 ], [ 6.992790031592661, 49.553106888414476 ], [ 6.992563975967515, 49.555621597385084 ], [ 6.993829221775513, 49.55592250283182 ], [ 6.993359632959263, 49.557609332972291 ], [ 6.989562448242224, 49.559166952949568 ] ] ] } },
{ "type": "Feature", "properties": { "grid": "32070", "population": 24506 }, "geometry": { "type": "Polygon", "coordinates": [ [ [ 6.715870481969888, 49.60448423554476 ], [ 6.719001358515173, 49.604580081864512 ], [ 6.720063408228959, 49.606450733436809 ], [ 6.722223113526605, 49.607428567872468 ], [ 6.722285707002492, 49.608956050465935 ], [ 6.723421457199969, 49.609899755073592 ], [ 6.729073855646041, 49.610779683869282 ], [ 6.73282565420941, 49.613431057988223 ], [ 6.735045070434293, 49.613195148157168 ], [ 6.736625810530912, 49.61222288830249 ], [ 6.745512120033067, 49.611159867767867 ], [ 6.750498866337504, 49.608846708509184 ], [ 6.752918185471387, 49.610261392247828 ], [ 6.753454119652493, 49.61264194118786 ], [ 6.757588642494127, 49.612428305400186 ], [ 6.764739165371437, 49.614676054711424 ], [ 6.765906250844922, 49.616372255668011 ], [ 6.760068672307636, 49.621872136842143 ], [ 6.762477979351321, 49.627427194275462 ], [ 6.765840811555555, 49.627148815234989 ], [ 6.770266472415139, 49.628982793847527 ], [ 6.771626882489645, 49.628749403204658 ], [ 6.773561443616803, 49.624867420161429 ], [ 6.77528171569396, 49.625391810588681 ], [ 6.777876161977704, 49.623594877530486 ], [ 6.786215012539686, 49.62690418498434 ], [ 6.786473522311155, 49.627687521339375 ], [ 6.788944916255687, 49.627291231938777 ], [ 6.789107272406541, 49.62591830489842 ], [ 6.791007269828405, 49.624485420458562 ], [ 6.789850065441867, 49.623766628162976 ], [ 6.790111102914864, 49.62229795127341 ], [ 6.794268744162835, 49.622304375739446 ], [ 6.796125654628544, 49.621599752473692 ], [ 6.803733611500349, 49.625235358973917 ], [ 6.805424221626715, 49.624467238392526 ], [ 6.807765891008023, 49.621231109785626 ], [ 6.810182528678965, 49.620809459699174 ], [ 6.813579670081578, 49.621809587189844 ], [ 6.819856805374464, 49.625094604937068 ], [ 6.825805680437643, 49.623096184968944 ], [ 6.829026511548122, 49.620140707917074 ], [ 6.82651117495086, 49.619086737894165 ], [ 6.82790457797665, 49.617808343635723 ], [ 6.832615959293997, 49.618023864848453 ], [ 6.833617716580967, 49.61689439062819 ], [ 6.833961088279751, 49.614352257594028 ], [ 6.83298892083509, 49.61326280276797 ], [ 6.834058215373626, 49.612783264541079 ], [ 6.832701536616195, 49.611852063381797 ], [ 6.833879414664014, 49.61140394383434 ], [ 6.83209861902582, 49.609422733155633 ], [ 6.836433659428936, 49.602060431147592 ], [ 6.838171964580024, 49.593529201311995 ], [ 6.839124603387323, 49.592635868094227 ], [ 6.84139810015082, 49.59288702640805 ], [ 6.842657176499588, 49.590991395734449 ], [ 6.846005363222297, 49.58961618176852 ], [ 6.857887519321119, 49.605632677051133 ], [ 6.866435192348337, 49.60865973680874 ], [ 6.870613966554935, 49.6083871121768 ], [ 6.870922821520458, 49.607550210128636 ], [ 6.872586522761155, 49.606888707115935 ], [ 6.872470632197335, 49.604564620374838 ], [ 6.87955990324586, 49.601172556065656 ], [ 6.879956812725418, 49.606182665095098 ], [ 6.882599491683119, 49.608437970596889 ], [ 6.883741750778843, 49.608546546281396 ], [ 6.889807201349665, 49.606283331166217 ], [ 6.890722267185108, 49.607569765175022 ], [ 6.886989108445878, 49.609224254144941 ], [ 6.88666155526901, 49.610643505668165 ], [ 6.885480995645836, 49.610947900171439 ], [ 6.886594225832109, 49.613199800502649 ], [ 6.891453804731062, 49.613422622188338 ], [ 6.891860326889372, 49.608778853963862 ], [ 6.893726889924805, 49.60513085314615 ], [ 6.895115425328595, 49.60500313738747 ], [ 6.895711996473429, 49.603706681197139 ], [ 6.894089770260028, 49.600914743525998 ], [ 6.895049806773639, 49.59755902569426 ], [ 6.898091743705423, 49.596270912847856 ], [ 6.905504185719956, 49.590626005478043 ], [ 6.905546642580677, 49.592471395901065 ], [ 6.909867718985397, 49.59436460959305 ], [ 6.91438043899818, 49.59516334185637 ], [ 6.918189874239707, 49.594439586088349 ], [ 6.923533261158107, 49.595977655506196 ], [ 6.923770614667355, 49.597057490409526 ], [ 6.930492497218874, 49.597422724765991 ], [ 6.933235517023022, 49.599472726080407 ], [ 6.934626048634475, 49.599408511384276 ], [ 6.936272934811121, 49.598136538003367 ], [ 6.937903022620561, 49.597827657065814 ], [ 6.94058468647416, 49.59847945553723 ], [ 6.943586580528602, 49.597988523364371 ], [ 6.953451876055575, 49.594633060999101 ], [ 6.956657467694662, 49.597750500101355 ], [ 6.955077406419395, 49.591036042567652 ], [ 6.955668762569743, 49.588109440035375 ], [ 6.958444844737691, 49.585980815763023 ], [ 6.95214008843268, 49.582847288307036 ], [ 6.955901894895457, 49.581365239819782 ], [ 6.955765491607159, 49.579780191608293 ], [ 6.954656626466656, 49.577666003878853 ], [ 6.949787261930601, 49.573856389354617 ], [ 6.949883890023414, 49.571626229713402 ], [ 6.952050255880007, 49.571729881137195 ], [ 6.95296151102952, 49.570461547622578 ], [ 6.948045753523452, 49.566227596583566 ], [ 6.952743982303642, 49.565307291571827 ], [ 6.956680958839928, 49.565498551994537 ], [ 6.956940981507492, 49.561994773375595 ], [ 6.959495429397876, 49.562461524499867 ], [ 6.961214050814986, 49.562065054315852 ], [ 6.963020670540906, 49.559356645147055 ], [ 6.961610616932853, 49.55895199759766 ], [ 6.960730884429906, 49.556997260035303 ], [ 6.958256911944033, 49.556748371761785 ], [ 6.957426458102056, 49.556191028146344 ], [ 6.957673143011265, 49.555289226454413 ], [ 6.954476279530478, 49.5536038071915 ], [ 6.956239847400363, 49.552587287110931 ], [ 6.956695602502969, 49.54699968089615 ], [ 6.958146133338396, 49.545730079056533 ], [ 6.957143118567509, 49.535917649007047 ], [ 6.954957845783874, 49.533660429185637 ], [ 6.953183822111443, 49.533145033411358 ], [ 6.95529531971006, 49.530683858599872 ], [ 6.95413906882469, 49.53047990650451 ], [ 6.956370319030199, 49.525069979677639 ], [ 6.956404129720919, 49.522546823419169 ], [ 6.954677960648825, 49.520078875683758 ], [ 6.956448012102657, 49.51709925778917 ], [ 6.955454721455434, 49.511835374574332 ], [ 6.946884638322888, 49.511196484149593 ], [ 6.938469385286135, 49.507372882261535 ], [ 6.938081639270189, 49.508146822909829 ], [ 6.935831169559446, 49.507704705005089 ], [ 6.935863718101452, 49.506516829750069 ], [ 6.931418461673857, 49.505295549520397 ], [ 6.930395709682134, 49.506019164955283 ], [ 6.928857477357728, 49.504773247598315 ], [ 6.928656815815631, 49.503568971230209 ], [ 6.9252312815718, 49.50485368290375 ], [ 6.923073354820005, 49.503811755754597 ], [ 6.919257854773921, 49.507860583294686 ], [ 6.918135809640394, 49.507736101752059 ], [ 6.910181768259188, 49.501703574964566 ], [ 6.903358292221212, 49.495154566082093 ], [ 6.900706867756857, 49.494187253978971 ], [ 6.897548316676231, 49.4918798622708 ], [ 6.892604995905894, 49.490325836171273 ], [ 6.886646619150082, 49.48738807267258 ], [ 6.885186110308466, 49.485855133795638 ], [ 6.882213297959536, 49.484579883269518 ], [ 6.874977892950276, 49.479718040778053 ], [ 6.873295945382528, 49.47929469721835 ], [ 6.870851409223863, 49.480359894439154 ], [ 6.861514864884896, 49.480797595862732 ], [ 6.857201133534271, 49.482441677455299 ], [ 6.853444686056375, 49.482941622941404 ], [ 6.851972010390136, 49.481398940961391 ], [ 6.841311401133123, 49.476550212653869 ], [ 6.841305071000752, 49.475000658702676 ], [ 6.839200951533694, 49.47468016512115 ], [ 6.836679225027267, 49.475480567751262 ], [ 6.835876612544668, 49.474590167335592 ], [ 6.829999240756449, 49.473372176998261 ], [ 6.829634088240864, 49.472360545966929 ], [ 6.827122793184852, 49.47086467624284 ], [ 6.821076772410663, 49.468965169568101 ], [ 6.812381208472697, 49.473301649526711 ], [ 6.807120999353641, 49.471075987699912 ], [ 6.805739242147759, 49.469814675742796 ], [ 6.807336663140424, 49.475791252364907 ], [ 6.806430430526015, 49.475187597436282 ], [ 6.801026636764995, 49.475713000883779 ], [ 6.799544958760137, 49.484509514935525 ], [ 6.801221920065606, 49.48595322667952 ], [ 6.80574383264598, 49.488031822072273 ], [ 6.809715758203584, 49.488233378072678 ], [ 6.81371386517612, 49.489507783613078 ], [ 6.81275830444419, 49.491002024934154 ], [ 6.813201812267717, 49.492081505595465 ], [ 6.815477207669851, 49.492696746263391 ], [ 6.815108903703525, 49.493522105969056 ], [ 6.812260775095061, 49.493167702353944 ], [ 6.810200456755357, 49.494064117733892 ], [ 6.808673718656816, 49.495752418318631 ], [ 6.805988484874444, 49.496141989257211 ], [ 6.80647004911055, 49.498038901391411 ], [ 6.809226545394487, 49.50025018589767 ], [ 6.808782663278611, 49.501737037040954 ], [ 6.811849307194837, 49.505322941087073 ], [ 6.809147542039749, 49.508792539632751 ], [ 6.810493917165351, 49.509089361354405 ], [ 6.809456645042183, 49.51160334165683 ], [ 6.807080372508092, 49.511571123967983 ], [ 6.807140062888535, 49.510249091331168 ], [ 6.802568210201225, 49.509982238723509 ], [ 6.795480474446219, 49.50737181956292 ], [ 6.795289770209309, 49.515192875350898 ], [ 6.79172338591208, 49.518903928013735 ], [ 6.79210590749565, 49.521465478555811 ], [ 6.790471955932078, 49.522749772545417 ], [ 6.791807405377303, 49.524032965413248 ], [ 6.79157682506264, 49.524898121506645 ], [ 6.793542229667555, 49.525953347836186 ], [ 6.792284729939046, 49.526720419568605 ], [ 6.793250098111221, 49.529195505325795 ], [ 6.789170299689873, 49.532907794765869 ], [ 6.786742472302544, 49.539043074604507 ], [ 6.783409246732422, 49.541860746592747 ], [ 6.779456775238915, 49.542530827772509 ], [ 6.775723997137676, 49.545744910501902 ], [ 6.772341528612788, 49.546605079695716 ], [ 6.772206998822492, 49.549364262786803 ], [ 6.769411297931767, 49.552370452647011 ], [ 6.767177677481271, 49.558156334840405 ], [ 6.763901260905887, 49.561646008627072 ], [ 6.76200152838121, 49.560630602523489 ], [ 6.759659350392901, 49.561530192886622 ], [ 6.756876991663861, 49.561440874245648 ], [ 6.764581213790605, 49.567758141963779 ], [ 6.767500051139419, 49.569043646760967 ], [ 6.769687308826371, 49.568856333742922 ], [ 6.762080926638213, 49.574224132594352 ], [ 6.756106521380176, 49.577466925758976 ], [ 6.753635814152142, 49.576817844582585 ], [ 6.748731390270802, 49.580177161045448 ], [ 6.744732773760486, 49.581170340146464 ], [ 6.74435924319758, 49.582743433031538 ], [ 6.734205260768952, 49.58536898239894 ], [ 6.730168724006306, 49.589288077393647 ], [ 6.716970930277496, 49.596368715058851 ], [ 6.715504163965273, 49.602410036006233 ], [ 6.715870481969888, 49.60448423554476 ] ] ] } },
{ "type": "Feature", "properties": { "grid": "33338", "population": 49413 }, "geometry": { "type": "Polygon", "coordinates": [ [ [ 7.067721892399139, 49.496826143394088 ], [ 7.068216017715318, 49.497840807565026 ], [ 7.071325429423489, 49.497863324529654 ], [ 7.076084753156139, 49.49885272267926 ], [ 7.082211450370186, 49.501480707741912 ], [ 7.084126593998757, 49.500998409748654 ], [ 7.091827127765997, 49.501728389684814 ], [ 7.094647479297298, 49.50219478272593 ], [ 7.099722832666724, 49.504396990041549 ], [ 7.104239619314968, 49.505171732151169 ], [ 7.108431126157593, 49.504397029951924 ], [ 7.115435313500034, 49.505703178081703 ], [ 7.115367335385482, 49.5066782365667 ], [ 7.120149438398949, 49.507869948112912 ], [ 7.124636372720742, 49.510862827851206 ], [ 7.129502672370783, 49.511674683756006 ], [ 7.128857946784464, 49.509638224190638 ], [ 7.131372207998647, 49.506930609509318 ], [ 7.139255065309611, 49.506130123410571 ], [ 7.142630124174277, 49.50730218614089 ], [ 7.142351070379255, 49.503988954886665 ], [ 7.145874844956666, 49.499681158798971 ], [ 7.148706236210789, 49.498342451592471 ], [ 7.147546942130257, 49.495156173849011 ], [ 7.149652513122775, 49.493120491436834 ], [ 7.150756922793541, 49.486030534184735 ], [ 7.153584989474171, 49.48531283434022 ], [ 7.155366617623569, 49.486923370502687 ], [ 7.157794149845863, 49.486410022824067 ], [ 7.160689170977813, 49.48671191510941 ], [ 7.161740277207846, 49.487895642609864 ], [ 7.162934911318015, 49.48702169800967 ], [ 7.165081692431561, 49.487751363758775 ], [ 7.165900319445548, 49.488288594258151 ], [ 7.164786482696905, 49.488814240059767 ], [ 7.165149767286897, 49.490941189645469 ], [ 7.174892945880956, 49.494121087927994 ], [ 7.17586002081381, 49.493977229747792 ], [ 7.17955678534562, 49.498876449870515 ], [ 7.182749225887526, 49.500492221013666 ], [ 7.183153699766476, 49.499261624982637 ], [ 7.194919387812373, 49.500453273906196 ], [ 7.197792555713824, 49.502261338585399 ], [ 7.199412725996805, 49.504278640080393 ], [ 7.201054120321167, 49.504648419611833 ], [ 7.202772322814719, 49.506587981601392 ], [ 7.205480548354493, 49.507670129186423 ], [ 7.204912451055653, 49.50150555221721 ], [ 7.208502256704457, 49.502714976037396 ], [ 7.210777716432581, 49.502841771376914 ], [ 7.217270390469666, 49.507192993104553 ], [ 7.218531586671194, 49.510984773652581 ], [ 7.223802682421977, 49.508931794356364 ], [ 7.229411919064357, 49.507780970823497 ], [ 7.231754188512299, 49.505884949929786 ], [ 7.235905433327634, 49.505775038253191 ], [ 7.239348016158512, 49.504240273332385 ], [ 7.243471005808558, 49.504404339444278 ], [ 7.255602842451261, 49.499432070820873 ], [ 7.261539832175526, 49.499548614688727 ], [ 7.264441762564938, 49.50038824238397 ], [ 7.266713553523806, 49.500120358489582 ], [ 7.267229185210698, 49.502719258007971 ], [ 7.269596631930864, 49.504723134165296 ], [ 7.27418551112524, 49.505772855105953 ], [ 7.278556054001593, 49.505141335492382 ], [ 7.280493190775724, 49.505736892277689 ], [ 7.285433178555236, 49.504653117692484 ], [ 7.283869794716231, 49.503843085456417 ], [ 7.282739197800587, 49.501946809049272 ], [ 7.28647329976824, 49.500900839233452 ], [ 7.287067726378577, 49.49906372914667 ], [ 7.289460774099989, 49.500472805662042 ], [ 7.290285702352451, 49.504458087140783 ], [ 7.295271529523533, 49.506400699054481 ], [ 7.30078359081214, 49.506061934788868 ], [ 7.304446356063325, 49.508569868624619 ], [ 7.308772412333465, 49.510466133947332 ], [ 7.310882507239719, 49.510759895008498 ], [ 7.312339448709269, 49.510684004367278 ], [ 7.312711071689208, 49.5096769143355 ], [ 7.317438395527377, 49.507829471285788 ], [ 7.319491474244279, 49.505861374361011 ], [ 7.323817353013406, 49.505174561661178 ], [ 7.332502280353355, 49.501058866645877 ], [ 7.329358619825109, 49.499898681350224 ], [ 7.334323945546303, 49.495680520941804 ], [ 7.337906317441756, 49.496060065110441 ], [ 7.339810143404521, 49.497797145670759 ], [ 7.342170564565884, 49.494711817027074 ], [ 7.347835501131677, 49.494329956887157 ], [ 7.353203795031666, 49.495308186244834 ], [ 7.354038389424914, 49.493774035282001 ], [ 7.358015811556695, 49.494866039502305 ], [ 7.359137920934335, 49.494204314286399 ], [ 7.361745725390801, 49.495725467987192 ], [ 7.358930017744406, 49.496944443422485 ], [ 7.359555797189717, 49.497520114237318 ], [ 7.363803333599755, 49.496065139124767 ], [ 7.366253466404153, 49.496364814685222 ], [ 7.368710693133949, 49.49730681837034 ], [ 7.369346988696525, 49.49820596879956 ], [ 7.372167286767555, 49.49894192619707 ], [ 7.374949557038067, 49.498676879285959 ], [ 7.373843650330874, 49.496566308297261 ], [ 7.377003683850629, 49.495375216054676 ], [ 7.382457983613921, 49.48896833105151 ], [ 7.384318045365675, 49.485112704760645 ], [ 7.387254263750537, 49.482719844649267 ], [ 7.38524129673315, 49.480098152053372 ], [ 7.383537663247754, 49.479528729462167 ], [ 7.384525581068979, 49.478142533820787 ], [ 7.380154810340277, 49.476725192890314 ], [ 7.379235914440935, 49.475349643656592 ], [ 7.382017338759273, 49.474219523545223 ], [ 7.378630034868769, 49.47107345657512 ], [ 7.379161337193165, 49.469725077325656 ], [ 7.380082248048114, 49.469988167880494 ], [ 7.380420130457613, 49.467134314567005 ], [ 7.379490793453877, 49.462102374553233 ], [ 7.375826145198207, 49.462155091766533 ], [ 7.371118065113644, 49.463400791194402 ], [ 7.369779231851413, 49.462319372532704 ], [ 7.368354225501077, 49.464250195910843 ], [ 7.367085132345744, 49.461902383150154 ], [ 7.363903537916381, 49.460076260386828 ], [ 7.364772120549703, 49.458407563051281 ], [ 7.362899629109445, 49.457049773624888 ], [ 7.362682542952718, 49.454459997493935 ], [ 7.365283998024297, 49.453118458183262 ], [ 7.362098798953919, 49.452615549817097 ], [ 7.358362557537566, 49.449567272607965 ], [ 7.357197433341208, 49.449435318071878 ], [ 7.357427031019528, 49.444670035070949 ], [ 7.356300605523597, 49.444584202866515 ], [ 7.356750712413953, 49.442139063548339 ], [ 7.355526143196107, 49.441870352043871 ], [ 7.356749290067848, 49.440266199005237 ], [ 7.345570405969294, 49.440395006608327 ], [ 7.341050310568545, 49.43879174822397 ], [ 7.338488112551302, 49.438701879369226 ], [ 7.337353320388293, 49.440191287156303 ], [ 7.328936752797224, 49.436353555888694 ], [ 7.327007205489445, 49.437550587640068 ], [ 7.323591954654155, 49.436107303076618 ], [ 7.321508081282786, 49.435946097174515 ], [ 7.318376722148402, 49.433615750843003 ], [ 7.313163093102268, 49.434161700739601 ], [ 7.303796062686692, 49.432185601587349 ], [ 7.290682323419112, 49.432172704619461 ], [ 7.294606374902896, 49.425641539148685 ], [ 7.290416834768869, 49.417362509214314 ], [ 7.28938589154252, 49.412353903576111 ], [ 7.292601432646944, 49.408222432086013 ], [ 7.292158338062096, 49.406805048370266 ], [ 7.289331239425977, 49.405752076850398 ], [ 7.285054724634327, 49.40244251116669 ], [ 7.274195750602255, 49.402041940452165 ], [ 7.269021826892631, 49.398552933455996 ], [ 7.266114243810751, 49.397479002889838 ], [ 7.261671133009685, 49.397081163897752 ], [ 7.261600640842708, 49.3995553255088 ], [ 7.262686388986739, 49.400838321515678 ], [ 7.259513132867285, 49.4030879910975 ], [ 7.247384990810585, 49.406547082041051 ], [ 7.243465290837474, 49.405335370694985 ], [ 7.24295839724643, 49.405878783258579 ], [ 7.239602928998954, 49.404917410007663 ], [ 7.240593133873313, 49.402929111214171 ], [ 7.235964976875453, 49.396527924011863 ], [ 7.22089477070536, 49.394982417813942 ], [ 7.217935118201566, 49.39247417793657 ], [ 7.218340428722775, 49.391585325248158 ], [ 7.2134214470538, 49.391249961355712 ], [ 7.211173383831682, 49.389023629095654 ], [ 7.211138824676726, 49.391112430867288 ], [ 7.208161390683017, 49.391963471775675 ], [ 7.205543045027693, 49.393744589950387 ], [ 7.198738774324332, 49.392371894162487 ], [ 7.19236407560668, 49.393193179311247 ], [ 7.188826955331998, 49.390470598042612 ], [ 7.181134439056609, 49.388405416617736 ], [ 7.177708428837032, 49.384693459422401 ], [ 7.171017163401133, 49.387444337613275 ], [ 7.172621267189015, 49.390219406439662 ], [ 7.170694064403685, 49.393898792153628 ], [ 7.163499003298568, 49.390675577291091 ], [ 7.15377600716527, 49.390053733641089 ], [ 7.152036507084839, 49.385913833554547 ], [ 7.138506191142755, 49.389238620164704 ], [ 7.134280435932939, 49.393821994186098 ], [ 7.124323363102683, 49.396513520697447 ], [ 7.120737405878766, 49.401781939283644 ], [ 7.121635833771044, 49.404690225572068 ], [ 7.118929125899577, 49.404726420661227 ], [ 7.11649094214557, 49.405643716218933 ], [ 7.110396786174821, 49.409408176762483 ], [ 7.104755767359155, 49.414813651394972 ], [ 7.104487419416655, 49.4160199287873 ], [ 7.096267105650251, 49.412544633440305 ], [ 7.093204217148108, 49.414081960380834 ], [ 7.089917773302944, 49.41468492544962 ], [ 7.091899735394761, 49.415150451394091 ], [ 7.091599593019933, 49.419373588901792 ], [ 7.094087566185005, 49.42185327549128 ], [ 7.099016241878055, 49.421263767275811 ], [ 7.101175607505999, 49.420007468682272 ], [ 7.100303507100472, 49.432455130352402 ], [ 7.102535385194401, 49.432713997891653 ], [ 7.101985698639242, 49.43469793196833 ], [ 7.100010394132476, 49.436638599184725 ], [ 7.096203529379522, 49.438011907260616 ], [ 7.094350609146124, 49.441463163072008 ], [ 7.093516236074791, 49.447442438739593 ], [ 7.094266267391938, 49.451696706223593 ], [ 7.095096614514691, 49.452150889819158 ], [ 7.096837762368912, 49.451744775848454 ], [ 7.096806160687513, 49.453364224561057 ], [ 7.098329272003231, 49.453509343385726 ], [ 7.103035875670222, 49.45628979718164 ], [ 7.110143512451032, 49.456377866875798 ], [ 7.110124460184529, 49.458412342513405 ], [ 7.111962517385496, 49.458576528463176 ], [ 7.109835534477248, 49.459952466577185 ], [ 7.105560489925962, 49.459067480462551 ], [ 7.104545149619998, 49.461108012648182 ], [ 7.097975464617177, 49.461018130526753 ], [ 7.096985277177002, 49.461924430142787 ], [ 7.093031109191549, 49.460022289627311 ], [ 7.091510971312063, 49.460766550219915 ], [ 7.087295947123853, 49.467413390542042 ], [ 7.087713035666018, 49.471096909946183 ], [ 7.086397091604261, 49.471095801059718 ], [ 7.086468633020284, 49.478825430258084 ], [ 7.088999032564383, 49.480739464618118 ], [ 7.086238295794691, 49.482249584891392 ], [ 7.082989851371045, 49.486486946754951 ], [ 7.077769249872098, 49.491362616043972 ], [ 7.07171232730039, 49.493160169265472 ], [ 7.068710370019212, 49.494802912882292 ], [ 7.067721892399139, 49.496826143394088 ] ] ] } },
{ "type": "Feature", "properties": { "grid": "34400", "population": 18652 }, "geometry": { "type": "Polygon", "coordinates": [ [ [ 7.121706967824642, 49.521569506379024 ], [ 7.121863978349888, 49.522455803059245 ], [ 7.124510435979874, 49.522836898213718 ], [ 7.122364682129114, 49.527761186383771 ], [ 7.123766451075517, 49.528093454285369 ], [ 7.125571098481135, 49.527410282907944 ], [ 7.123678781612403, 49.529854042183999 ], [ 7.125588858706268, 49.530694515362754 ], [ 7.125757037777738, 49.53308518543097 ], [ 7.13070427408937, 49.537817344410122 ], [ 7.134088617520571, 49.538296622956835 ], [ 7.14066033706397, 49.542436087201544 ], [ 7.139449358866164, 49.543337185318023 ], [ 7.143248509474486, 49.544087025534502 ], [ 7.145094867561988, 49.541154054912006 ], [ 7.15127040177049, 49.539077154072949 ], [ 7.156909790165473, 49.538461599877081 ], [ 7.164722264272451, 49.544095489632817 ], [ 7.169533981657987, 49.545523695542954 ], [ 7.170233693220925, 49.54623057158453 ], [ 7.168815686544955, 49.54994352380249 ], [ 7.169624070120685, 49.551408384298377 ], [ 7.177939258877441, 49.555663626222383 ], [ 7.178309420146078, 49.556689104628219 ], [ 7.185571873625518, 49.556726754037037 ], [ 7.191993788528006, 49.558378459662855 ], [ 7.197922407182564, 49.561532738676327 ], [ 7.204852850902322, 49.568236721084197 ], [ 7.210368161215254, 49.568775940698586 ], [ 7.214006337989297, 49.57445548751074 ], [ 7.209999254166137, 49.577148715402501 ], [ 7.215557897951721, 49.580894828517877 ], [ 7.213357003994256, 49.584371111896459 ], [ 7.201437821760621, 49.595648018032982 ], [ 7.211637178969887, 49.595404856511784 ], [ 7.211794467072698, 49.594347324982806 ], [ 7.221615515082469, 49.598783444760599 ], [ 7.226552096902189, 49.599124628528926 ], [ 7.232817994320951, 49.601503102955135 ], [ 7.235026958292859, 49.600000115911158 ], [ 7.238810351674181, 49.600388386380708 ], [ 7.238312858210774, 49.599158246957984 ], [ 7.241349335647792, 49.597697050744067 ], [ 7.237548167462459, 49.594525655611307 ], [ 7.230490902354941, 49.590424006809329 ], [ 7.23587362618076, 49.591055429073904 ], [ 7.241619121766221, 49.585422239935966 ], [ 7.255403212907196, 49.590671996238392 ], [ 7.256173909559939, 49.592792451080129 ], [ 7.258594846289609, 49.593861443250127 ], [ 7.265971637864524, 49.593757555542155 ], [ 7.267221544712421, 49.592082572960678 ], [ 7.27583455819439, 49.593967251563221 ], [ 7.278714357603178, 49.59234744320316 ], [ 7.270228231568769, 49.58699049263987 ], [ 7.269983740251528, 49.585401541532754 ], [ 7.265572430845768, 49.578581967953433 ], [ 7.262209996330484, 49.574658647456225 ], [ 7.262408839496806, 49.571912337482381 ], [ 7.263758161411112, 49.570614822626837 ], [ 7.268031516056775, 49.571295358184081 ], [ 7.269094923032411, 49.573387830055466 ], [ 7.276697016630368, 49.576054260482849 ], [ 7.281090585602097, 49.579286131024212 ], [ 7.285271019188472, 49.579927447845904 ], [ 7.285943782310984, 49.581045126247936 ], [ 7.285258900529016, 49.582169247250683 ], [ 7.28785354671745, 49.583332574564601 ], [ 7.288406399269634, 49.582330932147897 ], [ 7.292515103649517, 49.583005816703768 ], [ 7.294477531101935, 49.585546722902556 ], [ 7.298352949798994, 49.583315349603581 ], [ 7.301529802925101, 49.583225219538164 ], [ 7.301744813414914, 49.584987201268341 ], [ 7.304185841704462, 49.584732321156565 ], [ 7.306639666320308, 49.586340861804743 ], [ 7.305296963746525, 49.587581959279952 ], [ 7.308830253805498, 49.590040685919803 ], [ 7.307695451824619, 49.590864421083737 ], [ 7.313610490331465, 49.595011331159441 ], [ 7.314346592154691, 49.594161649137597 ], [ 7.319336887765951, 49.598054071221945 ], [ 7.320675300242264, 49.596567966610941 ], [ 7.319973850365112, 49.595145497323593 ], [ 7.314613520858473, 49.591609039652873 ], [ 7.314868973513012, 49.59091541653099 ], [ 7.31230411007029, 49.589813951504567 ], [ 7.31251977982208, 49.588938943983337 ], [ 7.317767359242973, 49.589797686053913 ], [ 7.320970499121936, 49.58671304717906 ], [ 7.325309644652037, 49.592139074610692 ], [ 7.327464434740417, 49.591889937332382 ], [ 7.326191815422958, 49.589396559977345 ], [ 7.334753801628308, 49.587843397781867 ], [ 7.337543916717592, 49.586075643109723 ], [ 7.339604128733864, 49.585709986385204 ], [ 7.339237459729892, 49.58455600572205 ], [ 7.342083965647275, 49.581718286623151 ], [ 7.336707970176945, 49.57904661589653 ], [ 7.33800071139312, 49.577714433869296 ], [ 7.340812284532113, 49.578540180706121 ], [ 7.34024151657518, 49.576282120914243 ], [ 7.338871132504053, 49.575019091662895 ], [ 7.338729801281023, 49.573178324165973 ], [ 7.334917648244121, 49.572859091856728 ], [ 7.333650247321477, 49.572080093016567 ], [ 7.333366144111689, 49.570624521592379 ], [ 7.334663912919432, 49.570804371358797 ], [ 7.334682882360151, 49.569265259328233 ], [ 7.336023089802896, 49.568589806990303 ], [ 7.335643186449899, 49.5668878133338 ], [ 7.331735337298394, 49.563830998120899 ], [ 7.331338608536871, 49.564944469761564 ], [ 7.326068763589804, 49.565787187388807 ], [ 7.326869647723061, 49.562970181106515 ], [ 7.325181419701272, 49.564123478376736 ], [ 7.322020618479842, 49.565010499823821 ], [ 7.319084369719475, 49.562325859027467 ], [ 7.320098222219919, 49.56040036537 ], [ 7.324620104295732, 49.556511551934975 ], [ 7.324341746394082, 49.555909434492428 ], [ 7.321318914194187, 49.555158079680901 ], [ 7.318716904245864, 49.556399457252091 ], [ 7.310078507716264, 49.556840199496136 ], [ 7.308373780251195, 49.556458939346626 ], [ 7.307429781646878, 49.555883066028166 ], [ 7.308317532519911, 49.555223625896708 ], [ 7.305846188541583, 49.551201235259953 ], [ 7.308296795301301, 49.550351613467512 ], [ 7.307862519802717, 49.549600970986575 ], [ 7.304754457478035, 49.548477559811481 ], [ 7.299774748095406, 49.548849030983639 ], [ 7.299205855155454, 49.547124867718942 ], [ 7.300510277133797, 49.546604006807044 ], [ 7.306319852468116, 49.53643773955303 ], [ 7.302438853984751, 49.536336643103276 ], [ 7.302405546287654, 49.533961814686094 ], [ 7.298966010165262, 49.531375655062128 ], [ 7.299705680964236, 49.529559177445606 ], [ 7.300846648892291, 49.530278106301267 ], [ 7.3027868378876, 49.527405294354267 ], [ 7.306924691362085, 49.526135673275093 ], [ 7.309871865085417, 49.523220511493157 ], [ 7.306983632225858, 49.521452957036161 ], [ 7.307831396130182, 49.519951266390905 ], [ 7.309843927965335, 49.519906074926645 ], [ 7.311024943860762, 49.518165576454443 ], [ 7.307554794421002, 49.51643728131868 ], [ 7.307332303603156, 49.515684353693857 ], [ 7.30962213177034, 49.515614196033475 ], [ 7.31254020700326, 49.516596577479284 ], [ 7.31398219522087, 49.513879023975768 ], [ 7.310868225326333, 49.512838105589779 ], [ 7.308724404092611, 49.512850671793998 ], [ 7.308772403348436, 49.510466139957103 ], [ 7.304446189335686, 49.508569769868771 ], [ 7.300783633199438, 49.506061873644875 ], [ 7.295271544686936, 49.50640062492316 ], [ 7.290286068096445, 49.504458216868365 ], [ 7.289460754912275, 49.50047263475242 ], [ 7.287066783606202, 49.499062819536753 ], [ 7.286473225720144, 49.500900799018282 ], [ 7.282739140682756, 49.501946957505488 ], [ 7.283869834871665, 49.503843135033669 ], [ 7.285430498822249, 49.504653237620161 ], [ 7.280493624554629, 49.505736607809503 ], [ 7.278556016611566, 49.505141334424913 ], [ 7.274185681825397, 49.505772839523331 ], [ 7.269596715856512, 49.504723163109873 ], [ 7.267229159636788, 49.502719207751475 ], [ 7.266713485656271, 49.500120205046315 ], [ 7.264441906340194, 49.500388211780994 ], [ 7.261539836580672, 49.499548602066383 ], [ 7.255602694867514, 49.499432054742201 ], [ 7.243471127037542, 49.504404272540242 ], [ 7.239347848815505, 49.504240250176679 ], [ 7.23590533610655, 49.505775058405526 ], [ 7.231753526969261, 49.505884865176952 ], [ 7.229411608588446, 49.507781036536741 ], [ 7.223802757385701, 49.508931766266066 ], [ 7.218532237902084, 49.510984197920301 ], [ 7.217270499967239, 49.507193049674811 ], [ 7.210777541434959, 49.502841638542854 ], [ 7.208502260989284, 49.502714965630389 ], [ 7.204912680659985, 49.501504656132347 ], [ 7.205478464659213, 49.507669279877895 ], [ 7.20277227439832, 49.506587908349346 ], [ 7.201054000646344, 49.504648262823885 ], [ 7.199412609621334, 49.504278469002038 ], [ 7.19779256652664, 49.502261333318025 ], [ 7.194919282683816, 49.500453184456333 ], [ 7.183152554520642, 49.499261389414357 ], [ 7.18274772844613, 49.500491445031685 ], [ 7.179556806552357, 49.498876438620556 ], [ 7.175859852379816, 49.493976867746284 ], [ 7.174892593861098, 49.494120986458597 ], [ 7.165150178844245, 49.490941242649519 ], [ 7.164786500539605, 49.488814328062908 ], [ 7.165901283632962, 49.488288877336437 ], [ 7.165081699795488, 49.487751357241301 ], [ 7.162934716577247, 49.487021477115739 ], [ 7.161740119480317, 49.487894983052065 ], [ 7.16068935561916, 49.486711880952207 ], [ 7.15779390231376, 49.486409997013034 ], [ 7.15536671687289, 49.486923172680719 ], [ 7.153585475305888, 49.485312647461548 ], [ 7.150756964858155, 49.486030150814784 ], [ 7.149652511367655, 49.493120412762416 ], [ 7.147546825193101, 49.495156159938325 ], [ 7.148706050927749, 49.498342220146036 ], [ 7.145874824205483, 49.499681147048214 ], [ 7.142350966235556, 49.503988930512968 ], [ 7.142629814162219, 49.50730109696083 ], [ 7.139255223755301, 49.506130091472897 ], [ 7.131371867336142, 49.506930627723754 ], [ 7.128857852158982, 49.509638213562958 ], [ 7.129058929706776, 49.512806553216556 ], [ 7.126544556962211, 49.514732891891441 ], [ 7.126998593614281, 49.515796381913447 ], [ 7.123819822385626, 49.51635875409859 ], [ 7.123566534065574, 49.519358995579012 ], [ 7.121706967824642, 49.521569506379024 ] ] ] } },
{ "type": "Feature", "properties": { "grid": "34859", "population": 21996 }, "geometry": { "type": "Polygon", "coordinates": [ [ [ 7.310432268083707, 49.349200877348252 ], [ 7.356990227177922, 49.374867067988269 ], [ 7.365551734524614, 49.374657300893318 ], [ 7.369106564529813, 49.373982557227443 ], [ 7.368501079339596, 49.369886556550711 ], [ 7.366660720484146, 49.369100129175443 ], [ 7.366871207850289, 49.363187660138905 ], [ 7.379023498787764, 49.366028188260771 ], [ 7.395898642965086, 49.372046031106038 ], [ 7.3980024106005, 49.372288271654654 ], [ 7.401321103811754, 49.370518678437627 ], [ 7.40207541874456, 49.367719023369709 ], [ 7.403772067938196, 49.367834935672882 ], [ 7.407186274139193, 49.364271092507202 ], [ 7.408968620106179, 49.363459189875115 ], [ 7.408984876091091, 49.361842633152733 ], [ 7.417096937635504, 49.35875442076518 ], [ 7.423596699741863, 49.359765943656122 ], [ 7.425637148615752, 49.359226207995412 ], [ 7.425583678077061, 49.3583671780383 ], [ 7.433802042180997, 49.356649224178724 ], [ 7.434203905437775, 49.354719951534634 ], [ 7.436956737230121, 49.355008897779598 ], [ 7.437932204307464, 49.35378576700402 ], [ 7.441012386949258, 49.355540034922228 ], [ 7.445963449328335, 49.352235661681846 ], [ 7.447655715641325, 49.352722397235908 ], [ 7.452629663611448, 49.350941835273169 ], [ 7.451716454992818, 49.348240898998263 ], [ 7.449723886201836, 49.348177620102852 ], [ 7.450438033651259, 49.347540006891151 ], [ 7.448359168525829, 49.345340869513848 ], [ 7.445392022860732, 49.343399602265173 ], [ 7.442859747987422, 49.343092065778642 ], [ 7.445310973406547, 49.33894291092281 ], [ 7.44461311809239, 49.336160516187938 ], [ 7.44502327161122, 49.333014983933261 ], [ 7.435182327954472, 49.336347825616919 ], [ 7.435034375943318, 49.334112181174781 ], [ 7.442350745526785, 49.331276935575197 ], [ 7.44540468897684, 49.331734877065685 ], [ 7.450122162866776, 49.329300080878561 ], [ 7.449802322661707, 49.326095369764147 ], [ 7.450953550971371, 49.324884069482387 ], [ 7.44817648018442, 49.324799627172411 ], [ 7.443363176511816, 49.322085058013037 ], [ 7.436282293303429, 49.321085809819174 ], [ 7.424710053131493, 49.318290405507938 ], [ 7.424002650750802, 49.315344769650444 ], [ 7.423229486779345, 49.314945477363196 ], [ 7.422097243752467, 49.315625198031874 ], [ 7.418346305706432, 49.312929359245025 ], [ 7.417828567515232, 49.31134292226848 ], [ 7.413668067915911, 49.309650533045655 ], [ 7.409767196598978, 49.310359238714923 ], [ 7.408054071403599, 49.309947893703168 ], [ 7.405773355494199, 49.313536741613738 ], [ 7.40603897575541, 49.316187757531701 ], [ 7.400469557010275, 49.314671356972326 ], [ 7.398513131512729, 49.313401888016429 ], [ 7.3944944438825, 49.316350573884449 ], [ 7.39444918257063, 49.314653878961963 ], [ 7.390222160189694, 49.312244379995583 ], [ 7.389935470445129, 49.31126246314134 ], [ 7.391883621347706, 49.309597165811141 ], [ 7.387486072629534, 49.310506949615856 ], [ 7.38401647019068, 49.309952446204541 ], [ 7.382786082312463, 49.307969807303103 ], [ 7.380675017087596, 49.306736213383694 ], [ 7.381307359838209, 49.303745274369426 ], [ 7.379421690756486, 49.301744266651639 ], [ 7.379984290121629, 49.297601380844682 ], [ 7.382777819154174, 49.294644868226484 ], [ 7.38542714823697, 49.294123918733206 ], [ 7.374717443315019, 49.282905503356346 ], [ 7.371695484460019, 49.28091264813871 ], [ 7.369008412865744, 49.282656435374101 ], [ 7.367011747019365, 49.28308648555614 ], [ 7.36510709792013, 49.281494311016928 ], [ 7.365881016493598, 49.280174337931243 ], [ 7.365326609236853, 49.278124107263096 ], [ 7.35998173778273, 49.279262295600823 ], [ 7.354958646634008, 49.282209904400162 ], [ 7.355821403089419, 49.283718987205077 ], [ 7.350946973938377, 49.282502449433395 ], [ 7.350611150056559, 49.284490875643279 ], [ 7.361429966478003, 49.298181645911242 ], [ 7.310432268083707, 49.349200877348252 ] ] ] } },
{ "type": "Feature", "properties": { "grid": "33561", "population": 33753 }, "geometry": { "type": "Polygon", "coordinates": [ [ [ 7.178181026339638, 49.250990173350232 ], [ 7.180125086894489, 49.250336545173312 ], [ 7.18507048223443, 49.251608027922373 ], [ 7.184241462516035, 49.254861114678036 ], [ 7.184653469146333, 49.257664557151855 ], [ 7.186321182108489, 49.259415619319434 ], [ 7.18778879477397, 49.259081195514533 ], [ 7.196857064253765, 49.264255259683225 ], [ 7.198914686192914, 49.26453193672166 ], [ 7.197310481339433, 49.267068920532047 ], [ 7.199712809112241, 49.269354563058315 ], [ 7.205687656361091, 49.270916670516442 ], [ 7.209539303753111, 49.271137664729068 ], [ 7.211498124365627, 49.270663818362699 ], [ 7.221976675859715, 49.266729348806678 ], [ 7.227892782074822, 49.268549521353876 ], [ 7.229265467666403, 49.269814101176557 ], [ 7.235081936892588, 49.271288921232205 ], [ 7.239448488562505, 49.271519277019252 ], [ 7.241867655242997, 49.269400721540954 ], [ 7.250134228959346, 49.267027160963394 ], [ 7.250061623124493, 49.270552941673742 ], [ 7.253126220513075, 49.273667003046455 ], [ 7.254391108108283, 49.27694490954628 ], [ 7.257801810730329, 49.278610110190549 ], [ 7.26035037467735, 49.278773710709366 ], [ 7.264147043338916, 49.279999410512254 ], [ 7.263001707618288, 49.280686940319072 ], [ 7.267649699825411, 49.282378444578072 ], [ 7.274202969611829, 49.288914610114993 ], [ 7.277078878281827, 49.290365763772989 ], [ 7.281772789679231, 49.294272908784471 ], [ 7.286090857330865, 49.295783152081484 ], [ 7.288622646517671, 49.297863385129027 ], [ 7.290023051529313, 49.297597657346643 ], [ 7.295798933527726, 49.296159457106192 ], [ 7.294525818283215, 49.295249616709405 ], [ 7.297422946662641, 49.294783351218825 ], [ 7.30289545034487, 49.290473152454361 ], [ 7.299352475957339, 49.289111857919828 ], [ 7.299403364065694, 49.288339317479419 ], [ 7.301754580116303, 49.289414244113871 ], [ 7.302946925106617, 49.28825069019355 ], [ 7.302024118715956, 49.287225012425509 ], [ 7.299158209034083, 49.287881473786051 ], [ 7.298101906275074, 49.287428487345252 ], [ 7.298291530091932, 49.286848574287816 ], [ 7.295615165966658, 49.285907902852806 ], [ 7.295246815131569, 49.286887649477897 ], [ 7.293396095451993, 49.286978828640756 ], [ 7.283945610868798, 49.281756675853458 ], [ 7.281699977513394, 49.279531529167805 ], [ 7.281331225699521, 49.277846279798617 ], [ 7.284435224276089, 49.275468186011373 ], [ 7.291280099464991, 49.274970605263093 ], [ 7.297076466441455, 49.273021317859673 ], [ 7.296000145058067, 49.274763220329014 ], [ 7.299534094915353, 49.275215129301337 ], [ 7.303166097516995, 49.274400196633508 ], [ 7.299109082654288, 49.269611786873853 ], [ 7.299534398055635, 49.267354906911287 ], [ 7.298687414260128, 49.265403975299897 ], [ 7.296267819708053, 49.264137475668591 ], [ 7.292593243862395, 49.264563470454618 ], [ 7.291969900544941, 49.264014560292523 ], [ 7.292431845752038, 49.262038134710416 ], [ 7.290149110813027, 49.260968394977496 ], [ 7.290688661898815, 49.260507116728029 ], [ 7.288723944277274, 49.260724061242591 ], [ 7.289931735973213, 49.259301684467552 ], [ 7.294061419362301, 49.258438164964979 ], [ 7.296101055711267, 49.258793520896511 ], [ 7.29974436251406, 49.258411254858785 ], [ 7.303122479628081, 49.259326940982405 ], [ 7.302363118900609, 49.260610715990076 ], [ 7.303453162965765, 49.260975234831108 ], [ 7.303816104070302, 49.263587276967975 ], [ 7.304476402633857, 49.263795145025526 ], [ 7.305274227356925, 49.262773398914071 ], [ 7.30624539095762, 49.263467318856137 ], [ 7.309368210115085, 49.260944214234698 ], [ 7.309849883256936, 49.25930168130435 ], [ 7.310839007511901, 49.259546264955993 ], [ 7.312188989595451, 49.257027588470748 ], [ 7.312131834834983, 49.255135794181477 ], [ 7.315898377842013, 49.251487640461491 ], [ 7.322619841141194, 49.247600155462088 ], [ 7.324553851474626, 49.248141612118964 ], [ 7.327785245266499, 49.254561028597095 ], [ 7.324858105679542, 49.257462983691362 ], [ 7.330002517830764, 49.260445146025639 ], [ 7.330827882590159, 49.259752680041487 ], [ 7.339081262549929, 49.263928278928681 ], [ 7.344019325886295, 49.270441805586366 ], [ 7.344193587600967, 49.273368031868294 ], [ 7.343506139362268, 49.274280314103883 ], [ 7.341287892484468, 49.274110330373958 ], [ 7.335779323572698, 49.276269167652764 ], [ 7.334463174520121, 49.278284882128951 ], [ 7.341547854799218, 49.281464493783268 ], [ 7.346372001778458, 49.281771115299939 ], [ 7.347696894673186, 49.281088279849186 ], [ 7.350946976256878, 49.282502398371712 ], [ 7.36180772983857, 49.218106927220084 ], [ 7.363263549692806, 49.216026430682675 ], [ 7.364739763422712, 49.215328411418056 ], [ 7.364306376233184, 49.214564146183562 ], [ 7.365287736874651, 49.214340427231832 ], [ 7.365608686693562, 49.211577255219233 ], [ 7.36687268570254, 49.210108161790622 ], [ 7.370648721157461, 49.210946321730056 ], [ 7.37992913840215, 49.210448627243146 ], [ 7.388531569788872, 49.214063699805607 ], [ 7.389668629763166, 49.213483030806088 ], [ 7.394246585816791, 49.213024732137306 ], [ 7.395210265835853, 49.213412054809091 ], [ 7.392984404289317, 49.214700319353902 ], [ 7.394614697342986, 49.215204594038113 ], [ 7.398955420673386, 49.21459545065624 ], [ 7.401205865053636, 49.213612137968198 ], [ 7.403038334121285, 49.210089730183519 ], [ 7.396971854849264, 49.210407444685409 ], [ 7.397445412190919, 49.208386657219641 ], [ 7.401014419488614, 49.205037618507653 ], [ 7.405117756071367, 49.206326341766058 ], [ 7.408710663855206, 49.208797808461632 ], [ 7.414173592195843, 49.210691870817449 ], [ 7.419795070265102, 49.212161261033927 ], [ 7.421564847609476, 49.211781166541499 ], [ 7.425180279339208, 49.212814583248075 ], [ 7.427407490690385, 49.214571025984291 ], [ 7.429002088969322, 49.218302017978566 ], [ 7.43597666085086, 49.2174223359713 ], [ 7.43991554263788, 49.218228642828706 ], [ 7.440777893382966, 49.219081101794067 ], [ 7.445369409568045, 49.220361292960412 ], [ 7.447906303456468, 49.219584104134718 ], [ 7.44970984824828, 49.216716253749496 ], [ 7.443539342905874, 49.214117053035508 ], [ 7.443601047767072, 49.212308670993536 ], [ 7.447119338359904, 49.208372284348982 ], [ 7.439294106910547, 49.206331641164759 ], [ 7.439419542273082, 49.204476271666444 ], [ 7.434276100905666, 49.203772640217949 ], [ 7.432931024086987, 49.202587326602938 ], [ 7.431735336490219, 49.198228893470549 ], [ 7.432549016241663, 49.195866977812841 ], [ 7.432040056356074, 49.193072490058015 ], [ 7.433373200780287, 49.190625096943357 ], [ 7.436458076606963, 49.189542503963992 ], [ 7.440049667644129, 49.189640546218094 ], [ 7.441856237437799, 49.190380591084008 ], [ 7.443839528759621, 49.19005352265102 ], [ 7.446794318249293, 49.188157040676444 ], [ 7.446586799460961, 49.185697982046705 ], [ 7.44564661704144, 49.184151013286161 ], [ 7.379294891014828, 49.174862509359038 ], [ 7.365143171604013, 49.171836476983785 ], [ 7.365641386724977, 49.164799377354328 ], [ 7.368864792846965, 49.161800156385304 ], [ 7.366614561285402, 49.160592460304542 ], [ 7.363093924469801, 49.157206793268116 ], [ 7.361379474533557, 49.15341913891038 ], [ 7.363002928310761, 49.145226745302466 ], [ 7.361568508241827, 49.145132405417137 ], [ 7.361482897004945, 49.144545035043457 ], [ 7.362726482292865, 49.143148338727208 ], [ 7.356420982524833, 49.143880834210648 ], [ 7.345351944529545, 49.143228445570919 ], [ 7.34141524353446, 49.145241051835136 ], [ 7.329849702534195, 49.144770489482241 ], [ 7.315472752304346, 49.138456561306235 ], [ 7.312828546809888, 49.13569855752646 ], [ 7.310210269088501, 49.129438801211265 ], [ 7.300479637289244, 49.135697488990068 ], [ 7.303818570318667, 49.147217882162131 ], [ 7.305422407758206, 49.147038931156224 ], [ 7.307518954873739, 49.149160277107157 ], [ 7.303654462752382, 49.154037698563911 ], [ 7.301545379591865, 49.155003468212378 ], [ 7.299420629664624, 49.153511637617378 ], [ 7.290670598205682, 49.156907630034475 ], [ 7.290867091977667, 49.157444811337037 ], [ 7.28275731448223, 49.159264668904726 ], [ 7.283206414520737, 49.160754088472736 ], [ 7.280360264493124, 49.161239584360665 ], [ 7.280325693110995, 49.164838927600059 ], [ 7.275969131919395, 49.163877374799398 ], [ 7.275527454205324, 49.16596260013916 ], [ 7.270645702071673, 49.17222304995439 ], [ 7.264544956647991, 49.170849933616971 ], [ 7.264345911122089, 49.171338724571626 ], [ 7.261221482512447, 49.169835573405756 ], [ 7.259748312221751, 49.170502625554228 ], [ 7.262402618438779, 49.172282667391059 ], [ 7.262459558371588, 49.174706238799004 ], [ 7.265419361065303, 49.175403851111639 ], [ 7.264963949388963, 49.176471219893067 ], [ 7.267579813975748, 49.176987963070125 ], [ 7.270172904684092, 49.179259917460882 ], [ 7.263265650195365, 49.181104018030531 ], [ 7.260777701351792, 49.180726029005143 ], [ 7.257740262038647, 49.179125633356627 ], [ 7.25432875092403, 49.179819214251623 ], [ 7.250029960662218, 49.181855525397822 ], [ 7.252064683921854, 49.184876844500721 ], [ 7.250500663394719, 49.186073892432915 ], [ 7.248074084949349, 49.186624557788647 ], [ 7.246407228126358, 49.183434081492962 ], [ 7.243771491513136, 49.18117869606121 ], [ 7.238773962224405, 49.18196056837278 ], [ 7.235918866876796, 49.179707788035429 ], [ 7.232232486173858, 49.179383922914049 ], [ 7.230027844385355, 49.17645680582028 ], [ 7.22631674615258, 49.178725439976496 ], [ 7.221390845308851, 49.179869019813317 ], [ 7.218884486383508, 49.181983585059029 ], [ 7.213560253593922, 49.184528779410307 ], [ 7.210871737722715, 49.191112792550619 ], [ 7.212346677902072, 49.192840152156904 ], [ 7.20954200529312, 49.194288104626011 ], [ 7.202088718341744, 49.194591412920083 ], [ 7.20312335608771, 49.198943936011823 ], [ 7.200733748347498, 49.204833790507799 ], [ 7.199533630096457, 49.211623447137939 ], [ 7.194296566778349, 49.211442509269141 ], [ 7.193436675066342, 49.209949568267362 ], [ 7.188657889004971, 49.208097827323307 ], [ 7.187961076929335, 49.20727956520733 ], [ 7.180860686974385, 49.210163358249254 ], [ 7.180000490360037, 49.213469466960262 ], [ 7.180226542563656, 49.224740324659749 ], [ 7.184856136742667, 49.231972516851243 ], [ 7.18623090031245, 49.241359475955463 ], [ 7.189874990218033, 49.243136777047688 ], [ 7.190752341223795, 49.24479707386034 ], [ 7.180523426640366, 49.248340185994934 ], [ 7.178181026339638, 49.250990173350232 ] ] ] } }
]
}
