{"type": "FeatureCollection", "features": [{"type": "Feature", "properties": {"id": "33364", "name": "KEW Energieversorgung", "operator": "KEW Neunkirchen", "population": 43057, "area_km2": 53.9, "data": true, "units": 1536, "net_mw": 17.89, "rooftop_mw": 15.96, "ground_mw": 1.93, "rooftop_share": 0.892, "new_mw_12m": 1.46, "growth_share": 0.082, "density_kw_km2": 332.0, "wind_mw": 0.0, "peak_load_mw": 93.2, "hvmv_mva": 214.0, "reinforced": {"transformers": 0, "lines": 0, "lv_grids_doubled": 0}, "lv_grids": 163, "lv_double_share": 0.92, "lv_no_room_share": 0.012, "rooftop_room_mw": 53.33, "firm_mw": 150.0, "firm_all_mw": 223.83, "n1_today_loading": 15.8, "flex_steps": [{"mw": 5, "pro_rata": 0.0, "lifo": [0.0, 0.0, 0.0, 0.0], "hours": 0}, {"mw": 10, "pro_rata": 0.0, "lifo": [0.0, 0.0, 0.0, 0.0], "hours": 0}, {"mw": 20, "pro_rata": 0.0, "lifo": [0.0, 0.0, 0.0, 0.0], "hours": 0}, {"mw": 40, "pro_rata": 0.0, "lifo": [0.0, 0.0, 0.0, 0.0], "hours": 0}, {"mw": 80, "pro_rata": 0.001, "lifo": [0.0, 0.0, 0.0, 0.0039], "hours": 18}, {"mw": 160, "pro_rata": 0.0602, "lifo": [0.0, 0.002, 0.0575, 0.1814], "hours": 407}, {"mw": 320, "pro_rata": 0.2378, "lifo": [0.001, 0.1195, 0.3386, 0.4922], "hours": 1107}], "flex_prorata_mw": 80, "flex_lifo_mw": 80}, "geometry": {"type": "Polygon", "coordinates": [[[7.169009404134521, 49.323672615307224], [7.170801735354697, 49.39369447760756], [7.172621348197948, 49.39021940563591], [7.171017530242559, 49.38744432148976], [7.177708159171839, 49.38469370342383], [7.181134422509955, 49.3884054266635], [7.188826782498706, 49.39047053733479], [7.192363865368562, 49.39319328305576], [7.198738885372927, 49.39237192619636], [7.205542950774654, 49.3937447412782], [7.20816123614574, 49.39196360663084], [7.211139197765082, 49.391112125224446], [7.211174284128891, 49.38902375428366], [7.213421433767737, 49.3912499745926], [7.218339483809464, 49.39158558673035], [7.217934764002565, 49.39247394924157], [7.220894763978853, 49.39498242953013], [7.235964970923233, 49.396527931111265], [7.240592973019385, 49.40292894098431], [7.239602484305533, 49.40491743097261], [7.242959143024646, 49.405878988736845], [7.243466138454328, 49.405335649538905], [7.247384696487432, 49.40654718290153], [7.259513146038159, 49.40308800315179], [7.262686762059786, 49.400838163723336], [7.261600659018703, 49.39955524181774], [7.261671122088991, 49.397081163646035], [7.255231872576751, 49.397435589552735], [7.254625567267757, 49.3955906624359], [7.251219054272021, 49.39190850036801], [7.250964772995056, 49.39098283201903], [7.252817806822824, 49.3898927953107], [7.249228242837629, 49.38875289003681], [7.250674205749113, 49.385697937726356], [7.242714556438892, 49.384495390859044], [7.239049861177937, 49.38281362702115], [7.236878560414895, 49.37965303943772], [7.221017580491075, 49.36937730392811], [7.219849082118195, 49.3669027874543], [7.219778694749539, 49.36410118910371], [7.222449717132505, 49.36354800528222], [7.222153754282134, 49.36142346575287], [7.22515754703965, 49.36002537758075], [7.226457318226493, 49.36078328531211], [7.233005296955104, 49.36198883313305], [7.235882244175717, 49.36119336726146], [7.237415167498852, 49.3603696182643], [7.240670103206289, 49.35541705875667], [7.242391690654522, 49.35167427292181], [7.242557866038456, 49.34858746203566], [7.240466914596166, 49.34822873133229], [7.237040450634666, 49.34401855688446], [7.23298437825429, 49.34070059740258], [7.238061380874603, 49.33791622075805], [7.237377798429001, 49.33459193863844], [7.240033930500293, 49.334839977635376], [7.23973630854866, 49.332733093895996], [7.2405777177753, 49.3321095004873], [7.241780376397497, 49.3326575114164], [7.243717775576525, 49.33151607726001], [7.2436398315508, 49.33023495357055], [7.250547310901247, 49.32933655901534], [7.251868314734328, 49.327934076823865], [7.254948538425881, 49.32638433018913], [7.25737074851182, 49.32641810198249], [7.258884593654864, 49.32713044330403], [7.260466681485012, 49.32667847625361], [7.262612680173632, 49.32692936855115], [7.26289674930073, 49.32438733773233], [7.264764502431427, 49.324434149907866], [7.265501714975034, 49.32330298007836], [7.266678325983767, 49.323219608966], [7.259491142520694, 49.31786235722221], [7.254676859574626, 49.319398212012], [7.25146145116634, 49.31969243597742], [7.245580183131477, 49.31602879045864], [7.239388222061787, 49.314280491545325], [7.245931111222434, 49.31064543399147], [7.24755504446902, 49.30842338657278], [7.247562309644305, 49.3072981022247], [7.240482452325835, 49.303671420198036], [7.229248890693939, 49.2995902617254], [7.188972800484493, 49.28944225535798], [7.182892188958821, 49.287300579477986], [7.179653311848051, 49.29176701833782], [7.188289632504802, 49.296553714329505], [7.184467275007007, 49.301474323939864], [7.188518710131734, 49.30641118507936], [7.186270529405945, 49.30727235256933], [7.183398774624881, 49.30957381590896], [7.184425493599491, 49.31145902764437], [7.186919023006221, 49.31244210988029], [7.186207677100036, 49.31437466391637], [7.181632915229489, 49.318589253193714], [7.175864522189758, 49.32173239602337], [7.174460963497894, 49.32389681885457], [7.169009404134521, 49.323672615307224]]]}}, {"type": "Feature", "properties": {"id": "33025", "name": "UA Rohrbach", "operator": "", "population": 15173, "area_km2": 29.2, "data": true, "units": 903, "net_mw": 11.96, "rooftop_mw": 11.96, "ground_mw": 0.0, "rooftop_share": 1.0, "new_mw_12m": 1.12, "growth_share": 0.093, "density_kw_km2": 409.7, "wind_mw": 0.0, "peak_load_mw": 36.13, "hvmv_mva": 126.0, "reinforced": {"transformers": 0, "lines": 5, "lv_grids_doubled": 1}, "lv_grids": 70, "lv_double_share": 0.9, "lv_no_room_share": 0.0, "rooftop_room_mw": 18.55, "firm_mw": 66.21, "firm_all_mw": 139.45, "n1_today_loading": 10.4, "flex_steps": [{"mw": 5, "pro_rata": 0.0, "lifo": [0.0, 0.0, 0.0, 0.0], "hours": 0}, {"mw": 10, "pro_rata": 0.0, "lifo": [0.0, 0.0, 0.0, 0.0], "hours": 0}, {"mw": 20, "pro_rata": 0.0, "lifo": [0.0, 0.0, 0.0, 0.0], "hours": 0}, {"mw": 40, "pro_rata": 0.0057, "lifo": [0.0, 0.0, 0.0008, 0.0221], "hours": 76}, {"mw": 80, "pro_rata": 0.0963, "lifo": [0.0, 0.0114, 0.1191, 0.2548], "hours": 559}, {"mw": 160, "pro_rata": 0.2881, "lifo": [0.0057, 0.187, 0.4102, 0.5497], "hours": 1244}, {"mw": 320, "pro_rata": 0.5028, "lifo": [0.0963, 0.4799, 0.6658, 0.7689], "hours": 2052}], "flex_prorata_mw": 40, "flex_lifo_mw": 40}, "geometry": {"type": "Polygon", "coordinates": [[[7.099525014043486, 49.302800667132615], [7.100444999864693, 49.30339468333074], [7.102579728299876, 49.30328791978572], [7.102636624117667, 49.3041626057976], [7.106050151068001, 49.304382863188465], [7.111593221045296, 49.30603592870955], [7.117021513051626, 49.30952225034154], [7.121203596809234, 49.30782047321983], [7.122501549619032, 49.30934490219432], [7.14033755517682, 49.30105500465812], [7.155796984712045, 49.300912812753], [7.158135676358034, 49.29954090167721], [7.158691887277645, 49.29771315155509], [7.161668883149065, 49.297727599969775], [7.161822597391341, 49.29618344206289], [7.165182380878832, 49.29801317683585], [7.166441860183489, 49.3003016994774], [7.170345957531646, 49.30238049623935], [7.171710444407429, 49.30395160333121], [7.17814794603885, 49.303655870283755], [7.182848475752316, 49.304181937411755], [7.187410171659506, 49.30552306198508], [7.184467294199227, 49.30147418977048], [7.188290041296614, 49.296553595521175], [7.179653711836141, 49.29176649935975], [7.190370730244127, 49.27832785503185], [7.192818568391287, 49.279164528795064], [7.193960410008441, 49.27737028048489], [7.18961777533224, 49.27608075841056], [7.187476809720386, 49.27300149889867], [7.189010047605345, 49.27151565847385], [7.18719078996067, 49.26316909011727], [7.188132989377756, 49.25967621662013], [7.187788793301577, 49.259080789334845], [7.186320994657555, 49.259415297863136], [7.18465351221295, 49.257664601028495], [7.184241482265842, 49.25486111596368], [7.185070918131043, 49.25160806316959], [7.180124331841415, 49.25033633759958], [7.179594505191608, 49.25083393011308], [7.17710898090342, 49.25097644828477], [7.166677478988856, 49.24951039369158], [7.167258342572809, 49.24743384271205], [7.164027302406792, 49.244843627289605], [7.16715830140225, 49.24173113208764], [7.159727184089514, 49.240411614283616], [7.156595941322119, 49.238769673932936], [7.154917064825659, 49.24115988697815], [7.154307877396501, 49.24397583707767], [7.151740063652166, 49.24037171858694], [7.147663979772421, 49.23867428323705], [7.143722397408763, 49.23840335711054], [7.140400728957644, 49.236935314898204], [7.138576812152883, 49.239221906657676], [7.132779880685933, 49.24048299083449], [7.123153131996446, 49.29532641115457], [7.099525014043486, 49.302800667132615]]]}}, {"type": "Feature", "properties": {"id": "35446", "name": "Area Bous (35446)", "operator": "", "population": 585, "area_km2": 4.0, "data": true, "units": 10, "net_mw": 0.27, "rooftop_mw": 0.27, "ground_mw": 0.0, "rooftop_share": 1.0, "new_mw_12m": 0.0, "growth_share": 0.018, "density_kw_km2": 66.5, "wind_mw": 9.0, "peak_load_mw": 0.64, "hvmv_mva": 50.0, "reinforced": {"transformers": 0, "lines": 0, "lv_grids_doubled": 0}, "lv_grids": 5, "lv_double_share": 1.0, "lv_no_room_share": 0.0, "rooftop_room_mw": 0.56, "firm_mw": 18.6, "firm_all_mw": 47.75, "n1_today_loading": 36.4, "flex_steps": [{"mw": 5, "pro_rata": 0.0, "lifo": [0.0, 0.0, 0.0, 0.0], "hours": 0}, {"mw": 10, "pro_rata": 0.0004, "lifo": [0.0, 0.0, 0.0002, 0.0014], "hours": 3}, {"mw": 20, "pro_rata": 0.0381, "lifo": [0.0, 0.0008, 0.0194, 0.1321], "hours": 331}, {"mw": 40, "pro_rata": 0.2182, "lifo": [0.0004, 0.0758, 0.3155, 0.4812], "hours": 1108}, {"mw": 80, "pro_rata": 0.4511, "lifo": [0.0381, 0.3984, 0.6265, 0.7415], "hours": 1959}, {"mw": 160, "pro_rata": 0.6586, "lifo": [0.2182, 0.684, 0.8342, 0.898], "hours": 2788}, {"mw": 320, "pro_rata": 0.8042, "lifo": [0.4511, 0.8661, 0.9377, 0.9618], "hours": 3375}], "flex_prorata_mw": 10, "flex_lifo_mw": 10}, "geometry": {"type": "Polygon", "coordinates": [[[6.811426488544402, 49.2847141734089], [6.81375838650338, 49.286139122684276], [6.817018095687389, 49.28618302068957], [6.818358044263932, 49.285587726818555], [6.820776275830981, 49.28690963519197], [6.822559623807275, 49.28699506213244], [6.821931724521934, 49.2853082465791], [6.825105168757137, 49.28341288410036], [6.830097409793199, 49.28330581106306], [6.838594078207236, 49.28399745315058], [6.843443280844208, 49.285947682718266], [6.846010332405039, 49.284779350586106], [6.847151307251504, 49.28208768765671], [6.851067377123596, 49.2818186191037], [6.85355367007917, 49.28279998154619], [6.856947589867991, 49.28579211373394], [6.857233870845882, 49.283468790126776], [6.858674746953707, 49.28189438701066], [6.856312494434229, 49.28145737859709], [6.855223281263563, 49.27966586643484], [6.856276307242857, 49.2784842717804], [6.856325253887611, 49.27638743487803], [6.858181552520508, 49.27532184208483], [6.855672380317764, 49.27210626617808], [6.849969408544892, 49.27253342820817], [6.845996908435691, 49.27191789211572], [6.837717191854959, 49.27364746407463], [6.828324749626938, 49.27479081407167], [6.825113477015662, 49.27466774190644], [6.81978024135686, 49.269710656625165], [6.81712379505623, 49.26990579196561], [6.811426488544402, 49.2847141734089]]]}}, {"type": "Feature", "properties": {"id": "32816", "name": "Umspannanlage Ensdorf", "operator": "Amprion", "population": 23918, "area_km2": 35.7, "data": true, "units": 1508, "net_mw": 21.79, "rooftop_mw": 15.32, "ground_mw": 6.47, "rooftop_share": 0.703, "new_mw_12m": 1.33, "growth_share": 0.061, "density_kw_km2": 610.5, "wind_mw": 12.0, "peak_load_mw": 41.7, "hvmv_mva": 126.0, "reinforced": {"transformers": 0, "lines": 4, "lv_grids_doubled": 1}, "lv_grids": 90, "lv_double_share": 0.878, "lv_no_room_share": 0.022, "rooftop_room_mw": 25.78, "firm_mw": 42.48, "firm_all_mw": 116.02, "n1_today_loading": 42.8, "flex_steps": [{"mw": 5, "pro_rata": 0.0, "lifo": [0.0, 0.0, 0.0, 0.0], "hours": 0}, {"mw": 10, "pro_rata": 0.0, "lifo": [0.0, 0.0, 0.0, 0.0], "hours": 0}, {"mw": 20, "pro_rata": 0.0, "lifo": [0.0, 0.0, 0.0, 0.0], "hours": 0}, {"mw": 40, "pro_rata": 0.0, "lifo": [0.0, 0.0, 0.0, 0.0], "hours": 0}, {"mw": 80, "pro_rata": 0.0381, "lifo": [0.0, 0.0, 0.0184, 0.134], "hours": 347}, {"mw": 160, "pro_rata": 0.2207, "lifo": [0.0, 0.0762, 0.3174, 0.4893], "hours": 1119}, {"mw": 320, "pro_rata": 0.4542, "lifo": [0.0381, 0.4034, 0.6302, 0.7451], "hours": 1970}], "flex_prorata_mw": 40, "flex_lifo_mw": 40}, "geometry": {"type": "Polygon", "coordinates": [[[6.765158584726804, 49.3027543263071], [6.772159405396875, 49.31459673777968], [6.772750239407951, 49.31710226566999], [6.771749406737257, 49.31987920681656], [6.776517423455582, 49.32075780262077], [6.780069883142114, 49.3195254124719], [6.778993272920933, 49.32223586781778], [6.796560388021187, 49.320816644625076], [6.798911844572662, 49.32139816264772], [6.795823019150713, 49.32859217493259], [6.804254869660707, 49.32860863831919], [6.805189214653887, 49.33080085616212], [6.810153935617429, 49.332368976657705], [6.814792536138382, 49.327775982332504], [6.815618811706741, 49.333529949126664], [6.825863896891018, 49.333099716729706], [6.828655455568255, 49.334082543810126], [6.832576186953395, 49.33399436327346], [6.838667570172082, 49.33327423855806], [6.842206353129319, 49.332047487261846], [6.841436925881374, 49.330392352080246], [6.843065902868677, 49.329131917125], [6.845740502078622, 49.329890439451745], [6.847759335154788, 49.32082590939106], [6.849352037383531, 49.318051090691874], [6.85466203825009, 49.31664589098854], [6.856771543025499, 49.31699343564544], [6.873048373973579, 49.32566154849145], [6.882912170552665, 49.31654084999844], [6.875588401782745, 49.31081074966853], [6.875233809937961, 49.308575012574245], [6.87960463020492, 49.3032688206915], [6.880447921985218, 49.30096965355422], [6.878950263515778, 49.29892583339529], [6.875343260442062, 49.298545664867035], [6.873034137627857, 49.297210383921396], [6.869802798041714, 49.29313418060331], [6.867713796291502, 49.29180575414434], [6.866910168293654, 49.29423843068993], [6.862737297112822, 49.29625559290507], [6.85971865304148, 49.29466361110671], [6.862944232629716, 49.291876580314415], [6.866901460767695, 49.290347446528386], [6.864979777349286, 49.28753841019789], [6.862018673810311, 49.28809978159013], [6.860611558866264, 49.28649632437121], [6.856535129506879, 49.28706608310103], [6.856947550747927, 49.28579208532572], [6.853553683505714, 49.2827999718766], [6.851067537943581, 49.281818592175426], [6.847151126076411, 49.28208754762642], [6.846010266090114, 49.28477931980795], [6.843443536278994, 49.28594749055345], [6.838594015807799, 49.283997427437804], [6.82510541098121, 49.283412755427285], [6.821931469129045, 49.2853082958955], [6.822558898275776, 49.286994660297566], [6.820776714590132, 49.28690966094064], [6.818357934705913, 49.28558749632208], [6.817017941081729, 49.28618300427706], [6.81375839255611, 49.28613910647198], [6.809035367670386, 49.284353834806325], [6.798019594121682, 49.283692307645396], [6.79212637152696, 49.28453094617739], [6.786975016823102, 49.287076049803], [6.78333663277221, 49.28603055297672], [6.780710936752988, 49.28445689687287], [6.78048252083946, 49.279169603815106], [6.778528878876883, 49.27808711533636], [6.774651549974742, 49.277670333047546], [6.76919837401235, 49.282659154914], [6.765505548821285, 49.28724767228568], [6.764879243135339, 49.289681371897174], [6.765158584726804, 49.3027543263071]]]}}, {"type": "Feature", "properties": {"id": "32727", "name": "Umspannanlage Schmelz", "operator": "VSE", "population": 16500, "area_km2": 58.1, "data": true, "units": 1125, "net_mw": 12.71, "rooftop_mw": 12.7, "ground_mw": 0.01, "rooftop_share": 0.999, "new_mw_12m": 1.01, "growth_share": 0.079, "density_kw_km2": 218.8, "wind_mw": 18.56, "peak_load_mw": 32.44, "hvmv_mva": 126.0, "reinforced": {"transformers": 0, "lines": 4, "lv_grids_doubled": 3}, "lv_grids": 61, "lv_double_share": 0.885, "lv_no_room_share": 0.016, "rooftop_room_mw": 16.18, "firm_mw": 44.53, "firm_all_mw": 118.36, "n1_today_loading": 39.7, "flex_steps": [{"mw": 5, "pro_rata": 0.0, "lifo": [0.0, 0.0, 0.0, 0.0], "hours": 0}, {"mw": 10, "pro_rata": 0.0, "lifo": [0.0, 0.0, 0.0, 0.0], "hours": 0}, {"mw": 20, "pro_rata": 0.0, "lifo": [0.0, 0.0, 0.0, 0.0], "hours": 0}, {"mw": 40, "pro_rata": 0.0, "lifo": [0.0, 0.0, 0.0, 0.0], "hours": 0}, {"mw": 80, "pro_rata": 0.0405, "lifo": [0.0, 0.0, 0.0184, 0.1436], "hours": 365}, {"mw": 160, "pro_rata": 0.2324, "lifo": [0.0, 0.081, 0.3372, 0.5114], "hours": 1185}, {"mw": 320, "pro_rata": 0.4701, "lifo": [0.0405, 0.4243, 0.6511, 0.7644], "hours": 2048}], "flex_prorata_mw": 40, "flex_lifo_mw": 40}, "geometry": {"type": "Polygon", "coordinates": [[[6.786096007438042, 49.43671603190305], [6.789601312919962, 49.43675065193551], [6.79070606226204, 49.43907468071488], [6.793021309498884, 49.43932247084684], [6.793488481088557, 49.44203054161532], [6.797067445068739, 49.44254491397017], [6.795127703481655, 49.44476860233626], [6.795638790825018, 49.447091243925534], [6.79761700152283, 49.449200888884135], [6.801902484472752, 49.45023325571709], [6.80226968011342, 49.45102890620953], [6.800933716308309, 49.45347997757631], [6.796556123305179, 49.45434517385274], [6.798786070068532, 49.457128915615314], [6.796875262775349, 49.45754421660507], [6.79798746002143, 49.45995861511767], [6.801277856333772, 49.46226455742882], [6.805739285092779, 49.469814709900575], [6.807120818080554, 49.4710758989281], [6.811623617731541, 49.473087781788216], [6.813567008836427, 49.47298021910469], [6.8132358498545, 49.472626595962794], [6.821077043934893, 49.4689653997045], [6.827122955542101, 49.470864772956425], [6.829633963040253, 49.47236048973158], [6.829998842657182, 49.473372198038355], [6.835876265755031, 49.47459006937274], [6.836679321055365, 49.475480938416915], [6.839200805280061, 49.474680231121454], [6.8413044921163, 49.475000633371344], [6.841311073227366, 49.47655005275179], [6.851971824640276, 49.48139885972906], [6.853444310439441, 49.48294173582879], [6.85720113781464, 49.482441684409345], [6.861514872078332, 49.48079760987999], [6.870851412684099, 49.48035990480084], [6.873296301132174, 49.47929486254363], [6.874977678256203, 49.47971798674131], [6.882213322090364, 49.48457989829356], [6.885186093255319, 49.48585514696596], [6.886646451026952, 49.4873880402254], [6.892604987471636, 49.49032584620125], [6.897548227993893, 49.4918798288616], [6.900707029725737, 49.494187348363376], [6.903358222083119, 49.495154525358025], [6.910181844218226, 49.501703646651656], [6.9164941928811, 49.498112552193874], [6.918914021750176, 49.49256947794668], [6.924405444054927, 49.491286948329105], [6.926301478417551, 49.48958507944024], [6.926210841451669, 49.48836050586152], [6.921286059458019, 49.486736257199794], [6.920108062358334, 49.48381678875519], [6.914974248596677, 49.48332939042456], [6.910800409671175, 49.48074663933741], [6.912064327961436, 49.4801026168079], [6.912453509053373, 49.478720379481985], [6.91495299305862, 49.47806114035066], [6.916573468183756, 49.4754675495879], [6.922407321972444, 49.47243860619943], [6.923519019553188, 49.469304741148], [6.925061533595001, 49.468753266659625], [6.932432602365455, 49.472588993052916], [6.934045932876936, 49.47264002159421], [6.935874165606932, 49.471472990693016], [6.934256702660711, 49.468702493823095], [6.936244781845203, 49.468350473039166], [6.9353007628488, 49.46636624318163], [6.931508709306279, 49.465886011697485], [6.927764415736817, 49.4668116900943], [6.927552916844372, 49.465193313998974], [6.922735269721752, 49.46494137567579], [6.918896792730143, 49.46138811630598], [6.916131500079393, 49.46343465043996], [6.914445969440052, 49.463104472731295], [6.914719376291314, 49.46237449661777], [6.911926211763523, 49.4606175355299], [6.910495571611527, 49.46116769500144], [6.905720958006039, 49.46075258304977], [6.907127953334372, 49.46428289252981], [6.906246054566298, 49.46608288313753], [6.902337832050497, 49.46495883244571], [6.902300745551861, 49.46397590498733], [6.900060680047334, 49.463022247906736], [6.897118903782951, 49.4603308057238], [6.896109832071353, 49.46110876382302], [6.89744128174779, 49.4624334237674], [6.89582774808012, 49.462769388979844], [6.896797978067228, 49.463827057933344], [6.895548778211087, 49.46464249755591], [6.893441235434092, 49.461981533689794], [6.888249593962519, 49.46046430559328], [6.886340328724767, 49.46179985400798], [6.88222443947458, 49.46245003558708], [6.879455475270543, 49.46419916307502], [6.878742013447132, 49.46795884814625], [6.875190173075327, 49.467421529439086], [6.871364610254624, 49.464839811019814], [6.871595469414394, 49.46289266723149], [6.879913435051322, 49.462593114220674], [6.882471564284062, 49.46050242087136], [6.880146943493315, 49.4554219267063], [6.88265543856801, 49.4540342528684], [6.88356540277207, 49.45259537369158], [6.879314382196871, 49.45090017055946], [6.881968892739237, 49.44666278435215], [6.885226272452295, 49.44486690753664], [6.886135264666684, 49.44123977232429], [6.888265614294773, 49.44083033124928], [6.889557467643193, 49.43780049234687], [6.886120280335566, 49.43741988937901], [6.887253451244093, 49.435183673043525], [6.882369780497505, 49.4323911139128], [6.872980258375597, 49.43274662276767], [6.869949582300736, 49.43065010323158], [6.873410759304241, 49.428878652794175], [6.872682767419845, 49.42518051093135], [6.874783340575976, 49.423329712888034], [6.86476705050869, 49.4188638886566], [6.864258091942747, 49.415560102953705], [6.866133671855452, 49.413945221035064], [6.865570109498865, 49.41136969606133], [6.867497554940925, 49.411431335919694], [6.868416477629609, 49.4078440028823], [6.865754375551356, 49.40675412085932], [6.866776753498685, 49.405355995076626], [6.871048573249824, 49.40413021276288], [6.871106955102461, 49.402865885702326], [6.868326754848898, 49.4028566125511], [6.867284494273363, 49.40131003163218], [6.865224056210558, 49.40318735217026], [6.861387385271458, 49.40227236153329], [6.857759565619552, 49.39643592219988], [6.855250136260647, 49.39531889949992], [6.850267836876944, 49.393878514097615], [6.848342231103143, 49.394338406915864], [6.845890649091871, 49.39393481647314], [6.846358171643695, 49.392670868762686], [6.842890913526953, 49.39254025236445], [6.842992460470073, 49.39302866161272], [6.845072299063116, 49.39306172194224], [6.84497617484061, 49.39414723589064], [6.843325646742627, 49.39389638085198], [6.841086315162231, 49.39791265944372], [6.833233225067651, 49.397576059027486], [6.821879405225705, 49.393856887412156], [6.819046710778315, 49.39424572050779], [6.817201919321496, 49.399853871455406], [6.820161481034743, 49.402779615218115], [6.81485587808073, 49.404628053177824], [6.80574292291637, 49.4106560905113], [6.804996158543623, 49.41289876918118], [6.795547801651166, 49.417364670006215], [6.794932329747891, 49.42032577164176], [6.796511844308008, 49.42718438991057], [6.795153382913993, 49.428688925056846], [6.795073054539903, 49.43261590741207], [6.793467743267473, 49.43390546695345], [6.786096007438042, 49.43671603190305]]]}}, {"type": "Feature", "properties": {"id": "32485", "name": "Area Schiffweiler", "operator": "", "population": 16005, "area_km2": 21.5, "data": true, "units": 860, "net_mw": 12.88, "rooftop_mw": 6.86, "ground_mw": 6.02, "rooftop_share": 0.533, "new_mw_12m": 0.74, "growth_share": 0.057, "density_kw_km2": 599.1, "wind_mw": 8.0, "peak_load_mw": 20.88, "hvmv_mva": 80.0, "reinforced": {"transformers": 0, "lines": 1, "lv_grids_doubled": 0}, "lv_grids": 49, "lv_double_share": 0.878, "lv_no_room_share": 0.02, "rooftop_room_mw": 18.39, "firm_mw": 27.54, "firm_all_mw": 74.41, "n1_today_loading": 41.2, "flex_steps": [{"mw": 5, "pro_rata": 0.0, "lifo": [0.0, 0.0, 0.0, 0.0], "hours": 0}, {"mw": 10, "pro_rata": 0.0, "lifo": [0.0, 0.0, 0.0, 0.0], "hours": 0}, {"mw": 20, "pro_rata": 0.0, "lifo": [0.0, 0.0, 0.0, 0.0], "hours": 0}, {"mw": 40, "pro_rata": 0.0185, "lifo": [0.0, 0.0, 0.0042, 0.0697], "hours": 197}, {"mw": 80, "pro_rata": 0.1725, "lifo": [0.0, 0.0369, 0.2395, 0.4137], "hours": 926}, {"mw": 160, "pro_rata": 0.4014, "lifo": [0.0185, 0.3266, 0.5696, 0.691], "hours": 1740}, {"mw": 320, "pro_rata": 0.6179, "lifo": [0.1725, 0.6303, 0.7959, 0.8728], "hours": 2621}], "flex_prorata_mw": 40, "flex_lifo_mw": 20}, "geometry": {"type": "Polygon", "coordinates": [[[7.079228919489715, 49.35479964268193], [7.084903804916904, 49.35660180505026], [7.084395771536777, 49.35793737506578], [7.08770363961143, 49.35892044101209], [7.089067450153597, 49.360883640856976], [7.089233729067683, 49.36280291207523], [7.095352056001128, 49.36595990834478], [7.1021515465867, 49.366886296529806], [7.100446838404531, 49.36800505322918], [7.099309461617309, 49.37218508863857], [7.100971359383131, 49.37519791180779], [7.098554810172912, 49.37777249629848], [7.100304228532972, 49.378186427998074], [7.097438343604438, 49.38340290182041], [7.095086780507362, 49.385636933668906], [7.08909790849607, 49.38527579592108], [7.090079580713807, 49.389568766949864], [7.096265299398359, 49.390158948628496], [7.095744568791988, 49.39063081696359], [7.097097156839143, 49.391159008487584], [7.099067860917772, 49.39094994246096], [7.099421163862901, 49.39220699220231], [7.101620625440667, 49.39307680785815], [7.106527629173687, 49.39276383285483], [7.107955178013398, 49.396579838940305], [7.112486796204091, 49.395518638309525], [7.120000581591287, 49.396572913498254], [7.124323293597397, 49.39651351745832], [7.134280593655932, 49.393821968024696], [7.138506360381873, 49.38923859659268], [7.152036501876174, 49.38591382550656], [7.149062980830226, 49.381484968998876], [7.148380095762522, 49.36955988093864], [7.142146297658058, 49.3685722206644], [7.141685221321843, 49.362354745317475], [7.139573320766163, 49.361059714408604], [7.142101043830557, 49.35828746533936], [7.140363590992203, 49.35754028314329], [7.141166813713784, 49.35642651758819], [7.139177089849215, 49.353085903903946], [7.136766513358727, 49.35069953039596], [7.125756238593122, 49.34457971186701], [7.124509548559234, 49.342903300681385], [7.124518347752552, 49.341507879526105], [7.120760757566522, 49.34168375096183], [7.119202473796162, 49.34112520704477], [7.118801624803972, 49.33970072288208], [7.121735437997655, 49.3380695315081], [7.114241075694648, 49.33627313875971], [7.110730032215802, 49.337013824347764], [7.109758037195847, 49.33866852005529], [7.103076880808797, 49.33904305735301], [7.102006979873486, 49.3377951340949], [7.100936069727038, 49.337933860820264], [7.099195567615805, 49.33915994468198], [7.100638988644757, 49.34017598496809], [7.099841098181524, 49.340746147755205], [7.097198432196348, 49.3408913404576], [7.093693733444929, 49.33901142723625], [7.086949488417788, 49.34490334527979], [7.086528392832054, 49.346754664648664], [7.087942398549086, 49.347410285747806], [7.085836440199962, 49.34989448609662], [7.083791535309038, 49.35209262776039], [7.080769316818584, 49.35272125774853], [7.079228919489715, 49.35479964268193]]]}}, {"type": "Feature", "properties": {"id": "33737", "name": "UA Alsweiler", "operator": "", "population": 22999, "area_km2": 96.7, "data": true, "units": 1550, "net_mw": 38.95, "rooftop_mw": 14.85, "ground_mw": 24.1, "rooftop_share": 0.381, "new_mw_12m": 3.32, "growth_share": 0.085, "density_kw_km2": 402.8, "wind_mw": 16.9, "peak_load_mw": 26.49, "hvmv_mva": 80.0, "reinforced": {"transformers": 1, "lines": 12, "lv_grids_doubled": 2}, "lv_grids": 80, "lv_double_share": 0.85, "lv_no_room_share": 0.013, "rooftop_room_mw": 23.1, "firm_mw": 0.0, "firm_all_mw": 39.26, "n1_today_loading": 116.9, "flex_steps": [{"mw": 5, "pro_rata": 0.0, "lifo": [0.0, 0.0, 0.0, 0.0], "hours": 0}, {"mw": 10, "pro_rata": 0.0, "lifo": [0.0, 0.0, 0.0, 0.0], "hours": 0}, {"mw": 20, "pro_rata": 0.0, "lifo": [0.0, 0.0, 0.0, 0.0], "hours": 0}, {"mw": 40, "pro_rata": 0.0069, "lifo": [0.0, 0.0, 0.0008, 0.0266], "hours": 103}, {"mw": 80, "pro_rata": 0.1384, "lifo": [0.0, 0.0137, 0.1767, 0.3633], "hours": 820}, {"mw": 160, "pro_rata": 0.3701, "lifo": [0.0069, 0.27, 0.5371, 0.6663], "hours": 1669}, {"mw": 320, "pro_rata": 0.5952, "lifo": [0.1384, 0.6017, 0.7791, 0.8617], "hours": 2555}], "flex_prorata_mw": 40, "flex_lifo_mw": 40}, "geometry": {"type": "Polygon", "coordinates": [[[6.910799604205342, 49.48074687080835], [6.914974343064218, 49.483329458481826], [6.920108137017795, 49.48381685389125], [6.921286083755335, 49.48673630578149], [6.926210852604657, 49.488360962581304], [6.926301392135271, 49.489585118200324], [6.924405515507966, 49.491286861257066], [6.918914131049054, 49.49256929471641], [6.916494170202082, 49.49811254156254], [6.910181852187755, 49.50170365261425], [6.918135739745217, 49.507736169480445], [6.919257530409659, 49.507860960803356], [6.923072917838621, 49.50381216863651], [6.925230881857757, 49.504853764991786], [6.928655726314113, 49.503569646963456], [6.928857373896609, 49.5047731832432], [6.930396315583708, 49.506019753450346], [6.931419090379658, 49.505295743281906], [6.93586290543309, 49.5065166138019], [6.935830625344369, 49.50770465800824], [6.938082399773413, 49.508147037764125], [6.938470561140333, 49.50737378019411], [6.946884894969585, 49.51119657182783], [6.955454728162479, 49.51183536652966], [6.956883494359138, 49.510974774589165], [6.959757609423044, 49.5107075431938], [6.961325347890315, 49.509327247965174], [6.962607653813184, 49.51027268137804], [6.967572424794913, 49.51142907495101], [6.969115150350509, 49.51247079606287], [6.971706084511185, 49.51046222480103], [6.977019243438205, 49.51031315454682], [6.977629643063938, 49.51180024756547], [6.979618323151715, 49.511352791611905], [6.9828272404405, 49.51183624131672], [6.984818987969569, 49.51334836028109], [6.985757641045172, 49.512810287330666], [6.987518412596714, 49.51293712534761], [6.988320152920856, 49.51426793625467], [6.990374877460815, 49.515295504123024], [6.992654678393188, 49.51514162259228], [6.993402270557361, 49.51758715627226], [6.996763129967359, 49.51929461904316], [6.999701712585867, 49.51921478263775], [7.002038975612219, 49.52073716005129], [7.006919922863753, 49.52114952914177], [7.010013752387295, 49.5221700540343], [7.014445548684233, 49.52414186060521], [7.01561910661301, 49.52553120278713], [7.01706756238401, 49.524093132218646], [7.021818291899228, 49.52534715063394], [7.023379804202719, 49.524608348759045], [7.025979231492993, 49.52661816123891], [7.025898700550195, 49.524709235750365], [7.026953846938242, 49.524289229752156], [7.028168386095608, 49.524588011405754], [7.028466704144291, 49.523534371602416], [7.034939305682427, 49.52201351778995], [7.036011719192645, 49.5238383360763], [7.048528819910041, 49.52369044510661], [7.048200893578698, 49.52037517358155], [7.049346194692998, 49.518113773717765], [7.051380021735214, 49.516572888945646], [7.049901313710191, 49.51522184300703], [7.05505362379462, 49.51365724060348], [7.055090725427548, 49.51263377470905], [7.053485012430909, 49.512583785603724], [7.056202687818784, 49.50887906346758], [7.054747942267294, 49.50773856926737], [7.0532160522745, 49.507604527303364], [7.054133674211419, 49.50465250117927], [7.05988476770182, 49.50296292281505], [7.058681639378507, 49.50137742377007], [7.056465720902722, 49.50014190341066], [7.057013151306858, 49.49846319198639], [7.060098223750148, 49.49805286115545], [7.058119280904323, 49.49596620736423], [7.060343157971869, 49.49425146815533], [7.066555318997472, 49.49611508760782], [7.06563900721485, 49.49752823740231], [7.075076324768895, 49.503605808093994], [7.078051990575825, 49.502021333478794], [7.080932510665009, 49.503662302647975], [7.082211393860069, 49.50148068816501], [7.076084844121095, 49.49885274158754], [7.071325431268122, 49.497863317056975], [7.0682164529531, 49.49784073799222], [7.067721960312205, 49.496826051385995], [7.068710489085967, 49.4948028633422], [7.071712184877481, 49.49316024720701], [7.077769124518683, 49.49136271846177], [7.08298986865382, 49.48648692870829], [7.086238313168773, 49.48224959382457], [7.088999755346143, 49.480739154868225], [7.08646866205616, 49.47882524615089], [7.086397155425966, 49.4710965503448], [7.087713212278922, 49.471097508250935], [7.087296005948113, 49.46741326762409], [7.091510820242147, 49.46076672729257], [7.093031484532482, 49.4600225397249], [7.096985368594551, 49.46192480303575], [7.09797592348482, 49.46101814973315], [7.10454544789574, 49.46110814469459], [7.105560994794041, 49.45906773855518], [7.109835835066977, 49.45995258654562], [7.111964103976559, 49.458575722823895], [7.11012457302909, 49.45841191651905], [7.110144112186112, 49.45637772885265], [7.103035908071078, 49.456289743853546], [7.098329175819157, 49.45350926880477], [7.096806597186182, 49.453364103085235], [7.096838360410875, 49.45174422948907], [7.095096792667736, 49.45215077135153], [7.094266204698434, 49.45169634489826], [7.093516247849005, 49.44744250038936], [7.094350641450185, 49.44146310290667], [7.096203555580818, 49.4380119184444], [7.100010165956061, 49.43663882334495], [7.101985718949755, 49.434697937304165], [7.102535626379745, 49.43271312731897], [7.100303607736377, 49.43245452698282], [7.101176151130242, 49.42000519835174], [7.099016105736119, 49.42126377210905], [7.094087436303465, 49.421853029606375], [7.091599625919365, 49.41937348438618], [7.091899862096886, 49.41515016888644], [7.088771367126932, 49.41430798942514], [7.086622009433552, 49.41270296503141], [7.08392612904352, 49.41277411797036], [7.083870057123567, 49.411421803789835], [7.081470616795805, 49.41061957026712], [7.069777781490829, 49.41174063527284], [7.060345318151949, 49.40920178271893], [7.056868606466978, 49.41206734790836], [7.056625627673363, 49.415832979729004], [7.054659394308976, 49.4163044316871], [7.051277779932762, 49.42130513314799], [7.048935446761827, 49.423144535010834], [7.047461268597605, 49.42654817655551], [7.044358859932266, 49.425922031581194], [7.041081196061579, 49.42428158939975], [7.040967671650033, 49.422215702513476], [7.038495313129187, 49.42318434388029], [7.032409776028624, 49.422195723082005], [7.029464470980284, 49.42283445959394], [7.029379441337918, 49.42361541056716], [7.024298917765752, 49.42400803011678], [7.02237853346874, 49.4263081198651], [7.019323007221375, 49.426177901389806], [7.017595620399969, 49.427340260738006], [7.016858812684131, 49.42892947421883], [7.017715729019177, 49.430802553468844], [7.015433961219248, 49.43145164511837], [7.015281475177079, 49.43030365810838], [7.009996017878357, 49.43102259333661], [7.010151642088842, 49.433234001082], [7.001676039325832, 49.43452899798811], [6.997807098726659, 49.43418366388163], [6.997276444116786, 49.43501346747229], [6.995757431502045, 49.434642274690574], [6.995120926211262, 49.43541499319359], [6.997279481175169, 49.43740967112896], [6.994353482168284, 49.43778667086537], [6.989319326290024, 49.436756376748], [6.989245505819326, 49.43898184223547], [6.987352872386924, 49.440376408725434], [6.986374597478251, 49.448233217082596], [6.981378728491094, 49.45142264377184], [6.97522702721837, 49.450903708289474], [6.978694707699783, 49.45344285003334], [6.975068229105883, 49.45622360178314], [6.971610352923483, 49.461573448042564], [6.974146608400219, 49.46428262748074], [6.973716398931667, 49.46599837768384], [6.975581189986841, 49.46788490440732], [6.978442950246396, 49.46918158047094], [6.977479773608882, 49.47024980288048], [6.971184097068285, 49.46923338614809], [6.970112564572452, 49.47027157604197], [6.969793582619456, 49.47309854474386], [6.973112328978859, 49.475697142167554], [6.968803620420701, 49.478651375843526], [6.968124168404979, 49.4801791690938], [6.971509992118444, 49.482248783263124], [6.968819344365833, 49.48630715485639], [6.966041670992697, 49.486481405555374], [6.963272544246802, 49.487844464574074], [6.960457194258972, 49.486099131361335], [6.956024255699412, 49.48510431936199], [6.940812419217735, 49.47252963873155], [6.937096207671688, 49.47251126530599], [6.935874172113811, 49.47147299712872], [6.934045837413652, 49.47263997739071], [6.932432552789598, 49.47258894881459], [6.925062367584975, 49.468752973474494], [6.923519070465441, 49.4693045307629], [6.922407173370752, 49.47243866282651], [6.916573452606542, 49.475467539472874], [6.914952947224691, 49.47806100189756], [6.912453271443222, 49.47872036954415], [6.912064250810159, 49.48010258635679], [6.910799604205342, 49.48074687080835]]]}}, {"type": "Feature", "properties": {"id": "34691", "name": "UA Lisdorfer Berg", "operator": "VSE", "population": 3663, "area_km2": 16.8, "data": true, "units": 214, "net_mw": 4.07, "rooftop_mw": 4.07, "ground_mw": 0.0, "rooftop_share": 1.0, "new_mw_12m": 0.22, "growth_share": 0.054, "density_kw_km2": 242.4, "wind_mw": 0.0, "peak_load_mw": 16.14, "hvmv_mva": 80.0, "reinforced": {"transformers": 0, "lines": 0, "lv_grids_doubled": 0}, "lv_grids": 16, "lv_double_share": 0.938, "lv_no_room_share": 0.0, "rooftop_room_mw": 4.67, "firm_mw": 45.12, "firm_all_mw": 91.99, "n1_today_loading": 3.6, "flex_steps": [{"mw": 5, "pro_rata": 0.0, "lifo": [0.0, 0.0, 0.0, 0.0], "hours": 0}, {"mw": 10, "pro_rata": 0.0, "lifo": [0.0, 0.0, 0.0, 0.0], "hours": 0}, {"mw": 20, "pro_rata": 0.0075, "lifo": [0.0, 0.0, 0.002, 0.0279], "hours": 80}, {"mw": 40, "pro_rata": 0.092, "lifo": [0.0, 0.0149, 0.1164, 0.2368], "hours": 503}, {"mw": 80, "pro_rata": 0.27, "lifo": [0.0075, 0.1766, 0.3796, 0.5163], "hours": 1154}, {"mw": 160, "pro_rata": 0.4772, "lifo": [0.092, 0.448, 0.6315, 0.7374], "hours": 1926}, {"mw": 320, "pro_rata": 0.6674, "lifo": [0.27, 0.6844, 0.8251, 0.8902], "hours": 2725}], "flex_prorata_mw": 20, "flex_lifo_mw": 20}, "geometry": {"type": "Polygon", "coordinates": [[[6.675031992380426, 49.31456616981976], [6.68600893415269, 49.31860531127017], [6.687565315610631, 49.318613083199594], [6.690196365033023, 49.317234341476535], [6.693048076232162, 49.318627804741794], [6.691801771784398, 49.31749560924458], [6.693343372133794, 49.316467034114204], [6.693770543125717, 49.31489677101494], [6.697205891216873, 49.31588622297637], [6.695742001118611, 49.31247722599525], [6.700986967416677, 49.31337503034473], [6.709819035127262, 49.31768107559733], [6.73425004170723, 49.297587618731065], [6.759608837936877, 49.2958410703134], [6.768638082297676, 49.27813079919595], [6.772001040532379, 49.280063870831064], [6.776373225524737, 49.27606110588817], [6.78214272924434, 49.27319008773427], [6.78116928331759, 49.271716781136135], [6.763600404839901, 49.26045143284507], [6.762593664288239, 49.26171494268874], [6.752786806228059, 49.263945883615676], [6.748421834416579, 49.267853206930894], [6.736258309744877, 49.270586357517125], [6.731520052988374, 49.272421034275794], [6.72752342791947, 49.272842768716615], [6.717540406415528, 49.281157774651355], [6.711611436709746, 49.284523223397365], [6.714354679666854, 49.28587680334132], [6.71342793603837, 49.28820536937337], [6.720319407504936, 49.292148626847315], [6.721046867210788, 49.29651637141771], [6.720057475015204, 49.297607883361316], [6.714531184811667, 49.297822294037196], [6.710434764336443, 49.29577856286057], [6.709190708998681, 49.296709362888464], [6.709238452089651, 49.299764469459], [6.707693697254224, 49.300144614568275], [6.703774292934049, 49.29972403564932], [6.700799444982356, 49.298848829469414], [6.696376220920269, 49.30443656295998], [6.692168944761772, 49.3033034947338], [6.69085782788778, 49.30194396174466], [6.690017317750798, 49.302816190355934], [6.690175107529647, 49.30482112687493], [6.691928458715788, 49.30683471053958], [6.688067126337306, 49.30638902582919], [6.682409451133132, 49.3072057542994], [6.682094019230516, 49.31204104041144], [6.686654717095469, 49.3160156481209], [6.685606507714811, 49.31672685856352], [6.681072821919754, 49.31483468932779], [6.675031992380426, 49.31456616981976]]]}}, {"type": "Feature", "properties": {"id": "32510", "name": "UA Brebach", "operator": "", "population": 19620, "area_km2": 42.6, "data": true, "units": 884, "net_mw": 12.61, "rooftop_mw": 9.66, "ground_mw": 2.95, "rooftop_share": 0.766, "new_mw_12m": 1.5, "growth_share": 0.119, "density_kw_km2": 296.0, "wind_mw": 0.0, "peak_load_mw": 49.47, "hvmv_mva": 151.0, "reinforced": {"transformers": 0, "lines": 2, "lv_grids_doubled": 1}, "lv_grids": 86, "lv_double_share": 0.849, "lv_no_room_share": 0.023, "rooftop_room_mw": 23.83, "firm_mw": 96.09, "firm_all_mw": 169.92, "n1_today_loading": 14.2, "flex_steps": [{"mw": 5, "pro_rata": 0.0, "lifo": [0.0, 0.0, 0.0, 0.0], "hours": 0}, {"mw": 10, "pro_rata": 0.0, "lifo": [0.0, 0.0, 0.0, 0.0], "hours": 0}, {"mw": 20, "pro_rata": 0.0, "lifo": [0.0, 0.0, 0.0, 0.0], "hours": 0}, {"mw": 40, "pro_rata": 0.0001, "lifo": [0.0, 0.0, 0.0, 0.0005], "hours": 5}, {"mw": 80, "pro_rata": 0.0385, "lifo": [0.0, 0.0002, 0.0301, 0.1237], "hours": 294}, {"mw": 160, "pro_rata": 0.1906, "lifo": [0.0001, 0.0769, 0.2689, 0.4165], "hours": 921}, {"mw": 320, "pro_rata": 0.4025, "lifo": [0.0385, 0.3427, 0.5582, 0.6706], "hours": 1665}], "flex_prorata_mw": 40, "flex_lifo_mw": 40}, "geometry": {"type": "Polygon", "coordinates": [[[6.994252345546044, 49.20132814748188], [6.995624790081337, 49.205556151326064], [7.080900318198492, 49.23858037944761], [7.068619571564415, 49.25627804762648], [7.074340850170317, 49.258143507305256], [7.077388497152652, 49.25823649763903], [7.079520922950858, 49.257464022066706], [7.081424652271937, 49.25564915515736], [7.083199344683487, 49.255649006842056], [7.079421397971415, 49.24978026806959], [7.085617782794875, 49.2485187423691], [7.08528870864729, 49.24753613276363], [7.086368860598052, 49.245498299257996], [7.092324127315559, 49.246858637731385], [7.093659076667999, 49.24781759453596], [7.094711464962973, 49.25024477746927], [7.104297804804506, 49.254936981607536], [7.107657816929091, 49.254327904978965], [7.108247764392842, 49.25628946987151], [7.112897264674443, 49.25521587318309], [7.11382883399054, 49.25232768644956], [7.117041117710388, 49.25177659734374], [7.118988253723518, 49.24933860126642], [7.122142001773661, 49.248840460495636], [7.12551591809713, 49.2452502672325], [7.128270593559071, 49.245197822476335], [7.130581863187351, 49.24440283885752], [7.128542543380365, 49.24269358955014], [7.129464646982057, 49.24032617513581], [7.126270265516882, 49.22861443234014], [7.122460674710875, 49.22275474074998], [7.126796904374833, 49.216393445143], [7.129255484283163, 49.21680915002597], [7.130643570012144, 49.21799449737062], [7.136197132686014, 49.21698488073368], [7.137248380596045, 49.21367249171977], [7.134473492680247, 49.21158129316934], [7.130859345164872, 49.21334533387348], [7.12874426323902, 49.21155334996529], [7.127346670960851, 49.20658585709205], [7.121188670752107, 49.20307777711411], [7.119009340278274, 49.20123827461841], [7.117184644712247, 49.19806770783642], [7.116833523899021, 49.195635036914624], [7.118987161253401, 49.19431320887968], [7.119144141777531, 49.19355288517417], [7.114648927810283, 49.1930927466989], [7.113280894500533, 49.19203400425619], [7.11272169589683, 49.190216167021624], [7.108727539300257, 49.18920413386858], [7.109382154080158, 49.188476399866616], [7.10833673562392, 49.18771541988725], [7.106959264175368, 49.1883478442157], [7.106202740942718, 49.18544496354112], [7.108087867481625, 49.18353502106246], [6.994252345546044, 49.20132814748188]]]}}, {"type": "Feature", "properties": {"id": "33076", "name": "Area P\u00fcttlingen (33076)", "operator": "", "population": 1107, "area_km2": 1.9, "data": true, "units": 13, "net_mw": 0.28, "rooftop_mw": 0.28, "ground_mw": 0.0, "rooftop_share": 0.998, "new_mw_12m": 0.01, "growth_share": 0.032, "density_kw_km2": 149.9, "wind_mw": 0.0, "peak_load_mw": 16.35, "hvmv_mva": 80.0, "reinforced": {"transformers": 0, "lines": 0, "lv_grids_doubled": 0}, "lv_grids": 6, "lv_double_share": 0.833, "lv_no_room_share": 0.0, "rooftop_room_mw": 0.37, "firm_mw": 49.22, "firm_all_mw": 96.09, "n1_today_loading": 6.0, "flex_steps": [{"mw": 5, "pro_rata": 0.0, "lifo": [0.0, 0.0, 0.0, 0.0], "hours": 0}, {"mw": 10, "pro_rata": 0.0, "lifo": [0.0, 0.0, 0.0, 0.0], "hours": 0}, {"mw": 20, "pro_rata": 0.0075, "lifo": [0.0, 0.0, 0.0021, 0.028], "hours": 81}, {"mw": 40, "pro_rata": 0.0918, "lifo": [0.0, 0.0151, 0.1162, 0.2361], "hours": 501}, {"mw": 80, "pro_rata": 0.2693, "lifo": [0.0075, 0.1761, 0.3786, 0.5151], "hours": 1151}, {"mw": 160, "pro_rata": 0.4763, "lifo": [0.0918, 0.4468, 0.6303, 0.7362], "hours": 1922}, {"mw": 320, "pro_rata": 0.6666, "lifo": [0.2693, 0.6833, 0.8242, 0.8895], "hours": 2721}], "flex_prorata_mw": 20, "flex_lifo_mw": 20}, "geometry": {"type": "Polygon", "coordinates": [[[6.893567229735772, 49.26569372486873], [6.895917566935079, 49.26567813697883], [6.900221333587921, 49.262601233275255], [6.904344088729109, 49.262859264205595], [6.908030103464976, 49.25735763741363], [6.908551505507087, 49.25442949784819], [6.910747782803781, 49.252653459258674], [6.910557226468019, 49.25041392010962], [6.908346121909884, 49.24704704946564], [6.900614348758973, 49.248357120170176], [6.900040350730627, 49.24516886943572], [6.895688035279302, 49.244819414054795], [6.893567229735772, 49.26569372486873]]]}}, {"type": "Feature", "properties": {"id": "33015", "name": "Area P\u00fcttlingen (33015)", "operator": "", "population": 12048, "area_km2": 12.1, "data": true, "units": 194, "net_mw": 6.41, "rooftop_mw": 2.71, "ground_mw": 3.7, "rooftop_share": 0.423, "new_mw_12m": 0.42, "growth_share": 0.066, "density_kw_km2": 530.1, "wind_mw": 0.0, "peak_load_mw": 29.19, "hvmv_mva": 126.0, "reinforced": {"transformers": 0, "lines": 3, "lv_grids_doubled": 1}, "lv_grids": 64, "lv_double_share": 0.953, "lv_no_room_share": 0.016, "rooftop_room_mw": 10.71, "firm_mw": 20.95, "firm_all_mw": 94.92, "n1_today_loading": 71.4, "flex_steps": [{"mw": 5, "pro_rata": 0.0, "lifo": [0.0, 0.0, 0.0, 0.0], "hours": 0}, {"mw": 10, "pro_rata": 0.0, "lifo": [0.0, 0.0, 0.0, 0.0], "hours": 0}, {"mw": 20, "pro_rata": 0.0012, "lifo": [0.0, 0.0, 0.0, 0.0046], "hours": 19}, {"mw": 40, "pro_rata": 0.0694, "lifo": [0.0, 0.0023, 0.0646, 0.2107], "hours": 473}, {"mw": 80, "pro_rata": 0.27, "lifo": [0.0012, 0.1376, 0.3912, 0.5501], "hours": 1259}, {"mw": 160, "pro_rata": 0.4988, "lifo": [0.0694, 0.4706, 0.675, 0.7801], "hours": 2116}, {"mw": 320, "pro_rata": 0.6943, "lifo": [0.27, 0.7275, 0.863, 0.9166], "hours": 2918}], "flex_prorata_mw": 20, "flex_lifo_mw": 20}, "geometry": {"type": "Polygon", "coordinates": [[[6.819780253523918, 49.26971065435566], [6.825113240246628, 49.27466775062014], [6.828324750791815, 49.27479082216076], [6.837716964128677, 49.273647511634955], [6.845997034199669, 49.27191792293418], [6.849969317352575, 49.272533430024765], [6.855672382245048, 49.272106284246654], [6.859661417387188, 49.27286609591546], [6.86348662540078, 49.271792273813595], [6.876332714283026, 49.27400944355096], [6.878517391214793, 49.273241159831684], [6.878713149067233, 49.26871042393721], [6.882858054112099, 49.26567249801694], [6.885241333836109, 49.26527195895047], [6.887034316288675, 49.26632022781226], [6.892407822921213, 49.266601102040816], [6.895004620600487, 49.2659182378666], [6.893567302268743, 49.26569301130779], [6.895688023297136, 49.24481941259704], [6.889388809580085, 49.24431331168312], [6.88618912945612, 49.242977147618895], [6.889168649009282, 49.240884311197924], [6.888050761813433, 49.24075236219573], [6.888494316113525, 49.23698974245464], [6.886181090542334, 49.23574436666112], [6.886260178995403, 49.23377474053832], [6.878658290866295, 49.22917099042754], [6.879073166783852, 49.22840062460937], [6.870979142549191, 49.230696746695564], [6.865639720297085, 49.230417652615536], [6.861438787228782, 49.244747143476935], [6.863088568521563, 49.26280130183842], [6.830332145733736, 49.26397748739391], [6.828639478360742, 49.26544346848681], [6.829824950352373, 49.26704033945597], [6.829137244853135, 49.268296746571046], [6.822928399573431, 49.268859124225756], [6.819780253523918, 49.26971065435566]]]}}, {"type": "Feature", "properties": {"id": "34793", "name": "Area Beckingen", "operator": "", "population": 26846, "area_km2": 64.9, "data": true, "units": 1817, "net_mw": 24.07, "rooftop_mw": 18.55, "ground_mw": 5.52, "rooftop_share": 0.771, "new_mw_12m": 1.82, "growth_share": 0.076, "density_kw_km2": 370.9, "wind_mw": 0.0, "peak_load_mw": 62.24, "hvmv_mva": 151.0, "reinforced": {"transformers": 4, "lines": 12, "lv_grids_doubled": 4}, "lv_grids": 106, "lv_double_share": 0.84, "lv_no_room_share": 0.038, "rooftop_room_mw": 27.77, "firm_mw": 36.04, "firm_all_mw": 111.91, "n1_today_loading": 68.6, "flex_steps": [{"mw": 5, "pro_rata": 0.0, "lifo": [0.0, 0.0, 0.0, 0.0], "hours": 0}, {"mw": 10, "pro_rata": 0.0, "lifo": [0.0, 0.0, 0.0, 0.0], "hours": 0}, {"mw": 20, "pro_rata": 0.0, "lifo": [0.0, 0.0, 0.0, 0.0], "hours": 0}, {"mw": 40, "pro_rata": 0.0001, "lifo": [0.0, 0.0, 0.0, 0.0004], "hours": 4}, {"mw": 80, "pro_rata": 0.0453, "lifo": [0.0, 0.0002, 0.0299, 0.1512], "hours": 366}, {"mw": 160, "pro_rata": 0.2304, "lifo": [0.0001, 0.0906, 0.3298, 0.5011], "hours": 1147}, {"mw": 320, "pro_rata": 0.4616, "lifo": [0.0453, 0.4155, 0.6366, 0.7492], "hours": 1981}], "flex_prorata_mw": 40, "flex_lifo_mw": 40}, "geometry": {"type": "Polygon", "coordinates": [[[6.662012814694383, 49.39886705809832], [6.671726405526082, 49.40028778621744], [6.673855514192224, 49.39834240324738], [6.678297738155914, 49.39732239899536], [6.684512159811599, 49.398316802921215], [6.688009405686184, 49.39981352405907], [6.689812703119622, 49.40195508700825], [6.689252425911621, 49.4046657129128], [6.690677152187138, 49.40671367698805], [6.692385968029379, 49.40761817403837], [6.699435812169354, 49.40627121392695], [6.700314863043111, 49.40720130313102], [6.700548187945429, 49.4087858350475], [6.697454234275204, 49.41105683616495], [6.695486860721862, 49.41375492370384], [6.695775193624788, 49.4146596768335], [6.698797724715975, 49.41780635335921], [6.701655739964762, 49.41662789005067], [6.704175557754175, 49.418476269914834], [6.706168245062676, 49.422198444429064], [6.709515625685794, 49.42439981451825], [6.711291571616942, 49.43151420106741], [6.715658214931853, 49.43893864862351], [6.716759131165015, 49.44016626455218], [6.723172977031378, 49.44364654278581], [6.724876509937061, 49.445681663807484], [6.722939937607504, 49.44837081741574], [6.718270122860448, 49.45065576168135], [6.711592273955794, 49.45974985171411], [6.709363395920353, 49.46001233382699], [6.710703204358213, 49.46543504915661], [6.715585242493955, 49.46749066638035], [6.72872407066063, 49.46239188623136], [6.737011089904325, 49.46235300114212], [6.736349472130065, 49.46110559569483], [6.742886206217316, 49.45669408035666], [6.743335568498722, 49.45466465316857], [6.744525798230225, 49.45428970382562], [6.753636957665872, 49.45562878556776], [6.754599193807741, 49.454462652721546], [6.758595254808006, 49.454415352259254], [6.768641431243967, 49.46167513203997], [6.78345541953275, 49.46452449253356], [6.785756503698802, 49.46407791812848], [6.787162972115784, 49.46305236896411], [6.792440481342964, 49.462532543504274], [6.793306913476077, 49.45795073391451], [6.79485427340674, 49.45919816928491], [6.797548554001513, 49.45866521417227], [6.796875819002986, 49.45754438661525], [6.798786490566525, 49.45712961145447], [6.796556552913987, 49.45434496636738], [6.800933742480503, 49.45348013822626], [6.802269747729019, 49.45102900123984], [6.801902918351574, 49.45023337930917], [6.797617171152504, 49.44920091181072], [6.795638811356009, 49.44709123911249], [6.795127833106749, 49.444768628197096], [6.797067799650691, 49.44254455818729], [6.793488844651135, 49.442030454315955], [6.79302120906526, 49.439322025906094], [6.79070604157192, 49.43907444454393], [6.789601502362404, 49.43675048685146], [6.786099495527699, 49.43671514995421], [6.79346782699989, 49.43390542974384], [6.795073004989565, 49.43261607401173], [6.795153433284638, 49.42868903430883], [6.796511907548139, 49.42718455868316], [6.794932345157394, 49.42032577124553], [6.795353754973008, 49.418243972956205], [6.795548103015486, 49.417364566625345], [6.798689240708757, 49.41583768292331], [6.795949605964579, 49.413594894207826], [6.79527023296118, 49.41158185189031], [6.791263310112857, 49.40813735135878], [6.782037609278889, 49.40418691583039], [6.768570543338966, 49.40266889600221], [6.765215177996733, 49.401675869803476], [6.763384910731734, 49.40188126008111], [6.758170675656782, 49.39954634481215], [6.754263937370512, 49.39584959452634], [6.750098664340419, 49.39458502019122], [6.746549451525437, 49.39515024247256], [6.747180346299224, 49.39290296454282], [6.748442789754631, 49.39281843673933], [6.749980873239306, 49.38938409342926], [6.752259665180434, 49.388717036954496], [6.754953665060571, 49.385632761850324], [6.765424002679905, 49.38793851641158], [6.768508721105952, 49.38464043053168], [6.770306557631486, 49.37695487373543], [6.771748319500007, 49.377397983135424], [6.773520906210766, 49.373403518059426], [6.778751084276985, 49.369460400469144], [6.772561559148347, 49.366931595124655], [6.769332085836065, 49.36412248545782], [6.764049556276129, 49.36236198669737], [6.763640838380182, 49.361231453773236], [6.757781837649397, 49.36191005197024], [6.756711493888902, 49.36096491334436], [6.757551702889566, 49.35956085107203], [6.753859570356658, 49.358456025825774], [6.752690916031268, 49.35527201537004], [6.749454359778213, 49.3521262479733], [6.741959220154825, 49.35046510079264], [6.740229806616503, 49.34749893735995], [6.732295722911207, 49.34487171844289], [6.729263823938277, 49.342420904249515], [6.7196613047151, 49.33919805911233], [6.717345838009134, 49.33659717635439], [6.73337785704488, 49.38907441116168], [6.731480005004778, 49.387776556796844], [6.727230788817102, 49.38705620810424], [6.717900010319084, 49.38287283896101], [6.719811585311111, 49.38169320454931], [6.717257580779381, 49.38055139998725], [6.715736961675537, 49.3786626569708], [6.708083719961365, 49.37688264192199], [6.708697386792661, 49.37521900060648], [6.700896285048676, 49.373748891466015], [6.700687297397527, 49.37237263322957], [6.695650019035744, 49.37222942791413], [6.692934977896766, 49.3746326849562], [6.694324577757306, 49.37815677213412], [6.693730355832205, 49.38199183929094], [6.68475413849889, 49.384525223271176], [6.682369770174093, 49.385876637358095], [6.670892132361396, 49.389477067420266], [6.662012814694383, 49.39886705809832]]]}}, {"type": "Feature", "properties": {"id": "33410", "name": "Area Quierschied (33410)", "operator": "", "population": 3186, "area_km2": 6.1, "data": true, "units": 138, "net_mw": 1.02, "rooftop_mw": 1.02, "ground_mw": 0.0, "rooftop_share": 1.0, "new_mw_12m": 0.13, "growth_share": 0.123, "density_kw_km2": 167.2, "wind_mw": 0.0, "peak_load_mw": 3.86, "hvmv_mva": 50.0, "reinforced": {"transformers": 0, "lines": 0, "lv_grids_doubled": 0}, "lv_grids": 11, "lv_double_share": 1.0, "lv_no_room_share": 0.0, "rooftop_room_mw": 3.71, "firm_mw": 25.49, "firm_all_mw": 54.79, "n1_today_loading": 12.6, "flex_steps": [{"mw": 5, "pro_rata": 0.0009, "lifo": [0.0, 0.0, 0.0, 0.0038], "hours": 17}, {"mw": 10, "pro_rata": 0.0348, "lifo": [0.0, 0.0019, 0.0387, 0.0986], "hours": 217}, {"mw": 20, "pro_rata": 0.1459, "lifo": [0.0009, 0.0687, 0.1984, 0.3154], "hours": 652}, {"mw": 40, "pro_rata": 0.3224, "lifo": [0.0348, 0.2569, 0.4401, 0.5578], "hours": 1252}, {"mw": 80, "pro_rata": 0.5177, "lifo": [0.1459, 0.499, 0.6637, 0.7622], "hours": 2015}, {"mw": 160, "pro_rata": 0.6944, "lifo": [0.3224, 0.713, 0.8415, 0.9006], "hours": 2793}, {"mw": 320, "pro_rata": 0.8218, "lifo": [0.5177, 0.8711, 0.938, 0.9607], "hours": 3364}], "flex_prorata_mw": 5, "flex_lifo_mw": 5}, "geometry": {"type": "Polygon", "coordinates": [[[6.993554859975107, 49.32056957170725], [6.994310335987392, 49.32109647914656], [6.99578373529177, 49.32091142147929], [7.042620787624718, 49.31244759215712], [7.039732407549726, 49.310059586921746], [7.037534256162159, 49.309217286424584], [7.036161747099654, 49.30743731118904], [7.042431953671122, 49.30259629499125], [7.035454572804801, 49.29985985981789], [7.014118126392563, 49.285331647241414], [7.011307101431266, 49.28669420488025], [7.004192251661098, 49.28647301797992], [7.01089525771953, 49.28995560727681], [7.013225827780571, 49.293628163226884], [7.015871590356315, 49.29588653980293], [7.007097469035508, 49.30230213154941], [7.006828867709807, 49.309482595838496], [7.005878817828601, 49.310614996947095], [7.005843425366527, 49.312802413309306], [6.993554859975107, 49.32056957170725]]]}}, {"type": "Feature", "properties": {"id": "31706", "name": "Umspannanlage Heinitz", "operator": "VSE", "population": 12970, "area_km2": 10.7, "data": true, "units": 445, "net_mw": 4.77, "rooftop_mw": 4.77, "ground_mw": 0.0, "rooftop_share": 1.0, "new_mw_12m": 0.49, "growth_share": 0.103, "density_kw_km2": 445.4, "wind_mw": 0.0, "peak_load_mw": 15.13, "hvmv_mva": 50.0, "reinforced": {"transformers": 0, "lines": 4, "lv_grids_doubled": 0}, "lv_grids": 34, "lv_double_share": 0.824, "lv_no_room_share": 0.0, "rooftop_room_mw": 13.56, "firm_mw": 25.78, "firm_all_mw": 55.08, "n1_today_loading": 11.6, "flex_steps": [{"mw": 5, "pro_rata": 0.0, "lifo": [0.0, 0.0, 0.0, 0.0], "hours": 0}, {"mw": 10, "pro_rata": 0.0, "lifo": [0.0, 0.0, 0.0, 0.0], "hours": 0}, {"mw": 20, "pro_rata": 0.0171, "lifo": [0.0, 0.0, 0.0068, 0.0616], "hours": 163}, {"mw": 40, "pro_rata": 0.1425, "lifo": [0.0, 0.0342, 0.193, 0.3428], "hours": 740}, {"mw": 80, "pro_rata": 0.3504, "lifo": [0.0171, 0.2679, 0.4975, 0.6192], "hours": 1476}, {"mw": 160, "pro_rata": 0.5637, "lifo": [0.1425, 0.5583, 0.7326, 0.8212], "hours": 2333}, {"mw": 320, "pro_rata": 0.7375, "lifo": [0.3504, 0.7769, 0.8902, 0.9323], "hours": 3043}], "flex_prorata_mw": 20, "flex_lifo_mw": 10}, "geometry": {"type": "Polygon", "coordinates": [[[7.10685587627793, 49.31559124782678], [7.110552676874099, 49.31707155984667], [7.109119379027717, 49.320405197897685], [7.109774375139609, 49.32146951243144], [7.114045091297399, 49.324125897277845], [7.120019406241801, 49.32015733593823], [7.127972186647153, 49.32225098287986], [7.129836737439168, 49.32120831407056], [7.134863368439535, 49.32200725340268], [7.140600929172261, 49.319936744839346], [7.144351225995647, 49.319623688254715], [7.147630080721459, 49.31988545208622], [7.155471456638519, 49.32181188129133], [7.158369793797378, 49.32153799419866], [7.160169876233684, 49.32298712117065], [7.174461041231757, 49.323897047960294], [7.175864583778547, 49.32173234846047], [7.181633022830392, 49.318589216645805], [7.186207543740661, 49.31437500940635], [7.186919319176842, 49.31244202896359], [7.1844254599695, 49.31145891297109], [7.183398998334033, 49.30957374776392], [7.186270540241562, 49.30727236084589], [7.188519458988384, 49.30641118589003], [7.186271869291621, 49.30505731595335], [7.182848276376339, 49.3041818963585], [7.178147691344609, 49.30365585574989], [7.171710562123587, 49.30395145577873], [7.170345906968616, 49.302380416309816], [7.166441985824368, 49.30030179460693], [7.165182406253335, 49.29801316585428], [7.161821340120943, 49.29618268864134], [7.161668711174381, 49.297727234281666], [7.158691490800765, 49.2977128854598], [7.158135778491599, 49.29954078457539], [7.155796832249584, 49.300912807083094], [7.140337609218273, 49.30105496589136], [7.122502579167617, 49.309344403342884], [7.121204024136851, 49.30782011466692], [7.117021564285295, 49.30952223436908], [7.117597815939029, 49.31111543040328], [7.115848664083456, 49.31268350005724], [7.10853887125606, 49.313994151544684], [7.10685587627793, 49.31559124782678]]]}}, {"type": "Feature", "properties": {"id": "34078", "name": "Area Kirkel", "operator": "", "population": 12039, "area_km2": 38.3, "data": true, "units": 804, "net_mw": 14.24, "rooftop_mw": 12.17, "ground_mw": 2.07, "rooftop_share": 0.854, "new_mw_12m": 0.97, "growth_share": 0.068, "density_kw_km2": 371.8, "wind_mw": 3.45, "peak_load_mw": 30.92, "hvmv_mva": 126.0, "reinforced": {"transformers": 1, "lines": 23, "lv_grids_doubled": 1}, "lv_grids": 53, "lv_double_share": 0.792, "lv_no_room_share": 0.057, "rooftop_room_mw": 14.78, "firm_mw": 60.35, "firm_all_mw": 133.59, "n1_today_loading": 19.8, "flex_steps": [{"mw": 5, "pro_rata": 0.0, "lifo": [0.0, 0.0, 0.0, 0.0], "hours": 0}, {"mw": 10, "pro_rata": 0.0, "lifo": [0.0, 0.0, 0.0, 0.0], "hours": 0}, {"mw": 20, "pro_rata": 0.0, "lifo": [0.0, 0.0, 0.0, 0.0], "hours": 0}, {"mw": 40, "pro_rata": 0.0058, "lifo": [0.0, 0.0, 0.0006, 0.0226], "hours": 77}, {"mw": 80, "pro_rata": 0.1008, "lifo": [0.0, 0.0116, 0.1255, 0.2662], "hours": 578}, {"mw": 160, "pro_rata": 0.2967, "lifo": [0.0058, 0.1958, 0.4236, 0.5615], "hours": 1277}, {"mw": 320, "pro_rata": 0.5127, "lifo": [0.1008, 0.4926, 0.6779, 0.7795], "hours": 2108}], "flex_prorata_mw": 40, "flex_lifo_mw": 40}, "geometry": {"type": "Polygon", "coordinates": [[[7.182892194278389, 49.287300573066155], [7.188972781227792, 49.28944225050159], [7.229248854534618, 49.29959025262301], [7.240482422969057, 49.303671408258786], [7.247561882607907, 49.30729786305586], [7.247555044794779, 49.30842333651267], [7.245931229759855, 49.31064533794889], [7.239387194930629, 49.31428023303401], [7.245580055997066, 49.31602876886361], [7.251461415298635, 49.31969251555962], [7.254676863360556, 49.319398220100155], [7.259491435613872, 49.31786266384471], [7.266676088113597, 49.32321796900773], [7.265501855560192, 49.32330288393768], [7.264764624184306, 49.32443407543272], [7.262896653012863, 49.32438729046041], [7.26261276863824, 49.32692931436903], [7.260466726989988, 49.32667847361469], [7.258884001843843, 49.32713037826816], [7.257370924411171, 49.32641813350174], [7.254948625640147, 49.32638429932172], [7.251868305511175, 49.327934070472296], [7.250547302411635, 49.329336547076586], [7.2436393532785, 49.33023518447674], [7.24371765499381, 49.33151612463541], [7.241780427934493, 49.332657383579836], [7.240577577624873, 49.332109415951884], [7.239736146390683, 49.332733284252505], [7.240033721006514, 49.334840071129186], [7.237377841283301, 49.33459182999634], [7.238061249580282, 49.337916290599516], [7.232983754492026, 49.3407003480768], [7.237040480754671, 49.34401859389749], [7.240467183184575, 49.34822908683336], [7.242537376412889, 49.34896836425695], [7.284242502893833, 49.33782398418929], [7.278392660867951, 49.32496358855435], [7.28075673446435, 49.32702629483184], [7.287257352408819, 49.330436761585325], [7.287526846372305, 49.331993285375106], [7.286472928031338, 49.332507995184976], [7.285472749300074, 49.33204812462905], [7.284383203913944, 49.33326635192025], [7.283981181329811, 49.335117469853415], [7.285772943231472, 49.335873349457934], [7.285898672085519, 49.336736479654476], [7.28471037277819, 49.33720542669148], [7.285142969120067, 49.33801282806456], [7.286777236456052, 49.337687492572705], [7.293260704119291, 49.338945610582186], [7.300652661095737, 49.33909944710917], [7.301041023163771, 49.33693514431205], [7.302774996372207, 49.3355311673284], [7.304032761454876, 49.33306552941311], [7.305609945363472, 49.33182396584004], [7.309186453674029, 49.33121077446293], [7.311922391563463, 49.32570157723915], [7.314107540348872, 49.32530419883962], [7.313944114464563, 49.32336271964664], [7.316137420392151, 49.32310061839809], [7.316621250693728, 49.32161969691814], [7.313390345504962, 49.320906760185345], [7.311928690448037, 49.31818036221742], [7.306000788502677, 49.315628134118384], [7.305718878211335, 49.31406234391118], [7.30178533486131, 49.311294355792676], [7.300324445581486, 49.312134756506666], [7.298591852003552, 49.31086125508291], [7.29980275796224, 49.30673617181057], [7.302525439883822, 49.306381310978566], [7.30304488700034, 49.3051897441361], [7.304015768498011, 49.30571240309309], [7.304698163017154, 49.30538966677514], [7.304922842915283, 49.30408150277935], [7.303798979577834, 49.302969176210524], [7.304678476736343, 49.301130318135414], [7.303000752164056, 49.30068643223082], [7.294809569683308, 49.3019116804439], [7.290526933548733, 49.30109616653913], [7.282821525237882, 49.30307235020143], [7.279701305082233, 49.30033597511047], [7.286090865862709, 49.29578313859385], [7.281772842795989, 49.29427292709975], [7.277078896304277, 49.290365753793886], [7.274202987254364, 49.28891460030663], [7.267649862386516, 49.28237848431437], [7.263002968964794, 49.28068733062572], [7.264148966349186, 49.27999968694995], [7.26035054872545, 49.27877370469337], [7.257801713640698, 49.27861004894553], [7.254391264566377, 49.27694496402846], [7.253126204691674, 49.273666924555144], [7.250061645261169, 49.270552938847025], [7.25013490352439, 49.26702552030508], [7.241867566487871, 49.26940075005316], [7.239447793341787, 49.271519260596605], [7.235081856100811, 49.27128890074935], [7.229265790327391, 49.269814183000975], [7.227892902178923, 49.26854954732954], [7.221976537043472, 49.26672923807756], [7.211498070470284, 49.27066383140098], [7.20953930031635, 49.271137648031484], [7.205687951584105, 49.27091670654032], [7.199712784815955, 49.26935450952722], [7.197310683710243, 49.267068996502054], [7.198915609061547, 49.26453191094096], [7.196856973911796, 49.264255167081075], [7.192905024084489, 49.262301970110265], [7.191617843320108, 49.26081445667919], [7.188132999789064, 49.25967622259079], [7.187190772711998, 49.26316909018462], [7.189010022536988, 49.27151540145083], [7.187476598565742, 49.27300121766764], [7.189617720214445, 49.2760807974444], [7.193959994414146, 49.27737090137877], [7.192818347226369, 49.27916412909711], [7.19037137878454, 49.278327084857956], [7.182892194278389, 49.287300573066155]]]}}, {"type": "Feature", "properties": {"id": "33286", "name": "Area Merchweiler", "operator": "", "population": 20446, "area_km2": 21.5, "data": true, "units": 1020, "net_mw": 8.31, "rooftop_mw": 8.29, "ground_mw": 0.01, "rooftop_share": 0.999, "new_mw_12m": 1.12, "growth_share": 0.135, "density_kw_km2": 386.3, "wind_mw": 3.0, "peak_load_mw": 26.75, "hvmv_mva": 80.0, "reinforced": {"transformers": 0, "lines": 2, "lv_grids_doubled": 1}, "lv_grids": 78, "lv_double_share": 0.859, "lv_no_room_share": 0.013, "rooftop_room_mw": 23.29, "firm_mw": 38.38, "firm_all_mw": 84.96, "n1_today_loading": 18.6, "flex_steps": [{"mw": 5, "pro_rata": 0.0, "lifo": [0.0, 0.0, 0.0, 0.0], "hours": 0}, {"mw": 10, "pro_rata": 0.0, "lifo": [0.0, 0.0, 0.0, 0.0], "hours": 0}, {"mw": 20, "pro_rata": 0.0, "lifo": [0.0, 0.0, 0.0, 0.0], "hours": 0}, {"mw": 40, "pro_rata": 0.0208, "lifo": [0.0, 0.0, 0.0074, 0.0758], "hours": 201}, {"mw": 80, "pro_rata": 0.1671, "lifo": [0.0, 0.0416, 0.2312, 0.3957], "hours": 880}, {"mw": 160, "pro_rata": 0.3882, "lifo": [0.0208, 0.3134, 0.5495, 0.669], "hours": 1668}, {"mw": 320, "pro_rata": 0.6027, "lifo": [0.1671, 0.6093, 0.7769, 0.8577], "hours": 2529}], "flex_prorata_mw": 40, "flex_lifo_mw": 20}, "geometry": {"type": "Polygon", "coordinates": [[[7.023929533185015, 49.350294514023034], [7.024747291010089, 49.35099520628108], [7.034915923579879, 49.352956888889864], [7.034647466189763, 49.35382219374159], [7.035667586976056, 49.35409944182807], [7.035639939851448, 49.35496944293985], [7.040563318705724, 49.35512114760218], [7.038735624458996, 49.35849582700645], [7.041510658743755, 49.36112071248273], [7.0426773204611, 49.360814790038], [7.043876499626209, 49.362270491814236], [7.047429189649744, 49.361160016723055], [7.04884968681551, 49.36317420178829], [7.050685249011118, 49.36295622818446], [7.051348439681608, 49.36429157696821], [7.054215602953033, 49.365008464682035], [7.058165228478444, 49.3652818502236], [7.058372984964493, 49.36478080024144], [7.060483494044302, 49.364737431133314], [7.060290683397502, 49.365334673331326], [7.062181637379536, 49.36550053621631], [7.067767687102982, 49.36469864186846], [7.068768579548509, 49.36555753366997], [7.069644246718512, 49.364702775045124], [7.072490838823297, 49.36961508208479], [7.069012151338746, 49.371022192508136], [7.06795418630538, 49.37212459533121], [7.068612206301067, 49.37410782141077], [7.070382241934142, 49.374035904366124], [7.07073254018283, 49.3751176199675], [7.062928006831226, 49.37683407594072], [7.063835354733272, 49.37744725536618], [7.06279643072359, 49.37847803816288], [7.064353787112172, 49.37887691275437], [7.064455946810243, 49.380149678633394], [7.072846836254879, 49.38046855737851], [7.073506762421816, 49.37896685345881], [7.076460817312172, 49.379299786688634], [7.077017244425741, 49.379860497845854], [7.081288466395987, 49.37891525117276], [7.084455532056917, 49.37704834933635], [7.088541704263344, 49.376406951562956], [7.091673249037944, 49.379122184784514], [7.093386760848308, 49.37868778812544], [7.092868606775525, 49.37724958266303], [7.09410002598166, 49.37698947940602], [7.098554798712522, 49.377772494225084], [7.100971496323685, 49.37519800186627], [7.099309537494971, 49.37218498916951], [7.100446846053858, 49.36800515472741], [7.102153184198349, 49.36688593246461], [7.095352066476161, 49.36595989378791], [7.089234152662914, 49.362803133471786], [7.089067467584712, 49.36088363806178], [7.087703543704159, 49.358920276472844], [7.08439608406304, 49.35793717761049], [7.084904366248165, 49.35660204354884], [7.079229447422878, 49.35479906434563], [7.08076920062969, 49.352721446610545], [7.083791589394083, 49.35209267268454], [7.085836447384348, 49.349894478373066], [7.087942819442929, 49.34740993921652], [7.08652852936001, 49.34675444803488], [7.086949590793186, 49.34490323171439], [7.093693093192644, 49.339011937503464], [7.097198637089813, 49.34089153432884], [7.099841162201446, 49.34074634072139], [7.100639501379317, 49.34017615031949], [7.099196085290391, 49.339159777504136], [7.100936229266162, 49.33793385523522], [7.102007094759794, 49.33779541780532], [7.103076253713672, 49.33904311039076], [7.109758754445951, 49.33866847803301], [7.110730240783173, 49.33701384215009], [7.114241068583762, 49.336273129714094], [7.114192582203034, 49.334029445731815], [7.105953992119856, 49.33187190649849], [7.109094471582686, 49.32775059966925], [7.114045083225746, 49.32412590288832], [7.109774529288922, 49.32146961156981], [7.109119525841566, 49.320405436474715], [7.110553047801511, 49.31707155413722], [7.106855865378596, 49.315591253695324], [7.089742387530713, 49.316063835386686], [7.087451157911379, 49.317467387101274], [7.087513033228669, 49.32088004502422], [7.086455568698551, 49.322094342174594], [7.083553839412096, 49.32273749655164], [7.081993208667297, 49.322596644120445], [7.077835434478153, 49.32061431383376], [7.076430536924683, 49.318657816997344], [7.076637144531093, 49.314791927636094], [7.072707796683543, 49.3134924930142], [7.067562741222312, 49.3126330813539], [7.064967078586014, 49.31426438201798], [7.063515410597754, 49.31337389116391], [7.063014975797275, 49.31515951076619], [7.056414882920193, 49.314624391848106], [7.054871891410786, 49.31539657418775], [7.059530280689327, 49.31959179451504], [7.060901948798685, 49.32371294751806], [7.059829620362674, 49.3273362528905], [7.062237422075182, 49.33044740515089], [7.060533134109503, 49.33194144398809], [7.061182905121521, 49.33325818112077], [7.060164971770264, 49.33977371955449], [7.06130701570109, 49.342105174880786], [7.051280040989395, 49.34624609328997], [7.0482052516518, 49.34395495843962], [7.044661346061004, 49.34340486074027], [7.045101193708356, 49.35010903143852], [7.035591301063874, 49.34819586641295], [7.027915411302579, 49.34778803270444], [7.027256392280306, 49.34889341255246], [7.023929533185015, 49.350294514023034]]]}}, {"type": "Feature", "properties": {"id": "33741", "name": "UA Lebach", "operator": "", "population": 37170, "area_km2": 110.6, "data": true, "units": 3275, "net_mw": 52.34, "rooftop_mw": 30.72, "ground_mw": 21.61, "rooftop_share": 0.587, "new_mw_12m": 20.75, "growth_share": 0.396, "density_kw_km2": 473.2, "wind_mw": 37.0, "peak_load_mw": 48.69, "hvmv_mva": 151.0, "reinforced": {"transformers": 1, "lines": 24, "lv_grids_doubled": 7}, "lv_grids": 124, "lv_double_share": 0.798, "lv_no_room_share": 0.032, "rooftop_room_mw": 35.14, "firm_mw": 14.5, "firm_all_mw": 88.48, "n1_today_loading": 86.2, "flex_steps": [{"mw": 5, "pro_rata": 0.0, "lifo": [0.0, 0.0, 0.0, 0.0], "hours": 0}, {"mw": 10, "pro_rata": 0.0, "lifo": [0.0, 0.0, 0.0, 0.0], "hours": 0}, {"mw": 20, "pro_rata": 0.0, "lifo": [0.0, 0.0, 0.0, 0.0], "hours": 0}, {"mw": 40, "pro_rata": 0.0, "lifo": [0.0, 0.0, 0.0, 0.0], "hours": 0}, {"mw": 80, "pro_rata": 0.0003, "lifo": [0.0, 0.0, 0.0, 0.001], "hours": 6}, {"mw": 160, "pro_rata": 0.0873, "lifo": [0.0, 0.0005, 0.0758, 0.2729], "hours": 650}, {"mw": 320, "pro_rata": 0.3205, "lifo": [0.0003, 0.1744, 0.4767, 0.6305], "hours": 1541}], "flex_prorata_mw": 80, "flex_lifo_mw": 80}, "geometry": {"type": "Polygon", "coordinates": [[[6.845889332188062, 49.393934595609146], [6.848342371264287, 49.39433844385128], [6.850267945011151, 49.3938786454067], [6.857759331624012, 49.3964357797782], [6.860379254211698, 49.401555333212194], [6.861951383210704, 49.402479784015334], [6.865224407321569, 49.40318746550892], [6.867284218683265, 49.40131093208883], [6.868326613421982, 49.40285675326762], [6.871106702801543, 49.40286629256899], [6.871048206749738, 49.404130253654465], [6.866776503496235, 49.40535605509572], [6.865753951133136, 49.40675466668709], [6.868416273863338, 49.40784445205018], [6.86749765892719, 49.4114306731439], [6.86556975981403, 49.41136913606653], [6.866133567289397, 49.41394520333112], [6.864258045568731, 49.41555992065966], [6.864766755605147, 49.41886377671444], [6.874782748882008, 49.42332977783851], [6.872682669900623, 49.42518049432295], [6.873410514648383, 49.428878687513965], [6.869948729654102, 49.4306495350884], [6.872979919417329, 49.43274665183094], [6.882369996403245, 49.4323912861408], [6.887253023737865, 49.43518368613356], [6.886119582461154, 49.43742006286239], [6.889557058699905, 49.43780095518068], [6.888265571547434, 49.44083017624064], [6.88613534436499, 49.44123938017877], [6.885226198323757, 49.44486688012893], [6.881968867802493, 49.446662772531276], [6.879314025026491, 49.45090070371084], [6.883565034440664, 49.452595547349084], [6.882655414174297, 49.454034241286976], [6.880146625309628, 49.455421795595456], [6.882471341085203, 49.460502578809546], [6.879913108202947, 49.46259311091229], [6.871594813807606, 49.46289262024007], [6.871364408794188, 49.46483970383903], [6.875190258934703, 49.46742160526705], [6.878742741739563, 49.467959094893274], [6.879455480258812, 49.46419927793076], [6.882224356811649, 49.462450102610504], [6.886340474704288, 49.46179984408333], [6.888250345837038, 49.46046444611238], [6.89344121495054, 49.461981546174854], [6.89554854221464, 49.46464284129431], [6.896798327428056, 49.46382717168235], [6.895828580287063, 49.462769498234636], [6.897442080105145, 49.462433705939], [6.896110164457947, 49.46110885949963], [6.897119052674793, 49.4603312482827], [6.900060658672269, 49.4630222610789], [6.90230052456323, 49.46397588565302], [6.902337462038492, 49.464958790931405], [6.906246701128181, 49.46608321476731], [6.907128006210729, 49.46428297778568], [6.905722194423955, 49.460752838660284], [6.910495737126904, 49.46116772621171], [6.911926337023329, 49.460617930837884], [6.914718997545361, 49.462374513292275], [6.914445371285862, 49.46310450002457], [6.916132088604538, 49.46343477856648], [6.918897152544941, 49.46138871696696], [6.922735202548665, 49.46494145243986], [6.927552517053593, 49.465193447925195], [6.927763812479016, 49.466812141803786], [6.931508587164632, 49.465886054275444], [6.93530072166733, 49.46636641820164], [6.936244366093657, 49.46835011940767], [6.934256258487907, 49.46870189502244], [6.937095985251839, 49.472511290755456], [6.940812820508347, 49.47252989055469], [6.95602410174275, 49.48510429989106], [6.960457029621015, 49.4860991112441], [6.963272820186439, 49.48784461609306], [6.966041572724226, 49.48648146825052], [6.968819402361364, 49.48630722251437], [6.971510188377118, 49.48224861249131], [6.96812433660589, 49.48017900557541], [6.968803763818655, 49.47865126554245], [6.973112567608523, 49.475697136745346], [6.969793690750259, 49.47309852048046], [6.970112648487007, 49.470271512853785], [6.971184783467283, 49.46923353865748], [6.97748006019278, 49.47024982945177], [6.978443102860258, 49.46918121057571], [6.975581204520638, 49.467884895259616], [6.973716693076488, 49.46599867527224], [6.974146690046165, 49.46428261372037], [6.97161044343858, 49.46157344237584], [6.975068285998209, 49.45622355124124], [6.978695351101695, 49.45344265739655], [6.975227732967598, 49.4509040277404], [6.981378761152074, 49.45142270087523], [6.986374720797994, 49.448233147854644], [6.98735290974109, 49.44037660217325], [6.989245584223332, 49.43898186227615], [6.989319552226634, 49.43675705046051], [6.994353594180441, 49.43778670359526], [6.997281293004345, 49.437409451786955], [6.995121285020041, 49.43541530427099], [6.995757457982619, 49.43464258198201], [6.997276905324747, 49.435013730710374], [6.9978076360632, 49.43418377356857], [7.001676040174802, 49.434529009317615], [7.010152492302383, 49.433233884993314], [7.009997098797435, 49.43102244633538], [7.015280472564154, 49.430303854961224], [7.015432712372847, 49.431452066257414], [7.017716782102197, 49.43080225385266], [7.016858913208446, 49.428929257403645], [7.017595646396912, 49.42734027072326], [7.019322615889771, 49.42617816472448], [7.022378654276401, 49.42630826289254], [7.024299123225593, 49.424008075406626], [7.029380302067715, 49.42361535753124], [7.029464872110051, 49.42283444056845], [7.032409458105261, 49.42219579203344], [7.038495598527192, 49.42318440370966], [7.040966922680409, 49.422216425642354], [7.041080906960169, 49.424281465508464], [7.044358852361827, 49.42592204114023], [7.047461548544568, 49.42654851257918], [7.048935467183681, 49.42314454202638], [7.051277743448019, 49.42130518201965], [7.054659380533207, 49.41630442990001], [7.043823824585218, 49.411712967113154], [7.043094446408226, 49.4089977079303], [7.030923491114904, 49.40344532225228], [7.031442793807678, 49.401029626530686], [7.024857954451958, 49.40113453002127], [7.023870488367722, 49.40157149855237], [7.020520355215884, 49.39980116905209], [7.020025087697324, 49.398830982266894], [7.022477350619414, 49.39735790958869], [7.020459506705325, 49.394170593576106], [7.018047026657264, 49.39547377917854], [7.015581685585397, 49.39559556568221], [7.014308250987336, 49.39508794330531], [7.013614873218189, 49.393616593224934], [7.005107017468291, 49.390146908241874], [7.005356099606204, 49.38918182815225], [7.002914391033717, 49.38690858953642], [6.999335073763761, 49.38623894146553], [6.994581769767035, 49.383893615762865], [6.994035843691132, 49.37833812866929], [6.995421361721616, 49.37636389789307], [6.994322654385631, 49.376112784535465], [6.994856223948371, 49.373906013840724], [6.996748589806633, 49.37367647653973], [6.995444039752526, 49.36793530342057], [6.997975829720385, 49.36498813071498], [7.000148411905509, 49.359021930692016], [6.997388726537324, 49.35810751183676], [6.991990935702425, 49.359146044054754], [6.980725910536461, 49.357461332973585], [6.978196314361355, 49.35885900921203], [6.970155328757143, 49.355905319788505], [6.964557557370094, 49.35665710380653], [6.963669886479081, 49.35953766971876], [6.962660877231157, 49.35956941928229], [6.960644861676467, 49.362225862627966], [6.956195318790092, 49.365904226372415], [6.957443437717877, 49.36692504037384], [6.956776704208973, 49.36774174246961], [6.958343454828342, 49.36893494075269], [6.958560574038955, 49.370850655707926], [6.956151471772638, 49.373782641132614], [6.949431716820474, 49.37369977827605], [6.944277933946205, 49.377668055103314], [6.940766466847828, 49.37628748074628], [6.939886708629206, 49.377358156857404], [6.937121732937256, 49.37671246693203], [6.938287184549488, 49.37401153713239], [6.937755215035885, 49.37244565228667], [6.936255181337729, 49.37258727813363], [6.935224241320303, 49.37550834706376], [6.932019775785019, 49.37538876145728], [6.931374236970564, 49.36754672092899], [6.927621110927616, 49.36649828725351], [6.92419627121815, 49.36802573685274], [6.9206023334583, 49.36850593904469], [6.919835405196001, 49.371021275383704], [6.9178719002961, 49.37330913072429], [6.915729868018817, 49.37391659600558], [6.9037902514747, 49.372013616004814], [6.90173374559183, 49.37313667961644], [6.894980455522463, 49.37362297066592], [6.893438479973553, 49.37303321758606], [6.889841360002239, 49.37299890742016], [6.888836777046987, 49.37241728405302], [6.876992035908507, 49.371649214194626], [6.871252214566058, 49.371860519469536], [6.870350675576885, 49.37447939674786], [6.871513371259696, 49.377155933229496], [6.868266241390799, 49.380878739319854], [6.867925692825436, 49.382642040538066], [6.866375912188277, 49.38306938925677], [6.865400243841497, 49.38465845849805], [6.859193113612222, 49.38209867683725], [6.857066414735657, 49.38012947620778], [6.854329371096751, 49.38148141407997], [6.853016494014145, 49.37987219889091], [6.849346034307198, 49.38024854373311], [6.849924830238815, 49.382068800929744], [6.848627250401106, 49.38824117423132], [6.847513506943532, 49.39217676177001], [6.84635818482493, 49.39267086772676], [6.845889332188062, 49.393934595609146]]]}}, {"type": "Feature", "properties": {"id": "32536", "name": "Umspannwerk Uchtelfangen", "operator": "Amprion", "population": 17141, "area_km2": 35.8, "data": true, "units": 1358, "net_mw": 13.6, "rooftop_mw": 12.0, "ground_mw": 1.61, "rooftop_share": 0.882, "new_mw_12m": 1.59, "growth_share": 0.117, "density_kw_km2": 380.0, "wind_mw": 0.0, "peak_load_mw": 27.62, "hvmv_mva": 80.0, "reinforced": {"transformers": 0, "lines": 1, "lv_grids_doubled": 2}, "lv_grids": 56, "lv_double_share": 0.893, "lv_no_room_share": 0.018, "rooftop_room_mw": 18.07, "firm_mw": 36.33, "firm_all_mw": 84.38, "n1_today_loading": 35.3, "flex_steps": [{"mw": 5, "pro_rata": 0.0, "lifo": [0.0, 0.0, 0.0, 0.0], "hours": 0}, {"mw": 10, "pro_rata": 0.0, "lifo": [0.0, 0.0, 0.0, 0.0], "hours": 0}, {"mw": 20, "pro_rata": 0.0, "lifo": [0.0, 0.0, 0.0, 0.0001], "hours": 1}, {"mw": 40, "pro_rata": 0.0315, "lifo": [0.0, 0.0, 0.0196, 0.1065], "hours": 260}, {"mw": 80, "pro_rata": 0.1832, "lifo": [0.0, 0.063, 0.2577, 0.4122], "hours": 911}, {"mw": 160, "pro_rata": 0.3996, "lifo": [0.0315, 0.335, 0.5584, 0.6734], "hours": 1676}, {"mw": 320, "pro_rata": 0.6089, "lifo": [0.1832, 0.6159, 0.7785, 0.8579], "hours": 2527}], "flex_prorata_mw": 20, "flex_lifo_mw": 20}, "geometry": {"type": "Polygon", "coordinates": [[[6.994035785873681, 49.37833802780686], [6.994581552549778, 49.383893586673445], [6.999335065813407, 49.386238951872706], [7.002914469569017, 49.38690869304101], [7.00535591326721, 49.38918167712024], [7.005106456137927, 49.39014669489481], [7.013614637556788, 49.39361650989371], [7.014308180105234, 49.39508797924631], [7.01558200361997, 49.395595692438334], [7.018046921264748, 49.3954738546138], [7.020459747011339, 49.394171324990396], [7.022477095636202, 49.39735768698973], [7.020024749956264, 49.39883110193436], [7.020520172502148, 49.39980105353659], [7.023870806074689, 49.40157168597969], [7.024858136913392, 49.40113451787787], [7.031442117179403, 49.401029746213425], [7.030923074261033, 49.40344513126253], [7.043094153878625, 49.40899760885393], [7.0438234727498, 49.41171278048847], [7.054659389675956, 49.41630442235376], [7.056625709588912, 49.41583323553629], [7.056868622485949, 49.412067451929914], [7.060345781910639, 49.40920196920426], [7.069777660136151, 49.411740654180754], [7.081470683734029, 49.41061961547088], [7.083869789447821, 49.411421800127236], [7.083925519085549, 49.41277428445263], [7.086622063395466, 49.41270308641428], [7.08991775752198, 49.41468492108023], [7.093204225740613, 49.41408197155066], [7.096267399514429, 49.41254484132009], [7.104487662572031, 49.41602071073944], [7.104755889031368, 49.414813587976454], [7.110396918423103, 49.4094081011245], [7.116491014969285, 49.40564368882236], [7.118929026875359, 49.40472646887434], [7.121636349346604, 49.40469060712915], [7.120737476965301, 49.40178177935683], [7.124323347997428, 49.396513520273864], [7.12000050260575, 49.39657290241825], [7.11248665957603, 49.39551860629605], [7.107955614475815, 49.39657960565028], [7.106528138398765, 49.39276366728385], [7.101620498312545, 49.393076739436566], [7.099421266632749, 49.39220694595912], [7.09906840592617, 49.390949738617095], [7.097097172480582, 49.39115895492311], [7.095745293303824, 49.390630908851726], [7.096267057376711, 49.39015931145504], [7.090079396260103, 49.389568335309114], [7.089098169056327, 49.38527633819909], [7.095086509381749, 49.38563721835699], [7.097438313376758, 49.3834029568342], [7.10030468477088, 49.378185585750025], [7.094100413421547, 49.37698940192169], [7.092868286172461, 49.377249273473794], [7.093386300808132, 49.37868773354554], [7.091673465132446, 49.37912198977129], [7.088542361254711, 49.37640680480375], [7.084455681193378, 49.37704829879026], [7.081288296250746, 49.37891527227812], [7.077017915507453, 49.37986035418643], [7.076461242858345, 49.37929982289374], [7.073505836497446, 49.37896673382163], [7.072846190439305, 49.38046840667403], [7.064456579173699, 49.38014947351343], [7.064353993436894, 49.37887681563267], [7.062797159182874, 49.37847779408088], [7.063835726872209, 49.37744714573495], [7.062929396979694, 49.376833934259885], [7.070732785067772, 49.3751180286573], [7.070382620438585, 49.374035730283396], [7.068612174756672, 49.374107401744546], [7.067954266853788, 49.37212477883263], [7.069012170615137, 49.37102220519503], [7.072491254482168, 49.36961533105491], [7.069643295065235, 49.36470170201204], [7.068768548986002, 49.36555689069244], [7.067768284974132, 49.364698543614885], [7.062181636673292, 49.365500525587066], [7.060291617824827, 49.36533468377951], [7.06048516493198, 49.36473726910037], [7.058372408376743, 49.364780720070705], [7.058164343281097, 49.3652817748859], [7.054215970773778, 49.36500849014885], [7.051348589219406, 49.36429146325619], [7.050685601443611, 49.36295602260524], [7.04884953648476, 49.36317384654147], [7.047429385158659, 49.36115966259223], [7.043876420089017, 49.36227010173136], [7.042677101767339, 49.36081437134352], [7.041510201698399, 49.36112025775745], [7.0387358089387, 49.35849589664237], [7.04056437341313, 49.35512101594576], [7.035640760770876, 49.3549694057295], [7.035667823563917, 49.35409934104754], [7.034647682936686, 49.353821822259796], [7.034916701450359, 49.35295696434792], [7.024747614576019, 49.3509952813076], [7.023929516996256, 49.350294513669134], [7.021450007574115, 49.35084803233087], [7.020373611845134, 49.349716265240254], [7.013917970192487, 49.34977750602608], [7.020251912113087, 49.3550077596151], [7.022391509566805, 49.35875703390529], [7.000148424568409, 49.3590219321019], [6.997975810995679, 49.364988126684636], [6.995444019750973, 49.36793521737495], [6.996748257377276, 49.37367591330144], [6.994856183234348, 49.37390573252691], [6.994322482010183, 49.37611352400796], [6.995420831856949, 49.37636461678574], [6.994035785873681, 49.37833802780686]]]}}, {"type": "Feature", "properties": {"id": "33369", "name": "UA K\u00f6llerbach", "operator": "Energis", "population": 6279, "area_km2": 9.9, "data": true, "units": 437, "net_mw": 4.31, "rooftop_mw": 4.04, "ground_mw": 0.27, "rooftop_share": 0.937, "new_mw_12m": 0.34, "growth_share": 0.079, "density_kw_km2": 435.8, "wind_mw": 0.0, "peak_load_mw": 15.59, "hvmv_mva": 50.0, "reinforced": {"transformers": 0, "lines": 2, "lv_grids_doubled": 0}, "lv_grids": 18, "lv_double_share": 0.833, "lv_no_room_share": 0.056, "rooftop_room_mw": 5.93, "firm_mw": 27.25, "firm_all_mw": 56.54, "n1_today_loading": 6.6, "flex_steps": [{"mw": 5, "pro_rata": 0.0, "lifo": [0.0, 0.0, 0.0, 0.0], "hours": 0}, {"mw": 10, "pro_rata": 0.0, "lifo": [0.0, 0.0, 0.0, 0.0], "hours": 0}, {"mw": 20, "pro_rata": 0.0172, "lifo": [0.0, 0.0, 0.0072, 0.0616], "hours": 161}, {"mw": 40, "pro_rata": 0.1406, "lifo": [0.0, 0.0344, 0.1902, 0.3379], "hours": 728}, {"mw": 80, "pro_rata": 0.3467, "lifo": [0.0172, 0.2641, 0.4917, 0.6139], "hours": 1458}, {"mw": 160, "pro_rata": 0.5594, "lifo": [0.1406, 0.5528, 0.7273, 0.8168], "hours": 2305}, {"mw": 320, "pro_rata": 0.7341, "lifo": [0.3467, 0.7721, 0.8871, 0.9304], "hours": 3024}], "flex_prorata_mw": 20, "flex_lifo_mw": 10}, "geometry": {"type": "Polygon", "coordinates": [[[6.873048382535072, 49.32566155391575], [6.875303903010746, 49.32694986132811], [6.889000552594036, 49.32497734509494], [6.896484784928124, 49.32586594792636], [6.901379601752425, 49.32508612264488], [6.905610225161484, 49.32250158631745], [6.910226410575678, 49.31710851927051], [6.912493676151528, 49.31586729133873], [6.913965043738723, 49.31607601603402], [6.920283090289362, 49.31478364930548], [6.926371637286261, 49.31434754046641], [6.929197273770992, 49.31299758230539], [6.927969032713976, 49.31160562232656], [6.928658344345545, 49.30881779427346], [6.923869922559085, 49.3047210197875], [6.927431464937353, 49.30263204233367], [6.92120621761801, 49.29717904039016], [6.921970746828723, 49.29542024758707], [6.928182454172205, 49.29298829545338], [6.926821883823054, 49.29222445980329], [6.928517953813776, 49.290882582840865], [6.927527179309317, 49.28902288748605], [6.919333469072915, 49.285187142760876], [6.921076269128815, 49.284750759415445], [6.926027166302395, 49.28096209837062], [6.926360485613397, 49.280041187111046], [6.92277147146186, 49.27754394858392], [6.919948331824215, 49.277650234627444], [6.918445388508773, 49.27688418375298], [6.882304854522256, 49.31612354528904], [6.882911484421522, 49.3165414576932], [6.873048382535072, 49.32566155391575]]]}}, {"type": "Feature", "properties": {"id": "33622", "name": "Area Bous (33622)", "operator": "", "population": 6479, "area_km2": 3.4, "data": true, "units": 110, "net_mw": 2.37, "rooftop_mw": 2.37, "ground_mw": 0.0, "rooftop_share": 1.0, "new_mw_12m": 0.06, "growth_share": 0.024, "density_kw_km2": 696.1, "wind_mw": 0.0, "peak_load_mw": 43.06, "hvmv_mva": 151.0, "reinforced": {"transformers": 0, "lines": 1, "lv_grids_doubled": 1}, "lv_grids": 27, "lv_double_share": 1.0, "lv_no_room_share": 0.0, "rooftop_room_mw": 6.5, "firm_mw": 106.64, "firm_all_mw": 180.47, "n1_today_loading": 5.0, "flex_steps": [{"mw": 5, "pro_rata": 0.0, "lifo": [0.0, 0.0, 0.0, 0.0], "hours": 0}, {"mw": 10, "pro_rata": 0.0, "lifo": [0.0, 0.0, 0.0, 0.0], "hours": 0}, {"mw": 20, "pro_rata": 0.0, "lifo": [0.0, 0.0, 0.0, 0.0], "hours": 0}, {"mw": 40, "pro_rata": 0.0012, "lifo": [0.0, 0.0, 0.0, 0.0049], "hours": 19}, {"mw": 80, "pro_rata": 0.0553, "lifo": [0.0, 0.0024, 0.0558, 0.1629], "hours": 357}, {"mw": 160, "pro_rata": 0.2159, "lifo": [0.0012, 0.1093, 0.3051, 0.4478], "hours": 998}, {"mw": 320, "pro_rata": 0.4252, "lifo": [0.0553, 0.3764, 0.5798, 0.6895], "hours": 1722}], "flex_prorata_mw": 40, "flex_lifo_mw": 40}, "geometry": {"type": "Polygon", "coordinates": [[[6.774651556202086, 49.27767032617233], [6.778528850074685, 49.27808716675399], [6.780482312224581, 49.27916950177889], [6.780710742704986, 49.28445685730533], [6.783336624278171, 49.286030561692456], [6.78697528950379, 49.28707619605448], [6.792126378205963, 49.28453095454944], [6.795327817014746, 49.283804964156964], [6.803667317629778, 49.28379900093432], [6.809035446913658, 49.28435385284836], [6.811434528861638, 49.28517434384712], [6.817123782433841, 49.26990579290442], [6.805139557459604, 49.271094138456725], [6.794611330755232, 49.27375538204885], [6.780468590996016, 49.27436856361021], [6.776373155830136, 49.276061143472624], [6.774651556202086, 49.27767032617233]]]}}, {"type": "Feature", "properties": {"id": "34407", "name": "Area Quierschied (34407)", "operator": "", "population": 1478, "area_km2": 3.9, "data": true, "units": 94, "net_mw": 5.05, "rooftop_mw": 0.65, "ground_mw": 4.4, "rooftop_share": 0.129, "new_mw_12m": 0.09, "growth_share": 0.017, "density_kw_km2": 1296.1, "wind_mw": 0.0, "peak_load_mw": 3.13, "hvmv_mva": 50.0, "reinforced": {"transformers": 0, "lines": 0, "lv_grids_doubled": 0}, "lv_grids": 6, "lv_double_share": 1.0, "lv_no_room_share": 0.0, "rooftop_room_mw": 2.04, "firm_mw": 18.9, "firm_all_mw": 48.05, "n1_today_loading": 35.1, "flex_steps": [{"mw": 5, "pro_rata": 0.0049, "lifo": [0.0, 0.0, 0.0012, 0.0185], "hours": 50}, {"mw": 10, "pro_rata": 0.0551, "lifo": [0.0, 0.0098, 0.0665, 0.144], "hours": 297}, {"mw": 20, "pro_rata": 0.1806, "lifo": [0.0049, 0.1052, 0.2476, 0.3646], "hours": 765}, {"mw": 40, "pro_rata": 0.3617, "lifo": [0.0551, 0.3061, 0.4891, 0.5965], "hours": 1380}, {"mw": 80, "pro_rata": 0.5546, "lifo": [0.1806, 0.5428, 0.702, 0.7932], "hours": 2157}, {"mw": 160, "pro_rata": 0.7226, "lifo": [0.3617, 0.7476, 0.8649, 0.9161], "hours": 2903}, {"mw": 320, "pro_rata": 0.8399, "lifo": [0.5546, 0.8905, 0.9473, 0.9673], "hours": 3468}], "flex_prorata_mw": 5, "flex_lifo_mw": 5}, "geometry": {"type": "Polygon", "coordinates": [[[6.994310344524254, 49.32109648617413], [6.999553515041223, 49.32502518127003], [7.002311267931293, 49.32367123642047], [7.002797017874983, 49.326458702733234], [7.001667232348601, 49.32721630161177], [7.004190978220748, 49.330590805376275], [7.012083238470141, 49.333672779856926], [7.017375260618843, 49.33784422664578], [7.018261671847269, 49.339681676571146], [7.016004021845482, 49.341548038807595], [7.017445976948833, 49.34389803004583], [7.01660916960904, 49.34593446904034], [7.021449494112229, 49.350848212165666], [7.024325190712284, 49.35035173287789], [7.027256510378584, 49.348893368003516], [7.02791595864519, 49.34778814083614], [7.035286064481269, 49.34819434907902], [7.041369127553944, 49.33643912378951], [6.995783777188034, 49.32091144949949], [6.994310344524254, 49.32109648617413]]]}}, {"type": "Feature", "properties": {"id": "33006", "name": "Station Saarwellingen", "operator": "Amprion", "population": 22643, "area_km2": 63.5, "data": true, "units": 1747, "net_mw": 24.64, "rooftop_mw": 16.7, "ground_mw": 7.94, "rooftop_share": 0.678, "new_mw_12m": 2.4, "growth_share": 0.097, "density_kw_km2": 388.1, "wind_mw": 0.0, "peak_load_mw": 47.54, "hvmv_mva": 151.0, "reinforced": {"transformers": 1, "lines": 9, "lv_grids_doubled": 6}, "lv_grids": 95, "lv_double_share": 0.895, "lv_no_room_share": 0.032, "rooftop_room_mw": 26.44, "firm_mw": 84.38, "firm_all_mw": 158.2, "n1_today_loading": 20.1, "flex_steps": [{"mw": 5, "pro_rata": 0.0, "lifo": [0.0, 0.0, 0.0, 0.0], "hours": 0}, {"mw": 10, "pro_rata": 0.0, "lifo": [0.0, 0.0, 0.0, 0.0], "hours": 0}, {"mw": 20, "pro_rata": 0.0, "lifo": [0.0, 0.0, 0.0, 0.0], "hours": 0}, {"mw": 40, "pro_rata": 0.0003, "lifo": [0.0, 0.0, 0.0, 0.0013], "hours": 9}, {"mw": 80, "pro_rata": 0.0434, "lifo": [0.0, 0.0007, 0.0372, 0.1356], "hours": 313}, {"mw": 160, "pro_rata": 0.1981, "lifo": [0.0003, 0.0864, 0.2799, 0.426], "hours": 938}, {"mw": 320, "pro_rata": 0.4093, "lifo": [0.0434, 0.3529, 0.5647, 0.6762], "hours": 1689}], "flex_prorata_mw": 40, "flex_lifo_mw": 40}, "geometry": {"type": "Polygon", "coordinates": [[[6.746549065706078, 49.3951512472389], [6.750098912186958, 49.394585060108845], [6.754263670706802, 49.39584948933672], [6.758170735493485, 49.3995463907969], [6.76338514151227, 49.401881378744044], [6.765215305540448, 49.401675922235974], [6.768570540063441, 49.402668903649506], [6.778406644830783, 49.40344732149757], [6.787233481013059, 49.40617418097111], [6.793068143445999, 49.40961801004758], [6.795270212202665, 49.411581858001234], [6.795949580997817, 49.41359490196578], [6.798689249379156, 49.41583767821432], [6.804996394226807, 49.412898673479674], [6.805743056183989, 49.41065603265169], [6.814855890331556, 49.40462806301468], [6.820162066529576, 49.40277956618686], [6.817202000541376, 49.3998535952122], [6.819047058284974, 49.39424572825303], [6.821879547608039, 49.39385695312192], [6.833233219560558, 49.397576072287954], [6.84108734216554, 49.397912699852334], [6.843325349543628, 49.393896957501504], [6.844976115693298, 49.39414812534998], [6.84507273731632, 49.39306145843367], [6.842993091219621, 49.393028603539996], [6.842891375735025, 49.39254063593421], [6.846358178353367, 49.39267086130533], [6.847513471593436, 49.392176962989325], [6.849924854502063, 49.38206868549736], [6.849346935979731, 49.3802485206335], [6.853016357823619, 49.37987237720857], [6.854328818219013, 49.3814818648041], [6.857066590251281, 49.38012990553733], [6.859193099571739, 49.38209868648336], [6.865400120567366, 49.38465904996068], [6.866375789725866, 49.38306974821106], [6.867925774246083, 49.38264206912118], [6.868266305074012, 49.38087864696193], [6.871513746394625, 49.37715576377772], [6.870350695380204, 49.374479665773855], [6.871252880117367, 49.371860566827316], [6.876992105811986, 49.37164922098713], [6.888836510166777, 49.3724172926472], [6.889841230432973, 49.37299890083832], [6.893438618136983, 49.373033352065406], [6.894980294027372, 49.37362299961564], [6.901733749487256, 49.37313668939113], [6.903791101135893, 49.3720138318551], [6.91572987311182, 49.3739166498882], [6.917871710050581, 49.37330935238183], [6.919835417302187, 49.37102127830803], [6.920602291259299, 49.36850616073244], [6.922044732553262, 49.36799193255811], [6.920008277872829, 49.36632790354478], [6.920146489510777, 49.36545050151461], [6.918408252813876, 49.365275631111636], [6.918262769118646, 49.363425257559776], [6.915875296061849, 49.36292464795399], [6.91279699099026, 49.3603859276226], [6.912000465096882, 49.36126103942633], [6.909027936356667, 49.36120227280187], [6.908915105625992, 49.36029806668063], [6.907311108831334, 49.360003662920796], [6.909028786671887, 49.35804110504376], [6.903709174079108, 49.35543046179674], [6.890339466246758, 49.352229064257166], [6.890866691522247, 49.35116582878172], [6.888928045847571, 49.35087705436698], [6.889210946464019, 49.35021964311122], [6.884024143839329, 49.34989982395556], [6.881424025608284, 49.34744756098209], [6.87701965239725, 49.346261029420695], [6.876502169267476, 49.34744138168491], [6.874038975203967, 49.34581475575978], [6.872021333030259, 49.34548756062763], [6.868721572601213, 49.34571465818481], [6.864324730924181, 49.34743111642402], [6.863059124761714, 49.346819101031116], [6.8680722684197, 49.34416882223777], [6.870476099827687, 49.344698967030645], [6.871972734231608, 49.34419918916759], [6.875631954089472, 49.337674195692585], [6.879642574301594, 49.335609946105265], [6.879970911531852, 49.33344993550574], [6.882220041368169, 49.33121678952398], [6.880115670353552, 49.32896952740942], [6.8775267065934, 49.328399761696154], [6.856771462519379, 49.31699337210259], [6.854662455097625, 49.316645785897165], [6.849352123579006, 49.31805088255759], [6.847759346609052, 49.32082585795148], [6.845740697808889, 49.329889460226156], [6.843066385507004, 49.32913152600669], [6.841436767605528, 49.33039223937501], [6.842205829188799, 49.33204759103681], [6.838667760434013, 49.333274175606164], [6.828655826453867, 49.334082538896574], [6.825864033614206, 49.33309969922576], [6.811419702930169, 49.33365344521903], [6.807451468109398, 49.334892230936866], [6.801121312287965, 49.335690645731276], [6.797773129999245, 49.33540600643334], [6.784492154880119, 49.33896341129811], [6.779590975534518, 49.34137734511182], [6.777726746838509, 49.34882628755391], [6.776339187846603, 49.35025754777707], [6.774979998430656, 49.35018406893593], [6.771165876864617, 49.35152837387413], [6.763640848604962, 49.36123145002778], [6.764049284188464, 49.362361895642444], [6.769331960974389, 49.36412246206218], [6.772561621032211, 49.36693166465896], [6.778750323848301, 49.36946064132408], [6.773520893759507, 49.3734035141824], [6.771748532248117, 49.377397281629555], [6.770306807901521, 49.37695390689252], [6.768508695167561, 49.38464042488749], [6.765424344009281, 49.38793812363544], [6.754953900613873, 49.385632344688496], [6.752259724237393, 49.38871693910786], [6.749980944275604, 49.38938387814991], [6.748442953089183, 49.39281802453676], [6.747180468952235, 49.3929024633712], [6.746549065706078, 49.3951512472389]]]}}, {"type": "Feature", "properties": {"id": "33318", "name": "Area Quierschied (33318)", "operator": "", "population": 8600, "area_km2": 9.3, "data": true, "units": 372, "net_mw": 6.33, "rooftop_mw": 2.73, "ground_mw": 3.6, "rooftop_share": 0.431, "new_mw_12m": 0.35, "growth_share": 0.055, "density_kw_km2": 681.1, "wind_mw": 0.0, "peak_load_mw": 10.26, "hvmv_mva": 50.0, "reinforced": {"transformers": 0, "lines": 0, "lv_grids_doubled": 1}, "lv_grids": 28, "lv_double_share": 0.893, "lv_no_room_share": 0.0, "rooftop_room_mw": 8.06, "firm_mw": 24.17, "firm_all_mw": 53.32, "n1_today_loading": 17.1, "flex_steps": [{"mw": 5, "pro_rata": 0.0, "lifo": [0.0, 0.0, 0.0, 0.0], "hours": 0}, {"mw": 10, "pro_rata": 0.0007, "lifo": [0.0, 0.0, 0.0, 0.003], "hours": 16}, {"mw": 20, "pro_rata": 0.0474, "lifo": [0.0, 0.0015, 0.0456, 0.1424], "hours": 315}, {"mw": 40, "pro_rata": 0.198, "lifo": [0.0007, 0.094, 0.2791, 0.418], "hours": 916}, {"mw": 80, "pro_rata": 0.4037, "lifo": [0.0474, 0.3485, 0.5546, 0.6641], "hours": 1636}, {"mw": 160, "pro_rata": 0.606, "lifo": [0.198, 0.6094, 0.7688, 0.8479], "hours": 2467}, {"mw": 320, "pro_rata": 0.7652, "lifo": [0.4037, 0.8084, 0.9066, 0.942], "hours": 3134}], "flex_prorata_mw": 10, "flex_lifo_mw": 10}, "geometry": {"type": "Polygon", "coordinates": [[[6.995783723791957, 49.32091142726398], [7.041368518771995, 49.336438993779495], [7.035286077067109, 49.348194350144794], [7.045102272013973, 49.350109395050346], [7.044662028859396, 49.343405256504255], [7.048205332967632, 49.34395501960884], [7.051279563923821, 49.34624657658819], [7.061307228464954, 49.34210503674343], [7.060164967923527, 49.33977360322618], [7.061182908934933, 49.33325812787183], [7.060533405708746, 49.33194145528715], [7.06223765231478, 49.33044758008143], [7.059829676903107, 49.327336148136844], [7.060901962709882, 49.323712902740134], [7.059530212516369, 49.31959161194066], [7.054871880272692, 49.315396577299325], [7.048878348279609, 49.31541974664385], [7.04262079592201, 49.31244759872762], [6.995783723791957, 49.32091142726398]]]}}, {"type": "Feature", "properties": {"id": "33476", "name": "Umspannanlage: St. Ingbert", "operator": "VSE", "population": 38145, "area_km2": 36.1, "data": true, "units": 1695, "net_mw": 26.36, "rooftop_mw": 17.84, "ground_mw": 8.53, "rooftop_share": 0.677, "new_mw_12m": 2.8, "growth_share": 0.106, "density_kw_km2": 730.3, "wind_mw": 0.0, "peak_load_mw": 65.61, "hvmv_mva": 151.0, "reinforced": {"transformers": 0, "lines": 3, "lv_grids_doubled": 1}, "lv_grids": 173, "lv_double_share": 0.931, "lv_no_room_share": 0.0, "rooftop_room_mw": 50.46, "firm_mw": 81.45, "firm_all_mw": 154.69, "n1_today_loading": 20.7, "flex_steps": [{"mw": 5, "pro_rata": 0.0, "lifo": [0.0, 0.0, 0.0, 0.0], "hours": 0}, {"mw": 10, "pro_rata": 0.0, "lifo": [0.0, 0.0, 0.0, 0.0], "hours": 0}, {"mw": 20, "pro_rata": 0.0, "lifo": [0.0, 0.0, 0.0, 0.0], "hours": 0}, {"mw": 40, "pro_rata": 0.0, "lifo": [0.0, 0.0, 0.0, 0.0], "hours": 0}, {"mw": 80, "pro_rata": 0.0151, "lifo": [0.0, 0.0, 0.0052, 0.0552], "hours": 156}, {"mw": 160, "pro_rata": 0.1434, "lifo": [0.0, 0.0302, 0.1933, 0.3502], "hours": 769}, {"mw": 320, "pro_rata": 0.3573, "lifo": [0.0151, 0.2717, 0.5103, 0.6322], "hours": 1524}], "flex_prorata_mw": 80, "flex_lifo_mw": 40}, "geometry": {"type": "Polygon", "coordinates": [[[7.031084974672308, 49.29687038134668], [7.037127490592995, 49.30072191351557], [7.042431027865682, 49.302596142423816], [7.036161487580809, 49.307437115567986], [7.037534360091111, 49.30921744456059], [7.039732372217893, 49.31005956632806], [7.044505448198855, 49.31359243382008], [7.048878313873644, 49.31541980509919], [7.054871880628346, 49.31539656835115], [7.056415172895695, 49.31462442826565], [7.063015742964179, 49.31515963322654], [7.063515750527998, 49.31337484563651], [7.064966822375474, 49.31426473496359], [7.067562781788478, 49.312633152497774], [7.069843751738464, 49.312711779129934], [7.076636775867983, 49.31479187306824], [7.076430532859033, 49.31865787046967], [7.077835414080655, 49.320614324174784], [7.081993454421365, 49.32259673612057], [7.086455371212088, 49.32209456135582], [7.087513048505317, 49.32088012771276], [7.087451281204419, 49.31746742109775], [7.089742423315698, 49.31606389067632], [7.106855864158989, 49.31559124565443], [7.108539126613946, 49.31399411653138], [7.115848530616425, 49.312683659200175], [7.117597946051343, 49.31111545334946], [7.115755666541965, 49.30833150043236], [7.111593226771237, 49.30603592125933], [7.106050072642824, 49.30438284368476], [7.102637497709897, 49.30416266706338], [7.102580346887668, 49.3032877342662], [7.100445328693482, 49.30339465124633], [7.099526000085327, 49.30280077423363], [7.123153098403353, 49.29532672303436], [7.132779869109116, 49.24048298795694], [7.12946463470351, 49.24032626679221], [7.128542376941345, 49.24269372108885], [7.130546525745282, 49.2439245345647], [7.130325449687946, 49.24472792480996], [7.125516134498803, 49.24525013597011], [7.122142044829755, 49.2488404325501], [7.118988462425874, 49.24933850829297], [7.117041184419897, 49.251776557519], [7.113828573006663, 49.25232780881667], [7.112896991460306, 49.255215971784786], [7.108249162712425, 49.2562892325395], [7.107658159821944, 49.254327544995206], [7.104297337296416, 49.25493676909338], [7.094711610551428, 49.25024482967775], [7.093659101452235, 49.24781758551004], [7.092324056465989, 49.246858573102415], [7.08636861594076, 49.24549796824306], [7.08528864784094, 49.24753621282757], [7.085617034019033, 49.24851883437363], [7.079420862157528, 49.249779836698984], [7.083198397572024, 49.2556487660402], [7.081424686820636, 49.25564901155035], [7.079520904661364, 49.25746400902979], [7.076269963126271, 49.25849047950144], [7.068398156086387, 49.256206065302344], [7.067280847972133, 49.257981882304215], [7.062693917444208, 49.26152456841793], [7.064347181855868, 49.263610307152774], [7.06210625327278, 49.26724275516135], [7.062578311986635, 49.27141768454491], [7.060918782254624, 49.274995625353945], [7.058040559395235, 49.278095391455174], [7.05416965185044, 49.28697279903686], [7.050365088119743, 49.28972865227099], [7.043317102412364, 49.29313686334332], [7.031084974672308, 49.29687038134668]]]}}, {"type": "Feature", "properties": {"id": "33005", "name": "Area P\u00fcttlingen (33005)", "operator": "", "population": 12868, "area_km2": 13.5, "data": true, "units": 894, "net_mw": 8.99, "rooftop_mw": 6.85, "ground_mw": 2.14, "rooftop_share": 0.762, "new_mw_12m": 0.72, "growth_share": 0.08, "density_kw_km2": 665.9, "wind_mw": 0.0, "peak_load_mw": 22.69, "hvmv_mva": 80.0, "reinforced": {"transformers": 0, "lines": 1, "lv_grids_doubled": 0}, "lv_grids": 37, "lv_double_share": 0.919, "lv_no_room_share": 0.0, "rooftop_room_mw": 12.67, "firm_mw": 40.72, "firm_all_mw": 87.3, "n1_today_loading": 12.9, "flex_steps": [{"mw": 5, "pro_rata": 0.0, "lifo": [0.0, 0.0, 0.0, 0.0], "hours": 0}, {"mw": 10, "pro_rata": 0.0, "lifo": [0.0, 0.0, 0.0, 0.0], "hours": 0}, {"mw": 20, "pro_rata": 0.0007, "lifo": [0.0, 0.0, 0.0, 0.0027], "hours": 15}, {"mw": 40, "pro_rata": 0.0517, "lifo": [0.0, 0.0013, 0.0478, 0.1575], "hours": 356}, {"mw": 80, "pro_rata": 0.2161, "lifo": [0.0007, 0.1027, 0.3062, 0.4548], "hours": 1017}, {"mw": 160, "pro_rata": 0.4298, "lifo": [0.0517, 0.3805, 0.588, 0.6989], "hours": 1760}, {"mw": 320, "pro_rata": 0.6322, "lifo": [0.2161, 0.6435, 0.7975, 0.8717], "hours": 2609}], "flex_prorata_mw": 20, "flex_lifo_mw": 20}, "geometry": {"type": "Polygon", "coordinates": [[[6.855672394560484, 49.27210626656768], [6.858181217441065, 49.27532171360424], [6.856325143768693, 49.27638740153016], [6.856276294062301, 49.278484189728665], [6.855223118447524, 49.27966594003984], [6.85631248220802, 49.28145751051568], [6.858674025589451, 49.28189486570141], [6.857233844273847, 49.283468784546216], [6.856534323568042, 49.28706661120073], [6.860610868354368, 49.28649643646723], [6.862018413308507, 49.28809997558038], [6.864979501576754, 49.28753873524977], [6.8669010050991, 49.29034704695934], [6.862944219534671, 49.29187657068836], [6.859717622883037, 49.29466306362724], [6.86273666738391, 49.296255898650166], [6.866910243901534, 49.29423846300405], [6.867715133182804, 49.291806692288596], [6.869802872940833, 49.29313427038914], [6.873033989018701, 49.29721029797631], [6.875343110152635, 49.29854566566537], [6.878950434288718, 49.29892609369306], [6.880447826364922, 49.300969914274425], [6.879604593734638, 49.3032688678049], [6.875233742459501, 49.30857508522252], [6.875588446671541, 49.310811032617984], [6.882304820318011, 49.31612357434475], [6.918445412883155, 49.27688414864686], [6.916009805614546, 49.27564235401956], [6.913928785772494, 49.27254100752691], [6.911096094150546, 49.27084743832472], [6.909253541638427, 49.26842899192573], [6.906033614459314, 49.266947907080635], [6.90378972139836, 49.26389917087297], [6.904343991026293, 49.26285930288594], [6.900221394208319, 49.262601105332436], [6.895917551877292, 49.265678122755624], [6.892407896366688, 49.26660108196307], [6.887034482549418, 49.26632022056021], [6.885241507765616, 49.26527186342971], [6.882858137117432, 49.265672417492375], [6.878713025122337, 49.268710492019025], [6.878517236777996, 49.273240936226145], [6.876332859480438, 49.2740093847878], [6.863486468253723, 49.27179222943302], [6.859661412436107, 49.27286604343115], [6.855672394560484, 49.27210626656768]]]}}, {"type": "Feature", "properties": {"id": "35498", "name": "UA Hilschbach", "operator": "VSE", "population": 33157, "area_km2": 54.0, "data": true, "units": 2474, "net_mw": 26.06, "rooftop_mw": 20.96, "ground_mw": 5.1, "rooftop_share": 0.804, "new_mw_12m": 2.58, "growth_share": 0.099, "density_kw_km2": 482.6, "wind_mw": 3.0, "peak_load_mw": 52.53, "hvmv_mva": 151.0, "reinforced": {"transformers": 2, "lines": 9, "lv_grids_doubled": 2}, "lv_grids": 113, "lv_double_share": 0.841, "lv_no_room_share": 0.027, "rooftop_room_mw": 36.02, "firm_mw": 80.27, "firm_all_mw": 154.69, "n1_today_loading": 25.0, "flex_steps": [{"mw": 5, "pro_rata": 0.0, "lifo": [0.0, 0.0, 0.0, 0.0], "hours": 0}, {"mw": 10, "pro_rata": 0.0, "lifo": [0.0, 0.0, 0.0, 0.0], "hours": 0}, {"mw": 20, "pro_rata": 0.0, "lifo": [0.0, 0.0, 0.0, 0.0], "hours": 0}, {"mw": 40, "pro_rata": 0.0, "lifo": [0.0, 0.0, 0.0, 0.0], "hours": 0}, {"mw": 80, "pro_rata": 0.0258, "lifo": [0.0, 0.0, 0.0133, 0.0898], "hours": 221}, {"mw": 160, "pro_rata": 0.17, "lifo": [0.0, 0.0516, 0.237, 0.3915], "hours": 861}, {"mw": 320, "pro_rata": 0.3846, "lifo": [0.0258, 0.3143, 0.541, 0.6574], "hours": 1620}], "flex_prorata_mw": 80, "flex_lifo_mw": 40}, "geometry": {"type": "Polygon", "coordinates": [[[6.863057657945838, 49.346818408284975], [6.864324271062768, 49.347431271058426], [6.868721606515115, 49.34571472141812], [6.872021252182452, 49.3454875744413], [6.874039058041447, 49.34581482651187], [6.87650314712847, 49.347442223262554], [6.877021015489099, 49.34626132677402], [6.881424065571451, 49.34744758644717], [6.884023953537418, 49.349899868687736], [6.889210043680711, 49.35021973337976], [6.888927145635443, 49.35087699081013], [6.890866236942997, 49.351166210594194], [6.890338365321657, 49.35222901838259], [6.90370943029621, 49.355430563906545], [6.90902824686429, 49.358040934358264], [6.907310101699867, 49.36000364068048], [6.908914879342569, 49.360298188353426], [6.909026710484744, 49.36120224401989], [6.912000699283428, 49.36126111954402], [6.912798185068528, 49.36038660796701], [6.915875232698439, 49.362924698040054], [6.918262539849018, 49.36342537266733], [6.918408186132107, 49.36527602067826], [6.920146081096282, 49.36545070759116], [6.92000807808108, 49.366327760824404], [6.922044745270975, 49.36799192866963], [6.924196154145486, 49.3680258067554], [6.927621269331636, 49.366498412976725], [6.931373824102979, 49.367546688197784], [6.932019569507222, 49.375389031975466], [6.935224384951037, 49.37550862166595], [6.936255052690779, 49.37258770378678], [6.937754709799208, 49.37244583572294], [6.938287138505749, 49.374011610113605], [6.93712114947956, 49.37671247441081], [6.939886996528621, 49.37735839130319], [6.940767181715989, 49.376287841921915], [6.944277864095683, 49.377668339792756], [6.949431756883493, 49.37369984006238], [6.956151219463818, 49.37378306139782], [6.95856060025205, 49.370850887019785], [6.958343466162174, 49.36893483486851], [6.956776985616942, 49.36774172236723], [6.957443750877941, 49.366925195751854], [6.956195753479708, 49.3659039703523], [6.960644905921606, 49.36222582592024], [6.962660671064682, 49.35956972543974], [6.963669696003893, 49.359538089291746], [6.964558334693404, 49.35665701155005], [6.970155572100821, 49.35590536460449], [6.978196787890536, 49.35885911716203], [6.980726075265784, 49.357461434971285], [6.991990936641601, 49.35914605906832], [6.997388720284835, 49.35810759099966], [7.000148421500294, 49.35902192467677], [7.004496728523692, 49.35932823966473], [7.016108148623108, 49.3585357588298], [7.022392815534941, 49.358757230459126], [7.02025192323593, 49.35500775552256], [7.013919395763899, 49.34977843081268], [7.020373605630009, 49.34971625717124], [7.016609291275533, 49.34593445643071], [7.017446060178488, 49.34389812341661], [7.016004253478957, 49.341547965697764], [7.018261825291972, 49.339681783990265], [7.017375292614973, 49.33784425553792], [7.012083184254515, 49.3336727487603], [7.004190940010482, 49.33059076390546], [7.001667492093828, 49.32721668077881], [7.002797080239851, 49.32645896634282], [7.002311294546865, 49.323670149497225], [6.999553078056482, 49.32502474806911], [6.993554800260165, 49.320569547456984], [6.986408208703214, 49.31769874294316], [6.981733751237642, 49.321703951906606], [6.978172615345562, 49.320863140033154], [6.976750139091815, 49.31959377736235], [6.971317675356091, 49.318153452054], [6.967773832768787, 49.31614200245865], [6.965556948704355, 49.31294746584866], [6.963813512742411, 49.30444511829955], [6.958555306808909, 49.29955160383997], [6.955113109833105, 49.29243049304995], [6.952193061834302, 49.29102765868285], [6.95200851097048, 49.28859149691189], [6.949388957017566, 49.286996347647786], [6.945487059259438, 49.28614346682058], [6.933039330477665, 49.28673044049748], [6.930845614471193, 49.285868220143925], [6.930480116262243, 49.283929404800084], [6.923259955005379, 49.283276421536996], [6.919331885519438, 49.285186582446926], [6.927527041028423, 49.289022840252855], [6.92851783916292, 49.29088257739571], [6.926821038419611, 49.29222452730085], [6.92818124730403, 49.292988716074], [6.921970474582395, 49.29542033091474], [6.921206067151245, 49.29717915176516], [6.927430957050692, 49.302631558638026], [6.923869555682933, 49.304720719688916], [6.928658162180163, 49.308817745215705], [6.927968978085024, 49.31160573284587], [6.92919666723915, 49.31299778176959], [6.926371504143325, 49.31434753770378], [6.920283005396731, 49.31478365822634], [6.913965265412426, 49.316075984010126], [6.912493988219437, 49.31586710575391], [6.910226394859269, 49.317108510994785], [6.905610274817237, 49.32250153243592], [6.901379476590694, 49.325086132441115], [6.896484784225676, 49.32586593281712], [6.889000706083864, 49.32497733329785], [6.875303912636203, 49.32694986751094], [6.87752669184241, 49.32839977727611], [6.880115744268002, 49.32896961462786], [6.882219803024698, 49.33121652127973], [6.879970823934335, 49.33344999759834], [6.879642488520286, 49.33560991730898], [6.875631982306116, 49.3376740987331], [6.871972663625933, 49.3441991481319], [6.870476091685759, 49.344698895252385], [6.868072627877214, 49.344168610850225], [6.863057657945838, 49.346818408284975]]]}}, {"type": "Feature", "properties": {"id": "33378", "name": "Area Saarlouis", "operator": "", "population": 30917, "area_km2": 25.8, "data": true, "units": 1441, "net_mw": 17.41, "rooftop_mw": 15.76, "ground_mw": 1.65, "rooftop_share": 0.905, "new_mw_12m": 1.61, "growth_share": 0.092, "density_kw_km2": 674.8, "wind_mw": 0.0, "peak_load_mw": 124.52, "hvmv_mva": 315.0, "reinforced": {"transformers": 1, "lines": 5, "lv_grids_doubled": 4}, "lv_grids": 113, "lv_double_share": 0.867, "lv_no_room_share": 0.027, "rooftop_room_mw": 38.15, "firm_mw": 290.62, "firm_all_mw": 367.97, "n1_today_loading": 24.5, "flex_steps": [{"mw": 5, "pro_rata": 0.0, "lifo": [0.0, 0.0, 0.0, 0.0], "hours": 0}, {"mw": 10, "pro_rata": 0.0, "lifo": [0.0, 0.0, 0.0, 0.0], "hours": 0}, {"mw": 20, "pro_rata": 0.0, "lifo": [0.0, 0.0, 0.0, 0.0], "hours": 0}, {"mw": 40, "pro_rata": 0.0, "lifo": [0.0, 0.0, 0.0, 0.0], "hours": 0}, {"mw": 80, "pro_rata": 0.0, "lifo": [0.0, 0.0, 0.0, 0.0], "hours": 0}, {"mw": 160, "pro_rata": 0.013, "lifo": [0.0, 0.0, 0.0049, 0.047], "hours": 123}, {"mw": 320, "pro_rata": 0.1202, "lifo": [0.0, 0.026, 0.1589, 0.2958], "hours": 633}], "flex_prorata_mw": 160, "flex_lifo_mw": 80}, "geometry": {"type": "Polygon", "coordinates": [[[6.708964320836618, 49.317527994891364], [6.711280350842671, 49.31893772090425], [6.714280341271039, 49.31724688007293], [6.716484482024446, 49.318815924075395], [6.716851607497058, 49.3211520439519], [6.718962253069789, 49.32076400653541], [6.719372309854885, 49.32203851188037], [6.720491760365399, 49.321301765555205], [6.723997725509411, 49.3226080883876], [6.722054584855812, 49.324200381606985], [6.727035670446337, 49.325520626884156], [6.728457208816071, 49.32497423297116], [6.734104516399662, 49.32868491313887], [6.73170469170893, 49.33309942029069], [6.719661252192811, 49.339198111889495], [6.729263760613615, 49.34242088056593], [6.732295516118151, 49.34487176010615], [6.7402294348484, 49.347498774129434], [6.741958886224304, 49.350465044179835], [6.749454432046267, 49.35212634694529], [6.752690900744622, 49.3552720197475], [6.753859530476228, 49.35845615267969], [6.75755111031666, 49.35956082493874], [6.756711318233159, 49.3609650199922], [6.757782178273446, 49.361910372305836], [6.763640839248446, 49.361231446385844], [6.771165824269939, 49.3515284587648], [6.774979881177283, 49.350184124517355], [6.77633907648891, 49.350257765501006], [6.777726794647136, 49.34882623823395], [6.779591042997411, 49.34137737402729], [6.784491931213767, 49.338963503072996], [6.797773018480519, 49.33540604722947], [6.801121366886965, 49.33569065053833], [6.807451554960178, 49.33489221997972], [6.811419640893901, 49.333653465034935], [6.81561879947135, 49.333529949924475], [6.814792625173357, 49.32777462394315], [6.810153680030155, 49.332368717326894], [6.805189311350542, 49.33080080335691], [6.804255455170826, 49.328608547364844], [6.79582362141256, 49.32859196505657], [6.798913059602967, 49.32139846315028], [6.796560530857922, 49.3208166066842], [6.77899507589903, 49.32223566274473], [6.780071359888016, 49.31952447044818], [6.776517411718918, 49.32075774796108], [6.771749830149584, 49.31987935597413], [6.772646766899798, 49.31808050821431], [6.77246835970126, 49.315408568075085], [6.765158684113498, 49.30275440378265], [6.764789959524807, 49.29934650365581], [6.765505528681415, 49.28724772793972], [6.772001032259147, 49.28006387680707], [6.768638629662996, 49.27812968221724], [6.759608866799468, 49.29584082211516], [6.734249989277402, 49.297587556299355], [6.709819601676163, 49.31768061632439], [6.708964320836618, 49.317527994891364]]]}}, {"type": "Feature", "properties": {"id": "33386", "name": "Area Spiesen-Elversberg", "operator": "", "population": 3709, "area_km2": 19.8, "data": true, "units": 160, "net_mw": 7.99, "rooftop_mw": 5.75, "ground_mw": 2.25, "rooftop_share": 0.719, "new_mw_12m": 0.13, "growth_share": 0.016, "density_kw_km2": 403.6, "wind_mw": 7.5, "peak_load_mw": 9.72, "hvmv_mva": 50.0, "reinforced": {"transformers": 0, "lines": 0, "lv_grids_doubled": 2}, "lv_grids": 25, "lv_double_share": 0.92, "lv_no_room_share": 0.0, "rooftop_room_mw": 4.29, "firm_mw": 14.36, "firm_all_mw": 43.65, "n1_today_loading": 51.1, "flex_steps": [{"mw": 5, "pro_rata": 0.0, "lifo": [0.0, 0.0, 0.0, 0.0], "hours": 0}, {"mw": 10, "pro_rata": 0.0, "lifo": [0.0, 0.0, 0.0, 0.0], "hours": 0}, {"mw": 20, "pro_rata": 0.003, "lifo": [0.0, 0.0, 0.0001, 0.0118], "hours": 61}, {"mw": 40, "pro_rata": 0.1173, "lifo": [0.0, 0.0059, 0.1405, 0.3229], "hours": 726}, {"mw": 80, "pro_rata": 0.3427, "lifo": [0.003, 0.2317, 0.4994, 0.6368], "hours": 1550}, {"mw": 160, "pro_rata": 0.5707, "lifo": [0.1173, 0.5681, 0.7546, 0.8429], "hours": 2443}, {"mw": 320, "pro_rata": 0.7471, "lifo": [0.3427, 0.7988, 0.9051, 0.942], "hours": 3141}], "flex_prorata_mw": 20, "flex_lifo_mw": 20}, "geometry": {"type": "Polygon", "coordinates": [[[7.105953484016934, 49.331871971402755], [7.114192180924856, 49.334029721207045], [7.114241082316269, 49.33627313013479], [7.121733678150624, 49.33806917405087], [7.118801376587097, 49.33970076485326], [7.119202282988234, 49.341125198722544], [7.120760616877303, 49.3416837699385], [7.124517911571386, 49.34150818449207], [7.124509521606132, 49.342903304685976], [7.125756127163322, 49.34457963551227], [7.136766390134591, 49.350699454775885], [7.139177036233114, 49.35308587057724], [7.141166680899002, 49.35642633320014], [7.140363125047741, 49.3575402734017], [7.142100570946334, 49.35828771117825], [7.139572954318152, 49.36105983582762], [7.141685216244922, 49.36235493599211], [7.142146327986548, 49.36857287340669], [7.148379966038446, 49.36956037271361], [7.149062964205073, 49.381484971567104], [7.152934245863293, 49.38708421740568], [7.153775413353738, 49.39005375904507], [7.163498877813431, 49.390675579076714], [7.170694477105595, 49.39389929711151], [7.169009391986259, 49.32367261439719], [7.160170599475818, 49.32298721516687], [7.158369579517976, 49.32153789340268], [7.155471348207834, 49.321811845401974], [7.14763000140497, 49.31988543219403], [7.14435148130696, 49.319623680812555], [7.14060101438284, 49.31993672177001], [7.134863488729263, 49.322007105663744], [7.129836266436927, 49.321208303394485], [7.127972013324009, 49.32225088015898], [7.120019353362266, 49.32015713855982], [7.109094412178496, 49.32775062379719], [7.105953484016934, 49.331871971402755]]]}}, {"type": "Feature", "properties": {"id": "33003", "name": "Area Saarbr\u00fccken", "operator": "", "population": 66474, "area_km2": 46.1, "data": true, "units": 1377, "net_mw": 14.3, "rooftop_mw": 14.29, "ground_mw": 0.01, "rooftop_share": 0.999, "new_mw_12m": 3.05, "growth_share": 0.213, "density_kw_km2": 310.3, "wind_mw": 1.5, "peak_load_mw": 110.66, "hvmv_mva": 252.0, "reinforced": {"transformers": 1, "lines": 5, "lv_grids_doubled": 1}, "lv_grids": 216, "lv_double_share": 0.917, "lv_no_room_share": 0.009, "rooftop_room_mw": 54.98, "firm_mw": 205.08, "firm_all_mw": 278.91, "n1_today_loading": 8.4, "flex_steps": [{"mw": 5, "pro_rata": 0.0, "lifo": [0.0, 0.0, 0.0, 0.0], "hours": 0}, {"mw": 10, "pro_rata": 0.0, "lifo": [0.0, 0.0, 0.0, 0.0], "hours": 0}, {"mw": 20, "pro_rata": 0.0, "lifo": [0.0, 0.0, 0.0, 0.0], "hours": 0}, {"mw": 40, "pro_rata": 0.0, "lifo": [0.0, 0.0, 0.0, 0.0], "hours": 0}, {"mw": 80, "pro_rata": 0.0, "lifo": [0.0, 0.0, 0.0, 0.0], "hours": 0}, {"mw": 160, "pro_rata": 0.0261, "lifo": [0.0, 0.0, 0.0144, 0.0901], "hours": 222}, {"mw": 320, "pro_rata": 0.1682, "lifo": [0.0, 0.0522, 0.2341, 0.3865], "hours": 852}], "flex_prorata_mw": 160, "flex_lifo_mw": 80}, "geometry": {"type": "Polygon", "coordinates": [[[6.978865805764403, 49.286207975813056], [6.988586948324294, 49.318399421837476], [6.99355485004363, 49.32056956682205], [7.005843664435622, 49.31280228547127], [7.005878836204096, 49.310614947144984], [7.006828858906611, 49.3094828311273], [7.007097547674282, 49.30230215195181], [7.015872235379213, 49.29588631310725], [7.013225811248312, 49.29362814085006], [7.010895231389723, 49.28995558434093], [7.004194269303023, 49.28647346890725], [7.01130727578005, 49.286694227984405], [7.014118562082551, 49.28533205748453], [7.031084965371696, 49.296870374661296], [7.038967351220443, 49.294841813152026], [7.050365225765897, 49.28972857367415], [7.054169757277562, 49.286972740072436], [7.058040535145661, 49.278095437967174], [7.060918756965246, 49.27499567987248], [7.06257836795589, 49.27141756385891], [7.062106280666416, 49.26724275797414], [7.06434731176134, 49.26361030316442], [7.062694336181456, 49.26152453626425], [7.067280892971191, 49.25798185210225], [7.080901142075041, 49.2385806804639], [6.995624735553817, 49.20555613452046], [7.002553136151108, 49.2603861354712], [6.978865805764403, 49.286207975813056]]]}}, {"type": "Feature", "properties": {"id": "33630", "name": "Schaffhausen", "operator": "", "population": 17906, "area_km2": 25.8, "data": true, "units": 1062, "net_mw": 7.23, "rooftop_mw": 7.22, "ground_mw": 0.01, "rooftop_share": 0.999, "new_mw_12m": 1.04, "growth_share": 0.143, "density_kw_km2": 280.2, "wind_mw": 0.0, "peak_load_mw": 25.78, "hvmv_mva": 80.0, "reinforced": {"transformers": 0, "lines": 0, "lv_grids_doubled": 0}, "lv_grids": 44, "lv_double_share": 0.886, "lv_no_room_share": 0.045, "rooftop_room_mw": 14.84, "firm_mw": 42.19, "firm_all_mw": 89.06, "n1_today_loading": 10.0, "flex_steps": [{"mw": 5, "pro_rata": 0.0, "lifo": [0.0, 0.0, 0.0, 0.0], "hours": 0}, {"mw": 10, "pro_rata": 0.0, "lifo": [0.0, 0.0, 0.0, 0.0], "hours": 0}, {"mw": 20, "pro_rata": 0.0001, "lifo": [0.0, 0.0, 0.0, 0.0003], "hours": 3}, {"mw": 40, "pro_rata": 0.0386, "lifo": [0.0, 0.0002, 0.0284, 0.1259], "hours": 302}, {"mw": 80, "pro_rata": 0.196, "lifo": [0.0001, 0.0771, 0.2772, 0.4296], "hours": 953}, {"mw": 160, "pro_rata": 0.4119, "lifo": [0.0386, 0.3534, 0.5711, 0.6846], "hours": 1710}, {"mw": 320, "pro_rata": 0.6187, "lifo": [0.196, 0.6278, 0.7868, 0.8642], "hours": 2571}], "flex_prorata_mw": 20, "flex_lifo_mw": 20}, "geometry": {"type": "Polygon", "coordinates": [[[6.719738951500074, 49.22110851982466], [6.723170951017245, 49.22538550269729], [6.725311646644357, 49.24157073613672], [6.729729586973207, 49.24242181643005], [6.735991252805751, 49.24256025670072], [6.736493917924973, 49.24950313937039], [6.73843238997185, 49.25022563363062], [6.743957231179169, 49.25030285282349], [6.745355721318255, 49.25442049015793], [6.753114709122901, 49.251086048227194], [6.755635137012447, 49.25087327513522], [6.756543685800154, 49.25422668095451], [6.755966991248459, 49.25491908743439], [6.762593908129086, 49.261714860023694], [6.76360044038944, 49.260451932924894], [6.765018059982565, 49.261156066330365], [6.781169102304369, 49.27171665721906], [6.782142473235281, 49.27319005881545], [6.780468599798865, 49.274368558215016], [6.794611394279365, 49.27375537408929], [6.80513954544889, 49.271094140538565], [6.828357404542817, 49.268595492851695], [6.829825026103903, 49.26776084564212], [6.828639797718976, 49.26544321649433], [6.838749176085809, 49.25647912803645], [6.833545201853759, 49.25633627769487], [6.833215633683572, 49.258477683836375], [6.823487385684103, 49.2559711983215], [6.818892482931719, 49.24912886574812], [6.810606386828822, 49.24093115574949], [6.80567897685201, 49.23971527242906], [6.797839595656294, 49.23976555423839], [6.798689519325638, 49.236062556480185], [6.797646184310458, 49.23427915703124], [6.795080046349642, 49.23320537114209], [6.793698401878459, 49.233465952872415], [6.793607033719941, 49.235723117032705], [6.792101270199175, 49.23597981671608], [6.784625739920778, 49.232517421883756], [6.782103333827433, 49.22813767395266], [6.776529337630732, 49.22553005457526], [6.772744623457689, 49.225215194999656], [6.766999633888166, 49.222871590716835], [6.763331027842298, 49.22372210125955], [6.759799502499999, 49.22333425656523], [6.741667087230717, 49.22608765242935], [6.740720955050546, 49.2288563448392], [6.735719312968197, 49.22652760087836], [6.732662164981241, 49.22394820054047], [6.729965754146823, 49.223082900024636], [6.723465468224483, 49.218829232866184], [6.719738951500074, 49.22110851982466]]]}}, {"type": "Feature", "properties": {"id": "31413", "name": "Umspannanlage Geislautern", "operator": "", "population": 5952, "area_km2": 11.5, "data": true, "units": 601, "net_mw": 8.06, "rooftop_mw": 4.71, "ground_mw": 3.34, "rooftop_share": 0.585, "new_mw_12m": 0.68, "growth_share": 0.084, "density_kw_km2": 700.7, "wind_mw": 0.0, "peak_load_mw": 13.64, "hvmv_mva": 50.0, "reinforced": {"transformers": 0, "lines": 0, "lv_grids_doubled": 0}, "lv_grids": 45, "lv_double_share": 0.822, "lv_no_room_share": 0.022, "rooftop_room_mw": 6.23, "firm_mw": 23.14, "firm_all_mw": 52.44, "n1_today_loading": 21.0, "flex_steps": [{"mw": 5, "pro_rata": 0.0, "lifo": [0.0, 0.0, 0.0, 0.0], "hours": 0}, {"mw": 10, "pro_rata": 0.0, "lifo": [0.0, 0.0, 0.0, 0.0], "hours": 0}, {"mw": 20, "pro_rata": 0.0247, "lifo": [0.0, 0.0, 0.0142, 0.0846], "hours": 209}, {"mw": 40, "pro_rata": 0.1582, "lifo": [0.0, 0.0494, 0.2188, 0.3647], "hours": 788}, {"mw": 80, "pro_rata": 0.365, "lifo": [0.0247, 0.2918, 0.5135, 0.6299], "hours": 1508}, {"mw": 160, "pro_rata": 0.5747, "lifo": [0.1582, 0.5717, 0.7414, 0.8274], "hours": 2358}, {"mw": 320, "pro_rata": 0.7444, "lifo": [0.365, 0.7844, 0.8939, 0.9344], "hours": 3063}], "flex_prorata_mw": 20, "flex_lifo_mw": 10}, "geometry": {"type": "Polygon", "coordinates": [[[6.789721104870048, 49.1905416814537], [6.816808390180019, 49.24357741258174], [6.861438776757026, 49.24474708300365], [6.865639708228223, 49.230417651054445], [6.862970049252178, 49.2302779976455], [6.863113760528866, 49.2312365154461], [6.859364319246138, 49.23166254104556], [6.855427323961739, 49.2300535273314], [6.854649127000387, 49.228871650807974], [6.852260440118352, 49.22932155213744], [6.852768843533933, 49.23054762442394], [6.848689701177206, 49.23282814917945], [6.841186744709457, 49.22987330679314], [6.841212133372244, 49.22917151484692], [6.839039631820012, 49.22790281713263], [6.835709359791709, 49.22721768048322], [6.835405487281896, 49.225424532051726], [6.831624528985595, 49.22523787680807], [6.829338782287592, 49.22437961298024], [6.827222287685425, 49.22040161740412], [6.828359596782056, 49.21954748945875], [6.829544768753072, 49.2198742014143], [6.829331523150678, 49.21834509748043], [6.832977540465391, 49.214159498170105], [6.830375358439182, 49.2129486122042], [6.82824198239028, 49.215319146424285], [6.824794953369708, 49.21403483294892], [6.814726248362257, 49.205678786981416], [6.802018924674275, 49.19916025081664], [6.802994015387689, 49.19743844807206], [6.802329461551945, 49.19472871071292], [6.803167601806579, 49.19252583846406], [6.794744198130018, 49.19238626379993], [6.789721104870048, 49.1905416814537]]]}}, {"type": "Feature", "properties": {"id": "33019", "name": "Schaltanlage St. Barbara", "operator": "Amprion / STEAG", "population": 16066, "area_km2": 24.9, "data": true, "units": 988, "net_mw": 10.55, "rooftop_mw": 10.55, "ground_mw": 0.0, "rooftop_share": 1.0, "new_mw_12m": 0.95, "growth_share": 0.09, "density_kw_km2": 423.8, "wind_mw": 6.6, "peak_load_mw": 23.5, "hvmv_mva": 80.0, "reinforced": {"transformers": 1, "lines": 12, "lv_grids_doubled": 4}, "lv_grids": 68, "lv_double_share": 0.853, "lv_no_room_share": 0.015, "rooftop_room_mw": 21.47, "firm_mw": 31.05, "firm_all_mw": 77.93, "n1_today_loading": 33.4, "flex_steps": [{"mw": 5, "pro_rata": 0.0, "lifo": [0.0, 0.0, 0.0, 0.0], "hours": 0}, {"mw": 10, "pro_rata": 0.0, "lifo": [0.0, 0.0, 0.0, 0.0], "hours": 0}, {"mw": 20, "pro_rata": 0.0, "lifo": [0.0, 0.0, 0.0, 0.0], "hours": 0}, {"mw": 40, "pro_rata": 0.0171, "lifo": [0.0, 0.0, 0.0039, 0.0643], "hours": 186}, {"mw": 80, "pro_rata": 0.1666, "lifo": [0.0, 0.0341, 0.2291, 0.403], "hours": 898}, {"mw": 160, "pro_rata": 0.3939, "lifo": [0.0171, 0.3161, 0.5601, 0.6822], "hours": 1712}, {"mw": 320, "pro_rata": 0.611, "lifo": [0.1666, 0.6212, 0.7887, 0.8677], "hours": 2588}], "flex_prorata_mw": 40, "flex_lifo_mw": 20}, "geometry": {"type": "Polygon", "coordinates": [[[7.219778682789879, 49.364100478231705], [7.219849083734231, 49.3669028517754], [7.221017474643542, 49.369377210790006], [7.236878446227039, 49.37965295844746], [7.239049726270101, 49.382813538937505], [7.242714552552773, 49.38449539836271], [7.250673536139808, 49.38569810348886], [7.249227678471985, 49.38875301069418], [7.25281667652948, 49.38989272294694], [7.25096454055811, 49.39098287627286], [7.251219088971137, 49.39190862655716], [7.254625554511512, 49.39559066567577], [7.255231905145098, 49.397436020729884], [7.261670974534863, 49.39708116828592], [7.266114237755906, 49.39747901463652], [7.269021863953068, 49.39855296055793], [7.274195426021629, 49.40204187898296], [7.285054481742041, 49.40244244002955], [7.289331182423351, 49.405752046850765], [7.292158099953852, 49.40680506176625], [7.292601486759384, 49.408222442368775], [7.297219213807253, 49.4045809976317], [7.294243388567025, 49.40101148392042], [7.298941255937627, 49.39851935605166], [7.289657854860965, 49.39329472487238], [7.292144377916831, 49.3928488589743], [7.289341417175995, 49.388814895972814], [7.296756680842673, 49.38928376641262], [7.297267882882587, 49.38819481562742], [7.299504003905628, 49.38797237185399], [7.299385705501814, 49.389297234031886], [7.303992932864369, 49.38875370434666], [7.30140679348428, 49.38482794400992], [7.295576434209985, 49.385391439395335], [7.28449667606263, 49.38442716990968], [7.279551223161615, 49.38515910594271], [7.274076236719189, 49.38330972377731], [7.275390684483406, 49.3756490165769], [7.27703190553396, 49.37502938818597], [7.278432708401003, 49.37306151964805], [7.278943404552642, 49.37141045947837], [7.277995507215927, 49.371060777062105], [7.278252819042717, 49.3701655107166], [7.279509460605505, 49.37009325654711], [7.280356864613235, 49.36777333651542], [7.283453762091852, 49.367685661769954], [7.285462939819518, 49.364654707854115], [7.285752149386555, 49.36260099979655], [7.284517531348276, 49.360674741077865], [7.297815760869225, 49.35886620261485], [7.30581638041519, 49.359201619510145], [7.300652660722307, 49.33909945470703], [7.293260708268122, 49.338945598513796], [7.286777009844641, 49.337687471908254], [7.285142786698667, 49.33801232067243], [7.284710692105036, 49.33720559549514], [7.285898888728836, 49.33673655098101], [7.285772880817536, 49.335872921699696], [7.283981386164791, 49.335117413442426], [7.28438317532075, 49.33326648358157], [7.285472371468348, 49.332048688817125], [7.286472932657647, 49.33250820109152], [7.287527095401428, 49.3319932539878], [7.287257338687505, 49.330436567002586], [7.280756802669544, 49.32702633061724], [7.278389778757683, 49.32495984112908], [7.284241833440608, 49.33782408358756], [7.242537375949839, 49.34896837277814], [7.242391664990145, 49.35167432872167], [7.237415111298558, 49.360369647843704], [7.233005223519461, 49.36198880777283], [7.226457497326892, 49.36078332982162], [7.225157962319988, 49.360025108142715], [7.222153668455833, 49.361423341451356], [7.222449051936318, 49.36354811275724], [7.219778682789879, 49.364100478231705]]]}}, {"type": "Feature", "properties": {"id": "35870", "name": "Unterwerk Saarbr\u00fccken", "operator": "DB Energie GmbH", "population": 89869, "area_km2": 79.0, "data": true, "units": 1448, "net_mw": 20.61, "rooftop_mw": 19.75, "ground_mw": 0.86, "rooftop_share": 0.958, "new_mw_12m": 2.11, "growth_share": 0.102, "density_kw_km2": 260.9, "wind_mw": 3.0, "peak_load_mw": 203.97, "hvmv_mva": 480.0, "reinforced": {"transformers": 3, "lines": 14, "lv_grids_doubled": 2}, "lv_grids": 310, "lv_double_share": 0.91, "lv_no_room_share": 0.019, "rooftop_room_mw": 63.56, "firm_mw": 501.56, "firm_all_mw": 548.44, "n1_today_loading": 13.4, "flex_steps": [{"mw": 5, "pro_rata": 0.0, "lifo": [0.0, 0.0, 0.0, 0.0], "hours": 0}, {"mw": 10, "pro_rata": 0.0, "lifo": [0.0, 0.0, 0.0, 0.0], "hours": 0}, {"mw": 20, "pro_rata": 0.0, "lifo": [0.0, 0.0, 0.0, 0.0], "hours": 0}, {"mw": 40, "pro_rata": 0.0, "lifo": [0.0, 0.0, 0.0, 0.0], "hours": 0}, {"mw": 80, "pro_rata": 0.0, "lifo": [0.0, 0.0, 0.0, 0.0], "hours": 0}, {"mw": 160, "pro_rata": 0.0, "lifo": [0.0, 0.0, 0.0, 0.0], "hours": 1}, {"mw": 320, "pro_rata": 0.0268, "lifo": [0.0, 0.0, 0.0172, 0.09], "hours": 217}], "flex_prorata_mw": 320, "flex_lifo_mw": 160}, "geometry": {"type": "Polygon", "coordinates": [[[6.827222168120047, 49.22040159366522], [6.8293386291901, 49.22437957345097], [6.831624521312971, 49.225237893217525], [6.835405104881096, 49.22542466353696], [6.835708972665609, 49.227217665897996], [6.839039620132114, 49.22790283063567], [6.841211865662312, 49.22917137994115], [6.841186297739278, 49.22987314845063], [6.848690580534107, 49.23282849215205], [6.852769250527903, 49.23054752680119], [6.85226106838031, 49.22932158454302], [6.854648033188731, 49.228871856835575], [6.855427237546557, 49.2300535135727], [6.859364199205012, 49.231662544945465], [6.861217075576141, 49.2317429506658], [6.863114479793358, 49.23123633579332], [6.862971152018265, 49.23027811873782], [6.870979307555685, 49.230696771710335], [6.879071559748482, 49.22840129154671], [6.878657695950114, 49.22917072192435], [6.886259952973638, 49.23377460720917], [6.88618100140428, 49.235744483088375], [6.888494291421142, 49.23698996767158], [6.888050354406107, 49.2407530013217], [6.889167868371403, 49.240885243171505], [6.886187938154994, 49.242976501882104], [6.88938880478804, 49.244313321898645], [6.900039801960873, 49.24516888359343], [6.900613359633859, 49.24835731081952], [6.908346338294126, 49.24704754634686], [6.910557210759799, 49.25041392252377], [6.910747749922946, 49.25265327940312], [6.908551503499814, 49.254429405675], [6.908030092363357, 49.25735763543885], [6.903789595692388, 49.26389888820743], [6.906033725861596, 49.26694802428276], [6.909253582837347, 49.26842906672212], [6.911096079962293, 49.27084744533096], [6.913928767143498, 49.272541016266935], [6.916009841165042, 49.27564242993556], [6.919948305616641, 49.27765028975029], [6.922771681925375, 49.27754409145981], [6.925391242486929, 49.27909748486629], [6.926360401522055, 49.28004124025905], [6.926027187670706, 49.280962039343876], [6.923259963469603, 49.28327641390552], [6.93047947449746, 49.283929465495824], [6.930845514032036, 49.28586825883245], [6.933039324879394, 49.28673046102995], [6.945487056716813, 49.28614348011011], [6.949388944715304, 49.286996361209155], [6.952008150453736, 49.288591277389486], [6.95219298985409, 49.29102777459348], [6.955113138356043, 49.292430593186374], [6.958555253113451, 49.29955154852167], [6.963813486653548, 49.30444512550787], [6.965556856876896, 49.31294732590041], [6.967773776179034, 49.31614197104677], [6.971317850697907, 49.31815354756587], [6.976750005701175, 49.319593754438415], [6.978172469387718, 49.3208631195951], [6.981734126794505, 49.32170411937594], [6.986407705397436, 49.31769919619508], [6.988586952556044, 49.318399455571345], [6.978865896868946, 49.28620798626238], [7.002553171324441, 49.260386236545244], [6.995624732551432, 49.20555615610553], [6.994252799422193, 49.20132833570098], [7.10808780626612, 49.18353502764653], [7.112044562275075, 49.1762118623259], [7.103695030870771, 49.18029025923016], [7.097341316196746, 49.181565277828625], [7.0941174268026, 49.181314199318685], [7.077126517497208, 49.174358541952465], [7.075519264215948, 49.17242737225217], [7.073158900399179, 49.17317463275396], [7.073463331129811, 49.17410262792119], [7.069487701590504, 49.17654547775425], [7.069611698076216, 49.17592957569821], [7.062729933335239, 49.174593137443786], [7.058319598644619, 49.17691605637087], [7.054385986641463, 49.176813118591724], [7.053598038224269, 49.17515011216154], [7.046552133167233, 49.172853112496036], [7.044076311967611, 49.17271375420663], [7.040399352110808, 49.17438322551887], [7.029435277074036, 49.17672767689055], [7.033730390411272, 49.18231746603438], [7.033223183803259, 49.18802894351046], [7.035011587365044, 49.19141569860167], [7.028636690849563, 49.1908434149635], [7.027985852735028, 49.19125046879455], [7.025957829202215, 49.18983167397691], [7.023326274750815, 49.18918992241905], [7.021788897919215, 49.19036721730552], [7.021463322573659, 49.19314021084046], [7.015554305081097, 49.19108979873062], [7.013450001851863, 49.188649363950105], [7.010752733437986, 49.187953099911766], [7.008901082129645, 49.19397361066119], [6.999481071672891, 49.19446354679371], [6.997145632611955, 49.19766845328761], [6.992573784423679, 49.200821360791416], [6.97523089070494, 49.20945392271069], [6.972592722698704, 49.209512381011855], [6.959603696713648, 49.203090179693405], [6.951084630489218, 49.207728769037175], [6.944015494522987, 49.21411482324502], [6.939880064073308, 49.21668533954473], [6.938107339334296, 49.222433940500686], [6.928899970322719, 49.222125080908796], [6.925060441076523, 49.223346302865814], [6.922705553148098, 49.22265895327635], [6.918713661235999, 49.222720565178854], [6.918768745508276, 49.219948699404924], [6.91153034737818, 49.215061432635615], [6.900527148662761, 49.213664108244124], [6.893345429873097, 49.20914674802874], [6.873165628944985, 49.21482697871415], [6.87170661201142, 49.215581276619545], [6.870431914867579, 49.21880908345348], [6.866376279448837, 49.21990266376186], [6.862898716001189, 49.22224868683834], [6.85887347446257, 49.222757403043715], [6.857297807670365, 49.22231901457299], [6.845632372264435, 49.21623872695439], [6.837553526676045, 49.21289374875076], [6.832977555504519, 49.21415950030911], [6.829331428953775, 49.218345177380044], [6.829544387429171, 49.219873250474286], [6.828359796398892, 49.219547229087866], [6.827222168120047, 49.22040159366522]]]}}, {"type": "Feature", "properties": {"id": "33035", "name": "UA Merzig", "operator": "VSE", "population": 41989, "area_km2": 185.8, "data": true, "units": 4664, "net_mw": 55.53, "rooftop_mw": 45.58, "ground_mw": 9.95, "rooftop_share": 0.821, "new_mw_12m": 7.15, "growth_share": 0.129, "density_kw_km2": 298.9, "wind_mw": 49.33, "peak_load_mw": 78.35, "hvmv_mva": 189.0, "reinforced": {"transformers": 17, "lines": 216, "lv_grids_doubled": 17}, "lv_grids": 200, "lv_double_share": 0.835, "lv_no_room_share": 0.035, "rooftop_room_mw": 43.02, "firm_mw": 35.45, "firm_all_mw": 108.98, "n1_today_loading": 75.8, "flex_steps": [{"mw": 5, "pro_rata": 0.0, "lifo": [0.0, 0.0, 0.0, 0.0], "hours": 0}, {"mw": 10, "pro_rata": 0.0, "lifo": [0.0, 0.0, 0.0, 0.0], "hours": 0}, {"mw": 20, "pro_rata": 0.0, "lifo": [0.0, 0.0, 0.0, 0.0], "hours": 0}, {"mw": 40, "pro_rata": 0.0, "lifo": [0.0, 0.0, 0.0, 0.0], "hours": 0}, {"mw": 80, "pro_rata": 0.0, "lifo": [0.0, 0.0, 0.0, 0.0], "hours": 0}, {"mw": 160, "pro_rata": 0.0156, "lifo": [0.0, 0.0, 0.0016, 0.061], "hours": 212}, {"mw": 320, "pro_rata": 0.1923, "lifo": [0.0, 0.0313, 0.2696, 0.4684], "hours": 1092}], "flex_prorata_mw": 160, "flex_lifo_mw": 80}, "geometry": {"type": "Polygon", "coordinates": [[[6.447211692043494, 49.52309166015934], [6.448390052805361, 49.524701662993], [6.448837445666621, 49.5279161534616], [6.452772311301292, 49.52983224437222], [6.458070185288198, 49.52872498947569], [6.460875926955691, 49.53172628097998], [6.46708346382354, 49.52984035063356], [6.468171920654951, 49.531221352938076], [6.477870177537003, 49.53111735170978], [6.478014641110199, 49.531861076136394], [6.473282824399749, 49.533485033169875], [6.473492191532021, 49.535105012802845], [6.472052868864128, 49.535432253147015], [6.470662278593827, 49.53796840697049], [6.467910978972366, 49.53923956513965], [6.469639048256566, 49.54073316679521], [6.468103604206195, 49.54089520228443], [6.469207174842128, 49.54241222626826], [6.467011450042931, 49.5430094793965], [6.46792155828025, 49.54436639420794], [6.476746723710103, 49.54167206131142], [6.481834250569174, 49.53846577774575], [6.485675677768855, 49.53377326402605], [6.494120353820767, 49.53062288595018], [6.497512330787242, 49.53111251573196], [6.499292189428584, 49.530356355682954], [6.500584083479779, 49.53228451710324], [6.507560344320946, 49.53527034178301], [6.509553412680393, 49.53543992784973], [6.511140931768391, 49.53433405276027], [6.514926780402569, 49.535080209630365], [6.514861448140837, 49.529221895339454], [6.51614016249465, 49.52782574444116], [6.517436296201312, 49.52754716502984], [6.51957753320736, 49.52910003088772], [6.522920434523978, 49.52834406891039], [6.525209820391215, 49.52944260151282], [6.527888819176836, 49.53218573552447], [6.538553918546087, 49.5394525145051], [6.544794684427612, 49.537644352614514], [6.549521710475827, 49.53723326009352], [6.55475019825423, 49.53596372164722], [6.556403962016733, 49.53728289145268], [6.559755890609622, 49.5377727535448], [6.561702130055165, 49.53981896595767], [6.563963082578719, 49.54055757590363], [6.565189655166914, 49.537933954469615], [6.568700674021882, 49.537659638034626], [6.571786445477964, 49.5361276773174], [6.578288746084935, 49.53012844367854], [6.579421264470649, 49.52880746754857], [6.580203666631085, 49.52483479207126], [6.579729286232918, 49.52218735910306], [6.584541653156466, 49.519517090386174], [6.586884872290804, 49.51929200212156], [6.588431929792769, 49.51747171860832], [6.591304947282787, 49.51702199087701], [6.595337483635462, 49.518810069922374], [6.603581507352257, 49.51799601710562], [6.604679827079899, 49.51725949697585], [6.608502784096758, 49.51907576026245], [6.610318100571946, 49.52108425074353], [6.609554741979808, 49.52400367774058], [6.607020563165575, 49.52739824971479], [6.612776511213379, 49.52929281048413], [6.618404952642824, 49.5294516393162], [6.619658191653606, 49.530561233140865], [6.619591579872771, 49.53204532831308], [6.616971905331736, 49.53552240482297], [6.624550399287923, 49.53792288390881], [6.627822004300965, 49.53832201086408], [6.630881142091182, 49.541351123404894], [6.632775019062687, 49.541903413117744], [6.636033285729695, 49.54192897065806], [6.641104259852312, 49.54023885991348], [6.641350236848779, 49.537753657776264], [6.644197973717826, 49.539025744359016], [6.64595109208682, 49.53914316241115], [6.650950067972683, 49.5433768096991], [6.652873971761004, 49.54252365187205], [6.655095326612027, 49.54313070324679], [6.657695326126016, 49.54057978295616], [6.651034906044465, 49.53492985191871], [6.647396217829408, 49.53474242047505], [6.647386653727854, 49.53296777542147], [6.64879263459976, 49.53166440006461], [6.644903295544081, 49.530296951786326], [6.645385888230033, 49.52928694612753], [6.650674404663089, 49.52634159557861], [6.649959198333705, 49.52284899126811], [6.645837164280183, 49.5226541908777], [6.641819680661087, 49.5216882425448], [6.641142825590751, 49.52012459486479], [6.637512008865506, 49.517622153282], [6.634111033678986, 49.51741535449376], [6.632919777931015, 49.51538389022943], [6.636991740259342, 49.51361361487693], [6.636631617940616, 49.51243076289897], [6.63859431441219, 49.51278564853082], [6.641940782219141, 49.51057598054182], [6.641226878157404, 49.50913714970927], [6.642549190189128, 49.50423699304297], [6.647325744394887, 49.50378466467764], [6.652181326268374, 49.50503428970148], [6.650484486873044, 49.49827445064175], [6.651799958626485, 49.49704085836233], [6.653219071098333, 49.49849365680354], [6.655272790308292, 49.498581694753014], [6.66144758878883, 49.496774351083424], [6.663857374797429, 49.49794615042657], [6.668378283135907, 49.496406510048985], [6.669683742157358, 49.49703615947916], [6.670939638164683, 49.49586295274258], [6.673180088900275, 49.496551299537664], [6.675884996342679, 49.4945445891709], [6.677559187064116, 49.49556449595339], [6.675611776764577, 49.49640858033059], [6.676501266238799, 49.49669996936232], [6.683753602233331, 49.49576553597669], [6.682774988718021, 49.491295330601844], [6.687808762513271, 49.48774151852597], [6.694947961635484, 49.485775592151384], [6.695777720475313, 49.48316431612455], [6.69095301101022, 49.47811907042826], [6.689871214969454, 49.475560273126874], [6.690196697415102, 49.47512118912773], [6.691113725855326, 49.47540410203128], [6.693080192555439, 49.47257898692926], [6.691707020667927, 49.47211817923023], [6.69140595681313, 49.47121649517368], [6.69380370117904, 49.47095496473862], [6.69464410719065, 49.46716399321346], [6.693403703538578, 49.462600256350605], [6.693781164554328, 49.45872194370382], [6.699033618206536, 49.45858851564284], [6.705553015224082, 49.46048762873166], [6.711592118617125, 49.459750156273685], [6.718270085272964, 49.450655837473676], [6.722939962212165, 49.44837083047395], [6.724876680560279, 49.44568174482384], [6.723172993904641, 49.44364653344051], [6.716759247913378, 49.440166333985005], [6.715658198263363, 49.43893862344441], [6.711291590724834, 49.43151419795026], [6.709515667603468, 49.42439987430629], [6.706168216492723, 49.422198355942726], [6.70417559693202, 49.41847631147578], [6.701655313837709, 49.41662774067021], [6.698797357838735, 49.417805849420894], [6.695775208977016, 49.41465967281011], [6.695486994431528, 49.41375471051355], [6.697454162754636, 49.4110569253917], [6.700548369995281, 49.408785696577894], [6.699436347061646, 49.40627108955228], [6.692385626733394, 49.40761797700183], [6.69067712004089, 49.406713629036894], [6.689252583827478, 49.404665949194836], [6.689812914130447, 49.40195534779898], [6.688009429004037, 49.39981350998156], [6.684512387658882, 49.39831684268649], [6.678298071413802, 49.397322350515815], [6.673855400207168, 49.39834242964354], [6.671726067053254, 49.40028768830688], [6.662012807560452, 49.39886706560461], [6.652687942579878, 49.406367654997155], [6.642610416040777, 49.41135498845605], [6.638333562606073, 49.40925417798145], [6.635674940152782, 49.41106335630432], [6.631481852450104, 49.408964902050805], [6.628710227235614, 49.409941252217266], [6.624923036945702, 49.40799654395676], [6.623531667595429, 49.40577978817559], [6.623902346375393, 49.40481353742463], [6.621429124158896, 49.403776719423384], [6.609611815784572, 49.40267771109836], [6.606063281787283, 49.40155627681782], [6.606749918166707, 49.4002831180204], [6.601743152841582, 49.39914706657053], [6.601215978252974, 49.3976901393285], [6.599880503056933, 49.39704801290433], [6.592352494276607, 49.39835294523244], [6.592016110484015, 49.40002030231165], [6.58657443204296, 49.399134109249395], [6.583265645028224, 49.4001000243272], [6.58445192102038, 49.40269438677997], [6.581389111459976, 49.404422969951035], [6.579471840666878, 49.40642980791788], [6.579464245510609, 49.40964726794783], [6.577025605635592, 49.411326174843886], [6.571469629386487, 49.41805676687355], [6.564883592368428, 49.41550258208639], [6.562603335393297, 49.41701988383199], [6.556986072714072, 49.419208598656745], [6.555940716669167, 49.42100913785724], [6.554191376699293, 49.420110693125004], [6.55254787248043, 49.42128724713446], [6.552130012617778, 49.42401122245673], [6.550815928770449, 49.42537942716119], [6.542677692163886, 49.43060715726191], [6.541706797418667, 49.432491977043895], [6.53941442887578, 49.4337233496852], [6.537967167814194, 49.43278387186985], [6.535099229049178, 49.43422345459638], [6.534419623401298, 49.435311632322914], [6.52484586920151, 49.43539765756664], [6.523077077137809, 49.43677247835634], [6.514256287084613, 49.44067697699264], [6.509450945888651, 49.44495737648784], [6.499367535621074, 49.4503834431004], [6.486288048517045, 49.45162108700759], [6.484657565752171, 49.45260805692812], [6.489148645455076, 49.45606551702529], [6.483764821108409, 49.45913374289126], [6.485449833269001, 49.461367712448045], [6.488971002185496, 49.46298028433964], [6.488177186191211, 49.46373411288728], [6.490779122125167, 49.46479953154845], [6.486324330421702, 49.46908390763919], [6.487928911181233, 49.46931126159846], [6.487149932925134, 49.471801541873916], [6.485214248986575, 49.471504365004385], [6.48693602238595, 49.47355384389956], [6.4860980699719, 49.47491131296707], [6.487885611893408, 49.475318254471176], [6.492894953007882, 49.478928902125396], [6.495840526660777, 49.47940576517191], [6.498142547485561, 49.48442098566595], [6.495025864338851, 49.4859416484076], [6.490818712538051, 49.48663906690828], [6.495418272276893, 49.4880409721884], [6.488755754424966, 49.49681380844954], [6.485283906751236, 49.49887505231523], [6.485727883180406, 49.50018644996458], [6.488260779315198, 49.5009678326344], [6.489595344041289, 49.50272221834245], [6.491837759802065, 49.50349604121856], [6.49627472017725, 49.50241903484317], [6.500474863202977, 49.50394609532226], [6.500272714405726, 49.505487980240495], [6.497698089255719, 49.50739755328369], [6.496447728356622, 49.50964290585273], [6.496429533220512, 49.515982949442616], [6.492063836594292, 49.52110679068251], [6.483748244631671, 49.51914551827921], [6.482922373749892, 49.5205755245487], [6.481333876190485, 49.5212035259336], [6.479498398593901, 49.519985201551684], [6.477370592930784, 49.520603071426], [6.471523459243214, 49.52085394034684], [6.467068211717552, 49.52001909413003], [6.462348222985463, 49.521841116779555], [6.460898246542214, 49.51950107449421], [6.447211692043494, 49.52309166015934]]]}}, {"type": "Feature", "properties": {"id": "33392", "name": "Area Wallerfangen", "operator": "", "population": 18240, "area_km2": 50.7, "data": false}, "geometry": {"type": "Polygon", "coordinates": [[[6.58912128397911, 49.32205816895694], [6.589993567166292, 49.323187169467715], [6.58942307808204, 49.323428894440326], [6.592184034215097, 49.32658764921202], [6.597419959640369, 49.33185913381166], [6.599212720895592, 49.33268683885325], [6.598262280389477, 49.3335368848976], [6.599871836303838, 49.333584098458985], [6.608161399738474, 49.33724907047499], [6.615343810780933, 49.34252392731773], [6.622558343546738, 49.33973759723409], [6.623550376114454, 49.34060023754205], [6.628828581865717, 49.34181801745669], [6.634333604590324, 49.341926392007196], [6.634868998158943, 49.34281853095295], [6.639062100173281, 49.34262031489002], [6.640454352742734, 49.34125394232916], [6.645087918440059, 49.341232684687334], [6.652160944189623, 49.34018689681776], [6.652979716962865, 49.3390983250126], [6.654807153198832, 49.33984490994666], [6.654788376065343, 49.34042993475366], [6.66293531809606, 49.3437078343222], [6.664214017804928, 49.34495847328121], [6.668726290008692, 49.34231986522452], [6.670338547711357, 49.34183738421622], [6.672279590251541, 49.34226194350112], [6.675595206758651, 49.346075914495316], [6.673630695974616, 49.348508898802855], [6.674499057790697, 49.34942400354401], [6.677150578396135, 49.34939843986488], [6.67835531258747, 49.346908427110314], [6.680079172944958, 49.346210265062844], [6.682763520022396, 49.34660763921908], [6.685654085746722, 49.34822797930595], [6.687880587363805, 49.34710545312434], [6.693968980847663, 49.34750991234338], [6.693985123454326, 49.349050931490844], [6.690985651177725, 49.35210180301116], [6.694149994072557, 49.35621126267498], [6.69560545889107, 49.35678896516786], [6.69747237163093, 49.35481679873441], [6.704261786034323, 49.357864953456605], [6.703065480608685, 49.35835612964801], [6.695206099509166, 49.35747805260423], [6.698587327869109, 49.359529053713416], [6.69740735828883, 49.365286830734945], [6.698867172887406, 49.365273391890625], [6.699988877532492, 49.36854444977319], [6.700042218527001, 49.36980474523913], [6.697266742332053, 49.37219400471486], [6.700686678530597, 49.37237266731122], [6.70089558796731, 49.37374880659425], [6.708696535178503, 49.37521879369821], [6.708083069606229, 49.376882696598706], [6.71573694886012, 49.37866266794611], [6.717257312486353, 49.3805512969221], [6.719810563492668, 49.381692827536405], [6.717898775097076, 49.38287232719824], [6.72723077806429, 49.387056220226164], [6.731480089439764, 49.38777663239848], [6.733378988697722, 49.38907675914385], [6.717347417602367, 49.33660227418744], [6.719661242119273, 49.33919810715349], [6.725427031404398, 49.336518514709155], [6.731705026040211, 49.33309921348306], [6.734104856372045, 49.32868504646059], [6.728456653782866, 49.32497385093974], [6.727035282702117, 49.32552051176832], [6.722055814867012, 49.324200630559844], [6.723998716956775, 49.32260838682257], [6.720491329007395, 49.321301537743814], [6.719372373168137, 49.32203745289361], [6.71896283344386, 49.32076373327658], [6.716851924138763, 49.321151584648376], [6.716484488962956, 49.318815816902536], [6.714279635347671, 49.31724635867444], [6.711279551150382, 49.31893748796011], [6.70098669659504, 49.313374944388556], [6.695739947352928, 49.31247686115212], [6.697205104047918, 49.315884896042085], [6.693770991158503, 49.31489622308588], [6.693343059542204, 49.316467159694916], [6.691801341771942, 49.31749567778109], [6.693041982990747, 49.318624481806765], [6.690196229480151, 49.31723410564483], [6.687565435564983, 49.318612997791455], [6.686008831227408, 49.31860525956354], [6.675033710236781, 49.314567224344266], [6.681072814818616, 49.314834701093446], [6.685606957135804, 49.316727122281755], [6.686655520180964, 49.31601509669023], [6.682094053901512, 49.31204092587738], [6.682409517229802, 49.30720611572002], [6.688067126781493, 49.30638903905421], [6.691930136625158, 49.30683527764297], [6.690175094857264, 49.30482096586715], [6.690017347307051, 49.30281629029104], [6.690857820136642, 49.301943954502626], [6.684310944172691, 49.296101151346335], [6.681329032327614, 49.290298112021944], [6.676984177799611, 49.2845027232919], [6.672082794302073, 49.282777474326004], [6.674119010869673, 49.28071207059653], [6.672325686149764, 49.28014052811959], [6.669178901690743, 49.281415340732416], [6.665509427690721, 49.28517476829042], [6.660115059117377, 49.283665954018666], [6.655151154557556, 49.28134328971495], [6.653369681351048, 49.28123722098124], [6.651789420912976, 49.28549741841317], [6.65105374485305, 49.28574270729927], [6.651926227037518, 49.28688080658433], [6.650390209746631, 49.28852983727381], [6.648102799824592, 49.28802854295582], [6.645424133751969, 49.290008122707235], [6.64414389746044, 49.28982932741118], [6.638798609484808, 49.29568084378202], [6.636491857264887, 49.296285660364255], [6.636095885233036, 49.29503841232578], [6.632014552851419, 49.29578069160472], [6.632269239716265, 49.297401624723534], [6.630288913867123, 49.29754081853663], [6.6271165882725, 49.29947620895489], [6.624891263282003, 49.302300109833816], [6.622358615623655, 49.30313138205956], [6.617384503122657, 49.302673873024695], [6.617197753668187, 49.30188122042188], [6.61510568830947, 49.30134949139428], [6.612475406006846, 49.305770948860825], [6.609406098041249, 49.30658399560189], [6.604808443932738, 49.31214477341248], [6.600566239862703, 49.31501521274457], [6.594359901982162, 49.31762827438367], [6.58912128397911, 49.32205816895694]]]}}, {"type": "Feature", "properties": {"id": "33036", "name": "UA Rehlingen", "operator": "", "population": 14532, "area_km2": 60.6, "data": true, "units": 1434, "net_mw": 13.13, "rooftop_mw": 12.72, "ground_mw": 0.4, "rooftop_share": 0.969, "new_mw_12m": 1.43, "growth_share": 0.109, "density_kw_km2": 216.6, "wind_mw": 0.0, "peak_load_mw": 16.93, "hvmv_mva": 50.0, "reinforced": {"transformers": 1, "lines": 28, "lv_grids_doubled": 4}, "lv_grids": 51, "lv_double_share": 0.824, "lv_no_room_share": 0.0, "rooftop_room_mw": 13.65, "firm_mw": 18.02, "firm_all_mw": 47.46, "n1_today_loading": 38.4, "flex_steps": [{"mw": 5, "pro_rata": 0.0, "lifo": [0.0, 0.0, 0.0, 0.0], "hours": 0}, {"mw": 10, "pro_rata": 0.0, "lifo": [0.0, 0.0, 0.0, 0.0], "hours": 0}, {"mw": 20, "pro_rata": 0.0102, "lifo": [0.0, 0.0, 0.0027, 0.038], "hours": 119}, {"mw": 40, "pro_rata": 0.123, "lifo": [0.0, 0.0203, 0.1608, 0.3108], "hours": 675}, {"mw": 80, "pro_rata": 0.3291, "lifo": [0.0102, 0.2358, 0.4707, 0.5996], "hours": 1407}, {"mw": 160, "pro_rata": 0.5455, "lifo": [0.123, 0.5351, 0.7154, 0.8086], "hours": 2254}, {"mw": 320, "pro_rata": 0.7251, "lifo": [0.3291, 0.762, 0.8817, 0.9274], "hours": 3005}], "flex_prorata_mw": 20, "flex_lifo_mw": 10}, "geometry": {"type": "Polygon", "coordinates": [[[6.540819186499149, 49.4012507243913], [6.537274648674354, 49.40942680506136], [6.538675787994346, 49.41220459334263], [6.539782600186412, 49.412203369658876], [6.543010336523712, 49.41402444702345], [6.542484153506377, 49.41455583206414], [6.548571182070887, 49.41783027136411], [6.552575268518798, 49.41692822577579], [6.554415240077877, 49.41839781978273], [6.556986064967709, 49.41920859286076], [6.562603406122181, 49.417019855196386], [6.56488350535377, 49.41550284590794], [6.571469318452272, 49.41805725019151], [6.577025564180191, 49.41132622241623], [6.579464336961026, 49.40964729182239], [6.579472014785581, 49.406429625673844], [6.581389120407663, 49.404422974947884], [6.584452250489584, 49.40269427800636], [6.583266373537859, 49.400099880106296], [6.586574436792723, 49.3991341734605], [6.592016936658323, 49.40002044004138], [6.592352982226607, 49.398353259559734], [6.599880225233985, 49.39704818331038], [6.601215907660166, 49.397690169752195], [6.601742693887394, 49.39914697701271], [6.606749082760113, 49.40028299718558], [6.606062225194578, 49.40155591455807], [6.607569329732223, 49.40206565730506], [6.621428857673107, 49.403776683537814], [6.623901521403573, 49.40481318621847], [6.623531585234979, 49.40577969688379], [6.624922928140809, 49.40799650079549], [6.62871093915936, 49.40994161269747], [6.631482091797429, 49.40896509911599], [6.635675119156223, 49.41106365500595], [6.638334025182403, 49.409254495176256], [6.642609760258499, 49.411355506121495], [6.651017592026848, 49.40740047293223], [6.656189276230326, 49.40384788669069], [6.662012819718178, 49.39886704505617], [6.670891977212493, 49.389477218725325], [6.682369854732106, 49.38587661100372], [6.684754147347642, 49.38452523306024], [6.69373051903368, 49.381991794094766], [6.694324572481507, 49.37815666682241], [6.692935104256263, 49.37463246061631], [6.693589087129382, 49.37351971258058], [6.695649832583934, 49.37222956218915], [6.697266729114513, 49.372194004446705], [6.700042350755291, 49.369804616502954], [6.698866992484157, 49.36527299051905], [6.697407432985612, 49.365286063778214], [6.698587592206395, 49.359529010681314], [6.695209032812398, 49.35747911369343], [6.703065747553225, 49.35835617080062], [6.704262941394898, 49.35786514398757], [6.697471687709318, 49.3548163922106], [6.695605814783596, 49.35678846755741], [6.694149947920548, 49.3562111765963], [6.69098581234814, 49.35210188555874], [6.693985241999258, 49.349050782387934], [6.693969588159471, 49.34750992216947], [6.687880349884536, 49.347105469806415], [6.685653942258283, 49.34822768875208], [6.682763534162846, 49.34660762082512], [6.680079155665685, 49.34621019792631], [6.678355377214464, 49.34690825956047], [6.677150427168494, 49.349398326915825], [6.674498888366909, 49.349423869401846], [6.67363082306157, 49.34850891656711], [6.675595361728641, 49.3460757937231], [6.672279562217731, 49.34226188746619], [6.670338603557521, 49.34183733012802], [6.665975126870327, 49.34347590206319], [6.664214051948362, 49.34495784112757], [6.662935335071301, 49.34370782280864], [6.65478898683503, 49.34043018053186], [6.654807585727667, 49.339845069440344], [6.652978900188221, 49.33909792304645], [6.652160363005557, 49.340186982769424], [6.645087991187506, 49.34123267393377], [6.640454148567656, 49.34125387968915], [6.639061490726686, 49.342620343712056], [6.634869714278492, 49.34281848168815], [6.634334244123206, 49.341926391605135], [6.628828584152141, 49.34181800942992], [6.623550520956478, 49.34060025719386], [6.62255857549583, 49.3397373146991], [6.615343739512355, 49.34252365219325], [6.608161414101438, 49.33724905756253], [6.59987118811026, 49.33358371843223], [6.59826341440539, 49.333537286745795], [6.599213482665873, 49.332687109879274], [6.595595500699742, 49.33005725553231], [6.593109796892989, 49.33265535839198], [6.589670354612011, 49.334607560458764], [6.591518091333755, 49.335779688884934], [6.590665210969569, 49.336614499957065], [6.587673850025531, 49.335087593209806], [6.585925582075412, 49.337080123187135], [6.582737890154788, 49.334762535199296], [6.581053510428986, 49.334289466574674], [6.579453735063933, 49.335314399040804], [6.578393300298589, 49.334962388033176], [6.577177703012876, 49.336343267741], [6.578430254472467, 49.33821580232151], [6.576405873059194, 49.33946901329019], [6.575694538834774, 49.34166927366238], [6.570788093141763, 49.34333573978247], [6.565664040380728, 49.347651639497165], [6.565347790293777, 49.35218073852707], [6.563621372253172, 49.35591293569263], [6.56919688531919, 49.35788259251107], [6.574056384517949, 49.35866491208999], [6.576848241033914, 49.35690662597527], [6.581600498346206, 49.35629760022781], [6.585608719886482, 49.352806872905205], [6.585724143872379, 49.35172990754601], [6.584890784621228, 49.351281015023126], [6.58680298806265, 49.34987911653962], [6.588109845470583, 49.34975181445438], [6.589663930934679, 49.35109179794487], [6.588995005572682, 49.35135727389247], [6.590163628385072, 49.354791311327276], [6.592757235302503, 49.35546816571947], [6.591955603466666, 49.35818030989589], [6.596639184790579, 49.359252774528706], [6.595810448794743, 49.360295997289505], [6.597527195304772, 49.36072509432539], [6.602157503691868, 49.36710751259138], [6.599591763514257, 49.36654374894013], [6.598922163847384, 49.36917812583232], [6.594519882661521, 49.371574388954095], [6.583148266016569, 49.368422610172765], [6.584740577807693, 49.372465039216586], [6.584407380872284, 49.37610021782377], [6.586009670133972, 49.379278297338246], [6.586015208548322, 49.38144742854573], [6.587456423196495, 49.38302297225593], [6.586653845111581, 49.38514637735645], [6.585644624551867, 49.38499469817498], [6.585272908629347, 49.385841253105305], [6.580281952961006, 49.38549810309914], [6.57943053332848, 49.38775110810135], [6.576793054365481, 49.38979408269777], [6.563587429246131, 49.388101235958516], [6.560106401219629, 49.39250818345457], [6.55723114639815, 49.392731946529544], [6.552250966396038, 49.39421493786123], [6.551386662753983, 49.39683313948119], [6.552099528717672, 49.399903163740916], [6.548860766185918, 49.39975563303329], [6.546880542578925, 49.40026037396725], [6.544176248961011, 49.40208405651219], [6.540819186499149, 49.4012507243913]]]}}, {"type": "Feature", "properties": {"id": "36104", "name": "Area Mandelbachtal", "operator": "", "population": 22539, "area_km2": 84.6, "data": true, "units": 1701, "net_mw": 34.72, "rooftop_mw": 16.03, "ground_mw": 18.69, "rooftop_share": 0.462, "new_mw_12m": 1.68, "growth_share": 0.048, "density_kw_km2": 410.4, "wind_mw": 0.0, "peak_load_mw": 30.7, "hvmv_mva": 126.0, "reinforced": {"transformers": 2, "lines": 8, "lv_grids_doubled": 3}, "lv_grids": 113, "lv_double_share": 0.761, "lv_no_room_share": 0.027, "rooftop_room_mw": 25.83, "firm_mw": 43.36, "firm_all_mw": 117.19, "n1_today_loading": 42.1, "flex_steps": [{"mw": 5, "pro_rata": 0.0, "lifo": [0.0, 0.0, 0.0, 0.0], "hours": 0}, {"mw": 10, "pro_rata": 0.0, "lifo": [0.0, 0.0, 0.0, 0.0], "hours": 0}, {"mw": 20, "pro_rata": 0.0, "lifo": [0.0, 0.0, 0.0, 0.0], "hours": 0}, {"mw": 40, "pro_rata": 0.011, "lifo": [0.0, 0.0, 0.0035, 0.0406], "hours": 115}, {"mw": 80, "pro_rata": 0.1144, "lifo": [0.0, 0.0221, 0.1496, 0.286], "hours": 617}, {"mw": 160, "pro_rata": 0.3083, "lifo": [0.011, 0.2178, 0.4363, 0.568], "hours": 1293}, {"mw": 320, "pro_rata": 0.5199, "lifo": [0.1144, 0.5022, 0.6816, 0.7814], "hours": 2110}], "flex_prorata_mw": 40, "flex_lifo_mw": 20}, "geometry": {"type": "Polygon", "coordinates": [[[7.029435267406448, 49.1767276713225], [7.040399360437084, 49.17438323824038], [7.044076565788655, 49.17271377865443], [7.046552227652722, 49.17285316625208], [7.053597622205587, 49.17515002957878], [7.05438556519005, 49.176813177779884], [7.05832010969082, 49.176916066224294], [7.062730096977651, 49.17459323398165], [7.069610834727872, 49.17592942277663], [7.069485334310115, 49.17654701495848], [7.073463704766423, 49.174102418165226], [7.073159448503114, 49.17317452655977], [7.075518852897193, 49.172427656524626], [7.077126261910811, 49.174358437287815], [7.094117622958187, 49.181314279593856], [7.097341602312409, 49.181565295307855], [7.103695037812622, 49.18029026821368], [7.112042587445627, 49.17621350577965], [7.108295981285663, 49.18341881260598], [7.106202585815931, 49.18544473311416], [7.106959560406469, 49.18834906517174], [7.108337094213473, 49.18771578788009], [7.109381834283491, 49.18847642075777], [7.108726482025847, 49.189203932784274], [7.112721609981511, 49.19021622321808], [7.113280784634194, 49.19203393939439], [7.114648913163212, 49.19309275922071], [7.119143672883852, 49.19355327969356], [7.118987015156243, 49.19431327442281], [7.116833422373707, 49.195634924071605], [7.117184627617368, 49.19806771103404], [7.119009321319407, 49.20123828076445], [7.127346646910168, 49.20658586816915], [7.12874416523294, 49.2115532859213], [7.130858963918496, 49.213345650398026], [7.134473437971868, 49.21158161702802], [7.137248211165073, 49.21367260901319], [7.136196353370007, 49.21698500975975], [7.130643921787327, 49.21799436557105], [7.129255688105173, 49.216809219502785], [7.126796958713199, 49.21639316071167], [7.122460570113227, 49.22275489747023], [7.12627022533081, 49.22861433664236], [7.129464660180042, 49.24032621687943], [7.133160565838059, 49.240572230514005], [7.138577017366305, 49.2392218712642], [7.140401531653951, 49.2369357403314], [7.143722386551456, 49.238403376676835], [7.147663970483741, 49.238674300715545], [7.151739780008176, 49.24037160047563], [7.154308518844142, 49.24397805370829], [7.154917050686141, 49.24115995246271], [7.156596711991893, 49.23877058483526], [7.159727257977365, 49.240411641286066], [7.167157133329549, 49.241731066674184], [7.164026980690522, 49.244843637990755], [7.167258105462594, 49.247433678779785], [7.166676806847623, 49.24951034632359], [7.173709241540532, 49.25074800218279], [7.178181013253125, 49.250990173611044], [7.180523436468204, 49.248340194261175], [7.190752646146255, 49.24479744163358], [7.189875056908933, 49.243136741054364], [7.186230889011408, 49.24135937496598], [7.184856148410007, 49.23197251494333], [7.180226561504699, 49.22474032208629], [7.180000510586519, 49.213469345126924], [7.180860976856914, 49.210163258468256], [7.187960404191242, 49.207279915538145], [7.188657756164945, 49.208097790372356], [7.193436512783186, 49.20994952541558], [7.194296185910184, 49.21144255836005], [7.199533773593525, 49.211623819424425], [7.200733740248106, 49.20483383634485], [7.203123386634603, 49.19894378590417], [7.202088702560449, 49.194591375208184], [7.201541636966517, 49.19254943219787], [7.199199427203022, 49.19284022339052], [7.197085854138673, 49.19101353016378], [7.193366684217681, 49.185357548940736], [7.190599482670947, 49.18325002588488], [7.187938446494782, 49.182397059638994], [7.185003013908426, 49.18233712715978], [7.18010703007922, 49.17864478279753], [7.180042139566869, 49.17241204747967], [7.185675395128793, 49.16578087811666], [7.18422048133603, 49.16337880644168], [7.175763366419411, 49.15915852919227], [7.169222326181048, 49.157096572880135], [7.167509536244751, 49.154129641069595], [7.160877907526499, 49.15033226604385], [7.163048970301877, 49.148109745202234], [7.161453118942802, 49.146774411925044], [7.159058887975497, 49.13894194024427], [7.159975778947913, 49.13462022794338], [7.159166163161167, 49.13204826019407], [7.161303960125672, 49.130698100694026], [7.161261047762072, 49.128346727774115], [7.163394917470655, 49.12685273065415], [7.159533883218802, 49.122191079990955], [7.160336714628735, 49.121683347160385], [7.15940581763699, 49.12046706418133], [7.155843747579275, 49.1213642389405], [7.149947411785369, 49.125047293058806], [7.143785432257638, 49.125648940283455], [7.139693574891568, 49.128113310758806], [7.135600025533673, 49.12840498176424], [7.133822362550697, 49.13078145356446], [7.131443528317207, 49.1317819975915], [7.13137400978946, 49.13488884718083], [7.129241760080381, 49.13699259859152], [7.128809064003529, 49.13918786480321], [7.125784915076951, 49.14189542848455], [7.12236272008341, 49.141907424021255], [7.116654579905568, 49.14012369451931], [7.10780046977129, 49.13942421830846], [7.104057409923465, 49.1383899275331], [7.102730594478825, 49.141658916665406], [7.103603550089065, 49.14545516684572], [7.106255213912066, 49.147664920867236], [7.112151923149616, 49.15051957903837], [7.113235074664114, 49.15196253438064], [7.112354917864627, 49.15262644679909], [7.107220815352656, 49.15264374352783], [7.107077275858527, 49.15468242679137], [7.10605976164126, 49.15542850688423], [7.101068798127782, 49.15599777757158], [7.098088219383812, 49.155178431950795], [7.094819351354587, 49.15270618350486], [7.087422596375356, 49.151909312701456], [7.084442670298814, 49.153362266390204], [7.083274549205731, 49.15324071620386], [7.082181523304071, 49.152064045482625], [7.081521126380755, 49.14724091856601], [7.084287980420189, 49.14386603343296], [7.08207750778164, 49.141854328797336], [7.08968953505018, 49.13342408046738], [7.090203855523712, 49.131695818775334], [7.089395895234254, 49.130184658561156], [7.085373201507176, 49.12854682569585], [7.077237366437314, 49.126554440935], [7.071819462001354, 49.124330195870215], [7.06857904711529, 49.12028582269901], [7.068361832057509, 49.116740607781615], [7.06660519909249, 49.11424659113138], [7.057195920749998, 49.111931562389486], [7.051712447375045, 49.11304136471376], [7.047140050580299, 49.115980014412855], [7.044231793364345, 49.12019434305651], [7.046766422803032, 49.136525940816604], [7.040930445608282, 49.14728635999116], [7.038775490718731, 49.14881365436875], [7.032273296431788, 49.15652670146949], [7.031907007629356, 49.158588158484896], [7.033033885815763, 49.16362639090344], [7.028960510370605, 49.16721694583505], [7.027733015061534, 49.170133252419305], [7.028396973742159, 49.17550688430203], [7.029435267406448, 49.1767276713225]]]}}, {"type": "Feature", "properties": {"id": "33185", "name": "\u00dcberherrn", "operator": "", "population": 11663, "area_km2": 34.2, "data": true, "units": 1420, "net_mw": 23.62, "rooftop_mw": 13.19, "ground_mw": 10.43, "rooftop_share": 0.558, "new_mw_12m": 1.53, "growth_share": 0.065, "density_kw_km2": 690.7, "wind_mw": 0.0, "peak_load_mw": 23.42, "hvmv_mva": 80.0, "reinforced": {"transformers": 5, "lines": 40, "lv_grids_doubled": 4}, "lv_grids": 49, "lv_double_share": 0.755, "lv_no_room_share": 0.061, "rooftop_room_mw": 10.92, "firm_mw": 25.93, "firm_all_mw": 72.66, "n1_today_loading": 47.0, "flex_steps": [{"mw": 5, "pro_rata": 0.0, "lifo": [0.0, 0.0, 0.0, 0.0], "hours": 0}, {"mw": 10, "pro_rata": 0.0, "lifo": [0.0, 0.0, 0.0, 0.0], "hours": 0}, {"mw": 20, "pro_rata": 0.0005, "lifo": [0.0, 0.0, 0.0, 0.002], "hours": 14}, {"mw": 40, "pro_rata": 0.049, "lifo": [0.0, 0.001, 0.0436, 0.1514], "hours": 347}, {"mw": 80, "pro_rata": 0.2122, "lifo": [0.0005, 0.0975, 0.3008, 0.45], "hours": 1003}, {"mw": 160, "pro_rata": 0.4264, "lifo": [0.049, 0.3754, 0.585, 0.6964], "hours": 1750}, {"mw": 320, "pro_rata": 0.6297, "lifo": [0.2122, 0.6407, 0.7956, 0.8704], "hours": 2602}], "flex_prorata_mw": 20, "flex_lifo_mw": 20}, "geometry": {"type": "Polygon", "coordinates": [[[6.660423965717324, 49.26118484833428], [6.666299031156298, 49.267762905088404], [6.667764195748973, 49.27096530891097], [6.665925926946445, 49.27692871900672], [6.667990379569891, 49.27746514635999], [6.670165404735863, 49.28025302434466], [6.668246975592238, 49.280213097590696], [6.663500869908858, 49.28198071466665], [6.663010252718806, 49.2816779128196], [6.661049134846032, 49.28250292752328], [6.660114903176845, 49.28366590569308], [6.665510107945913, 49.2851750230997], [6.669178910335054, 49.28141534726551], [6.672325558036144, 49.28014065968902], [6.67411784492609, 49.28071171261176], [6.672082073991021, 49.28277740528638], [6.676984340924172, 49.28450294090419], [6.681329012316522, 49.29029808533363], [6.684310933161105, 49.29610115507722], [6.692168792704671, 49.30330346930975], [6.696376641004497, 49.30443682103838], [6.700799182049264, 49.29884919530486], [6.703774204563522, 49.29972402616459], [6.707693820980552, 49.30014463823444], [6.70923887555467, 49.29976443904035], [6.709190729018102, 49.29670954133862], [6.710434336451984, 49.29577896971954], [6.714530922219948, 49.297822298737536], [6.720057487465303, 49.297608032730025], [6.721047042226986, 49.296516482930905], [6.720319387224976, 49.292148452326906], [6.713428395006164, 49.28820561656157], [6.714354936598506, 49.285876744906936], [6.711612283351546, 49.28452294142989], [6.71754036426533, 49.28115781048432], [6.727523269152826, 49.272842918781514], [6.731519974420001, 49.27242105643469], [6.736258316571355, 49.27058636628646], [6.748421915312826, 49.267853203517056], [6.75278695605559, 49.26394586410824], [6.762593933960294, 49.261714893982564], [6.755967289200438, 49.25491936409026], [6.756543741720166, 49.25422678920062], [6.75563530925603, 49.25087298684791], [6.753114664680059, 49.2510860623961], [6.7453560983304, 49.25441993256505], [6.743957365845201, 49.25030261045773], [6.738432510896392, 49.25022562605829], [6.736493980517417, 49.249503011850514], [6.735991662148572, 49.24256000602345], [6.72972967438909, 49.24242181836158], [6.725311865030193, 49.24157061919642], [6.723170933034824, 49.22538536669715], [6.719738938990514, 49.22110852287418], [6.706307683851803, 49.21635867018589], [6.701972205106483, 49.21690348049196], [6.695824982005642, 49.21527430836883], [6.689809575129844, 49.220338903996534], [6.68863516311869, 49.22214549607689], [6.688227887919652, 49.22450951908553], [6.690619161680851, 49.23108877385092], [6.689456125407986, 49.2322648981422], [6.688920478566238, 49.23792341175179], [6.685899924830797, 49.23966522863355], [6.68531672702135, 49.240960934121055], [6.68562316449792, 49.243430735745456], [6.690674691280165, 49.24779520449158], [6.689999212844175, 49.24955471153951], [6.688029185667173, 49.24909819035546], [6.683817460080094, 49.25340769112693], [6.680415503921537, 49.253976542827644], [6.677258416879391, 49.25543631605254], [6.675631037757819, 49.25758680969886], [6.670374390846333, 49.255832198940006], [6.669951619519149, 49.25508812083398], [6.664305245918534, 49.254453927461576], [6.661415412555319, 49.25807517472613], [6.660423965717324, 49.26118484833428]]]}}, {"type": "Feature", "properties": {"id": "35781", "name": "Area V\u00f6lklingen", "operator": "", "population": 28078, "area_km2": 66.3, "data": true, "units": 1499, "net_mw": 23.81, "rooftop_mw": 13.03, "ground_mw": 10.78, "rooftop_share": 0.547, "new_mw_12m": 1.79, "growth_share": 0.075, "density_kw_km2": 359.1, "wind_mw": 0.0, "peak_load_mw": 106.99, "hvmv_mva": 269.0, "reinforced": {"transformers": 0, "lines": 5, "lv_grids_doubled": 1}, "lv_grids": 127, "lv_double_share": 0.866, "lv_no_room_share": 0.024, "rooftop_room_mw": 27.48, "firm_mw": 221.48, "firm_all_mw": 300.0, "n1_today_loading": 36.4, "flex_steps": [{"mw": 5, "pro_rata": 0.0, "lifo": [0.0, 0.0, 0.0, 0.0], "hours": 0}, {"mw": 10, "pro_rata": 0.0, "lifo": [0.0, 0.0, 0.0, 0.0], "hours": 0}, {"mw": 20, "pro_rata": 0.0, "lifo": [0.0, 0.0, 0.0, 0.0], "hours": 0}, {"mw": 40, "pro_rata": 0.0, "lifo": [0.0, 0.0, 0.0, 0.0], "hours": 0}, {"mw": 80, "pro_rata": 0.0, "lifo": [0.0, 0.0, 0.0, 0.0001], "hours": 2}, {"mw": 160, "pro_rata": 0.0291, "lifo": [0.0, 0.0001, 0.0195, 0.0969], "hours": 229}, {"mw": 320, "pro_rata": 0.1675, "lifo": [0.0, 0.0582, 0.2334, 0.3785], "hours": 825}], "flex_prorata_mw": 160, "flex_lifo_mw": 80}, "geometry": {"type": "Polygon", "coordinates": [[[6.71120836580883, 49.18834182572087], [6.731444436006946, 49.20595647087873], [6.723465476072556, 49.218829225716455], [6.729965829025212, 49.22308294567512], [6.732662291599548, 49.22394828685791], [6.735719378495437, 49.22652768672378], [6.740721860012263, 49.2288570780036], [6.741667745920372, 49.22608757949844], [6.759799269530914, 49.22333430313213], [6.763330916579214, 49.22372213726785], [6.766999495423594, 49.222871679926655], [6.772744615274851, 49.22521521010345], [6.776529427184504, 49.22553010774664], [6.782103416671666, 49.22813779716509], [6.78462561430775, 49.23251737642056], [6.792101723682372, 49.23598001681996], [6.793606984378896, 49.23572355483894], [6.793699405833427, 49.23346577647592], [6.79507996902212, 49.23320553503797], [6.797646458063991, 49.23427937354358], [6.798689518222497, 49.23606259401523], [6.797839470978182, 49.239765977426984], [6.80567890364372, 49.23971526687618], [6.810606452306748, 49.24093124281673], [6.818892448211215, 49.24912883082935], [6.823487314261221, 49.25597124727197], [6.833216764708178, 49.25847805076276], [6.833545749547825, 49.256336434161696], [6.838747981933377, 49.25647936218645], [6.830332152484804, 49.263977478709684], [6.863088989940664, 49.26280154773924], [6.861438775534374, 49.244747091809025], [6.816808197990106, 49.24357699296726], [6.78972216011285, 49.190543704527784], [6.7947441898655, 49.19238628359803], [6.80316686962298, 49.19252609079763], [6.802329461356006, 49.1947286547566], [6.802993988343808, 49.19743844576795], [6.802018199244473, 49.19916009181398], [6.814726233579612, 49.20567879599081], [6.824794997211169, 49.214034878566665], [6.828242385681544, 49.2153194630701], [6.830375223975442, 49.2129490836029], [6.832977549602193, 49.21415949131611], [6.837553520494188, 49.21289374130027], [6.83629202037956, 49.21125946779683], [6.842288519691118, 49.208861766511994], [6.84301902959268, 49.20757061561413], [6.847501909438996, 49.20464580123163], [6.852169307136788, 49.20000654368337], [6.852455180789297, 49.19877293015454], [6.851001925364034, 49.19687936510061], [6.850496952460463, 49.19341284588785], [6.85516370591909, 49.188918455571546], [6.856385525180796, 49.18862452615713], [6.856885009858032, 49.187306501882574], [6.858358602192048, 49.18686094481886], [6.85964389780827, 49.183512158699365], [6.861555429137539, 49.18178699774872], [6.861014145710155, 49.18029208304923], [6.861767502638752, 49.178839316971036], [6.859734670855715, 49.17747178098699], [6.858995923856932, 49.17461561252074], [6.855668028757475, 49.17499976486139], [6.844397474781486, 49.17305670663466], [6.845377757438042, 49.168354461160675], [6.844500052499161, 49.163993860513735], [6.84751762787036, 49.15715785567405], [6.834056610293811, 49.151080441880374], [6.824492808176419, 49.15415627773047], [6.816897977050226, 49.15768620860763], [6.808052452122072, 49.15861091822334], [6.802618258351355, 49.16202595871974], [6.793992548888224, 49.16315874183413], [6.792420980577612, 49.16375010786074], [6.790045082365626, 49.16602246493334], [6.784065626236303, 49.16796501481505], [6.78003357947114, 49.16841505111177], [6.761093120441116, 49.16474482731461], [6.749814968831405, 49.166718513383785], [6.743193425844254, 49.16442687506006], [6.738600537117459, 49.163675127551194], [6.729485286351055, 49.16928267581441], [6.726816320873855, 49.17258427360891], [6.72032412983962, 49.17531962538673], [6.71120836580883, 49.18834182572087]]]}}, {"type": "Feature", "properties": {"id": "32540", "name": "Area Gersheim", "operator": "", "population": 6800, "area_km2": 56.9, "data": true, "units": 450, "net_mw": 8.3, "rooftop_mw": 5.63, "ground_mw": 2.67, "rooftop_share": 0.678, "new_mw_12m": 0.6, "growth_share": 0.073, "density_kw_km2": 145.8, "wind_mw": 0.0, "peak_load_mw": 8.24, "hvmv_mva": 50.0, "reinforced": {"transformers": 0, "lines": 6, "lv_grids_doubled": 0}, "lv_grids": 36, "lv_double_share": 0.833, "lv_no_room_share": 0.028, "rooftop_room_mw": 7.74, "firm_mw": 21.53, "firm_all_mw": 50.68, "n1_today_loading": 26.1, "flex_steps": [{"mw": 5, "pro_rata": 0.0, "lifo": [0.0, 0.0, 0.0, 0.0], "hours": 0}, {"mw": 10, "pro_rata": 0.0033, "lifo": [0.0, 0.0, 0.0002, 0.0131], "hours": 42}, {"mw": 20, "pro_rata": 0.0679, "lifo": [0.0, 0.0067, 0.079, 0.1859], "hours": 392}, {"mw": 40, "pro_rata": 0.2282, "lifo": [0.0033, 0.1324, 0.3211, 0.456], "hours": 1009}, {"mw": 80, "pro_rata": 0.4318, "lifo": [0.0679, 0.3886, 0.5818, 0.689], "hours": 1725}, {"mw": 160, "pro_rata": 0.6283, "lifo": [0.2282, 0.6354, 0.7875, 0.8619], "hours": 2544}, {"mw": 320, "pro_rata": 0.7797, "lifo": [0.4318, 0.8247, 0.9151, 0.947], "hours": 3179}], "flex_prorata_mw": 10, "flex_lifo_mw": 10}, "geometry": {"type": "Polygon", "coordinates": [[[7.159166045770807, 49.13204795582667], [7.159975763687244, 49.13462022826418], [7.159058853554178, 49.13894182762031], [7.161453167346812, 49.146774570248446], [7.163048668365079, 49.14810975452313], [7.160877351322116, 49.15033204489019], [7.167509426434394, 49.15412958936839], [7.169222276841383, 49.15709654623708], [7.175763349562324, 49.15915854387685], [7.184220180362685, 49.16337865242753], [7.185675229811283, 49.16578063414724], [7.180042065176724, 49.172412114542915], [7.180106950208463, 49.17864480256002], [7.185003204678958, 49.18233729301691], [7.187938440823236, 49.182397074687835], [7.190599621313897, 49.183250131482474], [7.193366674022518, 49.185357553118955], [7.197085887289076, 49.191013580571564], [7.199199902843715, 49.192840634442106], [7.201541686370073, 49.19254999615957], [7.202088716581912, 49.194591404776375], [7.209542032875249, 49.19428816419106], [7.212347391108942, 49.19283980180577], [7.210871815712458, 49.19111261931093], [7.213560349397313, 49.184528732001894], [7.218884502195375, 49.181983597533176], [7.221390773576309, 49.17986910022723], [7.226316757607655, 49.17872545235087], [7.230027085088664, 49.17645735767075], [7.232232595324556, 49.17938428260168], [7.23591873263979, 49.179707770339334], [7.238774120306864, 49.18196078318975], [7.24377184904098, 49.181179060459364], [7.246407138505928, 49.18343397855784], [7.24807356712075, 49.186624741649034], [7.250500790928833, 49.18607387461571], [7.252064984871588, 49.1848767043501], [7.250030491326648, 49.18185535199465], [7.254328757075133, 49.17981922232184], [7.257740359726226, 49.17912576665503], [7.260777689712439, 49.18072604473033], [7.2632656501459, 49.18110403559052], [7.270174053875108, 49.17925951224829], [7.267579736402804, 49.17698786975526], [7.264964574139219, 49.17647119272242], [7.265420115881629, 49.17540396649609], [7.262459793051641, 49.1747061288183], [7.262402696120456, 49.17228264792104], [7.2597490415357, 49.170502371792935], [7.261221758582332, 49.16983579415727], [7.264347300205682, 49.17133940920772], [7.26454607140249, 49.17085020003823], [7.270645738114324, 49.172223352868954], [7.27552753346814, 49.16596249847014], [7.275969283821645, 49.163877842527306], [7.280325638023696, 49.16483994321063], [7.280360485850353, 49.16124006674683], [7.28320699978235, 49.16075413015713], [7.282758042196573, 49.159264452078745], [7.290868088009857, 49.15744452899369], [7.290671407511153, 49.15690731598673], [7.299420112487683, 49.15351185258961], [7.301545247734769, 49.155003823491825], [7.303654573593663, 49.15403765596737], [7.307519019196913, 49.14916006643946], [7.305422468006827, 49.1470385635672], [7.303818391591418, 49.147217183774586], [7.300479774056575, 49.13569760982097], [7.31021026074554, 49.1294387952127], [7.305591334786674, 49.12709213776941], [7.304095404467465, 49.12316931602478], [7.301470845503588, 49.121374687270404], [7.298355277232609, 49.117270318524945], [7.293176904276357, 49.11490732568753], [7.282359069876243, 49.11691072518692], [7.283802489422579, 49.12344319131742], [7.281588094020717, 49.12436974522788], [7.280542637552359, 49.12292763146458], [7.27823225735713, 49.122468113675936], [7.273560594554367, 49.12421540824201], [7.271635266550044, 49.12426374823056], [7.270288079313687, 49.123684725027786], [7.267373232650594, 49.12378957400964], [7.266543912385532, 49.12264931180994], [7.265679567928346, 49.12265135601842], [7.248789573434842, 49.127384110088414], [7.245345390830771, 49.12907534926894], [7.245053181437169, 49.13011045696356], [7.238656235151946, 49.128728083430936], [7.235595541126232, 49.12874691409581], [7.230030703296389, 49.126441729154756], [7.226563240984603, 49.125868640630884], [7.215528880632694, 49.125242908612684], [7.208530361257628, 49.124479155974186], [7.207934295938914, 49.123552284060686], [7.205482175289141, 49.123612475182725], [7.203827005146077, 49.12262998048134], [7.203591421965972, 49.120255207921865], [7.199890806940603, 49.11559936463237], [7.198041280206176, 49.115166637099044], [7.196702551896531, 49.11708993627523], [7.197291312134292, 49.11890793881686], [7.196307623048761, 49.12165222696745], [7.19049093127202, 49.12585617444295], [7.191523972192854, 49.12639124530728], [7.190273306612728, 49.128028383923464], [7.187115929811663, 49.127854245545905], [7.185469737533942, 49.13123596121705], [7.184022179209546, 49.131345798365835], [7.183613857531268, 49.130023840475125], [7.17741738829663, 49.1302407739202], [7.178189179277687, 49.12858018202449], [7.176704113111305, 49.12822998518515], [7.174426494732721, 49.12922452733962], [7.167821817489185, 49.12736875423752], [7.166146170140158, 49.12887706108507], [7.163394923556056, 49.126852737918114], [7.161260968850907, 49.128346796645786], [7.16130385386638, 49.130698071464664], [7.159166045770807, 49.13204795582667]]]}}, {"type": "Feature", "properties": {"id": "34076", "name": "Homburg", "operator": "Amprion", "population": 22782, "area_km2": 44.3, "data": true, "units": 1123, "net_mw": 14.68, "rooftop_mw": 12.7, "ground_mw": 1.98, "rooftop_share": 0.865, "new_mw_12m": 1.49, "growth_share": 0.101, "density_kw_km2": 331.3, "wind_mw": 0.0, "peak_load_mw": 36.93, "hvmv_mva": 126.0, "reinforced": {"transformers": 1, "lines": 3, "lv_grids_doubled": 1}, "lv_grids": 86, "lv_double_share": 0.872, "lv_no_room_share": 0.058, "rooftop_room_mw": 23.07, "firm_mw": 57.13, "firm_all_mw": 130.08, "n1_today_loading": 23.2, "flex_steps": [{"mw": 5, "pro_rata": 0.0, "lifo": [0.0, 0.0, 0.0, 0.0], "hours": 0}, {"mw": 10, "pro_rata": 0.0, "lifo": [0.0, 0.0, 0.0, 0.0], "hours": 0}, {"mw": 20, "pro_rata": 0.0, "lifo": [0.0, 0.0, 0.0, 0.0], "hours": 0}, {"mw": 40, "pro_rata": 0.0056, "lifo": [0.0, 0.0, 0.0007, 0.0218], "hours": 75}, {"mw": 80, "pro_rata": 0.0998, "lifo": [0.0, 0.0113, 0.1232, 0.2646], "hours": 579}, {"mw": 160, "pro_rata": 0.2965, "lifo": [0.0056, 0.1939, 0.4237, 0.5628], "hours": 1286}, {"mw": 320, "pro_rata": 0.5132, "lifo": [0.0998, 0.4932, 0.679, 0.7806], "hours": 2109}], "flex_prorata_mw": 40, "flex_lifo_mw": 40}, "geometry": {"type": "Polygon", "coordinates": [[[7.274075807862574, 49.383309600968644], [7.279551215821072, 49.38515918456607], [7.284496715126205, 49.38442717047067], [7.295576408428677, 49.38539143926273], [7.301406317250079, 49.38482821667066], [7.302971847922627, 49.38742055189786], [7.316197602705659, 49.38432886042366], [7.316027369277156, 49.38273936244787], [7.317753186278693, 49.3813968076029], [7.323297708474543, 49.38020758417224], [7.329407972937302, 49.38019077623023], [7.331358203717564, 49.37885033411381], [7.33695608261659, 49.380538198180815], [7.340687940203326, 49.38083211243885], [7.346148500194507, 49.380841191767665], [7.355817006840076, 49.379770134676], [7.354844042151032, 49.37442274219363], [7.35699014263628, 49.374867047395114], [7.310432743688216, 49.34920092590753], [7.361430264293817, 49.298181375442844], [7.350611310031793, 49.2844910781392], [7.350946975460076, 49.28250240654384], [7.347696765944197, 49.281088023492785], [7.346371630473434, 49.281771125807104], [7.341547863155357, 49.2814644805173], [7.334463770960612, 49.278284918242306], [7.335779590205914, 49.27626910396205], [7.34128792488176, 49.274110401711525], [7.343505856015339, 49.2742807225819], [7.34419357435411, 49.27336816670938], [7.344019290234459, 49.27044167053609], [7.339081369447238, 49.26392832601222], [7.330827011571484, 49.25975212131079], [7.33000165263256, 49.260444638283616], [7.324858774980836, 49.25746336774947], [7.327785336023201, 49.25456118365868], [7.324554176077208, 49.24814171909814], [7.322620289563249, 49.24759983064761], [7.315898354948633, 49.25148762789406], [7.314237018312252, 49.25368209274502], [7.312669567190849, 49.25445640492598], [7.310839477106417, 49.25954540116935], [7.309850303588948, 49.25930109142154], [7.309367966100536, 49.26094424053627], [7.306246364042422, 49.26346589917339], [7.305273505825859, 49.26277340614311], [7.304476465278479, 49.26379487186142], [7.30381611430855, 49.2635872720664], [7.303453191002112, 49.26097489500539], [7.302363226486563, 49.2606107108372], [7.30312252739547, 49.25932681609475], [7.299744369956177, 49.25841124252834], [7.291358781814333, 49.258739129122695], [7.289291697363885, 49.25982356209034], [7.288722519258915, 49.26072559506099], [7.29068706795189, 49.260506788111485], [7.290148337196166, 49.260968115135185], [7.292431631911925, 49.26203819365734], [7.291969834902721, 49.26401475314031], [7.292593583911263, 49.2645637892549], [7.296267788641252, 49.26413755562585], [7.298687435613438, 49.26540407736892], [7.299534377107474, 49.26735490796171], [7.29910901551761, 49.269611712591754], [7.30316509519327, 49.274400256003204], [7.29953421093848, 49.275215092393545], [7.296001516502452, 49.274763382140904], [7.297079489632605, 49.273020284452414], [7.291280094450241, 49.27497059438999], [7.284435178756251, 49.27546812982495], [7.281331104982552, 49.27784625684174], [7.281699953421738, 49.279531535147186], [7.283945664516923, 49.28175672900826], [7.293396473360816, 49.28697903592592], [7.295247018176391, 49.28688780638917], [7.295616193635238, 49.28590834196397], [7.298290836399426, 49.286848343692256], [7.298101513847754, 49.28742839918353], [7.299158707643594, 49.287881701986], [7.302024586269934, 49.287225296078915], [7.302763866612474, 49.288929871089934], [7.301754206404894, 49.289413920825424], [7.299403628875334, 49.28833887097722], [7.299352086842261, 49.28911168786624], [7.302894640723403, 49.29047331709499], [7.297423031434843, 49.29478326419032], [7.294524240324371, 49.29524973022669], [7.29579729097942, 49.296159851948545], [7.288622993359745, 49.29786325195091], [7.286090875625434, 49.29578314321408], [7.279700823004442, 49.300336221998684], [7.28282198348919, 49.30307277185121], [7.290526786993075, 49.30109622161435], [7.294809567928463, 49.30191169303278], [7.30300108163909, 49.30068648763034], [7.304678163780054, 49.30113022331519], [7.303798935302078, 49.30296908538003], [7.304922833441706, 49.304081582563526], [7.304698151480509, 49.305389663985416], [7.304016217089671, 49.30571240336926], [7.303045312690059, 49.305189613418825], [7.302524972208957, 49.30638142566773], [7.299802897995504, 49.306736044504014], [7.298591737237679, 49.310861279168584], [7.300324677174651, 49.31213514727993], [7.301786246745917, 49.31129499188622], [7.30571875265435, 49.31406227764985], [7.30600041400525, 49.315628001631715], [7.311928550684755, 49.31818031476443], [7.313390327158233, 49.32090688807447], [7.316621032840723, 49.32162029231146], [7.316137231018944, 49.323100490843174], [7.313943688327923, 49.32336261105385], [7.314107073521841, 49.325304091913964], [7.311922506533459, 49.32570130841492], [7.309186523616661, 49.33121059497041], [7.305609853749117, 49.33182393861158], [7.301041008140186, 49.33693509284898], [7.300652682094563, 49.339099513656805], [7.305815995928816, 49.35920107244149], [7.297815852595804, 49.358866190134805], [7.284516399195685, 49.36067482939171], [7.28575211795045, 49.36260100294298], [7.285462944577671, 49.36465467233764], [7.283453909292843, 49.36768527733581], [7.280356850050728, 49.367772968341214], [7.279509644712673, 49.37009286239084], [7.278253016474638, 49.37016484408139], [7.277995227779679, 49.37106086194903], [7.278901741193431, 49.37203061119905], [7.277031939055691, 49.375029302129015], [7.275390693385797, 49.37564868805646], [7.274075807862574, 49.383309600968644]]]}}, {"type": "Feature", "properties": {"id": "31742", "name": "Area Nohfelden", "operator": "", "population": 17403, "area_km2": 142.6, "data": true, "units": 1377, "net_mw": 34.47, "rooftop_mw": 13.67, "ground_mw": 20.8, "rooftop_share": 0.397, "new_mw_12m": 1.53, "growth_share": 0.044, "density_kw_km2": 241.7, "wind_mw": 84.25, "peak_load_mw": 23.89, "hvmv_mva": 166.0, "reinforced": {"transformers": 2, "lines": 31, "lv_grids_doubled": 5}, "lv_grids": 74, "lv_double_share": 0.757, "lv_no_room_share": 0.027, "rooftop_room_mw": 15.53, "firm_mw": 0.0, "firm_all_mw": 66.8, "n1_today_loading": 106.1, "flex_steps": [{"mw": 5, "pro_rata": 0.0, "lifo": [0.0, 0.0, 0.0, 0.0], "hours": 0}, {"mw": 10, "pro_rata": 0.0, "lifo": [0.0, 0.0, 0.0, 0.0], "hours": 0}, {"mw": 20, "pro_rata": 0.0, "lifo": [0.0, 0.0, 0.0, 0.0001], "hours": 1}, {"mw": 40, "pro_rata": 0.0005, "lifo": [0.0, 0.0001, 0.0006, 0.0015], "hours": 3}, {"mw": 80, "pro_rata": 0.0024, "lifo": [0.0, 0.001, 0.0026, 0.0058], "hours": 18}, {"mw": 160, "pro_rata": 0.0531, "lifo": [0.0005, 0.0042, 0.0239, 0.1839], "hours": 538}, {"mw": 320, "pro_rata": 0.2963, "lifo": [0.0024, 0.1039, 0.447, 0.6321], "hours": 1586}], "flex_prorata_mw": 80, "flex_lifo_mw": 80}, "geometry": {"type": "Polygon", "coordinates": [[[6.989562448242224, 49.55916695294957], [6.992178344046857, 49.56238233888463], [6.990442776974819, 49.56414780770155], [6.993537734989979, 49.56691423249102], [6.994289368204827, 49.56848242680464], [6.997992129674523, 49.56957863536615], [6.996482682055486, 49.570720794644544], [7.002210305021087, 49.57211931522933], [7.008471859190998, 49.57223645304193], [7.013349452119513, 49.56967081325727], [7.016929087116762, 49.57233052692591], [7.014897057430839, 49.57552327841209], [7.019526433238577, 49.57794448407947], [7.022455379576206, 49.58146615733989], [7.016048545739641, 49.58385356332434], [7.01413566767069, 49.585199530696215], [7.010286300187077, 49.58612548434156], [7.0112567559887, 49.58763247387688], [7.019582173513367, 49.5852086503464], [7.02052041990133, 49.58427118718246], [7.022425142722267, 49.58567999950771], [7.024057919839709, 49.585155970956215], [7.027748415345382, 49.5868181025208], [7.029075258215459, 49.58571512866346], [7.031246084891265, 49.5859242202327], [7.033092668444962, 49.58720566557076], [7.035179257991263, 49.58671138673639], [7.038758188726427, 49.5876323639902], [7.039820660692437, 49.58898779059102], [7.0404203047283, 49.59252035034983], [7.039825609871315, 49.59364612819446], [7.041315078442091, 49.593978699710576], [7.036314550986451, 49.59894044656701], [7.040596278465515, 49.60677133846923], [7.030830006820547, 49.6055809865699], [7.02750169134574, 49.60846890221762], [7.022838185340293, 49.60935132532681], [7.022003834810196, 49.610114968763085], [7.018121597538969, 49.611250221147024], [7.020315130738937, 49.61320018693838], [7.013740846847177, 49.62306800858517], [7.014133402038322, 49.62433171032591], [7.010276513371641, 49.62494262444937], [7.007078652745904, 49.62620388308157], [7.008308312802391, 49.629484161066664], [7.012397896705042, 49.62835863675996], [7.017096773825053, 49.6310340037614], [7.033469173973414, 49.64386658599263], [7.041933346030138, 49.647448925326785], [7.050778224071464, 49.654608640261905], [7.054254484391632, 49.65468751355917], [7.067784281354275, 49.645759267243626], [7.075783246046898, 49.64329976864237], [7.07172450521836, 49.63979100515603], [7.073759839951786, 49.63999631855275], [7.075571102340333, 49.638141842411216], [7.082841671710406, 49.63614621335297], [7.085084194356496, 49.63329615735469], [7.092109635423635, 49.63394011830363], [7.093244620363176, 49.63215664843731], [7.097160483120843, 49.630109174885426], [7.098166829626948, 49.6283316566216], [7.102667491044945, 49.626845815379035], [7.101756965435145, 49.626007747035274], [7.104538160374385, 49.622111278646194], [7.104451765292272, 49.6202110606333], [7.107804056999954, 49.6169944751778], [7.106312691370823, 49.61496853761786], [7.108091804659909, 49.61313960527751], [7.106550626692515, 49.61221970746661], [7.11116458546012, 49.61085419764683], [7.110128872569495, 49.60924713382678], [7.112790310975385, 49.608255207694505], [7.108909583212086, 49.60673311746238], [7.105295455672312, 49.604329143826], [7.107173749841165, 49.602611106887444], [7.108074618473577, 49.59875667525699], [7.110236477596558, 49.59860438947433], [7.112016221755582, 49.59713887053751], [7.11435979340784, 49.597667473623304], [7.118403932326667, 49.595982817278866], [7.124728899680578, 49.59561699245264], [7.131473626893833, 49.59604332194488], [7.141665487779644, 49.59828274747204], [7.144748155285343, 49.60015735324448], [7.146104393290438, 49.60294435179297], [7.151718296702924, 49.60370512455149], [7.155528648642713, 49.602719260064504], [7.16151556093795, 49.598546453075606], [7.165443763187748, 49.597050540160026], [7.168637395325563, 49.59714463361689], [7.173712553549398, 49.59906802625249], [7.172799765097552, 49.600843374354646], [7.173844633478138, 49.60273827017368], [7.176313480022936, 49.60311610330451], [7.179351198136066, 49.60506039934432], [7.182483655058554, 49.60305410398976], [7.180405213657662, 49.60009447456873], [7.186411550332931, 49.596361639977985], [7.192071623755067, 49.59866126686924], [7.201437807125449, 49.5956480195203], [7.213357045558935, 49.58437107396317], [7.21555813535368, 49.58089446954617], [7.209999653645268, 49.57714877112832], [7.214006630040299, 49.57445571555208], [7.210367980155095, 49.56877566261788], [7.20485269032788, 49.56823653955872], [7.197922349851765, 49.56153268320947], [7.19199379487765, 49.55837845262336], [7.185571877664004, 49.556726736927516], [7.17830972123649, 49.556689192292275], [7.1779395814244, 49.55566379110125], [7.169624040136438, 49.55140829515553], [7.168815698336293, 49.54994338651313], [7.170233866966986, 49.546230308956346], [7.169533797625874, 49.545523509740285], [7.164722277346634, 49.544095478013126], [7.15690945151628, 49.53846125618046], [7.151270398473605, 49.539077146105555], [7.145094437465476, 49.54115420592491], [7.143247750387173, 49.544086819072255], [7.139451037109848, 49.543337386442154], [7.140661234859125, 49.54243665264337], [7.134088530853551, 49.538296552234435], [7.130704486715966, 49.537817382758284], [7.128920058566209, 49.53651559859033], [7.127981080856236, 49.534771881755084], [7.125757144571312, 49.53308516335613], [7.125588803424863, 49.53069434689631], [7.123679433467454, 49.52985398030525], [7.125571806952725, 49.52740880986513], [7.123766438952232, 49.52809336647405], [7.122365029478142, 49.527760882748794], [7.124510787353232, 49.52283634627947], [7.12186441769535, 49.522455793384154], [7.121707007414525, 49.52156960530803], [7.123566559491867, 49.519359000312875], [7.123819909655877, 49.5163590392822], [7.126999245096421, 49.51579642072654], [7.126544763479318, 49.514732831833825], [7.129502672935344, 49.51167469204398], [7.124636288801319, 49.510862734307786], [7.120149472386385, 49.50786996216572], [7.115367967333847, 49.506678256335135], [7.115436223958848, 49.5057033861399], [7.108430775195868, 49.504396994222994], [7.104239534612522, 49.50517171762452], [7.099722838532125, 49.504396981536495], [7.094647485430242, 49.50219477372592], [7.091827051640996, 49.50172837709555], [7.084126453430567, 49.500998375226835], [7.082211455277624, 49.50148071574179], [7.080932487289787, 49.503661631712376], [7.078052135734772, 49.502021057466294], [7.075075923913134, 49.50360544721978], [7.065639490497071, 49.49752852971535], [7.066556144125625, 49.496115241115774], [7.060343844344144, 49.49425091872367], [7.058118965654162, 49.49596619204031], [7.060097286448948, 49.498052597149304], [7.057012966421781, 49.498463070594845], [7.056465588832475, 49.50014223282615], [7.05868162232877, 49.501377432404965], [7.059884204902205, 49.502962791387056], [7.054133743992492, 49.50465221512097], [7.053215764185194, 49.50760510068001], [7.054747896106685, 49.50773862365206], [7.05620252133679, 49.508879176361674], [7.053484088860255, 49.5125847078077], [7.055090329076965, 49.51263401523579], [7.055053618442705, 49.51365680570333], [7.049900586394272, 49.51522181755153], [7.051379618057127, 49.51657296004882], [7.049346183949051, 49.51811376968532], [7.048200878190676, 49.52037521162947], [7.048528297083839, 49.523690178256146], [7.036012405438543, 49.52383831907354], [7.034940316686433, 49.522013266401075], [7.028466223599724, 49.52353446873057], [7.02816789061271, 49.5245876173692], [7.02695370726897, 49.5242891362165], [7.025898255847449, 49.52470939519041], [7.025977855898056, 49.52661651899785], [7.023379864330117, 49.524608026486234], [7.021817850413613, 49.5253470189641], [7.017067312245083, 49.524092906797605], [7.013599268765063, 49.52649853875898], [7.015844047426309, 49.52854019559727], [7.015135070025207, 49.534093099700854], [7.016682870504944, 49.53506863330856], [7.0159470776983, 49.53719842223909], [7.013569854043952, 49.53790839329706], [7.010360165675205, 49.53767340004558], [7.008157252369418, 49.538558415368826], [7.007603385089647, 49.54012350595564], [7.004308544789945, 49.5413596217034], [7.002865859419477, 49.54329585894426], [6.999963386853212, 49.54210762494614], [6.996832041469198, 49.542343743786255], [6.996552246435511, 49.54422292358322], [6.998437838694527, 49.545273027759954], [6.997257429989728, 49.5477906155783], [6.993932795135444, 49.549442427568565], [6.994115240256529, 49.55228701374583], [6.992790031592661, 49.553106888414476], [6.992563975967515, 49.555621597385084], [6.993829221775513, 49.55592250283182], [6.993359632959263, 49.55760933297229], [6.989562448242224, 49.55916695294957]]]}}, {"type": "Feature", "properties": {"id": "32070", "name": "Umspannwerk Wadern", "operator": "", "population": 24506, "area_km2": 177.8, "data": true, "units": 2618, "net_mw": 106.46, "rooftop_mw": 26.07, "ground_mw": 80.39, "rooftop_share": 0.245, "new_mw_12m": 16.21, "growth_share": 0.152, "density_kw_km2": 598.7, "wind_mw": 20.25, "peak_load_mw": 41.67, "hvmv_mva": 126.0, "reinforced": {"transformers": 5, "lines": 42, "lv_grids_doubled": 11}, "lv_grids": 114, "lv_double_share": 0.649, "lv_no_room_share": 0.044, "rooftop_room_mw": 21.27, "firm_mw": 0.0, "firm_all_mw": 20.8, "n1_today_loading": 173.6, "flex_steps": [{"mw": 5, "pro_rata": 0.0164, "lifo": [0.0109, 0.0138, 0.0176, 0.0233], "hours": 39}, {"mw": 10, "pro_rata": 0.028, "lifo": [0.0123, 0.0204, 0.0316, 0.0477], "hours": 83}, {"mw": 20, "pro_rata": 0.06, "lifo": [0.0164, 0.0396, 0.0739, 0.11], "hours": 204}, {"mw": 40, "pro_rata": 0.1313, "lifo": [0.028, 0.092, 0.1696, 0.2356], "hours": 454}, {"mw": 80, "pro_rata": 0.2546, "lifo": [0.06, 0.2026, 0.3294, 0.4265], "hours": 899}, {"mw": 160, "pro_rata": 0.4179, "lifo": [0.1313, 0.378, 0.5344, 0.6277], "hours": 1475}, {"mw": 320, "pro_rata": 0.5905, "lifo": [0.2546, 0.5811, 0.7225, 0.8039], "hours": 2213}], "flex_prorata_mw": 10, "flex_lifo_mw": 5}, "geometry": {"type": "Polygon", "coordinates": [[[6.715870481969888, 49.60448423554476], [6.719001358515173, 49.60458008186451], [6.720063408228959, 49.60645073343681], [6.722223113526605, 49.60742856787247], [6.722285707002492, 49.608956050465935], [6.723421457199969, 49.60989975507359], [6.729073855646041, 49.61077968386928], [6.73282565420941, 49.61343105798822], [6.735045070434293, 49.61319514815717], [6.736625810530912, 49.61222288830249], [6.745512120033067, 49.61115986776787], [6.750498866337504, 49.60884670850918], [6.752918185471387, 49.61026139224783], [6.753454119652493, 49.61264194118786], [6.757588642494127, 49.612428305400186], [6.764739165371437, 49.614676054711424], [6.765906250844922, 49.61637225566801], [6.760068672307636, 49.62187213684214], [6.762477979351321, 49.62742719427546], [6.765840811555555, 49.62714881523499], [6.770266472415139, 49.62898279384753], [6.771626882489645, 49.62874940320466], [6.773561443616803, 49.62486742016143], [6.77528171569396, 49.62539181058868], [6.777876161977704, 49.623594877530486], [6.786215012539686, 49.62690418498434], [6.786473522311155, 49.627687521339375], [6.788944916255687, 49.62729123193878], [6.789107272406541, 49.62591830489842], [6.791007269828405, 49.62448542045856], [6.789850065441867, 49.623766628162976], [6.790111102914864, 49.62229795127341], [6.794268744162835, 49.622304375739446], [6.796125654628544, 49.62159975247369], [6.803733611500349, 49.62523535897392], [6.805424221626715, 49.624467238392526], [6.807765891008023, 49.621231109785626], [6.810182528678965, 49.620809459699174], [6.813579670081578, 49.621809587189844], [6.819856805374464, 49.62509460493707], [6.825805680437643, 49.623096184968944], [6.829026511548122, 49.62014070791707], [6.82651117495086, 49.619086737894165], [6.82790457797665, 49.61780834363572], [6.832615959293997, 49.61802386484845], [6.833617716580967, 49.61689439062819], [6.833961088279751, 49.61435225759403], [6.83298892083509, 49.61326280276797], [6.834058215373626, 49.61278326454108], [6.832701536616195, 49.6118520633818], [6.833879414664014, 49.61140394383434], [6.83209861902582, 49.60942273315563], [6.836433659428936, 49.60206043114759], [6.838171964580024, 49.593529201311995], [6.839124603387323, 49.59263586809423], [6.84139810015082, 49.59288702640805], [6.842657176499588, 49.59099139573445], [6.846005363222297, 49.58961618176852], [6.857887519321119, 49.60563267705113], [6.866435192348337, 49.60865973680874], [6.870613966554935, 49.6083871121768], [6.870922821520458, 49.607550210128636], [6.872586522761155, 49.606888707115935], [6.872470632197335, 49.60456462037484], [6.87955990324586, 49.601172556065656], [6.879956812725418, 49.6061826650951], [6.882599491683119, 49.60843797059689], [6.883741750778843, 49.608546546281396], [6.889807201349665, 49.60628333116622], [6.890722267185108, 49.60756976517502], [6.886989108445878, 49.60922425414494], [6.88666155526901, 49.610643505668165], [6.885480995645836, 49.61094790017144], [6.886594225832109, 49.61319980050265], [6.891453804731062, 49.61342262218834], [6.891860326889372, 49.60877885396386], [6.893726889924805, 49.60513085314615], [6.895115425328595, 49.60500313738747], [6.895711996473429, 49.60370668119714], [6.894089770260028, 49.600914743526], [6.895049806773639, 49.59755902569426], [6.898091743705423, 49.59627091284786], [6.905504185719956, 49.59062600547804], [6.905546642580677, 49.592471395901065], [6.909867718985397, 49.59436460959305], [6.91438043899818, 49.59516334185637], [6.918189874239707, 49.59443958608835], [6.923533261158107, 49.595977655506196], [6.923770614667355, 49.597057490409526], [6.930492497218874, 49.59742272476599], [6.933235517023022, 49.59947272608041], [6.934626048634475, 49.599408511384276], [6.936272934811121, 49.59813653800337], [6.937903022620561, 49.597827657065814], [6.94058468647416, 49.59847945553723], [6.943586580528602, 49.59798852336437], [6.953451876055575, 49.5946330609991], [6.956657467694662, 49.597750500101355], [6.955077406419395, 49.59103604256765], [6.955668762569743, 49.588109440035375], [6.958444844737691, 49.58598081576302], [6.95214008843268, 49.582847288307036], [6.955901894895457, 49.58136523981978], [6.955765491607159, 49.57978019160829], [6.954656626466656, 49.57766600387885], [6.949787261930601, 49.57385638935462], [6.949883890023414, 49.5716262297134], [6.952050255880007, 49.571729881137195], [6.95296151102952, 49.57046154762258], [6.948045753523452, 49.566227596583566], [6.952743982303642, 49.56530729157183], [6.956680958839928, 49.56549855199454], [6.956940981507492, 49.561994773375595], [6.959495429397876, 49.56246152449987], [6.961214050814986, 49.56206505431585], [6.963020670540906, 49.559356645147055], [6.961610616932853, 49.55895199759766], [6.960730884429906, 49.5569972600353], [6.958256911944033, 49.556748371761785], [6.957426458102056, 49.556191028146344], [6.957673143011265, 49.55528922645441], [6.954476279530478, 49.5536038071915], [6.956239847400363, 49.55258728711093], [6.956695602502969, 49.54699968089615], [6.958146133338396, 49.54573007905653], [6.957143118567509, 49.53591764900705], [6.954957845783874, 49.53366042918564], [6.953183822111443, 49.53314503341136], [6.95529531971006, 49.53068385859987], [6.95413906882469, 49.53047990650451], [6.956370319030199, 49.52506997967764], [6.956404129720919, 49.52254682341917], [6.954677960648825, 49.52007887568376], [6.956448012102657, 49.51709925778917], [6.955454721455434, 49.51183537457433], [6.946884638322888, 49.51119648414959], [6.938469385286135, 49.507372882261535], [6.938081639270189, 49.50814682290983], [6.935831169559446, 49.50770470500509], [6.935863718101452, 49.50651682975007], [6.931418461673857, 49.5052955495204], [6.930395709682134, 49.50601916495528], [6.928857477357728, 49.504773247598315], [6.928656815815631, 49.50356897123021], [6.9252312815718, 49.50485368290375], [6.923073354820005, 49.5038117557546], [6.919257854773921, 49.507860583294686], [6.918135809640394, 49.50773610175206], [6.910181768259188, 49.501703574964566], [6.903358292221212, 49.49515456608209], [6.900706867756857, 49.49418725397897], [6.897548316676231, 49.4918798622708], [6.892604995905894, 49.49032583617127], [6.886646619150082, 49.48738807267258], [6.885186110308466, 49.48585513379564], [6.882213297959536, 49.48457988326952], [6.874977892950276, 49.47971804077805], [6.873295945382528, 49.47929469721835], [6.870851409223863, 49.480359894439154], [6.861514864884896, 49.48079759586273], [6.857201133534271, 49.4824416774553], [6.853444686056375, 49.482941622941404], [6.851972010390136, 49.48139894096139], [6.841311401133123, 49.47655021265387], [6.841305071000752, 49.475000658702676], [6.839200951533694, 49.47468016512115], [6.836679225027267, 49.47548056775126], [6.835876612544668, 49.47459016733559], [6.829999240756449, 49.47337217699826], [6.829634088240864, 49.47236054596693], [6.827122793184852, 49.47086467624284], [6.821076772410663, 49.4689651695681], [6.812381208472697, 49.47330164952671], [6.807120999353641, 49.47107598769991], [6.805739242147759, 49.469814675742796], [6.807336663140424, 49.47579125236491], [6.806430430526015, 49.47518759743628], [6.801026636764995, 49.47571300088378], [6.799544958760137, 49.484509514935525], [6.801221920065606, 49.48595322667952], [6.80574383264598, 49.48803182207227], [6.809715758203584, 49.48823337807268], [6.81371386517612, 49.48950778361308], [6.81275830444419, 49.491002024934154], [6.813201812267717, 49.492081505595465], [6.815477207669851, 49.49269674626339], [6.815108903703525, 49.493522105969056], [6.812260775095061, 49.493167702353944], [6.810200456755357, 49.49406411773389], [6.808673718656816, 49.49575241831863], [6.805988484874444, 49.49614198925721], [6.80647004911055, 49.49803890139141], [6.809226545394487, 49.50025018589767], [6.808782663278611, 49.501737037040954], [6.811849307194837, 49.50532294108707], [6.809147542039749, 49.50879253963275], [6.810493917165351, 49.509089361354405], [6.809456645042183, 49.51160334165683], [6.807080372508092, 49.51157112396798], [6.807140062888535, 49.51024909133117], [6.802568210201225, 49.50998223872351], [6.795480474446219, 49.50737181956292], [6.795289770209309, 49.5151928753509], [6.79172338591208, 49.518903928013735], [6.79210590749565, 49.52146547855581], [6.790471955932078, 49.52274977254542], [6.791807405377303, 49.52403296541325], [6.79157682506264, 49.524898121506645], [6.793542229667555, 49.525953347836186], [6.792284729939046, 49.526720419568605], [6.793250098111221, 49.529195505325795], [6.789170299689873, 49.53290779476587], [6.786742472302544, 49.53904307460451], [6.783409246732422, 49.54186074659275], [6.779456775238915, 49.54253082777251], [6.775723997137676, 49.5457449105019], [6.772341528612788, 49.546605079695716], [6.772206998822492, 49.5493642627868], [6.769411297931767, 49.55237045264701], [6.767177677481271, 49.558156334840405], [6.763901260905887, 49.56164600862707], [6.76200152838121, 49.56063060252349], [6.759659350392901, 49.56153019288662], [6.756876991663861, 49.56144087424565], [6.764581213790605, 49.56775814196378], [6.767500051139419, 49.56904364676097], [6.769687308826371, 49.56885633374292], [6.762080926638213, 49.57422413259435], [6.756106521380176, 49.577466925758976], [6.753635814152142, 49.576817844582585], [6.748731390270802, 49.58017716104545], [6.744732773760486, 49.581170340146464], [6.74435924319758, 49.58274343303154], [6.734205260768952, 49.58536898239894], [6.730168724006306, 49.58928807739365], [6.716970930277496, 49.59636871505885], [6.715504163965273, 49.60241003600623], [6.715870481969888, 49.60448423554476]]]}}, {"type": "Feature", "properties": {"id": "33338", "name": "Area Sankt Wendel", "operator": "", "population": 49413, "area_km2": 209.5, "data": true, "units": 3014, "net_mw": 71.27, "rooftop_mw": 30.4, "ground_mw": 40.87, "rooftop_share": 0.427, "new_mw_12m": 16.05, "growth_share": 0.225, "density_kw_km2": 340.2, "wind_mw": 65.01, "peak_load_mw": 76.51, "hvmv_mva": 189.0, "reinforced": {"transformers": 2, "lines": 24, "lv_grids_doubled": 6}, "lv_grids": 224, "lv_double_share": 0.888, "lv_no_room_share": 0.027, "rooftop_room_mw": 47.36, "firm_mw": 0.0, "firm_all_mw": 56.54, "n1_today_loading": 111.8, "flex_steps": [{"mw": 5, "pro_rata": 0.0, "lifo": [0.0, 0.0, 0.0, 0.0], "hours": 0}, {"mw": 10, "pro_rata": 0.0, "lifo": [0.0, 0.0, 0.0, 0.0], "hours": 0}, {"mw": 20, "pro_rata": 0.0, "lifo": [0.0, 0.0, 0.0, 0.0], "hours": 0}, {"mw": 40, "pro_rata": 0.0, "lifo": [0.0, 0.0, 0.0, 0.0], "hours": 0}, {"mw": 80, "pro_rata": 0.0001, "lifo": [0.0, 0.0, 0.0, 0.0003], "hours": 2}, {"mw": 160, "pro_rata": 0.0255, "lifo": [0.0, 0.0002, 0.0064, 0.0956], "hours": 300}, {"mw": 320, "pro_rata": 0.2246, "lifo": [0.0001, 0.051, 0.3229, 0.5243], "hours": 1246}], "flex_prorata_mw": 160, "flex_lifo_mw": 80}, "geometry": {"type": "Polygon", "coordinates": [[[7.067721892399139, 49.49682614339409], [7.068216017715318, 49.49784080756503], [7.071325429423489, 49.49786332452965], [7.076084753156139, 49.49885272267926], [7.082211450370186, 49.50148070774191], [7.084126593998757, 49.500998409748654], [7.091827127765997, 49.501728389684814], [7.094647479297298, 49.50219478272593], [7.099722832666724, 49.50439699004155], [7.104239619314968, 49.50517173215117], [7.108431126157593, 49.504397029951924], [7.115435313500034, 49.5057031780817], [7.115367335385482, 49.5066782365667], [7.120149438398949, 49.50786994811291], [7.124636372720742, 49.510862827851206], [7.129502672370783, 49.511674683756006], [7.128857946784464, 49.50963822419064], [7.131372207998647, 49.50693060950932], [7.139255065309611, 49.50613012341057], [7.142630124174277, 49.50730218614089], [7.142351070379255, 49.503988954886665], [7.145874844956666, 49.49968115879897], [7.148706236210789, 49.49834245159247], [7.147546942130257, 49.49515617384901], [7.149652513122775, 49.493120491436834], [7.150756922793541, 49.486030534184735], [7.153584989474171, 49.48531283434022], [7.155366617623569, 49.48692337050269], [7.157794149845863, 49.48641002282407], [7.160689170977813, 49.48671191510941], [7.161740277207846, 49.487895642609864], [7.162934911318015, 49.48702169800967], [7.165081692431561, 49.487751363758775], [7.165900319445548, 49.48828859425815], [7.164786482696905, 49.48881424005977], [7.165149767286897, 49.49094118964547], [7.174892945880956, 49.494121087927994], [7.17586002081381, 49.49397722974779], [7.17955678534562, 49.498876449870515], [7.182749225887526, 49.500492221013666], [7.183153699766476, 49.49926162498264], [7.194919387812373, 49.500453273906196], [7.197792555713824, 49.5022613385854], [7.199412725996805, 49.50427864008039], [7.201054120321167, 49.50464841961183], [7.202772322814719, 49.50658798160139], [7.205480548354493, 49.50767012918642], [7.204912451055653, 49.50150555221721], [7.208502256704457, 49.502714976037396], [7.210777716432581, 49.502841771376914], [7.217270390469666, 49.50719299310455], [7.218531586671194, 49.51098477365258], [7.223802682421977, 49.508931794356364], [7.229411919064357, 49.5077809708235], [7.231754188512299, 49.505884949929786], [7.235905433327634, 49.50577503825319], [7.239348016158512, 49.504240273332385], [7.243471005808558, 49.50440433944428], [7.255602842451261, 49.49943207082087], [7.261539832175526, 49.49954861468873], [7.264441762564938, 49.50038824238397], [7.266713553523806, 49.50012035848958], [7.267229185210698, 49.50271925800797], [7.269596631930864, 49.504723134165296], [7.27418551112524, 49.50577285510595], [7.278556054001593, 49.50514133549238], [7.280493190775724, 49.50573689227769], [7.285433178555236, 49.504653117692484], [7.283869794716231, 49.50384308545642], [7.282739197800587, 49.50194680904927], [7.28647329976824, 49.50090083923345], [7.287067726378577, 49.49906372914667], [7.289460774099989, 49.50047280566204], [7.290285702352451, 49.50445808714078], [7.295271529523533, 49.50640069905448], [7.30078359081214, 49.50606193478887], [7.304446356063325, 49.50856986862462], [7.308772412333465, 49.51046613394733], [7.310882507239719, 49.5107598950085], [7.312339448709269, 49.51068400436728], [7.312711071689208, 49.5096769143355], [7.317438395527377, 49.50782947128579], [7.319491474244279, 49.50586137436101], [7.323817353013406, 49.50517456166118], [7.332502280353355, 49.50105886664588], [7.329358619825109, 49.499898681350224], [7.334323945546303, 49.495680520941804], [7.337906317441756, 49.49606006511044], [7.339810143404521, 49.49779714567076], [7.342170564565884, 49.494711817027074], [7.347835501131677, 49.49432995688716], [7.353203795031666, 49.495308186244834], [7.354038389424914, 49.493774035282], [7.358015811556695, 49.494866039502305], [7.359137920934335, 49.4942043142864], [7.361745725390801, 49.49572546798719], [7.358930017744406, 49.496944443422485], [7.359555797189717, 49.49752011423732], [7.363803333599755, 49.49606513912477], [7.366253466404153, 49.49636481468522], [7.368710693133949, 49.49730681837034], [7.369346988696525, 49.49820596879956], [7.372167286767555, 49.49894192619707], [7.374949557038067, 49.49867687928596], [7.373843650330874, 49.49656630829726], [7.377003683850629, 49.495375216054676], [7.382457983613921, 49.48896833105151], [7.384318045365675, 49.485112704760645], [7.387254263750537, 49.48271984464927], [7.38524129673315, 49.48009815205337], [7.383537663247754, 49.47952872946217], [7.384525581068979, 49.47814253382079], [7.380154810340277, 49.476725192890314], [7.379235914440935, 49.47534964365659], [7.382017338759273, 49.47421952354522], [7.378630034868769, 49.47107345657512], [7.379161337193165, 49.469725077325656], [7.380082248048114, 49.469988167880494], [7.380420130457613, 49.467134314567005], [7.379490793453877, 49.46210237455323], [7.375826145198207, 49.46215509176653], [7.371118065113644, 49.4634007911944], [7.369779231851413, 49.462319372532704], [7.368354225501077, 49.46425019591084], [7.367085132345744, 49.461902383150154], [7.363903537916381, 49.46007626038683], [7.364772120549703, 49.45840756305128], [7.362899629109445, 49.45704977362489], [7.362682542952718, 49.454459997493935], [7.365283998024297, 49.45311845818326], [7.362098798953919, 49.4526155498171], [7.358362557537566, 49.449567272607965], [7.357197433341208, 49.44943531807188], [7.357427031019528, 49.44467003507095], [7.356300605523597, 49.444584202866515], [7.356750712413953, 49.44213906354834], [7.355526143196107, 49.44187035204387], [7.356749290067848, 49.44026619900524], [7.345570405969294, 49.44039500660833], [7.341050310568545, 49.43879174822397], [7.338488112551302, 49.438701879369226], [7.337353320388293, 49.4401912871563], [7.328936752797224, 49.436353555888694], [7.327007205489445, 49.43755058764007], [7.323591954654155, 49.43610730307662], [7.321508081282786, 49.435946097174515], [7.318376722148402, 49.433615750843], [7.313163093102268, 49.4341617007396], [7.303796062686692, 49.43218560158735], [7.290682323419112, 49.43217270461946], [7.294606374902896, 49.425641539148685], [7.290416834768869, 49.417362509214314], [7.28938589154252, 49.41235390357611], [7.292601432646944, 49.40822243208601], [7.292158338062096, 49.406805048370266], [7.289331239425977, 49.4057520768504], [7.285054724634327, 49.40244251116669], [7.274195750602255, 49.402041940452165], [7.269021826892631, 49.398552933455996], [7.266114243810751, 49.39747900288984], [7.261671133009685, 49.39708116389775], [7.261600640842708, 49.3995553255088], [7.262686388986739, 49.40083832151568], [7.259513132867285, 49.4030879910975], [7.247384990810585, 49.40654708204105], [7.243465290837474, 49.405335370694985], [7.24295839724643, 49.40587878325858], [7.239602928998954, 49.40491741000766], [7.240593133873313, 49.40292911121417], [7.235964976875453, 49.39652792401186], [7.22089477070536, 49.39498241781394], [7.217935118201566, 49.39247417793657], [7.218340428722775, 49.39158532524816], [7.2134214470538, 49.39124996135571], [7.211173383831682, 49.389023629095654], [7.211138824676726, 49.39111243086729], [7.208161390683017, 49.391963471775675], [7.205543045027693, 49.39374458995039], [7.198738774324332, 49.39237189416249], [7.19236407560668, 49.39319317931125], [7.188826955331998, 49.39047059804261], [7.181134439056609, 49.388405416617736], [7.177708428837032, 49.3846934594224], [7.171017163401133, 49.387444337613275], [7.172621267189015, 49.39021940643966], [7.170694064403685, 49.39389879215363], [7.163499003298568, 49.39067557729109], [7.15377600716527, 49.39005373364109], [7.152036507084839, 49.38591383355455], [7.138506191142755, 49.389238620164704], [7.134280435932939, 49.3938219941861], [7.124323363102683, 49.39651352069745], [7.120737405878766, 49.401781939283644], [7.121635833771044, 49.40469022557207], [7.118929125899577, 49.40472642066123], [7.11649094214557, 49.40564371621893], [7.110396786174821, 49.40940817676248], [7.104755767359155, 49.41481365139497], [7.104487419416655, 49.4160199287873], [7.096267105650251, 49.412544633440305], [7.093204217148108, 49.414081960380834], [7.089917773302944, 49.41468492544962], [7.091899735394761, 49.41515045139409], [7.091599593019933, 49.41937358890179], [7.094087566185005, 49.42185327549128], [7.099016241878055, 49.42126376727581], [7.101175607505999, 49.42000746868227], [7.100303507100472, 49.4324551303524], [7.102535385194401, 49.43271399789165], [7.101985698639242, 49.43469793196833], [7.100010394132476, 49.436638599184725], [7.096203529379522, 49.438011907260616], [7.094350609146124, 49.44146316307201], [7.093516236074791, 49.44744243873959], [7.094266267391938, 49.45169670622359], [7.095096614514691, 49.45215088981916], [7.096837762368912, 49.451744775848454], [7.096806160687513, 49.45336422456106], [7.098329272003231, 49.453509343385726], [7.103035875670222, 49.45628979718164], [7.110143512451032, 49.4563778668758], [7.110124460184529, 49.458412342513405], [7.111962517385496, 49.458576528463176], [7.109835534477248, 49.459952466577185], [7.105560489925962, 49.45906748046255], [7.104545149619998, 49.46110801264818], [7.097975464617177, 49.46101813052675], [7.096985277177002, 49.46192443014279], [7.093031109191549, 49.46002228962731], [7.091510971312063, 49.460766550219915], [7.087295947123853, 49.46741339054204], [7.087713035666018, 49.47109690994618], [7.086397091604261, 49.47109580105972], [7.086468633020284, 49.478825430258084], [7.088999032564383, 49.48073946461812], [7.086238295794691, 49.48224958489139], [7.082989851371045, 49.48648694675495], [7.077769249872098, 49.49136261604397], [7.07171232730039, 49.49316016926547], [7.068710370019212, 49.49480291288229], [7.067721892399139, 49.49682614339409]]]}}, {"type": "Feature", "properties": {"id": "34400", "name": "UA Freisen", "operator": "", "population": 18652, "area_km2": 106.3, "data": true, "units": 1021, "net_mw": 22.21, "rooftop_mw": 9.88, "ground_mw": 12.32, "rooftop_share": 0.445, "new_mw_12m": 0.99, "growth_share": 0.045, "density_kw_km2": 208.9, "wind_mw": 82.35, "peak_load_mw": 24.31, "hvmv_mva": 166.0, "reinforced": {"transformers": 0, "lines": 4, "lv_grids_doubled": 0}, "lv_grids": 78, "lv_double_share": 0.91, "lv_no_room_share": 0.0, "rooftop_room_mw": 16.23, "firm_mw": 6.92, "firm_all_mw": 80.86, "n1_today_loading": 94.3, "flex_steps": [{"mw": 5, "pro_rata": 0.0, "lifo": [0.0, 0.0, 0.0, 0.0], "hours": 0}, {"mw": 10, "pro_rata": 0.0, "lifo": [0.0, 0.0, 0.0, 0.0], "hours": 0}, {"mw": 20, "pro_rata": 0.0, "lifo": [0.0, 0.0, 0.0, 0.0], "hours": 0}, {"mw": 40, "pro_rata": 0.0001, "lifo": [0.0, 0.0, 0.0, 0.0004], "hours": 1}, {"mw": 80, "pro_rata": 0.0013, "lifo": [0.0, 0.0002, 0.0014, 0.0035], "hours": 11}, {"mw": 160, "pro_rata": 0.0361, "lifo": [0.0001, 0.0025, 0.0128, 0.1291], "hours": 424}, {"mw": 320, "pro_rata": 0.2724, "lifo": [0.0013, 0.0709, 0.4065, 0.6107], "hours": 1508}], "flex_prorata_mw": 80, "flex_lifo_mw": 80}, "geometry": {"type": "Polygon", "coordinates": [[[7.121706967824642, 49.52156950637902], [7.121863978349888, 49.522455803059245], [7.124510435979874, 49.52283689821372], [7.122364682129114, 49.52776118638377], [7.123766451075517, 49.52809345428537], [7.125571098481135, 49.527410282907944], [7.123678781612403, 49.529854042184], [7.125588858706268, 49.530694515362754], [7.125757037777738, 49.53308518543097], [7.13070427408937, 49.53781734441012], [7.134088617520571, 49.538296622956835], [7.14066033706397, 49.542436087201544], [7.139449358866164, 49.54333718531802], [7.143248509474486, 49.5440870255345], [7.145094867561988, 49.541154054912006], [7.15127040177049, 49.53907715407295], [7.156909790165473, 49.53846159987708], [7.164722264272451, 49.54409548963282], [7.169533981657987, 49.545523695542954], [7.170233693220925, 49.54623057158453], [7.168815686544955, 49.54994352380249], [7.169624070120685, 49.55140838429838], [7.177939258877441, 49.55566362622238], [7.178309420146078, 49.55668910462822], [7.185571873625518, 49.55672675403704], [7.191993788528006, 49.558378459662855], [7.197922407182564, 49.56153273867633], [7.204852850902322, 49.5682367210842], [7.210368161215254, 49.568775940698586], [7.214006337989297, 49.57445548751074], [7.209999254166137, 49.5771487154025], [7.215557897951721, 49.58089482851788], [7.213357003994256, 49.58437111189646], [7.201437821760621, 49.59564801803298], [7.211637178969887, 49.595404856511784], [7.211794467072698, 49.594347324982806], [7.221615515082469, 49.5987834447606], [7.226552096902189, 49.59912462852893], [7.232817994320951, 49.601503102955135], [7.235026958292859, 49.60000011591116], [7.238810351674181, 49.60038838638071], [7.238312858210774, 49.599158246957984], [7.241349335647792, 49.59769705074407], [7.237548167462459, 49.59452565561131], [7.230490902354941, 49.59042400680933], [7.23587362618076, 49.591055429073904], [7.241619121766221, 49.585422239935966], [7.255403212907196, 49.59067199623839], [7.256173909559939, 49.59279245108013], [7.258594846289609, 49.59386144325013], [7.265971637864524, 49.593757555542155], [7.267221544712421, 49.59208257296068], [7.27583455819439, 49.59396725156322], [7.278714357603178, 49.59234744320316], [7.270228231568769, 49.58699049263987], [7.269983740251528, 49.585401541532754], [7.265572430845768, 49.57858196795343], [7.262209996330484, 49.574658647456225], [7.262408839496806, 49.57191233748238], [7.263758161411112, 49.57061482262684], [7.268031516056775, 49.57129535818408], [7.269094923032411, 49.57338783005547], [7.276697016630368, 49.57605426048285], [7.281090585602097, 49.57928613102421], [7.285271019188472, 49.579927447845904], [7.285943782310984, 49.581045126247936], [7.285258900529016, 49.58216924725068], [7.28785354671745, 49.5833325745646], [7.288406399269634, 49.5823309321479], [7.292515103649517, 49.58300581670377], [7.294477531101935, 49.585546722902556], [7.298352949798994, 49.58331534960358], [7.301529802925101, 49.583225219538164], [7.301744813414914, 49.58498720126834], [7.304185841704462, 49.584732321156565], [7.306639666320308, 49.58634086180474], [7.305296963746525, 49.58758195927995], [7.308830253805498, 49.5900406859198], [7.307695451824619, 49.59086442108374], [7.313610490331465, 49.59501133115944], [7.314346592154691, 49.5941616491376], [7.319336887765951, 49.598054071221945], [7.320675300242264, 49.59656796661094], [7.319973850365112, 49.59514549732359], [7.314613520858473, 49.59160903965287], [7.314868973513012, 49.59091541653099], [7.31230411007029, 49.58981395150457], [7.31251977982208, 49.58893894398334], [7.317767359242973, 49.58979768605391], [7.320970499121936, 49.58671304717906], [7.325309644652037, 49.59213907461069], [7.327464434740417, 49.59188993733238], [7.326191815422958, 49.589396559977345], [7.334753801628308, 49.58784339778187], [7.337543916717592, 49.58607564310972], [7.339604128733864, 49.585709986385204], [7.339237459729892, 49.58455600572205], [7.342083965647275, 49.58171828662315], [7.336707970176945, 49.57904661589653], [7.33800071139312, 49.577714433869296], [7.340812284532113, 49.57854018070612], [7.34024151657518, 49.57628212091424], [7.338871132504053, 49.575019091662895], [7.338729801281023, 49.57317832416597], [7.334917648244121, 49.57285909185673], [7.333650247321477, 49.57208009301657], [7.333366144111689, 49.57062452159238], [7.334663912919432, 49.5708043713588], [7.334682882360151, 49.56926525932823], [7.336023089802896, 49.5685898069903], [7.335643186449899, 49.5668878133338], [7.331735337298394, 49.5638309981209], [7.331338608536871, 49.56494446976156], [7.326068763589804, 49.56578718738881], [7.326869647723061, 49.562970181106515], [7.325181419701272, 49.564123478376736], [7.322020618479842, 49.56501049982382], [7.319084369719475, 49.56232585902747], [7.320098222219919, 49.56040036537], [7.324620104295732, 49.556511551934975], [7.324341746394082, 49.55590943449243], [7.321318914194187, 49.5551580796809], [7.318716904245864, 49.55639945725209], [7.310078507716264, 49.556840199496136], [7.308373780251195, 49.556458939346626], [7.307429781646878, 49.555883066028166], [7.308317532519911, 49.55522362589671], [7.305846188541583, 49.55120123525995], [7.308296795301301, 49.55035161346751], [7.307862519802717, 49.549600970986575], [7.304754457478035, 49.54847755981148], [7.299774748095406, 49.54884903098364], [7.299205855155454, 49.54712486771894], [7.300510277133797, 49.546604006807044], [7.306319852468116, 49.53643773955303], [7.302438853984751, 49.536336643103276], [7.302405546287654, 49.533961814686094], [7.298966010165262, 49.53137565506213], [7.299705680964236, 49.529559177445606], [7.300846648892291, 49.53027810630127], [7.3027868378876, 49.52740529435427], [7.306924691362085, 49.52613567327509], [7.309871865085417, 49.52322051149316], [7.306983632225858, 49.52145295703616], [7.307831396130182, 49.519951266390905], [7.309843927965335, 49.519906074926645], [7.311024943860762, 49.51816557645444], [7.307554794421002, 49.51643728131868], [7.307332303603156, 49.51568435369386], [7.30962213177034, 49.515614196033475], [7.31254020700326, 49.516596577479284], [7.31398219522087, 49.51387902397577], [7.310868225326333, 49.51283810558978], [7.308724404092611, 49.512850671794], [7.308772403348436, 49.5104661399571], [7.304446189335686, 49.50856976986877], [7.300783633199438, 49.506061873644875], [7.295271544686936, 49.50640062492316], [7.290286068096445, 49.504458216868365], [7.289460754912275, 49.50047263475242], [7.287066783606202, 49.49906281953675], [7.286473225720144, 49.50090079901828], [7.282739140682756, 49.50194695750549], [7.283869834871665, 49.50384313503367], [7.285430498822249, 49.50465323762016], [7.280493624554629, 49.5057366078095], [7.278556016611566, 49.50514133442491], [7.274185681825397, 49.50577283952333], [7.269596715856512, 49.50472316310987], [7.267229159636788, 49.502719207751475], [7.266713485656271, 49.500120205046315], [7.264441906340194, 49.500388211780994], [7.261539836580672, 49.49954860206638], [7.255602694867514, 49.4994320547422], [7.243471127037542, 49.50440427254024], [7.239347848815505, 49.50424025017668], [7.23590533610655, 49.505775058405526], [7.231753526969261, 49.50588486517695], [7.229411608588446, 49.50778103653674], [7.223802757385701, 49.508931766266066], [7.218532237902084, 49.5109841979203], [7.217270499967239, 49.50719304967481], [7.210777541434959, 49.502841638542854], [7.208502260989284, 49.50271496563039], [7.204912680659985, 49.50150465613235], [7.205478464659213, 49.507669279877895], [7.20277227439832, 49.506587908349346], [7.201054000646344, 49.504648262823885], [7.199412609621334, 49.50427846900204], [7.19779256652664, 49.502261333318025], [7.194919282683816, 49.50045318445633], [7.183152554520642, 49.49926138941436], [7.18274772844613, 49.500491445031685], [7.179556806552357, 49.498876438620556], [7.175859852379816, 49.493976867746284], [7.174892593861098, 49.4941209864586], [7.165150178844245, 49.49094124264952], [7.164786500539605, 49.48881432806291], [7.165901283632962, 49.48828887733644], [7.165081699795488, 49.4877513572413], [7.162934716577247, 49.48702147711574], [7.161740119480317, 49.487894983052065], [7.16068935561916, 49.48671188095221], [7.15779390231376, 49.486409997013034], [7.15536671687289, 49.48692317268072], [7.153585475305888, 49.48531264746155], [7.150756964858155, 49.486030150814784], [7.149652511367655, 49.493120412762416], [7.147546825193101, 49.495156159938325], [7.148706050927749, 49.498342220146036], [7.145874824205483, 49.499681147048214], [7.142350966235556, 49.50398893051297], [7.142629814162219, 49.50730109696083], [7.139255223755301, 49.5061300914729], [7.131371867336142, 49.506930627723754], [7.128857852158982, 49.50963821356296], [7.129058929706776, 49.512806553216556], [7.126544556962211, 49.51473289189144], [7.126998593614281, 49.51579638191345], [7.123819822385626, 49.51635875409859], [7.123566534065574, 49.51935899557901], [7.121706967824642, 49.52156950637902]]]}}, {"type": "Feature", "properties": {"id": "34859", "name": "Umspannwerk Bruchhof", "operator": "Stadtwerke Homburg", "population": 21996, "area_km2": 55.3, "data": true, "units": 1098, "net_mw": 18.87, "rooftop_mw": 18.23, "ground_mw": 0.64, "rooftop_share": 0.966, "new_mw_12m": 1.66, "growth_share": 0.088, "density_kw_km2": 341.3, "wind_mw": 11.6, "peak_load_mw": 59.86, "hvmv_mva": 151.0, "reinforced": {"transformers": 0, "lines": 2, "lv_grids_doubled": 0}, "lv_grids": 79, "lv_double_share": 0.873, "lv_no_room_share": 0.051, "rooftop_room_mw": 22.1, "firm_mw": 59.18, "firm_all_mw": 132.42, "n1_today_loading": 42.3, "flex_steps": [{"mw": 5, "pro_rata": 0.0, "lifo": [0.0, 0.0, 0.0, 0.0], "hours": 0}, {"mw": 10, "pro_rata": 0.0, "lifo": [0.0, 0.0, 0.0, 0.0], "hours": 0}, {"mw": 20, "pro_rata": 0.0, "lifo": [0.0, 0.0, 0.0, 0.0], "hours": 0}, {"mw": 40, "pro_rata": 0.0, "lifo": [0.0, 0.0, 0.0, 0.0], "hours": 0}, {"mw": 80, "pro_rata": 0.0108, "lifo": [0.0, 0.0, 0.0016, 0.0416], "hours": 144}, {"mw": 160, "pro_rata": 0.1502, "lifo": [0.0, 0.0216, 0.1993, 0.3801], "hours": 856}, {"mw": 320, "pro_rata": 0.3796, "lifo": [0.0108, 0.2897, 0.546, 0.6718], "hours": 1681}], "flex_prorata_mw": 80, "flex_lifo_mw": 40}, "geometry": {"type": "Polygon", "coordinates": [[[7.310432268083707, 49.34920087734825], [7.356990227177922, 49.37486706798827], [7.365551734524614, 49.37465730089332], [7.369106564529813, 49.37398255722744], [7.368501079339596, 49.36988655655071], [7.366660720484146, 49.36910012917544], [7.366871207850289, 49.363187660138905], [7.379023498787764, 49.36602818826077], [7.395898642965086, 49.37204603110604], [7.3980024106005, 49.372288271654654], [7.401321103811754, 49.37051867843763], [7.40207541874456, 49.36771902336971], [7.403772067938196, 49.36783493567288], [7.407186274139193, 49.3642710925072], [7.408968620106179, 49.363459189875115], [7.408984876091091, 49.36184263315273], [7.417096937635504, 49.35875442076518], [7.423596699741863, 49.35976594365612], [7.425637148615752, 49.35922620799541], [7.425583678077061, 49.3583671780383], [7.433802042180997, 49.356649224178724], [7.434203905437775, 49.35471995153463], [7.436956737230121, 49.3550088977796], [7.437932204307464, 49.35378576700402], [7.441012386949258, 49.35554003492223], [7.445963449328335, 49.352235661681846], [7.447655715641325, 49.35272239723591], [7.452629663611448, 49.35094183527317], [7.451716454992818, 49.34824089899826], [7.449723886201836, 49.34817762010285], [7.450438033651259, 49.34754000689115], [7.448359168525829, 49.34534086951385], [7.445392022860732, 49.34339960226517], [7.442859747987422, 49.34309206577864], [7.445310973406547, 49.33894291092281], [7.44461311809239, 49.33616051618794], [7.44502327161122, 49.33301498393326], [7.435182327954472, 49.33634782561692], [7.435034375943318, 49.33411218117478], [7.442350745526785, 49.3312769355752], [7.44540468897684, 49.331734877065685], [7.450122162866776, 49.32930008087856], [7.449802322661707, 49.32609536976415], [7.450953550971371, 49.32488406948239], [7.44817648018442, 49.32479962717241], [7.443363176511816, 49.32208505801304], [7.436282293303429, 49.321085809819174], [7.424710053131493, 49.31829040550794], [7.424002650750802, 49.315344769650444], [7.423229486779345, 49.314945477363196], [7.422097243752467, 49.315625198031874], [7.418346305706432, 49.312929359245025], [7.417828567515232, 49.31134292226848], [7.413668067915911, 49.309650533045655], [7.409767196598978, 49.31035923871492], [7.408054071403599, 49.30994789370317], [7.405773355494199, 49.31353674161374], [7.40603897575541, 49.3161877575317], [7.400469557010275, 49.314671356972326], [7.398513131512729, 49.31340188801643], [7.3944944438825, 49.31635057388445], [7.39444918257063, 49.31465387896196], [7.390222160189694, 49.31224437999558], [7.389935470445129, 49.31126246314134], [7.391883621347706, 49.30959716581114], [7.387486072629534, 49.310506949615856], [7.38401647019068, 49.30995244620454], [7.382786082312463, 49.3079698073031], [7.380675017087596, 49.306736213383694], [7.381307359838209, 49.303745274369426], [7.379421690756486, 49.30174426665164], [7.379984290121629, 49.29760138084468], [7.382777819154174, 49.294644868226484], [7.38542714823697, 49.294123918733206], [7.374717443315019, 49.282905503356346], [7.371695484460019, 49.28091264813871], [7.369008412865744, 49.2826564353741], [7.367011747019365, 49.28308648555614], [7.36510709792013, 49.28149431101693], [7.365881016493598, 49.28017433793124], [7.365326609236853, 49.278124107263096], [7.35998173778273, 49.27926229560082], [7.354958646634008, 49.28220990440016], [7.355821403089419, 49.28371898720508], [7.350946973938377, 49.282502449433395], [7.350611150056559, 49.28449087564328], [7.361429966478003, 49.29818164591124], [7.310432268083707, 49.34920087734825]]]}}, {"type": "Feature", "properties": {"id": "33561", "name": "Area Blieskastel", "operator": "", "population": 33753, "area_km2": 168.6, "data": true, "units": 2154, "net_mw": 22.48, "rooftop_mw": 22.46, "ground_mw": 0.02, "rooftop_share": 0.999, "new_mw_12m": 2.41, "growth_share": 0.107, "density_kw_km2": 133.3, "wind_mw": 6.4, "peak_load_mw": 59.98, "hvmv_mva": 166.0, "reinforced": {"transformers": 2, "lines": 1, "lv_grids_doubled": 1}, "lv_grids": 151, "lv_double_share": 0.854, "lv_no_room_share": 0.007, "rooftop_room_mw": 19.2, "firm_mw": 97.27, "firm_all_mw": 171.09, "n1_today_loading": 19.9, "flex_steps": [{"mw": 5, "pro_rata": 0.0, "lifo": [0.0, 0.0, 0.0, 0.0], "hours": 0}, {"mw": 10, "pro_rata": 0.0, "lifo": [0.0, 0.0, 0.0, 0.0], "hours": 0}, {"mw": 20, "pro_rata": 0.0, "lifo": [0.0, 0.0, 0.0, 0.0], "hours": 0}, {"mw": 40, "pro_rata": 0.0, "lifo": [0.0, 0.0, 0.0, 0.0], "hours": 0}, {"mw": 80, "pro_rata": 0.0099, "lifo": [0.0, 0.0, 0.002, 0.0375], "hours": 118}, {"mw": 160, "pro_rata": 0.1258, "lifo": [0.0, 0.0198, 0.1647, 0.3189], "hours": 692}, {"mw": 320, "pro_rata": 0.3349, "lifo": [0.0099, 0.2418, 0.4796, 0.6083], "hours": 1441}], "flex_prorata_mw": 80, "flex_lifo_mw": 40}, "geometry": {"type": "Polygon", "coordinates": [[[7.178181026339638, 49.25099017335023], [7.180125086894489, 49.25033654517331], [7.18507048223443, 49.25160802792237], [7.184241462516035, 49.254861114678036], [7.184653469146333, 49.257664557151855], [7.186321182108489, 49.259415619319434], [7.18778879477397, 49.25908119551453], [7.196857064253765, 49.264255259683225], [7.198914686192914, 49.26453193672166], [7.197310481339433, 49.26706892053205], [7.199712809112241, 49.269354563058315], [7.205687656361091, 49.27091667051644], [7.209539303753111, 49.27113766472907], [7.211498124365627, 49.2706638183627], [7.221976675859715, 49.26672934880668], [7.227892782074822, 49.268549521353876], [7.229265467666403, 49.26981410117656], [7.235081936892588, 49.271288921232205], [7.239448488562505, 49.27151927701925], [7.241867655242997, 49.269400721540954], [7.250134228959346, 49.267027160963394], [7.250061623124493, 49.27055294167374], [7.253126220513075, 49.273667003046455], [7.254391108108283, 49.27694490954628], [7.257801810730329, 49.27861011019055], [7.26035037467735, 49.278773710709366], [7.264147043338916, 49.279999410512254], [7.263001707618288, 49.28068694031907], [7.267649699825411, 49.28237844457807], [7.274202969611829, 49.28891461011499], [7.277078878281827, 49.29036576377299], [7.281772789679231, 49.29427290878447], [7.286090857330865, 49.29578315208148], [7.288622646517671, 49.29786338512903], [7.290023051529313, 49.29759765734664], [7.295798933527726, 49.29615945710619], [7.294525818283215, 49.295249616709405], [7.297422946662641, 49.294783351218825], [7.30289545034487, 49.29047315245436], [7.299352475957339, 49.28911185791983], [7.299403364065694, 49.28833931747942], [7.301754580116303, 49.28941424411387], [7.302946925106617, 49.28825069019355], [7.302024118715956, 49.28722501242551], [7.299158209034083, 49.28788147378605], [7.298101906275074, 49.28742848734525], [7.298291530091932, 49.286848574287816], [7.295615165966658, 49.285907902852806], [7.295246815131569, 49.2868876494779], [7.293396095451993, 49.286978828640756], [7.283945610868798, 49.28175667585346], [7.281699977513394, 49.279531529167805], [7.281331225699521, 49.27784627979862], [7.284435224276089, 49.27546818601137], [7.291280099464991, 49.27497060526309], [7.297076466441455, 49.27302131785967], [7.296000145058067, 49.274763220329014], [7.299534094915353, 49.27521512930134], [7.303166097516995, 49.27440019663351], [7.299109082654288, 49.26961178687385], [7.299534398055635, 49.26735490691129], [7.298687414260128, 49.2654039752999], [7.296267819708053, 49.26413747566859], [7.292593243862395, 49.26456347045462], [7.291969900544941, 49.26401456029252], [7.292431845752038, 49.262038134710416], [7.290149110813027, 49.260968394977496], [7.290688661898815, 49.26050711672803], [7.288723944277274, 49.26072406124259], [7.289931735973213, 49.25930168446755], [7.294061419362301, 49.25843816496498], [7.296101055711267, 49.25879352089651], [7.29974436251406, 49.258411254858785], [7.303122479628081, 49.259326940982405], [7.302363118900609, 49.260610715990076], [7.303453162965765, 49.26097523483111], [7.303816104070302, 49.263587276967975], [7.304476402633857, 49.263795145025526], [7.305274227356925, 49.26277339891407], [7.30624539095762, 49.26346731885614], [7.309368210115085, 49.2609442142347], [7.309849883256936, 49.25930168130435], [7.310839007511901, 49.25954626495599], [7.312188989595451, 49.25702758847075], [7.312131834834983, 49.25513579418148], [7.315898377842013, 49.25148764046149], [7.322619841141194, 49.24760015546209], [7.324553851474626, 49.248141612118964], [7.327785245266499, 49.254561028597095], [7.324858105679542, 49.25746298369136], [7.330002517830764, 49.26044514602564], [7.330827882590159, 49.25975268004149], [7.339081262549929, 49.26392827892868], [7.344019325886295, 49.270441805586366], [7.344193587600967, 49.273368031868294], [7.343506139362268, 49.27428031410388], [7.341287892484468, 49.27411033037396], [7.335779323572698, 49.276269167652764], [7.334463174520121, 49.27828488212895], [7.341547854799218, 49.28146449378327], [7.346372001778458, 49.28177111529994], [7.347696894673186, 49.281088279849186], [7.350946976256878, 49.28250239837171], [7.36180772983857, 49.218106927220084], [7.363263549692806, 49.216026430682675], [7.364739763422712, 49.21532841141806], [7.364306376233184, 49.21456414618356], [7.365287736874651, 49.21434042723183], [7.365608686693562, 49.21157725521923], [7.36687268570254, 49.21010816179062], [7.370648721157461, 49.210946321730056], [7.37992913840215, 49.210448627243146], [7.388531569788872, 49.21406369980561], [7.389668629763166, 49.21348303080609], [7.394246585816791, 49.213024732137306], [7.395210265835853, 49.21341205480909], [7.392984404289317, 49.2147003193539], [7.394614697342986, 49.21520459403811], [7.398955420673386, 49.21459545065624], [7.401205865053636, 49.2136121379682], [7.403038334121285, 49.21008973018352], [7.396971854849264, 49.21040744468541], [7.397445412190919, 49.20838665721964], [7.401014419488614, 49.20503761850765], [7.405117756071367, 49.20632634176606], [7.408710663855206, 49.20879780846163], [7.414173592195843, 49.21069187081745], [7.419795070265102, 49.21216126103393], [7.421564847609476, 49.2117811665415], [7.425180279339208, 49.212814583248075], [7.427407490690385, 49.21457102598429], [7.429002088969322, 49.218302017978566], [7.43597666085086, 49.2174223359713], [7.43991554263788, 49.218228642828706], [7.440777893382966, 49.21908110179407], [7.445369409568045, 49.22036129296041], [7.447906303456468, 49.21958410413472], [7.44970984824828, 49.216716253749496], [7.443539342905874, 49.21411705303551], [7.443601047767072, 49.21230867099354], [7.447119338359904, 49.20837228434898], [7.439294106910547, 49.20633164116476], [7.439419542273082, 49.204476271666444], [7.434276100905666, 49.20377264021795], [7.432931024086987, 49.20258732660294], [7.431735336490219, 49.19822889347055], [7.432549016241663, 49.19586697781284], [7.432040056356074, 49.193072490058015], [7.433373200780287, 49.19062509694336], [7.436458076606963, 49.18954250396399], [7.440049667644129, 49.189640546218094], [7.441856237437799, 49.19038059108401], [7.443839528759621, 49.19005352265102], [7.446794318249293, 49.188157040676444], [7.446586799460961, 49.185697982046705], [7.44564661704144, 49.18415101328616], [7.379294891014828, 49.17486250935904], [7.365143171604013, 49.171836476983785], [7.365641386724977, 49.16479937735433], [7.368864792846965, 49.161800156385304], [7.366614561285402, 49.16059246030454], [7.363093924469801, 49.15720679326812], [7.361379474533557, 49.15341913891038], [7.363002928310761, 49.145226745302466], [7.361568508241827, 49.14513240541714], [7.361482897004945, 49.14454503504346], [7.362726482292865, 49.14314833872721], [7.356420982524833, 49.14388083421065], [7.345351944529545, 49.14322844557092], [7.34141524353446, 49.145241051835136], [7.329849702534195, 49.14477048948224], [7.315472752304346, 49.138456561306235], [7.312828546809888, 49.13569855752646], [7.310210269088501, 49.129438801211265], [7.300479637289244, 49.13569748899007], [7.303818570318667, 49.14721788216213], [7.305422407758206, 49.147038931156224], [7.307518954873739, 49.14916027710716], [7.303654462752382, 49.15403769856391], [7.301545379591865, 49.15500346821238], [7.299420629664624, 49.15351163761738], [7.290670598205682, 49.156907630034475], [7.290867091977667, 49.15744481133704], [7.28275731448223, 49.159264668904726], [7.283206414520737, 49.160754088472736], [7.280360264493124, 49.161239584360665], [7.280325693110995, 49.16483892760006], [7.275969131919395, 49.1638773747994], [7.275527454205324, 49.16596260013916], [7.270645702071673, 49.17222304995439], [7.264544956647991, 49.17084993361697], [7.264345911122089, 49.171338724571626], [7.261221482512447, 49.169835573405756], [7.259748312221751, 49.17050262555423], [7.262402618438779, 49.17228266739106], [7.262459558371588, 49.174706238799004], [7.265419361065303, 49.17540385111164], [7.264963949388963, 49.17647121989307], [7.267579813975748, 49.176987963070125], [7.270172904684092, 49.17925991746088], [7.263265650195365, 49.18110401803053], [7.260777701351792, 49.18072602900514], [7.257740262038647, 49.17912563335663], [7.25432875092403, 49.17981921425162], [7.250029960662218, 49.18185552539782], [7.252064683921854, 49.18487684450072], [7.250500663394719, 49.186073892432915], [7.248074084949349, 49.18662455778865], [7.246407228126358, 49.18343408149296], [7.243771491513136, 49.18117869606121], [7.238773962224405, 49.18196056837278], [7.235918866876796, 49.17970778803543], [7.232232486173858, 49.17938392291405], [7.230027844385355, 49.17645680582028], [7.22631674615258, 49.178725439976496], [7.221390845308851, 49.17986901981332], [7.218884486383508, 49.18198358505903], [7.213560253593922, 49.18452877941031], [7.210871737722715, 49.19111279255062], [7.212346677902072, 49.192840152156904], [7.20954200529312, 49.19428810462601], [7.202088718341744, 49.19459141292008], [7.20312335608771, 49.19894393601182], [7.200733748347498, 49.2048337905078], [7.199533630096457, 49.21162344713794], [7.194296566778349, 49.21144250926914], [7.193436675066342, 49.20994956826736], [7.188657889004971, 49.20809782732331], [7.187961076929335, 49.20727956520733], [7.180860686974385, 49.210163358249254], [7.180000490360037, 49.21346946696026], [7.180226542563656, 49.22474032465975], [7.184856136742667, 49.23197251685124], [7.18623090031245, 49.24135947595546], [7.189874990218033, 49.24313677704769], [7.190752341223795, 49.24479707386034], [7.180523426640366, 49.248340185994934], [7.178181026339638, 49.25099017335023]]]}}]}