{"type":"FeatureCollection","features":[{"type":"Feature","geometry":{"type":"LineString","coordinates":[[6.81924,49.21771],[6.82024,49.21931]]},"properties":{"d":"31413","load":46,"rf":0}},{"type":"Feature","geometry":{"type":"LineString","coordinates":[[6.82775,49.22237],[6.82091,49.22137]]},"properties":{"d":"31413","load":0,"rf":0}},{"type":"Feature","geometry":{"type":"LineString","coordinates":[[6.82164,49.21921],[6.82091,49.22137]]},"properties":{"d":"31413","load":39,"rf":0}},{"type":"Feature","geometry":{"type":"LineString","coordinates":[[6.82164,49.21921],[6.82271,49.21864]]},"properties":{"d":"31413","load":11,"rf":0}},{"type":"Feature","geometry":{"type":"LineString","coordinates":[[6.81387,49.22409],[6.81262,49.22452]]},"properties":{"d":"31413","load":7,"rf":0}},{"type":"Feature","geometry":{"type":"LineString","coordinates":[[6.81387,49.22409],[6.82194,49.22843]]},"properties":{"d":"31413","load":8,"rf":0}},{"type":"Feature","geometry":{"type":"LineString","coordinates":[[6.8346,49.23624],[6.83902,49.2393]]},"properties":{"d":"31413","load":3,"rf":0}},{"type":"Feature","geometry":{"type":"LineString","coordinates":[[6.8346,49.23624],[6.83778,49.23573]]},"properties":{"d":"31413","load":5,"rf":0}},{"type":"Feature","geometry":{"type":"LineString","coordinates":[[6.86057,49.24156],[6.84385,49.24215]]},"properties":{"d":"31413","load":0,"rf":0}},{"type":"Feature","geometry":{"type":"LineString","coordinates":[[6.86057,49.24156],[6.84006,49.23564]]},"properties":{"d":"31413","load":1,"rf":0}},{"type":"Feature","geometry":{"type":"LineString","coordinates":[[6.82808,49.23398],[6.83027,49.23716]]},"properties":{"d":"31413","load":9,"rf":0}},{"type":"Feature","geometry":{"type":"LineString","coordinates":[[6.82808,49.23398],[6.81921,49.22693]]},"properties":{"d":"31413","load":9,"rf":0}},{"type":"Feature","geometry":{"type":"LineString","coordinates":[[6.8558,49.24283],[6.84006,49.23564]]},"properties":{"d":"31413","load":3,"rf":0}},{"type":"Feature","geometry":{"type":"LineString","coordinates":[[6.8558,49.24283],[6.84528,49.24188]]},"properties":{"d":"31413","load":0,"rf":0}},{"type":"Feature","geometry":{"type":"LineString","coordinates":[[6.83902,49.2393],[6.83856,49.24079]]},"properties":{"d":"31413","load":1,"rf":0}},{"type":"Feature","geometry":{"type":"LineString","coordinates":[[6.80896,49.22221],[6.81262,49.22452]]},"properties":{"d":"31413","load":4,"rf":0}},{"type":"Feature","geometry":{"type":"LineString","coordinates":[[6.80896,49.22221],[6.80625,49.22039]]},"properties":{"d":"31413","load":0,"rf":0}},{"type":"Feature","geometry":{"type":"LineString","coordinates":[[6.83067,49.23259],[6.83399,49.2345]]},"properties":{"d":"31413","load":12,"rf":0}},{"type":"Feature","geometry":{"type":"LineString","coordinates":[[6.83067,49.23259],[6.82654,49.22818]]},"properties":{"d":"31413","load":0,"rf":0}},{"type":"Feature","geometry":{"type":"LineString","coordinates":[[6.83067,49.23259],[6.82425,49.22976]]},"properties":{"d":"31413","load":8,"rf":0}},{"type":"Feature","geometry":{"type":"LineString","coordinates":[[6.82696,49.2365],[6.83027,49.23716]]},"properties":{"d":"31413","load":3,"rf":0}},{"type":"Feature","geometry":{"type":"LineString","coordinates":[[6.83867,49.23162],[6.83599,49.23323]]},"properties":{"d":"31413","load":14,"rf":0}},{"type":"Feature","geometry":{"type":"LineString","coordinates":[[6.83867,49.23162],[6.83897,49.23132]]},"properties":{"d":"31413","load":14,"rf":0}},{"type":"Feature","geometry":{"type":"LineString","coordinates":[[6.83399,49.2345],[6.83599,49.23323]]},"properties":{"d":"31413","load":13,"rf":0}},{"type":"Feature","geometry":{"type":"LineString","coordinates":[[6.80913,49.22698],[6.81262,49.22452]]},"properties":{"d":"31413","load":2,"rf":0}},{"type":"Feature","geometry":{"type":"LineString","coordinates":[[6.80749,49.22442],[6.80625,49.22039]]},"properties":{"d":"31413","load":1,"rf":0}},{"type":"Feature","geometry":{"type":"LineString","coordinates":[[6.80587,49.22011],[6.80318,49.21575]]},"properties":{"d":"31413","load":3,"rf":0}},{"type":"Feature","geometry":{"type":"LineString","coordinates":[[6.80587,49.22011],[6.80625,49.22039]]},"properties":{"d":"31413","load":1,"rf":0}},{"type":"Feature","geometry":{"type":"LineString","coordinates":[[6.81268,49.22093],[6.81794,49.21992]]},"properties":{"d":"31413","load":9,"rf":0}},{"type":"Feature","geometry":{"type":"LineString","coordinates":[[6.81268,49.22093],[6.80879,49.21903]]},"properties":{"d":"31413","load":7,"rf":0}},{"type":"Feature","geometry":{"type":"LineString","coordinates":[[6.84006,49.23564],[6.83778,49.23573]]},"properties":{"d":"31413","load":5,"rf":0}},{"type":"Feature","geometry":{"type":"LineString","coordinates":[[6.82181,49.21469],[6.82226,49.2167]]},"properties":{"d":"31413","load":1,"rf":0}},{"type":"Feature","geometry":{"type":"LineString","coordinates":[[6.84006,49.23564],[6.83027,49.23716]]},"properties":{"d":"31413","load":15,"rf":0}},{"type":"Feature","geometry":{"type":"LineString","coordinates":[[6.80318,49.21575],[6.80808,49.22008]]},"properties":{"d":"31413","load":5,"rf":0}},{"type":"Feature","geometry":{"type":"LineString","coordinates":[[6.82053,49.2225],[6.82091,49.22137]]},"properties":{"d":"31413","load":40,"rf":0}},{"type":"Feature","geometry":{"type":"LineString","coordinates":[[6.82053,49.2225],[6.81961,49.22435]]},"properties":{"d":"31413","load":40,"rf":0}},{"type":"Feature","geometry":{"type":"LineString","coordinates":[[6.86075,49.2432],[6.84006,49.23564]]},"properties":{"d":"31413","load":2,"rf":0}},{"type":"Feature","geometry":{"type":"LineString","coordinates":[[6.8349,49.2321],[6.83567,49.22972]]},"properties":{"d":"31413","load":14,"rf":0}},{"type":"Feature","geometry":{"type":"LineString","coordinates":[[6.84006,49.23564],[6.8349,49.2321]]},"properties":{"d":"31413","load":16,"rf":0}},{"type":"Feature","geometry":{"type":"LineString","coordinates":[[6.84057,49.24309],[6.83856,49.24079]]},"properties":{"d":"31413","load":0,"rf":0}},{"type":"Feature","geometry":{"type":"LineString","coordinates":[[6.84057,49.24309],[6.84151,49.24279]]},"properties":{"d":"31413","load":0,"rf":0}},{"type":"Feature","geometry":{"type":"LineString","coordinates":[[6.8091,49.21678],[6.81127,49.21348]]},"properties":{"d":"31413","load":0,"rf":0}},{"type":"Feature","geometry":{"type":"LineString","coordinates":[[6.8091,49.21678],[6.80879,49.21903]]},"properties":{"d":"31413","load":1,"rf":0}},{"type":"Feature","geometry":{"type":"LineString","coordinates":[[6.85106,49.24452],[6.8545,49.24295]]},"properties":{"d":"31413","load":1,"rf":0}},{"type":"Feature","geometry":{"type":"LineString","coordinates":[[6.84006,49.23564],[6.85106,49.24452]]},"properties":{"d":"31413","load":2,"rf":0}},{"type":"Feature","geometry":{"type":"LineString","coordinates":[[6.83472,49.2436],[6.84006,49.23564]]},"properties":{"d":"31413","load":2,"rf":0}},{"type":"Feature","geometry":{"type":"LineString","coordinates":[[6.82469,49.23031],[6.82425,49.22976]]},"properties":{"d":"31413","load":1,"rf":0}},{"type":"Feature","geometry":{"type":"LineString","coordinates":[[6.84038,49.22996],[6.83897,49.23132]]},"properties":{"d":"31413","load":0,"rf":0}},{"type":"Feature","geometry":{"type":"LineString","coordinates":[[6.81794,49.21992],[6.82024,49.21931]]},"properties":{"d":"31413","load":9,"rf":0}},{"type":"Feature","geometry":{"type":"LineString","coordinates":[[6.81921,49.22693],[6.81961,49.22435]]},"properties":{"d":"31413","load":9,"rf":0}},{"type":"Feature","geometry":{"type":"LineString","coordinates":[[6.83689,49.24366],[6.84006,49.23564]]},"properties":{"d":"31413","load":1,"rf":0}},{"type":"Feature","geometry":{"type":"LineString","coordinates":[[6.84349,49.24225],[6.84385,49.24215]]},"properties":{"d":"31413","load":0,"rf":0}},{"type":"Feature","geometry":{"type":"LineString","coordinates":[[6.84349,49.24225],[6.84151,49.24279]]},"properties":{"d":"31413","load":0,"rf":0}},{"type":"Feature","geometry":{"type":"LineString","coordinates":[[6.80808,49.22008],[6.80879,49.21903]]},"properties":{"d":"31413","load":6,"rf":0}},{"type":"Feature","geometry":{"type":"LineString","coordinates":[[6.82194,49.22843],[6.82425,49.22976]]},"properties":{"d":"31413","load":8,"rf":0}},{"type":"Feature","geometry":{"type":"LineString","coordinates":[[6.83567,49.22972],[6.83897,49.23132]]},"properties":{"d":"31413","load":14,"rf":0}},{"type":"Feature","geometry":{"type":"LineString","coordinates":[[6.84234,49.24091],[6.84151,49.24279]]},"properties":{"d":"31413","load":0,"rf":0}},{"type":"Feature","geometry":{"type":"LineString","coordinates":[[6.82125,49.24336],[6.82125,49.24336]]},"properties":{"d":"31413","load":0,"rf":0}},{"type":"Feature","geometry":{"type":"LineString","coordinates":[[6.84006,49.23564],[6.82125,49.24336]]},"properties":{"d":"31413","load":1,"rf":0}},{"type":"Feature","geometry":{"type":"LineString","coordinates":[[6.83101,49.21584],[6.82226,49.2167]]},"properties":{"d":"31413","load":0,"rf":0}},{"type":"Feature","geometry":{"type":"LineString","coordinates":[[6.8545,49.24394],[6.8545,49.24295]]},"properties":{"d":"31413","load":1,"rf":0}},{"type":"Feature","geometry":{"type":"LineString","coordinates":[[6.81895,49.22238],[6.81961,49.22435]]},"properties":{"d":"31413","load":2,"rf":0}},{"type":"Feature","geometry":{"type":"LineString","coordinates":[[6.85579,49.23271],[6.84006,49.23564]]},"properties":{"d":"31413","load":2,"rf":0}},{"type":"Feature","geometry":{"type":"LineString","coordinates":[[6.84006,49.23564],[6.82125,49.24336]]},"properties":{"d":"31413","load":0,"rf":0}},{"type":"Feature","geometry":{"type":"LineString","coordinates":[[6.82271,49.21864],[6.85005,49.23629]]},"properties":{"d":"31413","load":0,"rf":0}},{"type":"Feature","geometry":{"type":"LineString","coordinates":[[6.82271,49.21864],[6.82226,49.2167]]},"properties":{"d":"31413","load":1,"rf":0}},{"type":"Feature","geometry":{"type":"LineString","coordinates":[[6.82271,49.21864],[6.82024,49.21931]]},"properties":{"d":"31413","load":48,"rf":0}},{"type":"Feature","geometry":{"type":"LineString","coordinates":[[7.1707,49.31956],[7.1757,49.3125]]},"properties":{"d":"31706","load":6,"rf":0}},{"type":"Feature","geometry":{"type":"LineString","coordinates":[[7.13764,49.32023],[7.13762,49.3201]]},"properties":{"d":"31706","load":0,"rf":0}},{"type":"Feature","geometry":{"type":"LineString","coordinates":[[7.11632,49.32176],[7.1222,49.31495]]},"properties":{"d":"31706","load":4,"rf":0}},{"type":"Feature","geometry":{"type":"LineString","coordinates":[[7.1171,49.32174],[7.11632,49.32176]]},"properties":{"d":"31706","load":4,"rf":0}},{"type":"Feature","geometry":{"type":"LineString","coordinates":[[7.14815,49.31879],[7.13795,49.32008]]},"properties":{"d":"31706","load":1,"rf":0}},{"type":"Feature","geometry":{"type":"LineString","coordinates":[[7.14815,49.31879],[7.14839,49.3171]]},"properties":{"d":"31706","load":1,"rf":0}},{"type":"Feature","geometry":{"type":"LineString","coordinates":[[7.14832,49.31602],[7.14278,49.31187]]},"properties":{"d":"31706","load":1,"rf":0}},{"type":"Feature","geometry":{"type":"LineString","coordinates":[[7.14832,49.31602],[7.14937,49.31327]]},"properties":{"d":"31706","load":1,"rf":0}},{"type":"Feature","geometry":{"type":"LineString","coordinates":[[7.13252,49.3122],[7.13705,49.31186]]},"properties":{"d":"31706","load":12,"rf":0}},{"type":"Feature","geometry":{"type":"LineString","coordinates":[[7.13252,49.3122],[7.12254,49.31738]]},"properties":{"d":"31706","load":13,"rf":0}},{"type":"Feature","geometry":{"type":"LineString","coordinates":[[7.14179,49.31819],[7.1365,49.31742]]},"properties":{"d":"31706","load":1,"rf":0}},{"type":"Feature","geometry":{"type":"LineString","coordinates":[[7.14179,49.31819],[7.13671,49.31626]]},"properties":{"d":"31706","load":0,"rf":0}},{"type":"Feature","geometry":{"type":"LineString","coordinates":[[7.1222,49.31495],[7.12595,49.31293]]},"properties":{"d":"31706","load":3,"rf":0}},{"type":"Feature","geometry":{"type":"LineString","coordinates":[[7.15933,49.3148],[7.1619,49.31873]]},"properties":{"d":"31706","load":5,"rf":0}},{"type":"Feature","geometry":{"type":"LineString","coordinates":[[7.15933,49.3148],[7.1623,49.31226]]},"properties":{"d":"31706","load":3,"rf":0}},{"type":"Feature","geometry":{"type":"LineString","coordinates":[[7.15933,49.3148],[7.15438,49.31583]]},"properties":{"d":"31706","load":2,"rf":0}},{"type":"Feature","geometry":{"type":"LineString","coordinates":[[7.14278,49.31187],[7.1171,49.32174]]},"properties":{"d":"31706","load":1,"rf":0}},{"type":"Feature","geometry":{"type":"LineString","coordinates":[[7.14937,49.31327],[7.15207,49.31475]]},"properties":{"d":"31706","load":0,"rf":0}},{"type":"Feature","geometry":{"type":"LineString","coordinates":[[7.13942,49.30882],[7.14068,49.30821]]},"properties":{"d":"31706","load":8,"rf":0}},{"type":"Feature","geometry":{"type":"LineString","coordinates":[[7.13942,49.30882],[7.13966,49.31159]]},"properties":{"d":"31706","load":2,"rf":0}},{"type":"Feature","geometry":{"type":"LineString","coordinates":[[7.12595,49.31293],[7.12122,49.31107]]},"properties":{"d":"31706","load":1,"rf":0}},{"type":"Feature","geometry":{"type":"LineString","coordinates":[[7.12767,49.31552],[7.13159,49.31598]]},"properties":{"d":"31706","load":1,"rf":0}},{"type":"Feature","geometry":{"type":"LineString","coordinates":[[7.1171,49.32174],[7.12767,49.31552]]},"properties":{"d":"31706","load":2,"rf":0}},{"type":"Feature","geometry":{"type":"LineString","coordinates":[[7.13705,49.31186],[7.12599,49.31082]]},"properties":{"d":"31706","load":0,"rf":0}},{"type":"Feature","geometry":{"type":"LineString","coordinates":[[7.13159,49.31598],[7.13671,49.31626]]},"properties":{"d":"31706","load":0,"rf":0}},{"type":"Feature","geometry":{"type":"LineString","coordinates":[[7.15207,49.31475],[7.15438,49.31583]]},"properties":{"d":"31706","load":1,"rf":0}},{"type":"Feature","geometry":{"type":"LineString","coordinates":[[7.15322,49.31835],[7.15957,49.31996]]},"properties":{"d":"31706","load":0,"rf":0}},{"type":"Feature","geometry":{"type":"LineString","coordinates":[[7.15322,49.31835],[7.14839,49.3171]]},"properties":{"d":"31706","load":2,"rf":0}},{"type":"Feature","geometry":{"type":"LineString","coordinates":[[7.1289,49.31844],[7.13188,49.32005]]},"properties":{"d":"31706","load":1,"rf":0}},{"type":"Feature","geometry":{"type":"LineString","coordinates":[[7.1171,49.32174],[7.1289,49.31844]]},"properties":{"d":"31706","load":2,"rf":0}},{"type":"Feature","geometry":{"type":"LineString","coordinates":[[7.13458,49.3053],[7.14068,49.30821]]},"properties":{"d":"31706","load":8,"rf":0}},{"type":"Feature","geometry":{"type":"LineString","coordinates":[[7.16009,49.2977],[7.14482,49.30685]]},"properties":{"d":"31706","load":0,"rf":0}},{"type":"Feature","geometry":{"type":"LineString","coordinates":[[7.14482,49.30685],[7.14068,49.30821]]},"properties":{"d":"31706","load":0,"rf":0}},{"type":"Feature","geometry":{"type":"LineString","coordinates":[[7.1619,49.31873],[7.1171,49.32174]]},"properties":{"d":"31706","load":3,"rf":0}},{"type":"Feature","geometry":{"type":"LineString","coordinates":[[7.1619,49.31873],[7.1707,49.31956]]},"properties":{"d":"31706","load":6,"rf":0}},{"type":"Feature","geometry":{"type":"LineString","coordinates":[[7.13795,49.32008],[7.13762,49.3201]]},"properties":{"d":"31706","load":1,"rf":0}},{"type":"Feature","geometry":{"type":"LineString","coordinates":[[7.12599,49.31082],[7.12122,49.31107]]},"properties":{"d":"31706","load":1,"rf":0}},{"type":"Feature","geometry":{"type":"LineString","coordinates":[[7.1365,49.31742],[7.13188,49.32005]]},"properties":{"d":"31706","load":1,"rf":0}},{"type":"Feature","geometry":{"type":"LineString","coordinates":[[7.15058,49.31886],[7.14839,49.3171]]},"properties":{"d":"31706","load":0,"rf":0}},{"type":"Feature","geometry":{"type":"LineString","coordinates":[[7.14138,49.31403],[7.13966,49.31159]]},"properties":{"d":"31706","load":0,"rf":0}},{"type":"Feature","geometry":{"type":"LineString","coordinates":[[7.1171,49.32174],[7.12254,49.31738]]},"properties":{"d":"31706","load":14,"rf":0}},{"type":"Feature","geometry":{"type":"LineString","coordinates":[[7.1171,49.32174],[7.13966,49.31159]]},"properties":{"d":"31706","load":2,"rf":0}},{"type":"Feature","geometry":{"type":"LineString","coordinates":[[7.1171,49.32174],[7.13762,49.3201]]},"properties":{"d":"31706","load":1,"rf":0}},{"type":"Feature","geometry":{"type":"LineString","coordinates":[[7.06964,49.58155],[7.06964,49.58155]]},"properties":{"d":"31742","load":2,"rf":0}},{"type":"Feature","geometry":{"type":"LineString","coordinates":[[7.06964,49.58155],[7.06964,49.58155]]},"properties":{"d":"31742","load":5,"rf":0}},{"type":"Feature","geometry":{"type":"LineString","coordinates":[[7.06964,49.58155],[7.06964,49.58155]]},"properties":{"d":"31742","load":0,"rf":0}},{"type":"Feature","geometry":{"type":"LineString","coordinates":[[7.06657,49.57815],[7.06964,49.58155]]},"properties":{"d":"31742","load":10,"rf":0}},{"type":"Feature","geometry":{"type":"LineString","coordinates":[[7.07154,49.55636],[7.07334,49.56206]]},"properties":{"d":"31742","load":3,"rf":0}},{"type":"Feature","geometry":{"type":"LineString","coordinates":[[7.13003,49.55562],[7.12996,49.55554]]},"properties":{"d":"31742","load":28,"rf":0}},{"type":"Feature","geometry":{"type":"LineString","coordinates":[[7.20056,49.59051],[7.20351,49.5907]]},"properties":{"d":"31742","load":18,"rf":0}},{"type":"Feature","geometry":{"type":"LineString","coordinates":[[7.20056,49.59051],[7.19997,49.585]]},"properties":{"d":"31742","load":18,"rf":0}},{"type":"Feature","geometry":{"type":"LineString","coordinates":[[7.04894,49.60927],[7.05068,49.60571]]},"properties":{"d":"31742","load":11,"rf":0}},{"type":"Feature","geometry":{"type":"LineString","coordinates":[[7.1348,49.54518],[7.12619,49.54817]]},"properties":{"d":"31742","load":33,"rf":0}},{"type":"Feature","geometry":{"type":"LineString","coordinates":[[7.0585,49.59002],[7.05938,49.58946]]},"properties":{"d":"31742","load":11,"rf":0}},{"type":"Feature","geometry":{"type":"LineString","coordinates":[[7.14579,49.58295],[7.14549,49.58287]]},"properties":{"d":"31742","load":0,"rf":0}},{"type":"Feature","geometry":{"type":"LineString","coordinates":[[7.11614,49.54021],[7.11634,49.54013]]},"properties":{"d":"31742","load":0,"rf":0}},{"type":"Feature","geometry":{"type":"LineString","coordinates":[[7.0966,49.50878],[7.09736,49.50889]]},"properties":{"d":"31742","load":0,"rf":0}},{"type":"Feature","geometry":{"type":"LineString","coordinates":[[7.06738,49.5073],[7.06502,49.50674]]},"properties":{"d":"31742","load":7,"rf":0}},{"type":"Feature","geometry":{"type":"LineString","coordinates":[[7.04187,49.58945],[7.0446,49.58855]]},"properties":{"d":"31742","load":23,"rf":0}},{"type":"Feature","geometry":{"type":"LineString","coordinates":[[7.04304,49.58654],[7.03667,49.58633]]},"properties":{"d":"31742","load":73,"rf":0}},{"type":"Feature","geometry":{"type":"LineString","coordinates":[[7.04304,49.58654],[7.0446,49.58855]]},"properties":{"d":"31742","load":24,"rf":0}},{"type":"Feature","geometry":{"type":"LineString","coordinates":[[7.03667,49.58633],[7.03575,49.5829]]},"properties":{"d":"31742","load":50,"rf":0}},{"type":"Feature","geometry":{"type":"LineString","coordinates":[[7.03552,49.58201],[7.03575,49.5829]]},"properties":{"d":"31742","load":23,"rf":0}},{"type":"Feature","geometry":{"type":"LineString","coordinates":[[7.03037,49.58351],[7.03575,49.5829]]},"properties":{"d":"31742","load":27,"rf":0}},{"type":"Feature","geometry":{"type":"LineString","coordinates":[[7.09692,49.53032],[7.0872,49.52795]]},"properties":{"d":"31742","load":28,"rf":0}},{"type":"Feature","geometry":{"type":"LineString","coordinates":[[7.0872,49.52795],[7.08432,49.52909]]},"properties":{"d":"31742","load":85,"rf":0}},{"type":"Feature","geometry":{"type":"LineString","coordinates":[[7.04393,49.6211],[7.04504,49.62427]]},"properties":{"d":"31742","load":61,"rf":0}},{"type":"Feature","geometry":{"type":"LineString","coordinates":[[7.05548,49.6167],[7.04393,49.6211]]},"properties":{"d":"31742","load":23,"rf":0}},{"type":"Feature","geometry":{"type":"LineString","coordinates":[[7.04504,49.62427],[7.04434,49.62734]]},"properties":{"d":"31742","load":30,"rf":0}},{"type":"Feature","geometry":{"type":"LineString","coordinates":[[7.0774,49.53182],[7.08131,49.53028]]},"properties":{"d":"31742","load":28,"rf":0}},{"type":"Feature","geometry":{"type":"LineString","coordinates":[[7.08478,49.53401],[7.08131,49.53028]]},"properties":{"d":"31742","load":28,"rf":0}},{"type":"Feature","geometry":{"type":"LineString","coordinates":[[7.08598,49.53088],[7.08432,49.52909]]},"properties":{"d":"31742","load":28,"rf":0}},{"type":"Feature","geometry":{"type":"LineString","coordinates":[[7.13172,49.55492],[7.08044,49.61257]]},"properties":{"d":"31742","load":25,"rf":0}},{"type":"Feature","geometry":{"type":"LineString","coordinates":[[7.13172,49.55492],[7.08167,49.61015]]},"properties":{"d":"31742","load":28,"rf":0}},{"type":"Feature","geometry":{"type":"LineString","coordinates":[[7.13172,49.55492],[7.08449,49.60732]]},"properties":{"d":"31742","load":28,"rf":0}},{"type":"Feature","geometry":{"type":"LineString","coordinates":[[7.13172,49.55492],[7.08449,49.60371]]},"properties":{"d":"31742","load":28,"rf":0}},{"type":"Feature","geometry":{"type":"LineString","coordinates":[[7.13172,49.55492],[7.0814,49.61526]]},"properties":{"d":"31742","load":28,"rf":0}},{"type":"Feature","geometry":{"type":"LineString","coordinates":[[7.15465,49.54367],[7.15583,49.54196]]},"properties":{"d":"31742","load":42,"rf":0}},{"type":"Feature","geometry":{"type":"LineString","coordinates":[[7.15619,49.55411],[7.15465,49.54367]]},"properties":{"d":"31742","load":56,"rf":0}},{"type":"Feature","geometry":{"type":"LineString","coordinates":[[7.20364,49.57494],[7.20384,49.57676]]},"properties":{"d":"31742","load":21,"rf":0}},{"type":"Feature","geometry":{"type":"LineString","coordinates":[[7.15583,49.54196],[7.15932,49.54243]]},"properties":{"d":"31742","load":28,"rf":0}},{"type":"Feature","geometry":{"type":"LineString","coordinates":[[7.16121,49.54269],[7.15932,49.54243]]},"properties":{"d":"31742","load":14,"rf":0}},{"type":"Feature","geometry":{"type":"LineString","coordinates":[[7.15881,49.54404],[7.15932,49.54243]]},"properties":{"d":"31742","load":14,"rf":0}},{"type":"Feature","geometry":{"type":"LineString","coordinates":[[7.20279,49.57871],[7.20279,49.57871]]},"properties":{"d":"31742","load":21,"rf":0}},{"type":"Feature","geometry":{"type":"LineString","coordinates":[[7.20279,49.57871],[7.20279,49.57871]]},"properties":{"d":"31742","load":21,"rf":0}},{"type":"Feature","geometry":{"type":"LineString","coordinates":[[7.20279,49.57871],[7.20405,49.57865]]},"properties":{"d":"31742","load":63,"rf":0}},{"type":"Feature","geometry":{"type":"LineString","coordinates":[[7.21202,49.57972],[7.21019,49.5798]]},"properties":{"d":"31742","load":21,"rf":0}},{"type":"Feature","geometry":{"type":"LineString","coordinates":[[7.20575,49.58474],[7.20794,49.58807]]},"properties":{"d":"31742","load":18,"rf":0}},{"type":"Feature","geometry":{"type":"LineString","coordinates":[[7.20986,49.57676],[7.21019,49.5798]]},"properties":{"d":"31742","load":9,"rf":0}},{"type":"Feature","geometry":{"type":"LineString","coordinates":[[7.20076,49.5769],[7.20384,49.57676]]},"properties":{"d":"31742","load":5,"rf":0}},{"type":"Feature","geometry":{"type":"LineString","coordinates":[[7.20625,49.57713],[7.20389,49.57724]]},"properties":{"d":"31742","load":5,"rf":0}},{"type":"Feature","geometry":{"type":"LineString","coordinates":[[7.06871,49.62782],[7.0789,49.61893]]},"properties":{"d":"31742","load":28,"rf":0}},{"type":"Feature","geometry":{"type":"LineString","coordinates":[[7.06871,49.62782],[7.06393,49.63395]]},"properties":{"d":"31742","load":21,"rf":0}},{"type":"Feature","geometry":{"type":"LineString","coordinates":[[7.06302,49.63511],[7.06393,49.63395]]},"properties":{"d":"31742","load":28,"rf":0}},{"type":"Feature","geometry":{"type":"LineString","coordinates":[[7.06784,49.63524],[7.07211,49.63459]]},"properties":{"d":"31742","load":28,"rf":0}},{"type":"Feature","geometry":{"type":"LineString","coordinates":[[7.06784,49.63524],[7.06393,49.63395]]},"properties":{"d":"31742","load":56,"rf":0}},{"type":"Feature","geometry":{"type":"LineString","coordinates":[[7.01766,49.55378],[7.01069,49.55033]]},"properties":{"d":"31742","load":9,"rf":0}},{"type":"Feature","geometry":{"type":"LineString","coordinates":[[7.03546,49.54231],[7.01766,49.55378]]},"properties":{"d":"31742","load":0,"rf":0}},{"type":"Feature","geometry":{"type":"LineString","coordinates":[[7.01766,49.55378],[7.13172,49.55492]]},"properties":{"d":"31742","load":6,"rf":0}},{"type":"Feature","geometry":{"type":"LineString","coordinates":[[7.01495,49.55791],[7.01881,49.5543]]},"properties":{"d":"31742","load":1,"rf":0}},{"type":"Feature","geometry":{"type":"LineString","coordinates":[[7.07038,49.55103],[7.06546,49.54855]]},"properties":{"d":"31742","load":4,"rf":0}},{"type":"Feature","geometry":{"type":"LineString","coordinates":[[7.07038,49.55103],[7.07232,49.55115]]},"properties":{"d":"31742","load":4,"rf":0}},{"type":"Feature","geometry":{"type":"LineString","coordinates":[[7.03546,49.54231],[7.04053,49.53843]]},"properties":{"d":"31742","load":0,"rf":0}},{"type":"Feature","geometry":{"type":"LineString","coordinates":[[7.04053,49.53843],[7.04057,49.53381]]},"properties":{"d":"31742","load":1,"rf":0}},{"type":"Feature","geometry":{"type":"LineString","coordinates":[[7.04053,49.53843],[7.13172,49.55492]]},"properties":{"d":"31742","load":2,"rf":0}},{"type":"Feature","geometry":{"type":"LineString","coordinates":[[7.03369,49.53378],[7.04057,49.53381]]},"properties":{"d":"31742","load":1,"rf":0}},{"type":"Feature","geometry":{"type":"LineString","coordinates":[[7.0406,49.53015],[7.04057,49.53381]]},"properties":{"d":"31742","load":0,"rf":0}},{"type":"Feature","geometry":{"type":"LineString","coordinates":[[7.04677,49.57188],[7.0542,49.5703]]},"properties":{"d":"31742","load":5,"rf":0}},{"type":"Feature","geometry":{"type":"LineString","coordinates":[[7.0542,49.5703],[7.05753,49.56841]]},"properties":{"d":"31742","load":9,"rf":0}},{"type":"Feature","geometry":{"type":"LineString","coordinates":[[7.0542,49.5703],[7.01881,49.5543]]},"properties":{"d":"31742","load":1,"rf":0}},{"type":"Feature","geometry":{"type":"LineString","coordinates":[[7.05753,49.56841],[7.13172,49.55492]]},"properties":{"d":"31742","load":4,"rf":0}},{"type":"Feature","geometry":{"type":"LineString","coordinates":[[7.05665,49.60867],[7.05741,49.60711]]},"properties":{"d":"31742","load":16,"rf":0}},{"type":"Feature","geometry":{"type":"LineString","coordinates":[[7.05665,49.60867],[7.06175,49.61106]]},"properties":{"d":"31742","load":32,"rf":0}},{"type":"Feature","geometry":{"type":"LineString","coordinates":[[7.04726,49.605],[7.05068,49.60571]]},"properties":{"d":"31742","load":5,"rf":0}},{"type":"Feature","geometry":{"type":"LineString","coordinates":[[7.05548,49.6167],[7.05762,49.61477]]},"properties":{"d":"31742","load":23,"rf":0}},{"type":"Feature","geometry":{"type":"LineString","coordinates":[[7.05638,49.61419],[7.05762,49.61477]]},"properties":{"d":"31742","load":0,"rf":0}},{"type":"Feature","geometry":{"type":"LineString","coordinates":[[7.06734,49.61333],[7.06175,49.61106]]},"properties":{"d":"31742","load":27,"rf":0}},{"type":"Feature","geometry":{"type":"LineString","coordinates":[[7.06734,49.61333],[7.0789,49.61893]]},"properties":{"d":"31742","load":27,"rf":0}},{"type":"Feature","geometry":{"type":"LineString","coordinates":[[7.04276,49.54938],[7.05014,49.54393]]},"properties":{"d":"31742","load":2,"rf":0}},{"type":"Feature","geometry":{"type":"LineString","coordinates":[[7.06095,49.55013],[7.06546,49.54855]]},"properties":{"d":"31742","load":3,"rf":0}},{"type":"Feature","geometry":{"type":"LineString","coordinates":[[7.06095,49.55013],[7.05014,49.54393]]},"properties":{"d":"31742","load":1,"rf":0}},{"type":"Feature","geometry":{"type":"LineString","coordinates":[[7.05356,49.58562],[7.05938,49.58946]]},"properties":{"d":"31742","load":30,"rf":0}},{"type":"Feature","geometry":{"type":"LineString","coordinates":[[7.05356,49.58562],[7.0446,49.58855]]},"properties":{"d":"31742","load":30,"rf":0}},{"type":"Feature","geometry":{"type":"LineString","coordinates":[[7.09166,49.51442],[7.08941,49.51134]]},"properties":{"d":"31742","load":1,"rf":0}},{"type":"Feature","geometry":{"type":"LineString","coordinates":[[7.07643,49.51392],[7.0864,49.51606]]},"properties":{"d":"31742","load":3,"rf":0}},{"type":"Feature","geometry":{"type":"LineString","coordinates":[[7.07643,49.51392],[7.07344,49.51293]]},"properties":{"d":"31742","load":2,"rf":0}},{"type":"Feature","geometry":{"type":"LineString","coordinates":[[7.0886,49.51032],[7.08309,49.50903]]},"properties":{"d":"31742","load":3,"rf":0}},{"type":"Feature","geometry":{"type":"LineString","coordinates":[[7.0886,49.51032],[7.0875,49.51218]]},"properties":{"d":"31742","load":10,"rf":0}},{"type":"Feature","geometry":{"type":"LineString","coordinates":[[7.0886,49.51032],[7.08941,49.51134]]},"properties":{"d":"31742","load":5,"rf":0}},{"type":"Feature","geometry":{"type":"LineString","coordinates":[[7.0714,49.51228],[7.06662,49.51419]]},"properties":{"d":"31742","load":1,"rf":0}},{"type":"Feature","geometry":{"type":"LineString","coordinates":[[7.0714,49.51228],[7.07344,49.51293]]},"properties":{"d":"31742","load":2,"rf":0}},{"type":"Feature","geometry":{"type":"LineString","coordinates":[[7.0864,49.51606],[7.13172,49.55492]]},"properties":{"d":"31742","load":1,"rf":0}},{"type":"Feature","geometry":{"type":"LineString","coordinates":[[7.0966,49.50878],[7.08941,49.51134]]},"properties":{"d":"31742","load":5,"rf":0}},{"type":"Feature","geometry":{"type":"LineString","coordinates":[[7.06738,49.5073],[7.08726,49.51212]]},"properties":{"d":"31742","load":7,"rf":0}},{"type":"Feature","geometry":{"type":"LineString","coordinates":[[7.08726,49.51212],[7.08734,49.51213]]},"properties":{"d":"31742","load":0,"rf":0}},{"type":"Feature","geometry":{"type":"LineString","coordinates":[[7.08726,49.51212],[7.11634,49.54013]]},"properties":{"d":"31742","load":9,"rf":0}},{"type":"Feature","geometry":{"type":"LineString","coordinates":[[7.0772,49.51154],[7.07344,49.51293]]},"properties":{"d":"31742","load":0,"rf":0}},{"type":"Feature","geometry":{"type":"LineString","coordinates":[[7.06657,49.57815],[7.08405,49.57192]]},"properties":{"d":"31742","load":11,"rf":0}},{"type":"Feature","geometry":{"type":"LineString","coordinates":[[7.0625,49.59847],[7.06288,49.59595]]},"properties":{"d":"31742","load":0,"rf":0}},{"type":"Feature","geometry":{"type":"LineString","coordinates":[[7.06288,49.59595],[7.06487,49.59456]]},"properties":{"d":"31742","load":4,"rf":0}},{"type":"Feature","geometry":{"type":"LineString","coordinates":[[7.06523,49.59332],[7.05938,49.58946]]},"properties":{"d":"31742","load":32,"rf":0}},{"type":"Feature","geometry":{"type":"LineString","coordinates":[[7.06523,49.59332],[7.13172,49.55492]]},"properties":{"d":"31742","load":25,"rf":0}},{"type":"Feature","geometry":{"type":"LineString","coordinates":[[7.06889,49.59958],[7.06487,49.59456]]},"properties":{"d":"31742","load":1,"rf":0}},{"type":"Feature","geometry":{"type":"LineString","coordinates":[[7.07154,49.55636],[7.07232,49.55115]]},"properties":{"d":"31742","load":3,"rf":0}},{"type":"Feature","geometry":{"type":"LineString","coordinates":[[7.07649,49.54195],[7.07572,49.54708]]},"properties":{"d":"31742","load":0,"rf":0}},{"type":"Feature","geometry":{"type":"LineString","coordinates":[[7.07366,49.58536],[7.07505,49.58502]]},"properties":{"d":"31742","load":1,"rf":0}},{"type":"Feature","geometry":{"type":"LineString","coordinates":[[7.07559,49.58575],[7.07505,49.58502]]},"properties":{"d":"31742","load":1,"rf":0}},{"type":"Feature","geometry":{"type":"LineString","coordinates":[[7.07632,49.58524],[7.07505,49.58502]]},"properties":{"d":"31742","load":1,"rf":0}},{"type":"Feature","geometry":{"type":"LineString","coordinates":[[7.07559,49.58575],[7.0802,49.58352]]},"properties":{"d":"31742","load":1,"rf":0}},{"type":"Feature","geometry":{"type":"LineString","coordinates":[[7.0809,49.583],[7.0802,49.58352]]},"properties":{"d":"31742","load":1,"rf":0}},{"type":"Feature","geometry":{"type":"LineString","coordinates":[[7.07909,49.5473],[7.07572,49.54708]]},"properties":{"d":"31742","load":0,"rf":0}},{"type":"Feature","geometry":{"type":"LineString","coordinates":[[7.09202,49.56433],[7.09692,49.54414]]},"properties":{"d":"31742","load":6,"rf":0}},{"type":"Feature","geometry":{"type":"LineString","coordinates":[[7.09202,49.56433],[7.09629,49.56726]]},"properties":{"d":"31742","load":0,"rf":0}},{"type":"Feature","geometry":{"type":"LineString","coordinates":[[7.09148,49.57022],[7.09629,49.56726]]},"properties":{"d":"31742","load":3,"rf":0}},{"type":"Feature","geometry":{"type":"LineString","coordinates":[[7.09271,49.57561],[7.0809,49.583]]},"properties":{"d":"31742","load":1,"rf":0}},{"type":"Feature","geometry":{"type":"LineString","coordinates":[[7.13172,49.55492],[7.09271,49.57561]]},"properties":{"d":"31742","load":1,"rf":0}},{"type":"Feature","geometry":{"type":"LineString","coordinates":[[7.115,49.58201],[7.11241,49.57954]]},"properties":{"d":"31742","load":2,"rf":0}},{"type":"Feature","geometry":{"type":"LineString","coordinates":[[7.10065,49.58032],[7.11241,49.57954]]},"properties":{"d":"31742","load":1,"rf":0}},{"type":"Feature","geometry":{"type":"LineString","coordinates":[[7.10945,49.57627],[7.09629,49.56726]]},"properties":{"d":"31742","load":3,"rf":0}},{"type":"Feature","geometry":{"type":"LineString","coordinates":[[7.10945,49.57627],[7.11122,49.57742]]},"properties":{"d":"31742","load":5,"rf":0}},{"type":"Feature","geometry":{"type":"LineString","coordinates":[[7.13266,49.58307],[7.14368,49.58067]]},"properties":{"d":"31742","load":0,"rf":0}},{"type":"Feature","geometry":{"type":"LineString","coordinates":[[7.1471,49.58037],[7.14368,49.58067]]},"properties":{"d":"31742","load":2,"rf":0}},{"type":"Feature","geometry":{"type":"LineString","coordinates":[[7.1471,49.58037],[7.14549,49.58287]]},"properties":{"d":"31742","load":2,"rf":0}},{"type":"Feature","geometry":{"type":"LineString","coordinates":[[7.14691,49.5865],[7.14283,49.58697]]},"properties":{"d":"31742","load":1,"rf":0}},{"type":"Feature","geometry":{"type":"LineString","coordinates":[[7.1375,49.59258],[7.14691,49.5865]]},"properties":{"d":"31742","load":1,"rf":0}},{"type":"Feature","geometry":{"type":"LineString","coordinates":[[7.14283,49.58697],[7.14549,49.58287]]},"properties":{"d":"31742","load":2,"rf":0}},{"type":"Feature","geometry":{"type":"LineString","coordinates":[[7.1375,49.59258],[7.09632,49.61597]]},"properties":{"d":"31742","load":1,"rf":0}},{"type":"Feature","geometry":{"type":"LineString","coordinates":[[7.10272,49.52021],[7.10019,49.53066]]},"properties":{"d":"31742","load":29,"rf":0}},{"type":"Feature","geometry":{"type":"LineString","coordinates":[[7.10272,49.52021],[7.10571,49.51689]]},"properties":{"d":"31742","load":1,"rf":0}},{"type":"Feature","geometry":{"type":"LineString","coordinates":[[7.10272,49.52021],[7.10533,49.52113]]},"properties":{"d":"31742","load":30,"rf":0}},{"type":"Feature","geometry":{"type":"LineString","coordinates":[[7.1118,49.51763],[7.10571,49.51689]]},"properties":{"d":"31742","load":1,"rf":0}},{"type":"Feature","geometry":{"type":"LineString","coordinates":[[7.10894,49.5224],[7.10533,49.52113]]},"properties":{"d":"31742","load":1,"rf":0}},{"type":"Feature","geometry":{"type":"LineString","coordinates":[[7.13172,49.55492],[7.09079,49.62469]]},"properties":{"d":"31742","load":8,"rf":0}},{"type":"Feature","geometry":{"type":"LineString","coordinates":[[7.10618,49.51108],[7.10571,49.51689]]},"properties":{"d":"31742","load":0,"rf":0}},{"type":"Feature","geometry":{"type":"LineString","coordinates":[[7.09079,49.62469],[7.0789,49.61893]]},"properties":{"d":"31742","load":15,"rf":0}},{"type":"Feature","geometry":{"type":"LineString","coordinates":[[7.11846,49.53873],[7.11791,49.53808]]},"properties":{"d":"31742","load":30,"rf":0}},{"type":"Feature","geometry":{"type":"LineString","coordinates":[[7.11846,49.53873],[7.12619,49.54817]]},"properties":{"d":"31742","load":30,"rf":0}},{"type":"Feature","geometry":{"type":"LineString","coordinates":[[7.11289,49.53989],[7.11791,49.53808]]},"properties":{"d":"31742","load":0,"rf":0}},{"type":"Feature","geometry":{"type":"LineString","coordinates":[[7.10685,49.54516],[7.09692,49.54414]]},"properties":{"d":"31742","load":0,"rf":0}},{"type":"Feature","geometry":{"type":"LineString","coordinates":[[7.12062,49.52983],[7.11317,49.53251]]},"properties":{"d":"31742","load":0,"rf":0}},{"type":"Feature","geometry":{"type":"LineString","coordinates":[[7.12749,49.56006],[7.12703,49.56047]]},"properties":{"d":"31742","load":8,"rf":0}},{"type":"Feature","geometry":{"type":"LineString","coordinates":[[7.13172,49.55492],[7.12749,49.56006]]},"properties":{"d":"31742","load":11,"rf":0}},{"type":"Feature","geometry":{"type":"LineString","coordinates":[[7.12146,49.55785],[7.12703,49.56047]]},"properties":{"d":"31742","load":2,"rf":0}},{"type":"Feature","geometry":{"type":"LineString","coordinates":[[7.1176,49.57133],[7.11586,49.57051]]},"properties":{"d":"31742","load":0,"rf":0}},{"type":"Feature","geometry":{"type":"LineString","coordinates":[[7.14215,49.57485],[7.14368,49.58067]]},"properties":{"d":"31742","load":2,"rf":0}},{"type":"Feature","geometry":{"type":"LineString","coordinates":[[7.13172,49.55492],[7.14215,49.57485]]},"properties":{"d":"31742","load":3,"rf":0}},{"type":"Feature","geometry":{"type":"LineString","coordinates":[[7.15619,49.55411],[7.17267,49.56132]]},"properties":{"d":"31742","load":1,"rf":0}},{"type":"Feature","geometry":{"type":"LineString","coordinates":[[7.13172,49.55492],[7.15619,49.55411]]},"properties":{"d":"31742","load":57,"rf":0}},{"type":"Feature","geometry":{"type":"LineString","coordinates":[[7.16238,49.56869],[7.16066,49.57008]]},"properties":{"d":"31742","load":0,"rf":0}},{"type":"Feature","geometry":{"type":"LineString","coordinates":[[7.19004,49.58546],[7.17748,49.56469]]},"properties":{"d":"31742","load":2,"rf":0}},{"type":"Feature","geometry":{"type":"LineString","coordinates":[[7.17748,49.56469],[7.17414,49.5651]]},"properties":{"d":"31742","load":0,"rf":0}},{"type":"Feature","geometry":{"type":"LineString","coordinates":[[7.1734,49.56874],[7.17414,49.5651]]},"properties":{"d":"31742","load":2,"rf":0}},{"type":"Feature","geometry":{"type":"LineString","coordinates":[[7.17302,49.55917],[7.17225,49.55909]]},"properties":{"d":"31742","load":0,"rf":0}},{"type":"Feature","geometry":{"type":"LineString","coordinates":[[7.19004,49.58546],[7.16066,49.57008]]},"properties":{"d":"31742","load":41,"rf":0}},{"type":"Feature","geometry":{"type":"LineString","coordinates":[[7.19004,49.58546],[7.19997,49.585]]},"properties":{"d":"31742","load":40,"rf":0}},{"type":"Feature","geometry":{"type":"LineString","coordinates":[[7.20575,49.58474],[7.20471,49.58479]]},"properties":{"d":"31742","load":18,"rf":0}},{"type":"Feature","geometry":{"type":"LineString","coordinates":[[7.08242,49.56998],[7.08405,49.57192]]},"properties":{"d":"31742","load":0,"rf":0}},{"type":"Feature","geometry":{"type":"LineString","coordinates":[[7.09692,49.53032],[7.10019,49.53066]]},"properties":{"d":"31742","load":28,"rf":0}},{"type":"Feature","geometry":{"type":"LineString","coordinates":[[7.07381,49.58569],[7.07366,49.58536]]},"properties":{"d":"31742","load":0,"rf":0}},{"type":"Feature","geometry":{"type":"LineString","coordinates":[[7.07632,49.58524],[7.06691,49.59259]]},"properties":{"d":"31742","load":1,"rf":0}},{"type":"Feature","geometry":{"type":"LineString","coordinates":[[7.17361,49.55747],[7.17426,49.5557]]},"properties":{"d":"31742","load":1,"rf":0}},{"type":"Feature","geometry":{"type":"LineString","coordinates":[[7.17426,49.5557],[7.17225,49.55909]]},"properties":{"d":"31742","load":1,"rf":0}},{"type":"Feature","geometry":{"type":"LineString","coordinates":[[7.0625,49.59847],[7.05741,49.60711]]},"properties":{"d":"31742","load":0,"rf":0}},{"type":"Feature","geometry":{"type":"LineString","coordinates":[[7.09692,49.54414],[7.10019,49.53066]]},"properties":{"d":"31742","load":4,"rf":0}},{"type":"Feature","geometry":{"type":"LineString","coordinates":[[7.11317,49.53251],[7.10533,49.52113]]},"properties":{"d":"31742","load":30,"rf":0}},{"type":"Feature","geometry":{"type":"LineString","coordinates":[[7.11317,49.53251],[7.11791,49.53808]]},"properties":{"d":"31742","load":30,"rf":0}},{"type":"Feature","geometry":{"type":"LineString","coordinates":[[7.11586,49.57051],[7.11122,49.57742]]},"properties":{"d":"31742","load":7,"rf":0}},{"type":"Feature","geometry":{"type":"LineString","coordinates":[[7.11586,49.57051],[7.12703,49.56047]]},"properties":{"d":"31742","load":7,"rf":0}},{"type":"Feature","geometry":{"type":"LineString","coordinates":[[7.13172,49.55492],[7.16066,49.57008]]},"properties":{"d":"31742","load":41,"rf":0}},{"type":"Feature","geometry":{"type":"LineString","coordinates":[[7.08405,49.57192],[7.12996,49.55554]]},"properties":{"d":"31742","load":11,"rf":0}},{"type":"Feature","geometry":{"type":"LineString","coordinates":[[7.05741,49.60711],[7.05068,49.60571]]},"properties":{"d":"31742","load":16,"rf":0}},{"type":"Feature","geometry":{"type":"LineString","coordinates":[[7.08734,49.51213],[7.0875,49.51218]]},"properties":{"d":"31742","load":6,"rf":0}},{"type":"Feature","geometry":{"type":"LineString","coordinates":[[7.13172,49.55492],[7.08734,49.51213]]},"properties":{"d":"31742","load":2,"rf":0}},{"type":"Feature","geometry":{"type":"LineString","coordinates":[[7.06691,49.59259],[7.06487,49.59456]]},"properties":{"d":"31742","load":4,"rf":0}},{"type":"Feature","geometry":{"type":"LineString","coordinates":[[7.11122,49.57742],[7.11241,49.57954]]},"properties":{"d":"31742","load":3,"rf":0}},{"type":"Feature","geometry":{"type":"LineString","coordinates":[[7.17414,49.5651],[7.17267,49.56132]]},"properties":{"d":"31742","load":2,"rf":0}},{"type":"Feature","geometry":{"type":"LineString","coordinates":[[7.17267,49.56132],[7.17225,49.55909]]},"properties":{"d":"31742","load":1,"rf":0}},{"type":"Feature","geometry":{"type":"LineString","coordinates":[[7.13172,49.55492],[7.12996,49.55554]]},"properties":{"d":"31742","load":34,"rf":0}},{"type":"Feature","geometry":{"type":"LineString","coordinates":[[7.19997,49.585],[7.20471,49.58479]]},"properties":{"d":"31742","load":36,"rf":0}},{"type":"Feature","geometry":{"type":"LineString","coordinates":[[7.13172,49.55492],[7.12619,49.54817]]},"properties":{"d":"31742","load":36,"rf":0}},{"type":"Feature","geometry":{"type":"LineString","coordinates":[[7.13172,49.55492],[7.11634,49.54013]]},"properties":{"d":"31742","load":9,"rf":0}},{"type":"Feature","geometry":{"type":"LineString","coordinates":[[7.06175,49.61106],[7.05762,49.61477]]},"properties":{"d":"31742","load":23,"rf":0}},{"type":"Feature","geometry":{"type":"LineString","coordinates":[[7.08131,49.53028],[7.08432,49.52909]]},"properties":{"d":"31742","load":57,"rf":0}},{"type":"Feature","geometry":{"type":"LineString","coordinates":[[7.20471,49.58479],[7.2042,49.58007]]},"properties":{"d":"31742","load":31,"rf":0}},{"type":"Feature","geometry":{"type":"LineString","coordinates":[[7.20405,49.57865],[7.2042,49.58007]]},"properties":{"d":"31742","load":23,"rf":0}},{"type":"Feature","geometry":{"type":"LineString","coordinates":[[7.20405,49.57865],[7.20389,49.57724]]},"properties":{"d":"31742","load":30,"rf":0}},{"type":"Feature","geometry":{"type":"LineString","coordinates":[[7.2042,49.58007],[7.21019,49.5798]]},"properties":{"d":"31742","load":30,"rf":0}},{"type":"Feature","geometry":{"type":"LineString","coordinates":[[7.20384,49.57676],[7.20389,49.57724]]},"properties":{"d":"31742","load":26,"rf":0}},{"type":"Feature","geometry":{"type":"LineString","coordinates":[[7.07232,49.55115],[7.07508,49.55133]]},"properties":{"d":"31742","load":6,"rf":0}},{"type":"Feature","geometry":{"type":"LineString","coordinates":[[7.07508,49.55133],[7.07572,49.54708]]},"properties":{"d":"31742","load":0,"rf":0}},{"type":"Feature","geometry":{"type":"LineString","coordinates":[[7.13172,49.55492],[7.07508,49.55133]]},"properties":{"d":"31742","load":7,"rf":0}},{"type":"Feature","geometry":{"type":"LineString","coordinates":[[6.89443,49.52259],[6.8945,49.52255]]},"properties":{"d":"32070","load":21,"rf":0}},{"type":"Feature","geometry":{"type":"LineString","coordinates":[[6.78027,49.61497],[6.78027,49.61476]]},"properties":{"d":"32070","load":2,"rf":0}},{"type":"Feature","geometry":{"type":"LineString","coordinates":[[6.77965,49.61582],[6.77928,49.61524]]},"properties":{"d":"32070","load":2,"rf":0}},{"type":"Feature","geometry":{"type":"LineString","coordinates":[[6.79932,49.56374],[6.79919,49.56416]]},"properties":{"d":"32070","load":2,"rf":0}},{"type":"Feature","geometry":{"type":"LineString","coordinates":[[6.8673,49.49915],[6.8673,49.49915]]},"properties":{"d":"32070","load":3,"rf":0}},{"type":"Feature","geometry":{"type":"LineString","coordinates":[[6.8673,49.49915],[6.86769,49.49908]]},"properties":{"d":"32070","load":6,"rf":0}},{"type":"Feature","geometry":{"type":"LineString","coordinates":[[6.80348,49.5248],[6.80358,49.52477]]},"properties":{"d":"32070","load":35,"rf":0}},{"type":"Feature","geometry":{"type":"LineString","coordinates":[[6.92544,49.53153],[6.92851,49.53535]]},"properties":{"d":"32070","load":38,"rf":0}},{"type":"Feature","geometry":{"type":"LineString","coordinates":[[6.80358,49.52477],[6.80358,49.52477]]},"properties":{"d":"32070","load":32,"rf":0}},{"type":"Feature","geometry":{"type":"LineString","coordinates":[[6.87818,49.49488],[6.89285,49.49302]]},"properties":{"d":"32070","load":25,"rf":0}},{"type":"Feature","geometry":{"type":"LineString","coordinates":[[6.80766,49.56066],[6.80766,49.56146]]},"properties":{"d":"32070","load":0,"rf":0}},{"type":"Feature","geometry":{"type":"LineString","coordinates":[[6.85747,49.52483],[6.85737,49.52557]]},"properties":{"d":"32070","load":0,"rf":0}},{"type":"Feature","geometry":{"type":"LineString","coordinates":[[6.86635,49.4924],[6.86582,49.49259]]},"properties":{"d":"32070","load":0,"rf":0}},{"type":"Feature","geometry":{"type":"LineString","coordinates":[[6.77119,49.60652],[6.76814,49.6063]]},"properties":{"d":"32070","load":0,"rf":0}},{"type":"Feature","geometry":{"type":"LineString","coordinates":[[6.8918,49.53948],[6.89378,49.53977]]},"properties":{"d":"32070","load":0,"rf":0}},{"type":"Feature","geometry":{"type":"LineString","coordinates":[[6.78852,49.54521],[6.78903,49.54535]]},"properties":{"d":"32070","load":0,"rf":0}},{"type":"Feature","geometry":{"type":"LineString","coordinates":[[6.85923,49.52487],[6.85912,49.52567]]},"properties":{"d":"32070","load":0,"rf":0}},{"type":"Feature","geometry":{"type":"LineString","coordinates":[[6.88911,49.61217],[6.88201,49.60998]]},"properties":{"d":"32070","load":19,"rf":0}},{"type":"Feature","geometry":{"type":"LineString","coordinates":[[6.88715,49.60293],[6.8846,49.59896]]},"properties":{"d":"32070","load":19,"rf":0}},{"type":"Feature","geometry":{"type":"LineString","coordinates":[[6.88715,49.60293],[6.88201,49.60998]]},"properties":{"d":"32070","load":37,"rf":0}},{"type":"Feature","geometry":{"type":"LineString","coordinates":[[6.95736,49.55734],[6.95318,49.55065]]},"properties":{"d":"32070","load":23,"rf":0}},{"type":"Feature","geometry":{"type":"LineString","coordinates":[[6.94581,49.5526],[6.94454,49.55585]]},"properties":{"d":"32070","load":20,"rf":0}},{"type":"Feature","geometry":{"type":"LineString","coordinates":[[6.94581,49.5526],[6.95318,49.55065]]},"properties":{"d":"32070","load":39,"rf":0}},{"type":"Feature","geometry":{"type":"LineString","coordinates":[[6.79741,49.61396],[6.80714,49.62136]]},"properties":{"d":"32070","load":0,"rf":0}},{"type":"Feature","geometry":{"type":"LineString","coordinates":[[6.79741,49.61396],[6.78594,49.62096]]},"properties":{"d":"32070","load":2,"rf":0}},{"type":"Feature","geometry":{"type":"LineString","coordinates":[[6.79741,49.61396],[6.80407,49.61048]]},"properties":{"d":"32070","load":2,"rf":0}},{"type":"Feature","geometry":{"type":"LineString","coordinates":[[6.80277,49.60917],[6.80407,49.61048]]},"properties":{"d":"32070","load":2,"rf":0}},{"type":"Feature","geometry":{"type":"LineString","coordinates":[[6.80277,49.60917],[6.84804,49.5875]]},"properties":{"d":"32070","load":2,"rf":0}},{"type":"Feature","geometry":{"type":"LineString","coordinates":[[6.79627,49.60417],[6.79604,49.60148]]},"properties":{"d":"32070","load":0,"rf":0}},{"type":"Feature","geometry":{"type":"LineString","coordinates":[[6.79627,49.60417],[6.80407,49.61048]]},"properties":{"d":"32070","load":0,"rf":0}},{"type":"Feature","geometry":{"type":"LineString","coordinates":[[6.80298,49.55691],[6.79606,49.55824]]},"properties":{"d":"32070","load":0,"rf":0}},{"type":"Feature","geometry":{"type":"LineString","coordinates":[[6.83243,49.55324],[6.83427,49.55829]]},"properties":{"d":"32070","load":40,"rf":0}},{"type":"Feature","geometry":{"type":"LineString","coordinates":[[6.83992,49.54908],[6.83243,49.55324]]},"properties":{"d":"32070","load":30,"rf":0}},{"type":"Feature","geometry":{"type":"LineString","coordinates":[[6.83243,49.55324],[6.8275,49.55056]]},"properties":{"d":"32070","load":4,"rf":0}},{"type":"Feature","geometry":{"type":"LineString","coordinates":[[6.83404,49.53904],[6.83429,49.53907]]},"properties":{"d":"32070","load":2,"rf":0}},{"type":"Feature","geometry":{"type":"LineString","coordinates":[[6.82515,49.55285],[6.8275,49.55056]]},"properties":{"d":"32070","load":1,"rf":0}},{"type":"Feature","geometry":{"type":"LineString","coordinates":[[6.82515,49.55285],[6.82334,49.55475]]},"properties":{"d":"32070","load":0,"rf":0}},{"type":"Feature","geometry":{"type":"LineString","coordinates":[[6.83038,49.54807],[6.8275,49.55056]]},"properties":{"d":"32070","load":9,"rf":0}},{"type":"Feature","geometry":{"type":"LineString","coordinates":[[6.83038,49.54807],[6.83429,49.53907]]},"properties":{"d":"32070","load":4,"rf":0}},{"type":"Feature","geometry":{"type":"LineString","coordinates":[[6.81307,49.55709],[6.81745,49.55443]]},"properties":{"d":"32070","load":3,"rf":0}},{"type":"Feature","geometry":{"type":"LineString","coordinates":[[6.81745,49.55443],[6.82334,49.55475]]},"properties":{"d":"32070","load":5,"rf":0}},{"type":"Feature","geometry":{"type":"LineString","coordinates":[[6.8209,49.55973],[6.8151,49.55856]]},"properties":{"d":"32070","load":1,"rf":0}},{"type":"Feature","geometry":{"type":"LineString","coordinates":[[6.8209,49.55973],[6.81967,49.56484]]},"properties":{"d":"32070","load":0,"rf":0}},{"type":"Feature","geometry":{"type":"LineString","coordinates":[[6.8209,49.55973],[6.89047,49.52747]]},"properties":{"d":"32070","load":3,"rf":0}},{"type":"Feature","geometry":{"type":"LineString","coordinates":[[6.80766,49.56066],[6.8151,49.55856]]},"properties":{"d":"32070","load":0,"rf":0}},{"type":"Feature","geometry":{"type":"LineString","coordinates":[[6.83379,49.5342],[6.83429,49.53907]]},"properties":{"d":"32070","load":1,"rf":0}},{"type":"Feature","geometry":{"type":"LineString","coordinates":[[6.80903,49.56551],[6.80562,49.57016]]},"properties":{"d":"32070","load":1,"rf":0}},{"type":"Feature","geometry":{"type":"LineString","coordinates":[[6.80903,49.56551],[6.79919,49.56416]]},"properties":{"d":"32070","load":0,"rf":0}},{"type":"Feature","geometry":{"type":"LineString","coordinates":[[6.79872,49.56409],[6.79606,49.55824]]},"properties":{"d":"32070","load":1,"rf":0}},{"type":"Feature","geometry":{"type":"LineString","coordinates":[[6.79872,49.56409],[6.79919,49.56416]]},"properties":{"d":"32070","load":1,"rf":0}},{"type":"Feature","geometry":{"type":"LineString","coordinates":[[6.80562,49.57016],[6.77211,49.60554]]},"properties":{"d":"32070","load":1,"rf":0}},{"type":"Feature","geometry":{"type":"LineString","coordinates":[[6.81297,49.47924],[6.82182,49.4889]]},"properties":{"d":"32070","load":58,"rf":0}},{"type":"Feature","geometry":{"type":"LineString","coordinates":[[6.8205,49.52531],[6.83148,49.52407]]},"properties":{"d":"32070","load":72,"rf":0}},{"type":"Feature","geometry":{"type":"LineString","coordinates":[[6.8205,49.52531],[6.82215,49.52033]]},"properties":{"d":"32070","load":71,"rf":0}},{"type":"Feature","geometry":{"type":"LineString","coordinates":[[6.81096,49.54905],[6.80789,49.54128]]},"properties":{"d":"32070","load":0,"rf":0}},{"type":"Feature","geometry":{"type":"LineString","coordinates":[[6.83107,49.49342],[6.83554,49.49402]]},"properties":{"d":"32070","load":32,"rf":0}},{"type":"Feature","geometry":{"type":"LineString","coordinates":[[6.83107,49.49342],[6.82182,49.4889]]},"properties":{"d":"32070","load":58,"rf":0}},{"type":"Feature","geometry":{"type":"LineString","coordinates":[[6.83107,49.49342],[6.89047,49.52747]]},"properties":{"d":"32070","load":13,"rf":0}},{"type":"Feature","geometry":{"type":"LineString","coordinates":[[6.83741,49.49077],[6.83986,49.48606]]},"properties":{"d":"32070","load":4,"rf":0}},{"type":"Feature","geometry":{"type":"LineString","coordinates":[[6.83741,49.49077],[6.83554,49.49402]]},"properties":{"d":"32070","load":5,"rf":0}},{"type":"Feature","geometry":{"type":"LineString","coordinates":[[6.83442,49.48224],[6.83572,49.48463]]},"properties":{"d":"32070","load":1,"rf":0}},{"type":"Feature","geometry":{"type":"LineString","coordinates":[[6.82865,49.48262],[6.83572,49.48463]]},"properties":{"d":"32070","load":2,"rf":0}},{"type":"Feature","geometry":{"type":"LineString","coordinates":[[6.83986,49.48606],[6.83572,49.48463]]},"properties":{"d":"32070","load":3,"rf":0}},{"type":"Feature","geometry":{"type":"LineString","coordinates":[[6.83299,49.49863],[6.83146,49.49936]]},"properties":{"d":"32070","load":1,"rf":0}},{"type":"Feature","geometry":{"type":"LineString","coordinates":[[6.83146,49.49936],[6.83554,49.49402]]},"properties":{"d":"32070","load":1,"rf":0}},{"type":"Feature","geometry":{"type":"LineString","coordinates":[[6.82322,49.49139],[6.82182,49.4889]]},"properties":{"d":"32070","load":0,"rf":0}},{"type":"Feature","geometry":{"type":"LineString","coordinates":[[6.81028,49.49793],[6.81988,49.49751]]},"properties":{"d":"32070","load":5,"rf":0}},{"type":"Feature","geometry":{"type":"LineString","coordinates":[[6.81988,49.49751],[6.82928,49.49884]]},"properties":{"d":"32070","load":5,"rf":0}},{"type":"Feature","geometry":{"type":"LineString","coordinates":[[6.82085,49.50263],[6.8277,49.50359]]},"properties":{"d":"32070","load":0,"rf":0}},{"type":"Feature","geometry":{"type":"LineString","coordinates":[[6.81831,49.51979],[6.80358,49.52477]]},"properties":{"d":"32070","load":67,"rf":0}},{"type":"Feature","geometry":{"type":"LineString","coordinates":[[6.81831,49.51979],[6.82215,49.52033]]},"properties":{"d":"32070","load":67,"rf":0}},{"type":"Feature","geometry":{"type":"LineString","coordinates":[[6.82092,49.50722],[6.82625,49.50797]]},"properties":{"d":"32070","load":0,"rf":0}},{"type":"Feature","geometry":{"type":"LineString","coordinates":[[6.83148,49.52407],[6.85737,49.52557]]},"properties":{"d":"32070","load":72,"rf":0}},{"type":"Feature","geometry":{"type":"LineString","coordinates":[[6.89047,49.52747],[6.83992,49.54908]]},"properties":{"d":"32070","load":31,"rf":0}},{"type":"Feature","geometry":{"type":"LineString","coordinates":[[6.84831,49.57084],[6.84661,49.56861]]},"properties":{"d":"32070","load":1,"rf":0}},{"type":"Feature","geometry":{"type":"LineString","coordinates":[[6.89047,49.52747],[6.84661,49.56861]]},"properties":{"d":"32070","load":10,"rf":0}},{"type":"Feature","geometry":{"type":"LineString","coordinates":[[6.84661,49.56861],[6.8466,49.56859]]},"properties":{"d":"32070","load":10,"rf":0}},{"type":"Feature","geometry":{"type":"LineString","coordinates":[[6.85022,49.56625],[6.8466,49.56859]]},"properties":{"d":"32070","load":1,"rf":0}},{"type":"Feature","geometry":{"type":"LineString","coordinates":[[6.86761,49.4989],[6.86732,49.49737]]},"properties":{"d":"32070","load":25,"rf":0}},{"type":"Feature","geometry":{"type":"LineString","coordinates":[[6.86761,49.4989],[6.86769,49.49908]]},"properties":{"d":"32070","load":25,"rf":0}},{"type":"Feature","geometry":{"type":"LineString","coordinates":[[6.86332,49.49631],[6.86416,49.49672]]},"properties":{"d":"32070","load":0,"rf":0}},{"type":"Feature","geometry":{"type":"LineString","coordinates":[[6.86332,49.49631],[6.86777,49.49307]]},"properties":{"d":"32070","load":1,"rf":0}},{"type":"Feature","geometry":{"type":"LineString","coordinates":[[6.86655,49.49343],[6.86416,49.49672]]},"properties":{"d":"32070","load":27,"rf":0}},{"type":"Feature","geometry":{"type":"LineString","coordinates":[[6.86655,49.49343],[6.86582,49.49259]]},"properties":{"d":"32070","load":26,"rf":0}},{"type":"Feature","geometry":{"type":"LineString","coordinates":[[6.85522,49.48829],[6.86337,49.48971]]},"properties":{"d":"32070","load":29,"rf":0}},{"type":"Feature","geometry":{"type":"LineString","coordinates":[[6.86337,49.48971],[6.86582,49.49259]]},"properties":{"d":"32070","load":26,"rf":0}},{"type":"Feature","geometry":{"type":"LineString","coordinates":[[6.87818,49.49488],[6.86777,49.49307]]},"properties":{"d":"32070","load":25,"rf":0}},{"type":"Feature","geometry":{"type":"LineString","coordinates":[[6.87089,49.50007],[6.86732,49.49737]]},"properties":{"d":"32070","load":1,"rf":0}},{"type":"Feature","geometry":{"type":"LineString","coordinates":[[6.86126,49.52487],[6.87213,49.52342]]},"properties":{"d":"32070","load":5,"rf":0}},{"type":"Feature","geometry":{"type":"LineString","coordinates":[[6.87426,49.52809],[6.87213,49.52342]]},"properties":{"d":"32070","load":5,"rf":0}},{"type":"Feature","geometry":{"type":"LineString","coordinates":[[6.87426,49.52809],[6.87548,49.5314]]},"properties":{"d":"32070","load":57,"rf":0}},{"type":"Feature","geometry":{"type":"LineString","coordinates":[[6.89047,49.52747],[6.87426,49.52809]]},"properties":{"d":"32070","load":98,"rf":0}},{"type":"Feature","geometry":{"type":"LineString","coordinates":[[6.87208,49.5346],[6.87548,49.5314]]},"properties":{"d":"32070","load":1,"rf":0}},{"type":"Feature","geometry":{"type":"LineString","coordinates":[[6.85793,49.55807],[6.85959,49.55871]]},"properties":{"d":"32070","load":4,"rf":0}},{"type":"Feature","geometry":{"type":"LineString","coordinates":[[6.86438,49.55521],[6.85959,49.55871]]},"properties":{"d":"32070","load":1,"rf":0}},{"type":"Feature","geometry":{"type":"LineString","coordinates":[[6.86168,49.55586],[6.85959,49.55871]]},"properties":{"d":"32070","load":1,"rf":0}},{"type":"Feature","geometry":{"type":"LineString","coordinates":[[6.86775,49.54795],[6.85959,49.55871]]},"properties":{"d":"32070","load":7,"rf":0}},{"type":"Feature","geometry":{"type":"LineString","coordinates":[[6.89047,49.52747],[6.86775,49.54795]]},"properties":{"d":"32070","load":7,"rf":0}},{"type":"Feature","geometry":{"type":"LineString","coordinates":[[6.87239,49.51061],[6.8707,49.50697]]},"properties":{"d":"32070","load":2,"rf":0}},{"type":"Feature","geometry":{"type":"LineString","coordinates":[[6.86889,49.50694],[6.8613,49.50642]]},"properties":{"d":"32070","load":1,"rf":0}},{"type":"Feature","geometry":{"type":"LineString","coordinates":[[6.86889,49.50694],[6.86812,49.50002]]},"properties":{"d":"32070","load":32,"rf":0}},{"type":"Feature","geometry":{"type":"LineString","coordinates":[[6.86889,49.50694],[6.89047,49.52747]]},"properties":{"d":"32070","load":10,"rf":0}},{"type":"Feature","geometry":{"type":"LineString","coordinates":[[6.86834,49.57688],[6.84804,49.5875]]},"properties":{"d":"32070","load":50,"rf":0}},{"type":"Feature","geometry":{"type":"LineString","coordinates":[[6.89047,49.52747],[6.86834,49.57688]]},"properties":{"d":"32070","load":51,"rf":0}},{"type":"Feature","geometry":{"type":"LineString","coordinates":[[6.88821,49.53576],[6.88891,49.53706]]},"properties":{"d":"32070","load":2,"rf":0}},{"type":"Feature","geometry":{"type":"LineString","coordinates":[[6.9387,49.52597],[6.93705,49.52744]]},"properties":{"d":"32070","load":50,"rf":1}},{"type":"Feature","geometry":{"type":"LineString","coordinates":[[6.92931,49.52902],[6.92423,49.52686]]},"properties":{"d":"32070","load":3,"rf":0}},{"type":"Feature","geometry":{"type":"LineString","coordinates":[[6.91522,49.52522],[6.92312,49.52707]]},"properties":{"d":"32070","load":1,"rf":0}},{"type":"Feature","geometry":{"type":"LineString","coordinates":[[6.88154,49.54077],[6.88675,49.54175]]},"properties":{"d":"32070","load":2,"rf":0}},{"type":"Feature","geometry":{"type":"LineString","coordinates":[[6.88974,49.54014],[6.89002,49.54614]]},"properties":{"d":"32070","load":3,"rf":0}},{"type":"Feature","geometry":{"type":"LineString","coordinates":[[6.88974,49.54014],[6.88966,49.54273]]},"properties":{"d":"32070","load":1,"rf":0}},{"type":"Feature","geometry":{"type":"LineString","coordinates":[[6.88974,49.54014],[6.88675,49.54175]]},"properties":{"d":"32070","load":4,"rf":0}},{"type":"Feature","geometry":{"type":"LineString","coordinates":[[6.88974,49.54014],[6.8918,49.53948]]},"properties":{"d":"32070","load":15,"rf":0}},{"type":"Feature","geometry":{"type":"LineString","coordinates":[[6.89002,49.54614],[6.88902,49.54931]]},"properties":{"d":"32070","load":1,"rf":0}},{"type":"Feature","geometry":{"type":"LineString","coordinates":[[6.8977,49.53957],[6.89715,49.5397]]},"properties":{"d":"32070","load":0,"rf":0}},{"type":"Feature","geometry":{"type":"LineString","coordinates":[[6.89065,49.52804],[6.89628,49.53418]]},"properties":{"d":"32070","load":21,"rf":0}},{"type":"Feature","geometry":{"type":"LineString","coordinates":[[6.89065,49.52804],[6.90029,49.52806]]},"properties":{"d":"32070","load":23,"rf":0}},{"type":"Feature","geometry":{"type":"LineString","coordinates":[[6.89908,49.54191],[6.89838,49.54567]]},"properties":{"d":"32070","load":0,"rf":0}},{"type":"Feature","geometry":{"type":"LineString","coordinates":[[6.89908,49.54191],[6.89715,49.5397]]},"properties":{"d":"32070","load":2,"rf":0}},{"type":"Feature","geometry":{"type":"LineString","coordinates":[[6.92362,49.52918],[6.92379,49.52945]]},"properties":{"d":"32070","load":1,"rf":0}},{"type":"Feature","geometry":{"type":"LineString","coordinates":[[6.90417,49.52512],[6.90541,49.52683]]},"properties":{"d":"32070","load":37,"rf":0}},{"type":"Feature","geometry":{"type":"LineString","coordinates":[[6.90417,49.52512],[6.90029,49.52806]]},"properties":{"d":"32070","load":37,"rf":0}},{"type":"Feature","geometry":{"type":"LineString","coordinates":[[6.93993,49.52863],[6.93705,49.52744]]},"properties":{"d":"32070","load":1,"rf":0}},{"type":"Feature","geometry":{"type":"LineString","coordinates":[[6.92162,49.52661],[6.92312,49.52707]]},"properties":{"d":"32070","load":1,"rf":0}},{"type":"Feature","geometry":{"type":"LineString","coordinates":[[6.89522,49.5335],[6.88891,49.53706]]},"properties":{"d":"32070","load":18,"rf":0}},{"type":"Feature","geometry":{"type":"LineString","coordinates":[[6.89522,49.5335],[6.89628,49.53418]]},"properties":{"d":"32070","load":19,"rf":0}},{"type":"Feature","geometry":{"type":"LineString","coordinates":[[6.91074,49.52478],[6.90541,49.52683]]},"properties":{"d":"32070","load":52,"rf":1}},{"type":"Feature","geometry":{"type":"LineString","coordinates":[[6.91074,49.52478],[6.92423,49.52686]]},"properties":{"d":"32070","load":52,"rf":1}},{"type":"Feature","geometry":{"type":"LineString","coordinates":[[6.89484,49.5216],[6.89397,49.52204]]},"properties":{"d":"32070","load":1,"rf":0}},{"type":"Feature","geometry":{"type":"LineString","coordinates":[[6.89397,49.52204],[6.8945,49.52255]]},"properties":{"d":"32070","load":1,"rf":0}},{"type":"Feature","geometry":{"type":"LineString","coordinates":[[6.92544,49.53153],[6.92379,49.52945]]},"properties":{"d":"32070","load":20,"rf":0}},{"type":"Feature","geometry":{"type":"LineString","coordinates":[[6.8918,49.53948],[6.88891,49.53706]]},"properties":{"d":"32070","load":16,"rf":0}},{"type":"Feature","geometry":{"type":"LineString","coordinates":[[6.89263,49.58229],[6.89169,49.58613]]},"properties":{"d":"32070","load":0,"rf":0}},{"type":"Feature","geometry":{"type":"LineString","coordinates":[[6.89263,49.58229],[6.89382,49.58083]]},"properties":{"d":"32070","load":2,"rf":0}},{"type":"Feature","geometry":{"type":"LineString","coordinates":[[6.89961,49.57244],[6.89382,49.58083]]},"properties":{"d":"32070","load":2,"rf":0}},{"type":"Feature","geometry":{"type":"LineString","coordinates":[[6.88652,49.58268],[6.87405,49.59009]]},"properties":{"d":"32070","load":0,"rf":0}},{"type":"Feature","geometry":{"type":"LineString","coordinates":[[6.88652,49.58268],[6.89047,49.52747]]},"properties":{"d":"32070","load":7,"rf":0}},{"type":"Feature","geometry":{"type":"LineString","coordinates":[[6.88652,49.58268],[6.88632,49.58466]]},"properties":{"d":"32070","load":6,"rf":0}},{"type":"Feature","geometry":{"type":"LineString","coordinates":[[6.89169,49.58613],[6.88632,49.58466]]},"properties":{"d":"32070","load":4,"rf":0}},{"type":"Feature","geometry":{"type":"LineString","coordinates":[[6.87964,49.58568],[6.88632,49.58466]]},"properties":{"d":"32070","load":2,"rf":0}},{"type":"Feature","geometry":{"type":"LineString","coordinates":[[6.87207,49.60691],[6.88201,49.60998]]},"properties":{"d":"32070","load":49,"rf":0}},{"type":"Feature","geometry":{"type":"LineString","coordinates":[[6.87207,49.60691],[6.84804,49.5875]]},"properties":{"d":"32070","load":49,"rf":0}},{"type":"Feature","geometry":{"type":"LineString","coordinates":[[6.87937,49.57597],[6.88737,49.57644]]},"properties":{"d":"32070","load":82,"rf":0}},{"type":"Feature","geometry":{"type":"LineString","coordinates":[[6.88957,49.56023],[6.88737,49.57644]]},"properties":{"d":"32070","load":82,"rf":0}},{"type":"Feature","geometry":{"type":"LineString","coordinates":[[6.88957,49.56023],[6.87548,49.5314]]},"properties":{"d":"32070","load":85,"rf":0}},{"type":"Feature","geometry":{"type":"LineString","coordinates":[[6.89191,49.51836],[6.89822,49.52276]]},"properties":{"d":"32070","load":0,"rf":0}},{"type":"Feature","geometry":{"type":"LineString","coordinates":[[6.91825,49.51059],[6.90249,49.5046]]},"properties":{"d":"32070","load":2,"rf":0}},{"type":"Feature","geometry":{"type":"LineString","coordinates":[[6.90249,49.5046],[6.8707,49.50697]]},"properties":{"d":"32070","load":2,"rf":0}},{"type":"Feature","geometry":{"type":"LineString","coordinates":[[6.89984,49.53355],[6.91302,49.54455]]},"properties":{"d":"32070","load":67,"rf":1}},{"type":"Feature","geometry":{"type":"LineString","coordinates":[[6.89047,49.52747],[6.89984,49.53355]]},"properties":{"d":"32070","load":67,"rf":1}},{"type":"Feature","geometry":{"type":"LineString","coordinates":[[6.90971,49.54622],[6.91302,49.54455]]},"properties":{"d":"32070","load":0,"rf":0}},{"type":"Feature","geometry":{"type":"LineString","coordinates":[[6.91072,49.51935],[6.90752,49.51712]]},"properties":{"d":"32070","load":0,"rf":0}},{"type":"Feature","geometry":{"type":"LineString","coordinates":[[6.91825,49.51059],[6.90752,49.51712]]},"properties":{"d":"32070","load":2,"rf":0}},{"type":"Feature","geometry":{"type":"LineString","coordinates":[[6.92095,49.55117],[6.9304,49.57399]]},"properties":{"d":"32070","load":28,"rf":0}},{"type":"Feature","geometry":{"type":"LineString","coordinates":[[6.94673,49.53928],[6.92095,49.55117]]},"properties":{"d":"32070","load":70,"rf":0}},{"type":"Feature","geometry":{"type":"LineString","coordinates":[[6.92095,49.55117],[6.91302,49.54455]]},"properties":{"d":"32070","load":67,"rf":1}},{"type":"Feature","geometry":{"type":"LineString","coordinates":[[6.92095,49.55117],[6.94887,49.54378]]},"properties":{"d":"32070","load":73,"rf":0}},{"type":"Feature","geometry":{"type":"LineString","coordinates":[[6.9304,49.57399],[6.92714,49.56416]]},"properties":{"d":"32070","load":6,"rf":0}},{"type":"Feature","geometry":{"type":"LineString","coordinates":[[6.9304,49.57399],[6.92587,49.57472]]},"properties":{"d":"32070","load":6,"rf":0}},{"type":"Feature","geometry":{"type":"LineString","coordinates":[[6.92671,49.57779],[6.92587,49.57472]]},"properties":{"d":"32070","load":2,"rf":0}},{"type":"Feature","geometry":{"type":"LineString","coordinates":[[6.95205,49.54294],[6.94887,49.54378]]},"properties":{"d":"32070","load":21,"rf":0}},{"type":"Feature","geometry":{"type":"LineString","coordinates":[[6.77143,49.62156],[6.77947,49.61938]]},"properties":{"d":"32070","load":0,"rf":0}},{"type":"Feature","geometry":{"type":"LineString","coordinates":[[6.77119,49.60652],[6.77717,49.61581]]},"properties":{"d":"32070","load":0,"rf":0}},{"type":"Feature","geometry":{"type":"LineString","coordinates":[[6.77119,49.60652],[6.77211,49.60554]]},"properties":{"d":"32070","load":1,"rf":0}},{"type":"Feature","geometry":{"type":"LineString","coordinates":[[6.76714,49.60355],[6.77211,49.60554]]},"properties":{"d":"32070","load":0,"rf":0}},{"type":"Feature","geometry":{"type":"LineString","coordinates":[[6.79821,49.54066],[6.79493,49.54311]]},"properties":{"d":"32070","load":2,"rf":0}},{"type":"Feature","geometry":{"type":"LineString","coordinates":[[6.78602,49.54974],[6.78903,49.54535]]},"properties":{"d":"32070","load":1,"rf":0}},{"type":"Feature","geometry":{"type":"LineString","coordinates":[[6.79223,49.54731],[6.78974,49.54431]]},"properties":{"d":"32070","load":1,"rf":0}},{"type":"Feature","geometry":{"type":"LineString","coordinates":[[6.78974,49.54431],[6.79374,49.54306]]},"properties":{"d":"32070","load":3,"rf":0}},{"type":"Feature","geometry":{"type":"LineString","coordinates":[[6.78974,49.54431],[6.78903,49.54535]]},"properties":{"d":"32070","load":1,"rf":0}},{"type":"Feature","geometry":{"type":"LineString","coordinates":[[6.79266,49.54019],[6.79374,49.54306]]},"properties":{"d":"32070","load":1,"rf":0}},{"type":"Feature","geometry":{"type":"LineString","coordinates":[[6.79223,49.54731],[6.79606,49.55824]]},"properties":{"d":"32070","load":1,"rf":0}},{"type":"Feature","geometry":{"type":"LineString","coordinates":[[6.78147,49.62249],[6.78594,49.62096]]},"properties":{"d":"32070","load":2,"rf":0}},{"type":"Feature","geometry":{"type":"LineString","coordinates":[[6.78027,49.61497],[6.77928,49.61524]]},"properties":{"d":"32070","load":2,"rf":0}},{"type":"Feature","geometry":{"type":"LineString","coordinates":[[6.78147,49.62249],[6.77947,49.61938]]},"properties":{"d":"32070","load":3,"rf":0}},{"type":"Feature","geometry":{"type":"LineString","coordinates":[[6.90647,49.52552],[6.90688,49.52607]]},"properties":{"d":"32070","load":1,"rf":0}},{"type":"Feature","geometry":{"type":"LineString","coordinates":[[6.9065,49.52573],[6.90688,49.52607]]},"properties":{"d":"32070","load":0,"rf":0}},{"type":"Feature","geometry":{"type":"LineString","coordinates":[[6.89047,49.52747],[6.9065,49.52573]]},"properties":{"d":"32070","load":4,"rf":0}},{"type":"Feature","geometry":{"type":"LineString","coordinates":[[6.86812,49.50002],[6.86769,49.49908]]},"properties":{"d":"32070","load":30,"rf":0}},{"type":"Feature","geometry":{"type":"LineString","coordinates":[[6.89822,49.52276],[6.90752,49.51712]]},"properties":{"d":"32070","load":2,"rf":0}},{"type":"Feature","geometry":{"type":"LineString","coordinates":[[6.89047,49.52747],[6.89822,49.52276]]},"properties":{"d":"32070","load":3,"rf":0}},{"type":"Feature","geometry":{"type":"LineString","coordinates":[[6.77947,49.61938],[6.77717,49.61581]]},"properties":{"d":"32070","load":3,"rf":0}},{"type":"Feature","geometry":{"type":"LineString","coordinates":[[6.77717,49.61581],[6.77928,49.61524]]},"properties":{"d":"32070","load":3,"rf":0}},{"type":"Feature","geometry":{"type":"LineString","coordinates":[[6.82334,49.55475],[6.82553,49.55557]]},"properties":{"d":"32070","load":9,"rf":0}},{"type":"Feature","geometry":{"type":"LineString","coordinates":[[6.82553,49.55557],[6.8466,49.56859]]},"properties":{"d":"32070","load":14,"rf":0}},{"type":"Feature","geometry":{"type":"LineString","coordinates":[[6.90688,49.52607],[6.90541,49.52683]]},"properties":{"d":"32070","load":58,"rf":1}},{"type":"Feature","geometry":{"type":"LineString","coordinates":[[6.89047,49.52747],[6.90688,49.52607]]},"properties":{"d":"32070","load":26,"rf":0}},{"type":"Feature","geometry":{"type":"LineString","coordinates":[[6.83554,49.49402],[6.86416,49.49672]]},"properties":{"d":"32070","load":31,"rf":0}},{"type":"Feature","geometry":{"type":"LineString","coordinates":[[6.86777,49.49307],[6.86732,49.49737]]},"properties":{"d":"32070","load":24,"rf":0}},{"type":"Feature","geometry":{"type":"LineString","coordinates":[[6.92423,49.52686],[6.92312,49.52707]]},"properties":{"d":"32070","load":23,"rf":0}},{"type":"Feature","geometry":{"type":"LineString","coordinates":[[6.92423,49.52686],[6.93705,49.52744]]},"properties":{"d":"32070","load":78,"rf":0}},{"type":"Feature","geometry":{"type":"LineString","coordinates":[[6.89628,49.53418],[6.89715,49.5397]]},"properties":{"d":"32070","load":3,"rf":0}},{"type":"Feature","geometry":{"type":"LineString","coordinates":[[6.92312,49.52707],[6.92379,49.52945]]},"properties":{"d":"32070","load":21,"rf":0}},{"type":"Feature","geometry":{"type":"LineString","coordinates":[[6.90029,49.52806],[6.8945,49.52255]]},"properties":{"d":"32070","load":20,"rf":0}},{"type":"Feature","geometry":{"type":"LineString","coordinates":[[6.89382,49.58083],[6.92587,49.57472]]},"properties":{"d":"32070","load":5,"rf":0}},{"type":"Feature","geometry":{"type":"LineString","coordinates":[[6.79493,49.54311],[6.79374,49.54306]]},"properties":{"d":"32070","load":3,"rf":0}},{"type":"Feature","geometry":{"type":"LineString","coordinates":[[6.80789,49.54128],[6.79493,49.54311]]},"properties":{"d":"32070","load":6,"rf":0}},{"type":"Feature","geometry":{"type":"LineString","coordinates":[[6.89047,49.52747],[6.80789,49.54128]]},"properties":{"d":"32070","load":6,"rf":0}},{"type":"Feature","geometry":{"type":"LineString","coordinates":[[6.85737,49.52557],[6.85912,49.52567]]},"properties":{"d":"32070","load":72,"rf":0}},{"type":"Feature","geometry":{"type":"LineString","coordinates":[[6.89047,49.52747],[6.85912,49.52567]]},"properties":{"d":"32070","load":72,"rf":0}},{"type":"Feature","geometry":{"type":"LineString","coordinates":[[6.94887,49.54378],[6.95318,49.55065]]},"properties":{"d":"32070","load":57,"rf":0}},{"type":"Feature","geometry":{"type":"LineString","coordinates":[[6.82928,49.49884],[6.8277,49.50359]]},"properties":{"d":"32070","load":4,"rf":0}},{"type":"Feature","geometry":{"type":"LineString","coordinates":[[6.8277,49.50359],[6.82625,49.50797]]},"properties":{"d":"32070","load":4,"rf":0}},{"type":"Feature","geometry":{"type":"LineString","coordinates":[[6.82215,49.52033],[6.82625,49.50797]]},"properties":{"d":"32070","load":4,"rf":0}},{"type":"Feature","geometry":{"type":"LineString","coordinates":[[7.11064,49.34293],[7.11202,49.3429]]},"properties":{"d":"32485","load":82,"rf":0}},{"type":"Feature","geometry":{"type":"LineString","coordinates":[[7.13077,49.37419],[7.13068,49.37473]]},"properties":{"d":"32485","load":0,"rf":0}},{"type":"Feature","geometry":{"type":"LineString","coordinates":[[7.14433,49.37874],[7.14485,49.38478]]},"properties":{"d":"32485","load":73,"rf":0}},{"type":"Feature","geometry":{"type":"LineString","coordinates":[[7.14485,49.38478],[7.14224,49.38763]]},"properties":{"d":"32485","load":66,"rf":0}},{"type":"Feature","geometry":{"type":"LineString","coordinates":[[7.14218,49.3877],[7.14224,49.38763]]},"properties":{"d":"32485","load":30,"rf":0}},{"type":"Feature","geometry":{"type":"LineString","coordinates":[[7.14243,49.38771],[7.14224,49.38763]]},"properties":{"d":"32485","load":36,"rf":0}},{"type":"Feature","geometry":{"type":"LineString","coordinates":[[7.11171,49.33725],[7.11202,49.3429]]},"properties":{"d":"32485","load":0,"rf":0}},{"type":"Feature","geometry":{"type":"LineString","coordinates":[[7.12971,49.36086],[7.12272,49.35421]]},"properties":{"d":"32485","load":3,"rf":0}},{"type":"Feature","geometry":{"type":"LineString","coordinates":[[7.12971,49.36086],[7.13106,49.36474]]},"properties":{"d":"32485","load":1,"rf":0}},{"type":"Feature","geometry":{"type":"LineString","coordinates":[[7.10502,49.35581],[7.09792,49.35706]]},"properties":{"d":"32485","load":3,"rf":0}},{"type":"Feature","geometry":{"type":"LineString","coordinates":[[7.10502,49.35581],[7.09728,49.3524]]},"properties":{"d":"32485","load":6,"rf":0}},{"type":"Feature","geometry":{"type":"LineString","coordinates":[[7.12339,49.36581],[7.12842,49.36763]]},"properties":{"d":"32485","load":0,"rf":0}},{"type":"Feature","geometry":{"type":"LineString","coordinates":[[7.12339,49.36581],[7.12296,49.36183]]},"properties":{"d":"32485","load":2,"rf":0}},{"type":"Feature","geometry":{"type":"LineString","coordinates":[[7.08964,49.35855],[7.0938,49.35726]]},"properties":{"d":"32485","load":4,"rf":0}},{"type":"Feature","geometry":{"type":"LineString","coordinates":[[7.08964,49.35855],[7.09603,49.3586]]},"properties":{"d":"32485","load":1,"rf":0}},{"type":"Feature","geometry":{"type":"LineString","coordinates":[[7.1122,49.38888],[7.11626,49.39118]]},"properties":{"d":"32485","load":0,"rf":0}},{"type":"Feature","geometry":{"type":"LineString","coordinates":[[7.1122,49.38888],[7.11694,49.38419]]},"properties":{"d":"32485","load":1,"rf":0}},{"type":"Feature","geometry":{"type":"LineString","coordinates":[[7.13078,49.35686],[7.13271,49.35556]]},"properties":{"d":"32485","load":0,"rf":0}},{"type":"Feature","geometry":{"type":"LineString","coordinates":[[7.11467,49.34913],[7.13078,49.35686]]},"properties":{"d":"32485","load":2,"rf":0}},{"type":"Feature","geometry":{"type":"LineString","coordinates":[[7.11659,49.35869],[7.11182,49.36015]]},"properties":{"d":"32485","load":2,"rf":0}},{"type":"Feature","geometry":{"type":"LineString","coordinates":[[7.11659,49.35869],[7.11411,49.35549]]},"properties":{"d":"32485","load":4,"rf":0}},{"type":"Feature","geometry":{"type":"LineString","coordinates":[[7.0938,49.35726],[7.09379,49.35403]]},"properties":{"d":"32485","load":5,"rf":0}},{"type":"Feature","geometry":{"type":"LineString","coordinates":[[7.13271,49.35556],[7.13879,49.3551]]},"properties":{"d":"32485","load":2,"rf":0}},{"type":"Feature","geometry":{"type":"LineString","coordinates":[[7.10702,49.35068],[7.10175,49.35092]]},"properties":{"d":"32485","load":8,"rf":0}},{"type":"Feature","geometry":{"type":"LineString","coordinates":[[7.11467,49.34913],[7.10702,49.35068]]},"properties":{"d":"32485","load":3,"rf":0}},{"type":"Feature","geometry":{"type":"LineString","coordinates":[[7.09792,49.35706],[7.09603,49.3586]]},"properties":{"d":"32485","load":0,"rf":0}},{"type":"Feature","geometry":{"type":"LineString","coordinates":[[7.12972,49.37086],[7.12167,49.37014]]},"properties":{"d":"32485","load":2,"rf":0}},{"type":"Feature","geometry":{"type":"LineString","coordinates":[[7.11467,49.34913],[7.12972,49.37086]]},"properties":{"d":"32485","load":1,"rf":0}},{"type":"Feature","geometry":{"type":"LineString","coordinates":[[7.11354,49.36584],[7.11467,49.34913]]},"properties":{"d":"32485","load":1,"rf":0}},{"type":"Feature","geometry":{"type":"LineString","coordinates":[[7.11354,49.36584],[7.12296,49.36183]]},"properties":{"d":"32485","load":2,"rf":0}},{"type":"Feature","geometry":{"type":"LineString","coordinates":[[7.11626,49.39118],[7.11481,49.39433]]},"properties":{"d":"32485","load":1,"rf":0}},{"type":"Feature","geometry":{"type":"LineString","coordinates":[[7.11626,49.39118],[7.13405,49.39358]]},"properties":{"d":"32485","load":0,"rf":0}},{"type":"Feature","geometry":{"type":"LineString","coordinates":[[7.11349,49.37163],[7.12304,49.37138]]},"properties":{"d":"32485","load":1,"rf":0}},{"type":"Feature","geometry":{"type":"LineString","coordinates":[[7.11349,49.37163],[7.12167,49.37014]]},"properties":{"d":"32485","load":1,"rf":0}},{"type":"Feature","geometry":{"type":"LineString","coordinates":[[7.11349,49.37163],[7.10514,49.3744]]},"properties":{"d":"32485","load":0,"rf":0}},{"type":"Feature","geometry":{"type":"LineString","coordinates":[[7.11234,49.3489],[7.12272,49.35421]]},"properties":{"d":"32485","load":4,"rf":0}},{"type":"Feature","geometry":{"type":"LineString","coordinates":[[7.11234,49.3489],[7.11202,49.3429]]},"properties":{"d":"32485","load":82,"rf":0}},{"type":"Feature","geometry":{"type":"LineString","coordinates":[[7.11467,49.34913],[7.11234,49.3489]]},"properties":{"d":"32485","load":73,"rf":0}},{"type":"Feature","geometry":{"type":"LineString","coordinates":[[7.10175,49.35092],[7.09379,49.35403]]},"properties":{"d":"32485","load":6,"rf":0}},{"type":"Feature","geometry":{"type":"LineString","coordinates":[[7.11467,49.34913],[7.13879,49.3551]]},"properties":{"d":"32485","load":4,"rf":0}},{"type":"Feature","geometry":{"type":"LineString","coordinates":[[7.11694,49.38419],[7.12631,49.37873]]},"properties":{"d":"32485","load":1,"rf":0}},{"type":"Feature","geometry":{"type":"LineString","coordinates":[[7.12631,49.37873],[7.12563,49.37437]]},"properties":{"d":"32485","load":3,"rf":0}},{"type":"Feature","geometry":{"type":"LineString","coordinates":[[7.1056,49.38992],[7.10539,49.39091]]},"properties":{"d":"32485","load":2,"rf":0}},{"type":"Feature","geometry":{"type":"LineString","coordinates":[[7.1056,49.38992],[7.11467,49.34913]]},"properties":{"d":"32485","load":2,"rf":0}},{"type":"Feature","geometry":{"type":"LineString","coordinates":[[7.11467,49.34913],[7.13267,49.36948]]},"properties":{"d":"32485","load":4,"rf":0}},{"type":"Feature","geometry":{"type":"LineString","coordinates":[[7.09457,49.38827],[7.10539,49.39091]]},"properties":{"d":"32485","load":1,"rf":0}},{"type":"Feature","geometry":{"type":"LineString","coordinates":[[7.12563,49.37437],[7.11467,49.34913]]},"properties":{"d":"32485","load":2,"rf":0}},{"type":"Feature","geometry":{"type":"LineString","coordinates":[[7.12304,49.37138],[7.11157,49.38357]]},"properties":{"d":"32485","load":0,"rf":0}},{"type":"Feature","geometry":{"type":"LineString","coordinates":[[7.11411,49.35549],[7.12162,49.35641]]},"properties":{"d":"32485","load":1,"rf":0}},{"type":"Feature","geometry":{"type":"LineString","coordinates":[[7.1378,49.37294],[7.14433,49.37874]]},"properties":{"d":"32485","load":73,"rf":0}},{"type":"Feature","geometry":{"type":"LineString","coordinates":[[7.1378,49.37294],[7.13369,49.37153]]},"properties":{"d":"32485","load":74,"rf":0}},{"type":"Feature","geometry":{"type":"LineString","coordinates":[[7.12842,49.36763],[7.13267,49.36948]]},"properties":{"d":"32485","load":3,"rf":0}},{"type":"Feature","geometry":{"type":"LineString","coordinates":[[7.13864,49.36213],[7.13851,49.36259]]},"properties":{"d":"32485","load":1,"rf":0}},{"type":"Feature","geometry":{"type":"LineString","coordinates":[[7.13348,49.37493],[7.13068,49.37473]]},"properties":{"d":"32485","load":0,"rf":0}},{"type":"Feature","geometry":{"type":"LineString","coordinates":[[7.13348,49.37493],[7.13369,49.37153]]},"properties":{"d":"32485","load":0,"rf":0}},{"type":"Feature","geometry":{"type":"LineString","coordinates":[[7.11481,49.39433],[7.10539,49.39091]]},"properties":{"d":"32485","load":2,"rf":0}},{"type":"Feature","geometry":{"type":"LineString","coordinates":[[7.09025,49.35509],[7.09379,49.35403]]},"properties":{"d":"32485","load":1,"rf":0}},{"type":"Feature","geometry":{"type":"LineString","coordinates":[[7.11467,49.34913],[7.12162,49.35641]]},"properties":{"d":"32485","load":1,"rf":0}},{"type":"Feature","geometry":{"type":"LineString","coordinates":[[7.10045,49.36307],[7.09603,49.3586]]},"properties":{"d":"32485","load":1,"rf":0}},{"type":"Feature","geometry":{"type":"LineString","coordinates":[[7.13216,49.3586],[7.13292,49.36817]]},"properties":{"d":"32485","load":75,"rf":0}},{"type":"Feature","geometry":{"type":"LineString","coordinates":[[7.11467,49.34913],[7.13216,49.3586]]},"properties":{"d":"32485","load":75,"rf":0}},{"type":"Feature","geometry":{"type":"LineString","coordinates":[[7.11467,49.34913],[7.09728,49.3524]]},"properties":{"d":"32485","load":7,"rf":0}},{"type":"Feature","geometry":{"type":"LineString","coordinates":[[7.1386,49.36598],[7.13292,49.36817]]},"properties":{"d":"32485","load":1,"rf":0}},{"type":"Feature","geometry":{"type":"LineString","coordinates":[[7.1386,49.36598],[7.13851,49.36259]]},"properties":{"d":"32485","load":1,"rf":0}},{"type":"Feature","geometry":{"type":"LineString","coordinates":[[7.10041,49.37597],[7.10514,49.3744]]},"properties":{"d":"32485","load":0,"rf":0}},{"type":"Feature","geometry":{"type":"LineString","coordinates":[[7.10227,49.37071],[7.10514,49.3744]]},"properties":{"d":"32485","load":0,"rf":0}},{"type":"Feature","geometry":{"type":"LineString","coordinates":[[7.12542,49.35078],[7.12542,49.35078]]},"properties":{"d":"32485","load":0,"rf":0}},{"type":"Feature","geometry":{"type":"LineString","coordinates":[[7.11467,49.34913],[7.12542,49.35078]]},"properties":{"d":"32485","load":3,"rf":0}},{"type":"Feature","geometry":{"type":"LineString","coordinates":[[7.11022,49.38302],[7.11157,49.38357]]},"properties":{"d":"32485","load":0,"rf":0}},{"type":"Feature","geometry":{"type":"LineString","coordinates":[[7.13292,49.36817],[7.13369,49.37153]]},"properties":{"d":"32485","load":74,"rf":0}},{"type":"Feature","geometry":{"type":"LineString","coordinates":[[7.11467,49.34913],[7.12542,49.35078]]},"properties":{"d":"32485","load":0,"rf":0}},{"type":"Feature","geometry":{"type":"LineString","coordinates":[[7.04358,49.21435],[7.02916,49.21081]]},"properties":{"d":"32510","load":17,"rf":0}},{"type":"Feature","geometry":{"type":"LineString","coordinates":[[7.01293,49.20037],[7.01783,49.19941]]},"properties":{"d":"32510","load":3,"rf":0}},{"type":"Feature","geometry":{"type":"LineString","coordinates":[[7.12137,49.21254],[7.11557,49.21389]]},"properties":{"d":"32510","load":17,"rf":0}},{"type":"Feature","geometry":{"type":"LineString","coordinates":[[7.11578,49.21277],[7.11505,49.21294]]},"properties":{"d":"32510","load":14,"rf":0}},{"type":"Feature","geometry":{"type":"LineString","coordinates":[[7.10486,49.20985],[7.10516,49.21212]]},"properties":{"d":"32510","load":0,"rf":0}},{"type":"Feature","geometry":{"type":"LineString","coordinates":[[7.06093,49.21329],[7.06085,49.21289]]},"properties":{"d":"32510","load":0,"rf":0}},{"type":"Feature","geometry":{"type":"LineString","coordinates":[[7.11476,49.21133],[7.11424,49.21145]]},"properties":{"d":"32510","load":0,"rf":0}},{"type":"Feature","geometry":{"type":"LineString","coordinates":[[7.03482,49.19502],[7.03578,49.196]]},"properties":{"d":"32510","load":0,"rf":0}},{"type":"Feature","geometry":{"type":"LineString","coordinates":[[7.07681,49.19914],[7.07647,49.19912]]},"properties":{"d":"32510","load":0,"rf":0}},{"type":"Feature","geometry":{"type":"LineString","coordinates":[[7.02694,49.19675],[7.02702,49.19671]]},"properties":{"d":"32510","load":0,"rf":0}},{"type":"Feature","geometry":{"type":"LineString","coordinates":[[7.03733,49.21346],[7.03762,49.21383]]},"properties":{"d":"32510","load":0,"rf":0}},{"type":"Feature","geometry":{"type":"LineString","coordinates":[[7.03747,49.20818],[7.03704,49.20725]]},"properties":{"d":"32510","load":0,"rf":0}},{"type":"Feature","geometry":{"type":"LineString","coordinates":[[7.037,49.20194],[7.0369,49.20188]]},"properties":{"d":"32510","load":0,"rf":0}},{"type":"Feature","geometry":{"type":"LineString","coordinates":[[7.0821,49.25391],[7.07219,49.25357]]},"properties":{"d":"32510","load":0,"rf":0}},{"type":"Feature","geometry":{"type":"LineString","coordinates":[[7.06871,49.2029],[7.06553,49.19872]]},"properties":{"d":"32510","load":4,"rf":0}},{"type":"Feature","geometry":{"type":"LineString","coordinates":[[7.06271,49.20053],[7.05973,49.20332]]},"properties":{"d":"32510","load":2,"rf":0}},{"type":"Feature","geometry":{"type":"LineString","coordinates":[[7.06271,49.20053],[7.06553,49.19872]]},"properties":{"d":"32510","load":0,"rf":0}},{"type":"Feature","geometry":{"type":"LineString","coordinates":[[7.06659,49.19552],[7.06574,49.19826]]},"properties":{"d":"32510","load":3,"rf":0}},{"type":"Feature","geometry":{"type":"LineString","coordinates":[[7.0649,49.20514],[7.05868,49.2042]]},"properties":{"d":"32510","load":1,"rf":0}},{"type":"Feature","geometry":{"type":"LineString","coordinates":[[7.05973,49.20332],[7.05868,49.2042]]},"properties":{"d":"32510","load":4,"rf":0}},{"type":"Feature","geometry":{"type":"LineString","coordinates":[[7.06574,49.19826],[7.0661,49.19825]]},"properties":{"d":"32510","load":4,"rf":0}},{"type":"Feature","geometry":{"type":"LineString","coordinates":[[7.07652,49.19855],[7.0661,49.19825]]},"properties":{"d":"32510","load":8,"rf":0}},{"type":"Feature","geometry":{"type":"LineString","coordinates":[[7.07652,49.19855],[7.04358,49.21435]]},"properties":{"d":"32510","load":3,"rf":0}},{"type":"Feature","geometry":{"type":"LineString","coordinates":[[7.07801,49.23622],[7.07357,49.23607]]},"properties":{"d":"32510","load":0,"rf":0}},{"type":"Feature","geometry":{"type":"LineString","coordinates":[[7.08639,49.22016],[7.09088,49.2162]]},"properties":{"d":"32510","load":0,"rf":0}},{"type":"Feature","geometry":{"type":"LineString","coordinates":[[7.08639,49.22016],[7.07485,49.21977]]},"properties":{"d":"32510","load":2,"rf":0}},{"type":"Feature","geometry":{"type":"LineString","coordinates":[[7.09309,49.22573],[7.07443,49.22509]]},"properties":{"d":"32510","load":1,"rf":0}},{"type":"Feature","geometry":{"type":"LineString","coordinates":[[7.09478,49.21003],[7.10486,49.20985]]},"properties":{"d":"32510","load":0,"rf":0}},{"type":"Feature","geometry":{"type":"LineString","coordinates":[[7.09478,49.21003],[7.06085,49.21289]]},"properties":{"d":"32510","load":1,"rf":0}},{"type":"Feature","geometry":{"type":"LineString","coordinates":[[7.10254,49.19054],[7.10582,49.19614]]},"properties":{"d":"32510","load":5,"rf":0}},{"type":"Feature","geometry":{"type":"LineString","coordinates":[[7.10254,49.19054],[7.09285,49.19152]]},"properties":{"d":"32510","load":1,"rf":0}},{"type":"Feature","geometry":{"type":"LineString","coordinates":[[7.10254,49.19054],[7.10284,49.1903]]},"properties":{"d":"32510","load":2,"rf":0}},{"type":"Feature","geometry":{"type":"LineString","coordinates":[[7.10714,49.20551],[7.1088,49.20857]]},"properties":{"d":"32510","load":1,"rf":0}},{"type":"Feature","geometry":{"type":"LineString","coordinates":[[7.10714,49.20551],[7.10913,49.20219]]},"properties":{"d":"32510","load":0,"rf":0}},{"type":"Feature","geometry":{"type":"LineString","coordinates":[[7.11291,49.20358],[7.1092,49.20205]]},"properties":{"d":"32510","load":0,"rf":0}},{"type":"Feature","geometry":{"type":"LineString","coordinates":[[7.10582,49.19614],[7.04358,49.21435]]},"properties":{"d":"32510","load":1,"rf":0}},{"type":"Feature","geometry":{"type":"LineString","coordinates":[[7.04358,49.21435],[7.1088,49.20857]]},"properties":{"d":"32510","load":5,"rf":0}},{"type":"Feature","geometry":{"type":"LineString","coordinates":[[7.1088,49.20857],[7.11348,49.20803]]},"properties":{"d":"32510","load":0,"rf":0}},{"type":"Feature","geometry":{"type":"LineString","coordinates":[[7.1088,49.20857],[7.11399,49.21099]]},"properties":{"d":"32510","load":27,"rf":0}},{"type":"Feature","geometry":{"type":"LineString","coordinates":[[7.10733,49.19979],[7.10399,49.20252]]},"properties":{"d":"32510","load":0,"rf":0}},{"type":"Feature","geometry":{"type":"LineString","coordinates":[[7.04358,49.21435],[7.10399,49.20252]]},"properties":{"d":"32510","load":0,"rf":0}},{"type":"Feature","geometry":{"type":"LineString","coordinates":[[7.10482,49.18932],[7.10284,49.1903]]},"properties":{"d":"32510","load":1,"rf":0}},{"type":"Feature","geometry":{"type":"LineString","coordinates":[[7.11082,49.20031],[7.10916,49.20139]]},"properties":{"d":"32510","load":0,"rf":0}},{"type":"Feature","geometry":{"type":"LineString","coordinates":[[7.11399,49.21099],[7.11424,49.21145]]},"properties":{"d":"32510","load":31,"rf":0}},{"type":"Feature","geometry":{"type":"LineString","coordinates":[[7.10913,49.20219],[7.1092,49.20205]]},"properties":{"d":"32510","load":0,"rf":0}},{"type":"Feature","geometry":{"type":"LineString","coordinates":[[7.1174,49.19368],[7.10632,49.1964]]},"properties":{"d":"32510","load":0,"rf":0}},{"type":"Feature","geometry":{"type":"LineString","coordinates":[[7.12145,49.22471],[7.11557,49.21389]]},"properties":{"d":"32510","load":0,"rf":0}},{"type":"Feature","geometry":{"type":"LineString","coordinates":[[7.01807,49.21326],[7.01518,49.21176]]},"properties":{"d":"32510","load":0,"rf":0}},{"type":"Feature","geometry":{"type":"LineString","coordinates":[[7.01807,49.21326],[7.01807,49.21326]]},"properties":{"d":"32510","load":0,"rf":0}},{"type":"Feature","geometry":{"type":"LineString","coordinates":[[7.04358,49.21435],[7.01807,49.21326]]},"properties":{"d":"32510","load":1,"rf":0}},{"type":"Feature","geometry":{"type":"LineString","coordinates":[[7.04273,49.20672],[7.04958,49.20895]]},"properties":{"d":"32510","load":3,"rf":0}},{"type":"Feature","geometry":{"type":"LineString","coordinates":[[7.02902,49.21848],[7.03053,49.2157]]},"properties":{"d":"32510","load":0,"rf":0}},{"type":"Feature","geometry":{"type":"LineString","coordinates":[[7.02902,49.21848],[7.03371,49.2154]]},"properties":{"d":"32510","load":0,"rf":0}},{"type":"Feature","geometry":{"type":"LineString","coordinates":[[7.01879,49.20169],[7.01874,49.19996]]},"properties":{"d":"32510","load":2,"rf":0}},{"type":"Feature","geometry":{"type":"LineString","coordinates":[[7.01879,49.20169],[7.03209,49.19921]]},"properties":{"d":"32510","load":1,"rf":0}},{"type":"Feature","geometry":{"type":"LineString","coordinates":[[7.05183,49.20792],[7.04851,49.21002]]},"properties":{"d":"32510","load":1,"rf":0}},{"type":"Feature","geometry":{"type":"LineString","coordinates":[[7.05183,49.20792],[7.04958,49.20895]]},"properties":{"d":"32510","load":1,"rf":0}},{"type":"Feature","geometry":{"type":"LineString","coordinates":[[7.03745,49.20151],[7.04238,49.20014]]},"properties":{"d":"32510","load":0,"rf":0}},{"type":"Feature","geometry":{"type":"LineString","coordinates":[[7.03745,49.20151],[7.0369,49.20188]]},"properties":{"d":"32510","load":2,"rf":0}},{"type":"Feature","geometry":{"type":"LineString","coordinates":[[7.0245,49.20986],[7.02388,49.20693]]},"properties":{"d":"32510","load":1,"rf":0}},{"type":"Feature","geometry":{"type":"LineString","coordinates":[[7.0245,49.20986],[7.02805,49.20949]]},"properties":{"d":"32510","load":1,"rf":0}},{"type":"Feature","geometry":{"type":"LineString","coordinates":[[7.03252,49.20241],[7.03465,49.2034]]},"properties":{"d":"32510","load":1,"rf":0}},{"type":"Feature","geometry":{"type":"LineString","coordinates":[[7.03252,49.20241],[7.03209,49.19921]]},"properties":{"d":"32510","load":1,"rf":0}},{"type":"Feature","geometry":{"type":"LineString","coordinates":[[7.0325,49.20804],[7.03223,49.20877]]},"properties":{"d":"32510","load":1,"rf":0}},{"type":"Feature","geometry":{"type":"LineString","coordinates":[[7.0325,49.20804],[7.0328,49.20808]]},"properties":{"d":"32510","load":2,"rf":0}},{"type":"Feature","geometry":{"type":"LineString","coordinates":[[7.04358,49.21435],[7.02148,49.20527]]},"properties":{"d":"32510","load":1,"rf":0}},{"type":"Feature","geometry":{"type":"LineString","coordinates":[[7.02169,49.1983],[7.02684,49.19657]]},"properties":{"d":"32510","load":0,"rf":0}},{"type":"Feature","geometry":{"type":"LineString","coordinates":[[7.02212,49.19921],[7.02169,49.1983]]},"properties":{"d":"32510","load":1,"rf":0}},{"type":"Feature","geometry":{"type":"LineString","coordinates":[[7.02169,49.1983],[7.04358,49.21435]]},"properties":{"d":"32510","load":1,"rf":0}},{"type":"Feature","geometry":{"type":"LineString","coordinates":[[7.02916,49.19841],[7.02802,49.20031]]},"properties":{"d":"32510","load":1,"rf":0}},{"type":"Feature","geometry":{"type":"LineString","coordinates":[[7.02916,49.19841],[7.02702,49.19671]]},"properties":{"d":"32510","load":0,"rf":0}},{"type":"Feature","geometry":{"type":"LineString","coordinates":[[7.0434,49.21339],[7.04553,49.21143]]},"properties":{"d":"32510","load":1,"rf":0}},{"type":"Feature","geometry":{"type":"LineString","coordinates":[[7.04358,49.21435],[7.0434,49.21339]]},"properties":{"d":"32510","load":1,"rf":0}},{"type":"Feature","geometry":{"type":"LineString","coordinates":[[7.03433,49.21496],[7.03762,49.21383]]},"properties":{"d":"32510","load":2,"rf":0}},{"type":"Feature","geometry":{"type":"LineString","coordinates":[[7.03433,49.21496],[7.03371,49.2154]]},"properties":{"d":"32510","load":1,"rf":0}},{"type":"Feature","geometry":{"type":"LineString","coordinates":[[7.02951,49.21188],[7.02805,49.20949]]},"properties":{"d":"32510","load":1,"rf":0}},{"type":"Feature","geometry":{"type":"LineString","coordinates":[[7.03592,49.19594],[7.03578,49.196]]},"properties":{"d":"32510","load":0,"rf":0}},{"type":"Feature","geometry":{"type":"LineString","coordinates":[[7.02802,49.20031],[7.02726,49.20171]]},"properties":{"d":"32510","load":1,"rf":0}},{"type":"Feature","geometry":{"type":"LineString","coordinates":[[7.03053,49.2157],[7.03223,49.20877]]},"properties":{"d":"32510","load":0,"rf":0}},{"type":"Feature","geometry":{"type":"LineString","coordinates":[[7.04551,49.20965],[7.04286,49.21204]]},"properties":{"d":"32510","load":2,"rf":0}},{"type":"Feature","geometry":{"type":"LineString","coordinates":[[7.04551,49.20965],[7.04958,49.20895]]},"properties":{"d":"32510","load":1,"rf":0}},{"type":"Feature","geometry":{"type":"LineString","coordinates":[[7.04188,49.21535],[7.04008,49.21313]]},"properties":{"d":"32510","load":1,"rf":0}},{"type":"Feature","geometry":{"type":"LineString","coordinates":[[7.04358,49.21435],[7.04188,49.21535]]},"properties":{"d":"32510","load":1,"rf":0}},{"type":"Feature","geometry":{"type":"LineString","coordinates":[[7.03209,49.20577],[7.03465,49.2034]]},"properties":{"d":"32510","load":1,"rf":0}},{"type":"Feature","geometry":{"type":"LineString","coordinates":[[7.03209,49.20577],[7.03338,49.21186]]},"properties":{"d":"32510","load":2,"rf":0}},{"type":"Feature","geometry":{"type":"LineString","coordinates":[[7.03465,49.2034],[7.0385,49.20391]]},"properties":{"d":"32510","load":0,"rf":0}},{"type":"Feature","geometry":{"type":"LineString","coordinates":[[7.03465,49.2034],[7.0369,49.20188]]},"properties":{"d":"32510","load":2,"rf":0}},{"type":"Feature","geometry":{"type":"LineString","coordinates":[[7.01874,49.19996],[7.01783,49.19941]]},"properties":{"d":"32510","load":2,"rf":0}},{"type":"Feature","geometry":{"type":"LineString","coordinates":[[7.03176,49.19771],[7.03578,49.196]]},"properties":{"d":"32510","load":0,"rf":0}},{"type":"Feature","geometry":{"type":"LineString","coordinates":[[7.03176,49.19771],[7.03209,49.19921]]},"properties":{"d":"32510","load":1,"rf":0}},{"type":"Feature","geometry":{"type":"LineString","coordinates":[[7.04553,49.21143],[7.04851,49.21002]]},"properties":{"d":"32510","load":1,"rf":0}},{"type":"Feature","geometry":{"type":"LineString","coordinates":[[7.03707,49.21008],[7.03645,49.21426]]},"properties":{"d":"32510","load":1,"rf":0}},{"type":"Feature","geometry":{"type":"LineString","coordinates":[[7.03707,49.21008],[7.0328,49.20808]]},"properties":{"d":"32510","load":2,"rf":0}},{"type":"Feature","geometry":{"type":"LineString","coordinates":[[7.03955,49.21578],[7.03371,49.2154]]},"properties":{"d":"32510","load":1,"rf":0}},{"type":"Feature","geometry":{"type":"LineString","coordinates":[[7.02738,49.20335],[7.02726,49.20171]]},"properties":{"d":"32510","load":1,"rf":0}},{"type":"Feature","geometry":{"type":"LineString","coordinates":[[7.02653,49.20251],[7.02148,49.20527]]},"properties":{"d":"32510","load":2,"rf":0}},{"type":"Feature","geometry":{"type":"LineString","coordinates":[[7.02653,49.20251],[7.02726,49.20171]]},"properties":{"d":"32510","load":2,"rf":0}},{"type":"Feature","geometry":{"type":"LineString","coordinates":[[7.04008,49.21313],[7.03645,49.21426]]},"properties":{"d":"32510","load":1,"rf":0}},{"type":"Feature","geometry":{"type":"LineString","coordinates":[[7.03901,49.20686],[7.03704,49.20725]]},"properties":{"d":"32510","load":0,"rf":0}},{"type":"Feature","geometry":{"type":"LineString","coordinates":[[7.03661,49.21168],[7.03797,49.21272]]},"properties":{"d":"32510","load":2,"rf":0}},{"type":"Feature","geometry":{"type":"LineString","coordinates":[[7.04358,49.21435],[7.03338,49.21186]]},"properties":{"d":"32510","load":2,"rf":0}},{"type":"Feature","geometry":{"type":"LineString","coordinates":[[7.02684,49.19657],[7.02702,49.19671]]},"properties":{"d":"32510","load":0,"rf":0}},{"type":"Feature","geometry":{"type":"LineString","coordinates":[[7.04898,49.2105],[7.04851,49.21002]]},"properties":{"d":"32510","load":1,"rf":0}},{"type":"Feature","geometry":{"type":"LineString","coordinates":[[7.04286,49.21204],[7.03762,49.21383]]},"properties":{"d":"32510","load":2,"rf":0}},{"type":"Feature","geometry":{"type":"LineString","coordinates":[[7.06089,49.21491],[7.05932,49.21211]]},"properties":{"d":"32510","load":0,"rf":0}},{"type":"Feature","geometry":{"type":"LineString","coordinates":[[7.04358,49.21435],[7.06089,49.21491]]},"properties":{"d":"32510","load":3,"rf":0}},{"type":"Feature","geometry":{"type":"LineString","coordinates":[[7.05326,49.22546],[7.06515,49.22191]]},"properties":{"d":"32510","load":1,"rf":0}},{"type":"Feature","geometry":{"type":"LineString","coordinates":[[7.05326,49.22546],[7.04629,49.22397]]},"properties":{"d":"32510","load":0,"rf":0}},{"type":"Feature","geometry":{"type":"LineString","coordinates":[[7.06267,49.2269],[7.06808,49.2209]]},"properties":{"d":"32510","load":0,"rf":0}},{"type":"Feature","geometry":{"type":"LineString","coordinates":[[7.06267,49.2269],[7.05351,49.22704]]},"properties":{"d":"32510","load":0,"rf":0}},{"type":"Feature","geometry":{"type":"LineString","coordinates":[[7.06267,49.2269],[7.0724,49.23144]]},"properties":{"d":"32510","load":0,"rf":0}},{"type":"Feature","geometry":{"type":"LineString","coordinates":[[7.06808,49.2209],[7.04358,49.21435]]},"properties":{"d":"32510","load":2,"rf":0}},{"type":"Feature","geometry":{"type":"LineString","coordinates":[[7.07168,49.21708],[7.06617,49.2196]]},"properties":{"d":"32510","load":2,"rf":0}},{"type":"Feature","geometry":{"type":"LineString","coordinates":[[7.07168,49.21708],[7.07113,49.22118]]},"properties":{"d":"32510","load":1,"rf":0}},{"type":"Feature","geometry":{"type":"LineString","coordinates":[[7.04358,49.21435],[7.06515,49.22191]]},"properties":{"d":"32510","load":2,"rf":0}},{"type":"Feature","geometry":{"type":"LineString","coordinates":[[7.04358,49.21435],[7.05932,49.21211]]},"properties":{"d":"32510","load":1,"rf":0}},{"type":"Feature","geometry":{"type":"LineString","coordinates":[[7.04358,49.21435],[7.05351,49.22704]]},"properties":{"d":"32510","load":1,"rf":0}},{"type":"Feature","geometry":{"type":"LineString","coordinates":[[7.07112,49.22455],[7.07113,49.22118]]},"properties":{"d":"32510","load":1,"rf":0}},{"type":"Feature","geometry":{"type":"LineString","coordinates":[[7.04358,49.21435],[7.06617,49.2196]]},"properties":{"d":"32510","load":3,"rf":0}},{"type":"Feature","geometry":{"type":"LineString","coordinates":[[7.07209,49.25479],[7.07219,49.25357]]},"properties":{"d":"32510","load":2,"rf":0}},{"type":"Feature","geometry":{"type":"LineString","coordinates":[[7.04358,49.21435],[7.07209,49.25479]]},"properties":{"d":"32510","load":2,"rf":0}},{"type":"Feature","geometry":{"type":"LineString","coordinates":[[7.07358,49.24972],[7.07219,49.25357]]},"properties":{"d":"32510","load":2,"rf":0}},{"type":"Feature","geometry":{"type":"LineString","coordinates":[[7.07358,49.24972],[7.07357,49.23607]]},"properties":{"d":"32510","load":2,"rf":0}},{"type":"Feature","geometry":{"type":"LineString","coordinates":[[7.07502,49.23477],[7.07357,49.23607]]},"properties":{"d":"32510","load":2,"rf":0}},{"type":"Feature","geometry":{"type":"LineString","coordinates":[[7.07502,49.23477],[7.07443,49.22509]]},"properties":{"d":"32510","load":2,"rf":0}},{"type":"Feature","geometry":{"type":"LineString","coordinates":[[7.01996,49.19912],[7.01783,49.19941]]},"properties":{"d":"32510","load":1,"rf":0}},{"type":"Feature","geometry":{"type":"LineString","coordinates":[[7.02067,49.20008],[7.02162,49.19826]]},"properties":{"d":"32510","load":1,"rf":0}},{"type":"Feature","geometry":{"type":"LineString","coordinates":[[7.03096,49.20822],[7.03223,49.20877]]},"properties":{"d":"32510","load":1,"rf":0}},{"type":"Feature","geometry":{"type":"LineString","coordinates":[[7.03796,49.21272],[7.03796,49.21272]]},"properties":{"d":"32510","load":1,"rf":0}},{"type":"Feature","geometry":{"type":"LineString","coordinates":[[7.03796,49.21272],[7.03797,49.21272]]},"properties":{"d":"32510","load":0,"rf":0}},{"type":"Feature","geometry":{"type":"LineString","coordinates":[[7.01783,49.19941],[7.02162,49.19826]]},"properties":{"d":"32510","load":1,"rf":0}},{"type":"Feature","geometry":{"type":"LineString","coordinates":[[7.0328,49.20808],[7.03704,49.20725]]},"properties":{"d":"32510","load":0,"rf":0}},{"type":"Feature","geometry":{"type":"LineString","coordinates":[[7.04358,49.21435],[7.01807,49.21326]]},"properties":{"d":"32510","load":0,"rf":0}},{"type":"Feature","geometry":{"type":"LineString","coordinates":[[7.07485,49.21977],[7.07443,49.22509]]},"properties":{"d":"32510","load":2,"rf":0}},{"type":"Feature","geometry":{"type":"LineString","coordinates":[[7.07485,49.21977],[7.07647,49.19912]]},"properties":{"d":"32510","load":0,"rf":0}},{"type":"Feature","geometry":{"type":"LineString","coordinates":[[7.10284,49.1903],[7.10632,49.1964]]},"properties":{"d":"32510","load":1,"rf":0}},{"type":"Feature","geometry":{"type":"LineString","coordinates":[[7.10916,49.20139],[7.10632,49.1964]]},"properties":{"d":"32510","load":1,"rf":0}},{"type":"Feature","geometry":{"type":"LineString","coordinates":[[7.06553,49.19872],[7.0661,49.19825]]},"properties":{"d":"32510","load":4,"rf":0}},{"type":"Feature","geometry":{"type":"LineString","coordinates":[[7.04358,49.21435],[7.05868,49.2042]]},"properties":{"d":"32510","load":4,"rf":0}},{"type":"Feature","geometry":{"type":"LineString","coordinates":[[7.11557,49.21389],[7.11505,49.21294]]},"properties":{"d":"32510","load":17,"rf":0}},{"type":"Feature","geometry":{"type":"LineString","coordinates":[[7.11505,49.21294],[7.11424,49.21145]]},"properties":{"d":"32510","load":31,"rf":0}},{"type":"Feature","geometry":{"type":"LineString","coordinates":[[7.04358,49.21435],[7.06085,49.21289]]},"properties":{"d":"32510","load":1,"rf":0}},{"type":"Feature","geometry":{"type":"LineString","coordinates":[[7.1092,49.20205],[7.10916,49.20139]]},"properties":{"d":"32510","load":0,"rf":0}},{"type":"Feature","geometry":{"type":"LineString","coordinates":[[7.04358,49.21435],[7.03796,49.21272]]},"properties":{"d":"32510","load":1,"rf":0}},{"type":"Feature","geometry":{"type":"LineString","coordinates":[[7.04358,49.21435],[7.03797,49.21272]]},"properties":{"d":"32510","load":2,"rf":0}},{"type":"Feature","geometry":{"type":"LineString","coordinates":[[7.04358,49.21435],[7.02805,49.20949]]},"properties":{"d":"32510","load":1,"rf":0}},{"type":"Feature","geometry":{"type":"LineString","coordinates":[[7.06101,49.3845],[7.05998,49.38693]]},"properties":{"d":"32536","load":21,"rf":0}},{"type":"Feature","geometry":{"type":"LineString","coordinates":[[7.04272,49.3677],[7.04445,49.366]]},"properties":{"d":"32536","load":0,"rf":0}},{"type":"Feature","geometry":{"type":"LineString","coordinates":[[7.01824,49.37677],[7.01927,49.37664]]},"properties":{"d":"32536","load":0,"rf":0}},{"type":"Feature","geometry":{"type":"LineString","coordinates":[[7.06326,49.38892],[7.06276,49.39011]]},"properties":{"d":"32536","load":0,"rf":0}},{"type":"Feature","geometry":{"type":"LineString","coordinates":[[7.01834,49.38345],[7.00452,49.38781]]},"properties":{"d":"32536","load":0,"rf":0}},{"type":"Feature","geometry":{"type":"LineString","coordinates":[[6.99955,49.38149],[7.00202,49.37662]]},"properties":{"d":"32536","load":0,"rf":0}},{"type":"Feature","geometry":{"type":"LineString","coordinates":[[6.99645,49.37541],[7.04613,49.37592]]},"properties":{"d":"32536","load":3,"rf":0}},{"type":"Feature","geometry":{"type":"LineString","coordinates":[[7.04138,49.37241],[7.02639,49.37582]]},"properties":{"d":"32536","load":3,"rf":0}},{"type":"Feature","geometry":{"type":"LineString","coordinates":[[7.05965,49.37061],[7.05507,49.37095]]},"properties":{"d":"32536","load":1,"rf":0}},{"type":"Feature","geometry":{"type":"LineString","coordinates":[[7.05965,49.37061],[7.05346,49.37441]]},"properties":{"d":"32536","load":0,"rf":0}},{"type":"Feature","geometry":{"type":"LineString","coordinates":[[7.05742,49.37585],[7.05669,49.37628]]},"properties":{"d":"32536","load":2,"rf":0}},{"type":"Feature","geometry":{"type":"LineString","coordinates":[[7.01834,49.38345],[7.01599,49.37962]]},"properties":{"d":"32536","load":6,"rf":0}},{"type":"Feature","geometry":{"type":"LineString","coordinates":[[7.01834,49.38345],[7.03044,49.37992]]},"properties":{"d":"32536","load":1,"rf":0}},{"type":"Feature","geometry":{"type":"LineString","coordinates":[[7.02002,49.37904],[7.01927,49.37664]]},"properties":{"d":"32536","load":3,"rf":0}},{"type":"Feature","geometry":{"type":"LineString","coordinates":[[7.02002,49.37904],[7.03333,49.38452]]},"properties":{"d":"32536","load":0,"rf":0}},{"type":"Feature","geometry":{"type":"LineString","coordinates":[[7.00603,49.37225],[7.02639,49.37582]]},"properties":{"d":"32536","load":3,"rf":0}},{"type":"Feature","geometry":{"type":"LineString","coordinates":[[6.99645,49.37541],[7.00603,49.37225]]},"properties":{"d":"32536","load":4,"rf":0}},{"type":"Feature","geometry":{"type":"LineString","coordinates":[[7.04435,49.38445],[6.99645,49.37541]]},"properties":{"d":"32536","load":2,"rf":0}},{"type":"Feature","geometry":{"type":"LineString","coordinates":[[7.04435,49.38445],[7.03619,49.39315]]},"properties":{"d":"32536","load":4,"rf":0}},{"type":"Feature","geometry":{"type":"LineString","coordinates":[[7.03458,49.40177],[7.03624,49.39782]]},"properties":{"d":"32536","load":2,"rf":0}},{"type":"Feature","geometry":{"type":"LineString","coordinates":[[7.04613,49.37592],[7.04909,49.37817]]},"properties":{"d":"32536","load":6,"rf":0}},{"type":"Feature","geometry":{"type":"LineString","coordinates":[[7.01599,49.37962],[7.01334,49.373]]},"properties":{"d":"32536","load":10,"rf":0}},{"type":"Feature","geometry":{"type":"LineString","coordinates":[[7.04089,49.39673],[7.03433,49.39832]]},"properties":{"d":"32536","load":0,"rf":0}},{"type":"Feature","geometry":{"type":"LineString","coordinates":[[7.04089,49.39673],[7.03619,49.39315]]},"properties":{"d":"32536","load":3,"rf":0}},{"type":"Feature","geometry":{"type":"LineString","coordinates":[[7.01582,49.37003],[7.01836,49.37375]]},"properties":{"d":"32536","load":1,"rf":0}},{"type":"Feature","geometry":{"type":"LineString","coordinates":[[6.99645,49.37541],[7.01582,49.37003]]},"properties":{"d":"32536","load":2,"rf":0}},{"type":"Feature","geometry":{"type":"LineString","coordinates":[[7.04146,49.3647],[7.04445,49.366]]},"properties":{"d":"32536","load":9,"rf":0}},{"type":"Feature","geometry":{"type":"LineString","coordinates":[[7.04146,49.3647],[6.99645,49.37541]]},"properties":{"d":"32536","load":2,"rf":0}},{"type":"Feature","geometry":{"type":"LineString","coordinates":[[7.03433,49.39832],[7.029,49.39838]]},"properties":{"d":"32536","load":1,"rf":0}},{"type":"Feature","geometry":{"type":"LineString","coordinates":[[7.03433,49.39832],[7.03624,49.39782]]},"properties":{"d":"32536","load":4,"rf":0}},{"type":"Feature","geometry":{"type":"LineString","coordinates":[[7.06685,49.37324],[7.08914,49.37727]]},"properties":{"d":"32536","load":0,"rf":0}},{"type":"Feature","geometry":{"type":"LineString","coordinates":[[7.06685,49.37324],[6.99645,49.37541]]},"properties":{"d":"32536","load":2,"rf":0}},{"type":"Feature","geometry":{"type":"LineString","coordinates":[[7.01836,49.37375],[7.01927,49.37664]]},"properties":{"d":"32536","load":3,"rf":0}},{"type":"Feature","geometry":{"type":"LineString","coordinates":[[6.99645,49.37541],[7.01334,49.373]]},"properties":{"d":"32536","load":3,"rf":0}},{"type":"Feature","geometry":{"type":"LineString","coordinates":[[7.04957,49.36823],[7.04919,49.37098]]},"properties":{"d":"32536","load":7,"rf":0}},{"type":"Feature","geometry":{"type":"LineString","coordinates":[[7.04957,49.36823],[7.04445,49.366]]},"properties":{"d":"32536","load":9,"rf":0}},{"type":"Feature","geometry":{"type":"LineString","coordinates":[[7.05507,49.37095],[7.04919,49.37098]]},"properties":{"d":"32536","load":5,"rf":0}},{"type":"Feature","geometry":{"type":"LineString","coordinates":[[7.04239,49.38825],[7.03958,49.3923]]},"properties":{"d":"32536","load":7,"rf":0}},{"type":"Feature","geometry":{"type":"LineString","coordinates":[[7.04239,49.38825],[6.99645,49.37541]]},"properties":{"d":"32536","load":2,"rf":0}},{"type":"Feature","geometry":{"type":"LineString","coordinates":[[7.04909,49.37817],[7.0524,49.3764]]},"properties":{"d":"32536","load":3,"rf":0}},{"type":"Feature","geometry":{"type":"LineString","coordinates":[[7.00978,49.36421],[7.0244,49.36444]]},"properties":{"d":"32536","load":0,"rf":0}},{"type":"Feature","geometry":{"type":"LineString","coordinates":[[6.99645,49.37541],[7.00978,49.36421]]},"properties":{"d":"32536","load":3,"rf":0}},{"type":"Feature","geometry":{"type":"LineString","coordinates":[[7.05346,49.37441],[7.0524,49.3764]]},"properties":{"d":"32536","load":2,"rf":0}},{"type":"Feature","geometry":{"type":"LineString","coordinates":[[7.03958,49.3923],[7.03624,49.39782]]},"properties":{"d":"32536","load":6,"rf":0}},{"type":"Feature","geometry":{"type":"LineString","coordinates":[[7.08055,49.38155],[7.07372,49.38113]]},"properties":{"d":"32536","load":0,"rf":0}},{"type":"Feature","geometry":{"type":"LineString","coordinates":[[7.08055,49.38155],[7.06827,49.38796]]},"properties":{"d":"32536","load":3,"rf":0}},{"type":"Feature","geometry":{"type":"LineString","coordinates":[[7.07016,49.38523],[7.06827,49.38796]]},"properties":{"d":"32536","load":2,"rf":0}},{"type":"Feature","geometry":{"type":"LineString","coordinates":[[7.07281,49.38989],[7.07753,49.38819]]},"properties":{"d":"32536","load":2,"rf":0}},{"type":"Feature","geometry":{"type":"LineString","coordinates":[[7.07281,49.38989],[7.06827,49.38796]]},"properties":{"d":"32536","load":3,"rf":0}},{"type":"Feature","geometry":{"type":"LineString","coordinates":[[7.06286,49.39137],[7.06809,49.38886]]},"properties":{"d":"32536","load":2,"rf":0}},{"type":"Feature","geometry":{"type":"LineString","coordinates":[[7.06257,49.3874],[7.06827,49.38796]]},"properties":{"d":"32536","load":7,"rf":0}},{"type":"Feature","geometry":{"type":"LineString","coordinates":[[7.06257,49.3874],[6.99645,49.37541]]},"properties":{"d":"32536","load":2,"rf":0}},{"type":"Feature","geometry":{"type":"LineString","coordinates":[[7.09261,49.39621],[7.06809,49.38886]]},"properties":{"d":"32536","load":4,"rf":0}},{"type":"Feature","geometry":{"type":"LineString","coordinates":[[7.06809,49.38886],[7.06827,49.38796]]},"properties":{"d":"32536","load":0,"rf":0}},{"type":"Feature","geometry":{"type":"LineString","coordinates":[[7.02611,49.35978],[7.02611,49.35978]]},"properties":{"d":"32536","load":0,"rf":0}},{"type":"Feature","geometry":{"type":"LineString","coordinates":[[6.99645,49.37541],[7.02611,49.35978]]},"properties":{"d":"32536","load":0,"rf":0}},{"type":"Feature","geometry":{"type":"LineString","coordinates":[[7.0243,49.36736],[7.0244,49.36444]]},"properties":{"d":"32536","load":0,"rf":0}},{"type":"Feature","geometry":{"type":"LineString","coordinates":[[7.02851,49.38951],[7.03333,49.38452]]},"properties":{"d":"32536","load":0,"rf":0}},{"type":"Feature","geometry":{"type":"LineString","coordinates":[[7.09056,49.40861],[7.09158,49.40245]]},"properties":{"d":"32536","load":0,"rf":0}},{"type":"Feature","geometry":{"type":"LineString","coordinates":[[7.07971,49.40323],[7.08508,49.40491]]},"properties":{"d":"32536","load":7,"rf":0}},{"type":"Feature","geometry":{"type":"LineString","coordinates":[[7.07971,49.40323],[7.07749,49.40037]]},"properties":{"d":"32536","load":6,"rf":0}},{"type":"Feature","geometry":{"type":"LineString","coordinates":[[7.07971,49.40323],[7.08462,49.41216]]},"properties":{"d":"32536","load":0,"rf":0}},{"type":"Feature","geometry":{"type":"LineString","coordinates":[[7.09261,49.39621],[7.08722,49.39581]]},"properties":{"d":"32536","load":5,"rf":0}},{"type":"Feature","geometry":{"type":"LineString","coordinates":[[7.09261,49.39621],[7.08508,49.40491]]},"properties":{"d":"32536","load":7,"rf":0}},{"type":"Feature","geometry":{"type":"LineString","coordinates":[[7.09261,49.39621],[7.09242,49.39832]]},"properties":{"d":"32536","load":2,"rf":0}},{"type":"Feature","geometry":{"type":"LineString","coordinates":[[7.08722,49.39581],[6.99645,49.37541]]},"properties":{"d":"32536","load":2,"rf":0}},{"type":"Feature","geometry":{"type":"LineString","coordinates":[[7.10157,49.39793],[7.09985,49.4005]]},"properties":{"d":"32536","load":1,"rf":0}},{"type":"Feature","geometry":{"type":"LineString","coordinates":[[7.09985,49.4005],[7.09242,49.39832]]},"properties":{"d":"32536","load":2,"rf":0}},{"type":"Feature","geometry":{"type":"LineString","coordinates":[[7.06558,49.4049],[7.07221,49.39181]]},"properties":{"d":"32536","load":0,"rf":0}},{"type":"Feature","geometry":{"type":"LineString","coordinates":[[7.10201,49.40318],[7.09897,49.40297]]},"properties":{"d":"32536","load":0,"rf":0}},{"type":"Feature","geometry":{"type":"LineString","coordinates":[[7.0986,49.40524],[7.09897,49.40297]]},"properties":{"d":"32536","load":0,"rf":0}},{"type":"Feature","geometry":{"type":"LineString","coordinates":[[7.10865,49.40073],[7.09206,49.39956]]},"properties":{"d":"32536","load":0,"rf":0}},{"type":"Feature","geometry":{"type":"LineString","coordinates":[[7.05157,49.38809],[7.06276,49.39011]]},"properties":{"d":"32536","load":0,"rf":0}},{"type":"Feature","geometry":{"type":"LineString","coordinates":[[7.05157,49.38809],[7.00202,49.37662]]},"properties":{"d":"32536","load":0,"rf":0}},{"type":"Feature","geometry":{"type":"LineString","coordinates":[[7.01123,49.36396],[7.01123,49.36396]]},"properties":{"d":"32536","load":0,"rf":0}},{"type":"Feature","geometry":{"type":"LineString","coordinates":[[6.99645,49.37541],[7.01123,49.36396]]},"properties":{"d":"32536","load":2,"rf":0}},{"type":"Feature","geometry":{"type":"LineString","coordinates":[[7.09158,49.40245],[7.09897,49.40297]]},"properties":{"d":"32536","load":0,"rf":0}},{"type":"Feature","geometry":{"type":"LineString","coordinates":[[7.09158,49.40245],[7.09206,49.39956]]},"properties":{"d":"32536","load":0,"rf":0}},{"type":"Feature","geometry":{"type":"LineString","coordinates":[[7.09206,49.39956],[7.09242,49.39832]]},"properties":{"d":"32536","load":0,"rf":0}},{"type":"Feature","geometry":{"type":"LineString","coordinates":[[6.99645,49.37541],[7.05998,49.38693]]},"properties":{"d":"32536","load":13,"rf":0}},{"type":"Feature","geometry":{"type":"LineString","coordinates":[[7.07221,49.39181],[7.06276,49.39011]]},"properties":{"d":"32536","load":0,"rf":0}},{"type":"Feature","geometry":{"type":"LineString","coordinates":[[6.99645,49.37541],[7.01123,49.36396]]},"properties":{"d":"32536","load":0,"rf":0}},{"type":"Feature","geometry":{"type":"LineString","coordinates":[[7.0524,49.3764],[7.05669,49.37628]]},"properties":{"d":"32536","load":2,"rf":0}},{"type":"Feature","geometry":{"type":"LineString","coordinates":[[6.99645,49.37541],[7.02611,49.35978]]},"properties":{"d":"32536","load":0,"rf":0}},{"type":"Feature","geometry":{"type":"LineString","coordinates":[[6.99645,49.37541],[7.00202,49.37662]]},"properties":{"d":"32536","load":0,"rf":0}},{"type":"Feature","geometry":{"type":"LineString","coordinates":[[7.19665,49.15327],[7.19159,49.15479]]},"properties":{"d":"32540","load":20,"rf":0}},{"type":"Feature","geometry":{"type":"LineString","coordinates":[[7.20835,49.15376],[7.21046,49.15399]]},"properties":{"d":"32540","load":18,"rf":0}},{"type":"Feature","geometry":{"type":"LineString","coordinates":[[7.20704,49.17306],[7.20688,49.17297]]},"properties":{"d":"32540","load":0,"rf":0}},{"type":"Feature","geometry":{"type":"LineString","coordinates":[[7.20608,49.13351],[7.20596,49.13363]]},"properties":{"d":"32540","load":0,"rf":0}},{"type":"Feature","geometry":{"type":"LineString","coordinates":[[7.20557,49.17413],[7.20563,49.17408]]},"properties":{"d":"32540","load":0,"rf":0}},{"type":"Feature","geometry":{"type":"LineString","coordinates":[[7.22435,49.16599],[7.22349,49.16644]]},"properties":{"d":"32540","load":0,"rf":0}},{"type":"Feature","geometry":{"type":"LineString","coordinates":[[7.20791,49.14763],[7.20789,49.1476]]},"properties":{"d":"32540","load":3,"rf":0}},{"type":"Feature","geometry":{"type":"LineString","coordinates":[[7.19433,49.14934],[7.19023,49.15029]]},"properties":{"d":"32540","load":0,"rf":0}},{"type":"Feature","geometry":{"type":"LineString","coordinates":[[7.18082,49.13933],[7.18825,49.13569]]},"properties":{"d":"32540","load":3,"rf":0}},{"type":"Feature","geometry":{"type":"LineString","coordinates":[[7.18082,49.13933],[7.17868,49.14294]]},"properties":{"d":"32540","load":0,"rf":0}},{"type":"Feature","geometry":{"type":"LineString","coordinates":[[7.20376,49.1327],[7.21335,49.16817]]},"properties":{"d":"32540","load":5,"rf":0}},{"type":"Feature","geometry":{"type":"LineString","coordinates":[[7.18082,49.13933],[7.18892,49.15096]]},"properties":{"d":"32540","load":6,"rf":0}},{"type":"Feature","geometry":{"type":"LineString","coordinates":[[7.19023,49.15029],[7.18892,49.15096]]},"properties":{"d":"32540","load":0,"rf":0}},{"type":"Feature","geometry":{"type":"LineString","coordinates":[[7.18993,49.18214],[7.20515,49.17426]]},"properties":{"d":"32540","load":0,"rf":0}},{"type":"Feature","geometry":{"type":"LineString","coordinates":[[7.21161,49.14943],[7.21046,49.15399]]},"properties":{"d":"32540","load":10,"rf":0}},{"type":"Feature","geometry":{"type":"LineString","coordinates":[[7.21161,49.14943],[7.2092,49.14715]]},"properties":{"d":"32540","load":9,"rf":0}},{"type":"Feature","geometry":{"type":"LineString","coordinates":[[7.20062,49.14695],[7.20508,49.14691]]},"properties":{"d":"32540","load":3,"rf":0}},{"type":"Feature","geometry":{"type":"LineString","coordinates":[[7.20904,49.15617],[7.20966,49.15712]]},"properties":{"d":"32540","load":14,"rf":0}},{"type":"Feature","geometry":{"type":"LineString","coordinates":[[7.21507,49.14458],[7.2092,49.14715]]},"properties":{"d":"32540","load":1,"rf":0}},{"type":"Feature","geometry":{"type":"LineString","coordinates":[[7.20578,49.14832],[7.20789,49.1476]]},"properties":{"d":"32540","load":4,"rf":0}},{"type":"Feature","geometry":{"type":"LineString","coordinates":[[7.20578,49.14832],[7.20508,49.14691]]},"properties":{"d":"32540","load":3,"rf":0}},{"type":"Feature","geometry":{"type":"LineString","coordinates":[[7.20515,49.17426],[7.20549,49.174]]},"properties":{"d":"32540","load":26,"rf":0}},{"type":"Feature","geometry":{"type":"LineString","coordinates":[[7.20515,49.17426],[7.19159,49.15479]]},"properties":{"d":"32540","load":25,"rf":0}},{"type":"Feature","geometry":{"type":"LineString","coordinates":[[7.2089,49.17597],[7.20563,49.17408]]},"properties":{"d":"32540","load":2,"rf":0}},{"type":"Feature","geometry":{"type":"LineString","coordinates":[[7.20361,49.15822],[7.20966,49.15712]]},"properties":{"d":"32540","load":0,"rf":0}},{"type":"Feature","geometry":{"type":"LineString","coordinates":[[7.23293,49.1313],[7.20713,49.13413]]},"properties":{"d":"32540","load":1,"rf":0}},{"type":"Feature","geometry":{"type":"LineString","coordinates":[[7.20713,49.13413],[7.20596,49.13363]]},"properties":{"d":"32540","load":3,"rf":0}},{"type":"Feature","geometry":{"type":"LineString","coordinates":[[7.20713,49.13413],[7.20656,49.14016]]},"properties":{"d":"32540","load":0,"rf":0}},{"type":"Feature","geometry":{"type":"LineString","coordinates":[[7.20376,49.1327],[7.20596,49.13363]]},"properties":{"d":"32540","load":3,"rf":0}},{"type":"Feature","geometry":{"type":"LineString","coordinates":[[7.21211,49.14039],[7.20656,49.14016]]},"properties":{"d":"32540","load":0,"rf":0}},{"type":"Feature","geometry":{"type":"LineString","coordinates":[[7.23583,49.17225],[7.22732,49.16714]]},"properties":{"d":"32540","load":3,"rf":0}},{"type":"Feature","geometry":{"type":"LineString","coordinates":[[7.22005,49.16808],[7.22732,49.16714]]},"properties":{"d":"32540","load":5,"rf":0}},{"type":"Feature","geometry":{"type":"LineString","coordinates":[[7.21335,49.16817],[7.22005,49.16808]]},"properties":{"d":"32540","load":11,"rf":0}},{"type":"Feature","geometry":{"type":"LineString","coordinates":[[7.22435,49.16599],[7.22732,49.16714]]},"properties":{"d":"32540","load":1,"rf":0}},{"type":"Feature","geometry":{"type":"LineString","coordinates":[[7.23348,49.15511],[7.23421,49.15249]]},"properties":{"d":"32540","load":2,"rf":0}},{"type":"Feature","geometry":{"type":"LineString","coordinates":[[7.23348,49.15511],[7.23282,49.15487]]},"properties":{"d":"32540","load":6,"rf":0}},{"type":"Feature","geometry":{"type":"LineString","coordinates":[[7.23232,49.16008],[7.23282,49.15487]]},"properties":{"d":"32540","load":8,"rf":0}},{"type":"Feature","geometry":{"type":"LineString","coordinates":[[7.21335,49.16817],[7.23232,49.16008]]},"properties":{"d":"32540","load":8,"rf":0}},{"type":"Feature","geometry":{"type":"LineString","coordinates":[[7.22877,49.15114],[7.23282,49.15487]]},"properties":{"d":"32540","load":2,"rf":0}},{"type":"Feature","geometry":{"type":"LineString","coordinates":[[7.23421,49.15249],[7.24795,49.15023]]},"properties":{"d":"32540","load":0,"rf":0}},{"type":"Feature","geometry":{"type":"LineString","coordinates":[[7.23766,49.13712],[7.24795,49.15023]]},"properties":{"d":"32540","load":0,"rf":0}},{"type":"Feature","geometry":{"type":"LineString","coordinates":[[7.24365,49.1596],[7.24527,49.16456]]},"properties":{"d":"32540","load":0,"rf":0}},{"type":"Feature","geometry":{"type":"LineString","coordinates":[[7.25822,49.15846],[7.26224,49.15451]]},"properties":{"d":"32540","load":0,"rf":0}},{"type":"Feature","geometry":{"type":"LineString","coordinates":[[7.25822,49.15846],[7.25956,49.16256]]},"properties":{"d":"32540","load":1,"rf":0}},{"type":"Feature","geometry":{"type":"LineString","coordinates":[[7.26877,49.14319],[7.2814,49.12574]]},"properties":{"d":"32540","load":0,"rf":0}},{"type":"Feature","geometry":{"type":"LineString","coordinates":[[7.21335,49.16817],[7.30052,49.12645]]},"properties":{"d":"32540","load":2,"rf":0}},{"type":"Feature","geometry":{"type":"LineString","coordinates":[[7.26877,49.14319],[7.28138,49.13885]]},"properties":{"d":"32540","load":1,"rf":0}},{"type":"Feature","geometry":{"type":"LineString","coordinates":[[7.26877,49.14319],[7.21335,49.16817]]},"properties":{"d":"32540","load":4,"rf":0}},{"type":"Feature","geometry":{"type":"LineString","coordinates":[[7.26877,49.14319],[7.27002,49.15814]]},"properties":{"d":"32540","load":0,"rf":0}},{"type":"Feature","geometry":{"type":"LineString","coordinates":[[7.28569,49.14423],[7.28138,49.13885]]},"properties":{"d":"32540","load":1,"rf":0}},{"type":"Feature","geometry":{"type":"LineString","coordinates":[[7.27027,49.16106],[7.25956,49.16256]]},"properties":{"d":"32540","load":1,"rf":0}},{"type":"Feature","geometry":{"type":"LineString","coordinates":[[7.27027,49.16106],[7.27002,49.15814]]},"properties":{"d":"32540","load":0,"rf":0}},{"type":"Feature","geometry":{"type":"LineString","coordinates":[[7.2759,49.15793],[7.27002,49.15814]]},"properties":{"d":"32540","load":0,"rf":0}},{"type":"Feature","geometry":{"type":"LineString","coordinates":[[7.28418,49.13789],[7.28138,49.13885]]},"properties":{"d":"32540","load":0,"rf":0}},{"type":"Feature","geometry":{"type":"LineString","coordinates":[[7.20549,49.174],[7.20688,49.17297]]},"properties":{"d":"32540","load":27,"rf":0}},{"type":"Feature","geometry":{"type":"LineString","coordinates":[[7.20549,49.174],[7.20563,49.17408]]},"properties":{"d":"32540","load":2,"rf":0}},{"type":"Feature","geometry":{"type":"LineString","coordinates":[[7.24527,49.16456],[7.22732,49.16714]]},"properties":{"d":"32540","load":1,"rf":0}},{"type":"Feature","geometry":{"type":"LineString","coordinates":[[7.20966,49.15712],[7.21046,49.15399]]},"properties":{"d":"32540","load":29,"rf":0}},{"type":"Feature","geometry":{"type":"LineString","coordinates":[[7.21335,49.16817],[7.20688,49.17297]]},"properties":{"d":"32540","load":27,"rf":0}},{"type":"Feature","geometry":{"type":"LineString","coordinates":[[7.2092,49.14715],[7.20789,49.1476]]},"properties":{"d":"32540","load":7,"rf":0}},{"type":"Feature","geometry":{"type":"LineString","coordinates":[[7.18892,49.15096],[7.19159,49.15479]]},"properties":{"d":"32540","load":6,"rf":0}},{"type":"Feature","geometry":{"type":"LineString","coordinates":[[7.21335,49.16817],[7.20966,49.15712]]},"properties":{"d":"32540","load":42,"rf":0}},{"type":"Feature","geometry":{"type":"LineString","coordinates":[[7.20656,49.14016],[7.20508,49.14691]]},"properties":{"d":"32540","load":0,"rf":0}},{"type":"Feature","geometry":{"type":"LineString","coordinates":[[7.24527,49.16456],[7.25956,49.16256]]},"properties":{"d":"32540","load":1,"rf":0}},{"type":"Feature","geometry":{"type":"LineString","coordinates":[[6.86392,49.43921],[6.86393,49.4392]]},"properties":{"d":"32727","load":0,"rf":0}},{"type":"Feature","geometry":{"type":"LineString","coordinates":[[6.86344,49.43434],[6.86223,49.43452]]},"properties":{"d":"32727","load":0,"rf":0}},{"type":"Feature","geometry":{"type":"LineString","coordinates":[[6.91819,49.48393],[6.91736,49.48433]]},"properties":{"d":"32727","load":0,"rf":0}},{"type":"Feature","geometry":{"type":"LineString","coordinates":[[6.90291,49.47622],[6.90221,49.47668]]},"properties":{"d":"32727","load":0,"rf":0}},{"type":"Feature","geometry":{"type":"LineString","coordinates":[[6.90052,49.47358],[6.90082,49.47338]]},"properties":{"d":"32727","load":0,"rf":0}},{"type":"Feature","geometry":{"type":"LineString","coordinates":[[6.84657,49.43955],[6.84731,49.44033]]},"properties":{"d":"32727","load":0,"rf":0}},{"type":"Feature","geometry":{"type":"LineString","coordinates":[[6.85493,49.41293],[6.85477,49.4128]]},"properties":{"d":"32727","load":0,"rf":0}},{"type":"Feature","geometry":{"type":"LineString","coordinates":[[6.81652,49.4568],[6.82026,49.45142]]},"properties":{"d":"32727","load":30,"rf":0}},{"type":"Feature","geometry":{"type":"LineString","coordinates":[[6.81909,49.46158],[6.81652,49.4568]]},"properties":{"d":"32727","load":59,"rf":0}},{"type":"Feature","geometry":{"type":"LineString","coordinates":[[6.81707,49.41164],[6.8,49.41821]]},"properties":{"d":"32727","load":30,"rf":0}},{"type":"Feature","geometry":{"type":"LineString","coordinates":[[6.82432,49.40285],[6.81866,49.41206]]},"properties":{"d":"32727","load":30,"rf":0}},{"type":"Feature","geometry":{"type":"LineString","coordinates":[[6.88524,49.43932],[6.88553,49.43603]]},"properties":{"d":"32727","load":44,"rf":0}},{"type":"Feature","geometry":{"type":"LineString","coordinates":[[6.88524,49.43932],[6.87202,49.44023]]},"properties":{"d":"32727","load":87,"rf":0}},{"type":"Feature","geometry":{"type":"LineString","coordinates":[[6.80065,49.43955],[6.80336,49.43823]]},"properties":{"d":"32727","load":0,"rf":0}},{"type":"Feature","geometry":{"type":"LineString","coordinates":[[6.80633,49.44082],[6.87288,49.44553]]},"properties":{"d":"32727","load":2,"rf":0}},{"type":"Feature","geometry":{"type":"LineString","coordinates":[[6.80633,49.44082],[6.81035,49.44003]]},"properties":{"d":"32727","load":0,"rf":0}},{"type":"Feature","geometry":{"type":"LineString","coordinates":[[6.8121,49.43969],[6.81035,49.44003]]},"properties":{"d":"32727","load":0,"rf":0}},{"type":"Feature","geometry":{"type":"LineString","coordinates":[[6.813,49.44575],[6.81035,49.44003]]},"properties":{"d":"32727","load":0,"rf":0}},{"type":"Feature","geometry":{"type":"LineString","coordinates":[[6.81707,49.41164],[6.87288,49.44553]]},"properties":{"d":"32727","load":51,"rf":0}},{"type":"Feature","geometry":{"type":"LineString","coordinates":[[6.81909,49.46158],[6.82735,49.46306]]},"properties":{"d":"32727","load":59,"rf":0}},{"type":"Feature","geometry":{"type":"LineString","coordinates":[[6.82458,49.45769],[6.83748,49.46596]]},"properties":{"d":"32727","load":0,"rf":0}},{"type":"Feature","geometry":{"type":"LineString","coordinates":[[6.8471,49.40603],[6.85245,49.40945]]},"properties":{"d":"32727","load":0,"rf":0}},{"type":"Feature","geometry":{"type":"LineString","coordinates":[[6.82735,49.46306],[6.83748,49.46596]]},"properties":{"d":"32727","load":59,"rf":0}},{"type":"Feature","geometry":{"type":"LineString","coordinates":[[6.83748,49.46596],[6.85149,49.4778]]},"properties":{"d":"32727","load":0,"rf":0}},{"type":"Feature","geometry":{"type":"LineString","coordinates":[[6.83748,49.46596],[6.84003,49.46598]]},"properties":{"d":"32727","load":62,"rf":0}},{"type":"Feature","geometry":{"type":"LineString","coordinates":[[6.84011,49.46227],[6.84003,49.46598]]},"properties":{"d":"32727","load":1,"rf":0}},{"type":"Feature","geometry":{"type":"LineString","coordinates":[[6.84815,49.45906],[6.85599,49.4624]]},"properties":{"d":"32727","load":0,"rf":0}},{"type":"Feature","geometry":{"type":"LineString","coordinates":[[6.85229,49.46609],[6.84003,49.46598]]},"properties":{"d":"32727","load":63,"rf":0}},{"type":"Feature","geometry":{"type":"LineString","coordinates":[[6.85229,49.46609],[6.85599,49.4624]]},"properties":{"d":"32727","load":64,"rf":0}},{"type":"Feature","geometry":{"type":"LineString","coordinates":[[6.85149,49.4778],[6.87288,49.44553]]},"properties":{"d":"32727","load":1,"rf":0}},{"type":"Feature","geometry":{"type":"LineString","coordinates":[[6.88511,49.47737],[6.87288,49.44553]]},"properties":{"d":"32727","load":4,"rf":0}},{"type":"Feature","geometry":{"type":"LineString","coordinates":[[6.88511,49.47737],[6.89725,49.47716]]},"properties":{"d":"32727","load":2,"rf":0}},{"type":"Feature","geometry":{"type":"LineString","coordinates":[[6.89631,49.47824],[6.89725,49.47716]]},"properties":{"d":"32727","load":2,"rf":0}},{"type":"Feature","geometry":{"type":"LineString","coordinates":[[6.89733,49.47111],[6.90082,49.47338]]},"properties":{"d":"32727","load":1,"rf":0}},{"type":"Feature","geometry":{"type":"LineString","coordinates":[[6.90209,49.4742],[6.89593,49.47421]]},"properties":{"d":"32727","load":4,"rf":0}},{"type":"Feature","geometry":{"type":"LineString","coordinates":[[6.90209,49.4742],[6.90291,49.47622]]},"properties":{"d":"32727","load":1,"rf":0}},{"type":"Feature","geometry":{"type":"LineString","coordinates":[[6.90209,49.4742],[6.90082,49.47338]]},"properties":{"d":"32727","load":1,"rf":0}},{"type":"Feature","geometry":{"type":"LineString","coordinates":[[6.89593,49.47421],[6.87288,49.44553]]},"properties":{"d":"32727","load":2,"rf":0}},{"type":"Feature","geometry":{"type":"LineString","coordinates":[[6.87288,49.44553],[6.86962,49.47512]]},"properties":{"d":"32727","load":1,"rf":0}},{"type":"Feature","geometry":{"type":"LineString","coordinates":[[6.85737,49.4419],[6.85698,49.43987]]},"properties":{"d":"32727","load":7,"rf":0}},{"type":"Feature","geometry":{"type":"LineString","coordinates":[[6.87288,49.44553],[6.85737,49.4419]]},"properties":{"d":"32727","load":3,"rf":0}},{"type":"Feature","geometry":{"type":"LineString","coordinates":[[6.84511,49.44655],[6.84257,49.45178]]},"properties":{"d":"32727","load":2,"rf":0}},{"type":"Feature","geometry":{"type":"LineString","coordinates":[[6.84511,49.44655],[6.85133,49.44455]]},"properties":{"d":"32727","load":2,"rf":0}},{"type":"Feature","geometry":{"type":"LineString","coordinates":[[6.83167,49.4244],[6.83558,49.4238]]},"properties":{"d":"32727","load":2,"rf":0}},{"type":"Feature","geometry":{"type":"LineString","coordinates":[[6.83167,49.4244],[6.83696,49.42654]]},"properties":{"d":"32727","load":5,"rf":0}},{"type":"Feature","geometry":{"type":"LineString","coordinates":[[6.83167,49.4244],[6.80336,49.43823]]},"properties":{"d":"32727","load":0,"rf":0}},{"type":"Feature","geometry":{"type":"LineString","coordinates":[[6.84299,49.43499],[6.84442,49.42772]]},"properties":{"d":"32727","load":7,"rf":0}},{"type":"Feature","geometry":{"type":"LineString","coordinates":[[6.84299,49.43499],[6.8437,49.43491]]},"properties":{"d":"32727","load":9,"rf":0}},{"type":"Feature","geometry":{"type":"LineString","coordinates":[[6.86084,49.45008],[6.85986,49.44688]]},"properties":{"d":"32727","load":5,"rf":0}},{"type":"Feature","geometry":{"type":"LineString","coordinates":[[6.86084,49.45008],[6.85212,49.44192]]},"properties":{"d":"32727","load":2,"rf":0}},{"type":"Feature","geometry":{"type":"LineString","coordinates":[[6.87288,49.44553],[6.84077,49.44751]]},"properties":{"d":"32727","load":2,"rf":0}},{"type":"Feature","geometry":{"type":"LineString","coordinates":[[6.83693,49.41684],[6.87288,49.44553]]},"properties":{"d":"32727","load":53,"rf":0}},{"type":"Feature","geometry":{"type":"LineString","coordinates":[[6.83693,49.41684],[6.84052,49.4174]]},"properties":{"d":"32727","load":0,"rf":0}},{"type":"Feature","geometry":{"type":"LineString","coordinates":[[6.83693,49.41684],[6.81866,49.41206]]},"properties":{"d":"32727","load":30,"rf":0}},{"type":"Feature","geometry":{"type":"LineString","coordinates":[[6.87288,49.44553],[6.85133,49.44455]]},"properties":{"d":"32727","load":3,"rf":0}},{"type":"Feature","geometry":{"type":"LineString","coordinates":[[6.8641,49.43969],[6.87179,49.43886]]},"properties":{"d":"32727","load":8,"rf":0}},{"type":"Feature","geometry":{"type":"LineString","coordinates":[[6.8641,49.43969],[6.86393,49.4392]]},"properties":{"d":"32727","load":5,"rf":0}},{"type":"Feature","geometry":{"type":"LineString","coordinates":[[6.84279,49.42846],[6.84442,49.42772]]},"properties":{"d":"32727","load":1,"rf":0}},{"type":"Feature","geometry":{"type":"LineString","coordinates":[[6.87099,49.43358],[6.87179,49.43886]]},"properties":{"d":"32727","load":3,"rf":0}},{"type":"Feature","geometry":{"type":"LineString","coordinates":[[6.87179,49.43886],[6.87202,49.44023]]},"properties":{"d":"32727","load":21,"rf":0}},{"type":"Feature","geometry":{"type":"LineString","coordinates":[[6.84815,49.43999],[6.85212,49.44192]]},"properties":{"d":"32727","load":0,"rf":0}},{"type":"Feature","geometry":{"type":"LineString","coordinates":[[6.84815,49.43999],[6.84731,49.44033]]},"properties":{"d":"32727","load":3,"rf":0}},{"type":"Feature","geometry":{"type":"LineString","coordinates":[[6.84393,49.42276],[6.84614,49.42543]]},"properties":{"d":"32727","load":6,"rf":0}},{"type":"Feature","geometry":{"type":"LineString","coordinates":[[6.84393,49.42276],[6.84338,49.41885]]},"properties":{"d":"32727","load":4,"rf":0}},{"type":"Feature","geometry":{"type":"LineString","coordinates":[[6.86108,49.43138],[6.85945,49.43479]]},"properties":{"d":"32727","load":2,"rf":0}},{"type":"Feature","geometry":{"type":"LineString","coordinates":[[6.86108,49.43138],[6.86223,49.43452]]},"properties":{"d":"32727","load":5,"rf":0}},{"type":"Feature","geometry":{"type":"LineString","coordinates":[[6.85986,49.44688],[6.87288,49.44553]]},"properties":{"d":"32727","load":11,"rf":0}},{"type":"Feature","geometry":{"type":"LineString","coordinates":[[6.85681,49.40677],[6.87288,49.44553]]},"properties":{"d":"32727","load":2,"rf":0}},{"type":"Feature","geometry":{"type":"LineString","coordinates":[[6.85681,49.40677],[6.85644,49.4068]]},"properties":{"d":"32727","load":3,"rf":0}},{"type":"Feature","geometry":{"type":"LineString","coordinates":[[6.84923,49.41561],[6.84338,49.41885]]},"properties":{"d":"32727","load":2,"rf":0}},{"type":"Feature","geometry":{"type":"LineString","coordinates":[[6.84923,49.41561],[6.85477,49.4128]]},"properties":{"d":"32727","load":2,"rf":0}},{"type":"Feature","geometry":{"type":"LineString","coordinates":[[6.84052,49.4174],[6.85245,49.40945]]},"properties":{"d":"32727","load":2,"rf":0}},{"type":"Feature","geometry":{"type":"LineString","coordinates":[[6.84077,49.44751],[6.84339,49.4419]]},"properties":{"d":"32727","load":5,"rf":0}},{"type":"Feature","geometry":{"type":"LineString","coordinates":[[6.85544,49.41245],[6.85477,49.4128]]},"properties":{"d":"32727","load":2,"rf":0}},{"type":"Feature","geometry":{"type":"LineString","coordinates":[[6.85698,49.43987],[6.85217,49.4344]]},"properties":{"d":"32727","load":4,"rf":0}},{"type":"Feature","geometry":{"type":"LineString","coordinates":[[6.87288,49.44553],[6.84614,49.42543]]},"properties":{"d":"32727","load":8,"rf":0}},{"type":"Feature","geometry":{"type":"LineString","coordinates":[[6.84339,49.4419],[6.84731,49.44033]]},"properties":{"d":"32727","load":3,"rf":0}},{"type":"Feature","geometry":{"type":"LineString","coordinates":[[6.85245,49.43421],[6.85945,49.43479]]},"properties":{"d":"32727","load":0,"rf":0}},{"type":"Feature","geometry":{"type":"LineString","coordinates":[[6.83696,49.42654],[6.84442,49.42772]]},"properties":{"d":"32727","load":6,"rf":0}},{"type":"Feature","geometry":{"type":"LineString","coordinates":[[6.85186,49.43411],[6.85217,49.4344]]},"properties":{"d":"32727","load":0,"rf":0}},{"type":"Feature","geometry":{"type":"LineString","coordinates":[[6.87268,49.45107],[6.86666,49.44787]]},"properties":{"d":"32727","load":0,"rf":0}},{"type":"Feature","geometry":{"type":"LineString","coordinates":[[6.85607,49.4546],[6.86149,49.45691]]},"properties":{"d":"32727","load":0,"rf":0}},{"type":"Feature","geometry":{"type":"LineString","coordinates":[[6.8907,49.46649],[6.89467,49.46455]]},"properties":{"d":"32727","load":0,"rf":0}},{"type":"Feature","geometry":{"type":"LineString","coordinates":[[6.91843,49.48527],[6.92601,49.48927]]},"properties":{"d":"32727","load":0,"rf":0}},{"type":"Feature","geometry":{"type":"LineString","coordinates":[[6.91843,49.48527],[6.91736,49.48433]]},"properties":{"d":"32727","load":0,"rf":0}},{"type":"Feature","geometry":{"type":"LineString","coordinates":[[6.91843,49.48527],[6.91843,49.48527]]},"properties":{"d":"32727","load":2,"rf":0}},{"type":"Feature","geometry":{"type":"LineString","coordinates":[[6.8602,49.47071],[6.87288,49.44553]]},"properties":{"d":"32727","load":1,"rf":0}},{"type":"Feature","geometry":{"type":"LineString","coordinates":[[6.83939,49.39811],[6.85451,49.40719]]},"properties":{"d":"32727","load":0,"rf":0}},{"type":"Feature","geometry":{"type":"LineString","coordinates":[[6.84416,49.39416],[6.85451,49.40719]]},"properties":{"d":"32727","load":0,"rf":0}},{"type":"Feature","geometry":{"type":"LineString","coordinates":[[6.79066,49.43845],[6.87288,49.44553]]},"properties":{"d":"32727","load":2,"rf":0}},{"type":"Feature","geometry":{"type":"LineString","coordinates":[[6.79426,49.43632],[6.87288,49.44553]]},"properties":{"d":"32727","load":2,"rf":0}},{"type":"Feature","geometry":{"type":"LineString","coordinates":[[6.87288,49.44553],[6.86171,49.47671]]},"properties":{"d":"32727","load":1,"rf":0}},{"type":"Feature","geometry":{"type":"LineString","coordinates":[[6.87124,49.4757],[6.87288,49.44553]]},"properties":{"d":"32727","load":1,"rf":0}},{"type":"Feature","geometry":{"type":"LineString","coordinates":[[6.85245,49.43421],[6.85217,49.4344]]},"properties":{"d":"32727","load":5,"rf":0}},{"type":"Feature","geometry":{"type":"LineString","coordinates":[[6.85451,49.40719],[6.85644,49.4068]]},"properties":{"d":"32727","load":1,"rf":0}},{"type":"Feature","geometry":{"type":"LineString","coordinates":[[6.84481,49.43522],[6.8437,49.43491]]},"properties":{"d":"32727","load":1,"rf":0}},{"type":"Feature","geometry":{"type":"LineString","coordinates":[[6.87288,49.44553],[6.87268,49.45107]]},"properties":{"d":"32727","load":4,"rf":0}},{"type":"Feature","geometry":{"type":"LineString","coordinates":[[6.85599,49.4624],[6.86149,49.45691]]},"properties":{"d":"32727","load":64,"rf":0}},{"type":"Feature","geometry":{"type":"LineString","coordinates":[[6.87288,49.44553],[6.86149,49.45691]]},"properties":{"d":"32727","load":64,"rf":0}},{"type":"Feature","geometry":{"type":"LineString","coordinates":[[6.89467,49.46455],[6.91736,49.48433]]},"properties":{"d":"32727","load":0,"rf":0}},{"type":"Feature","geometry":{"type":"LineString","coordinates":[[6.87288,49.44553],[6.89467,49.46455]]},"properties":{"d":"32727","load":0,"rf":0}},{"type":"Feature","geometry":{"type":"LineString","coordinates":[[6.80336,49.43823],[6.79435,49.43839]]},"properties":{"d":"32727","load":0,"rf":0}},{"type":"Feature","geometry":{"type":"LineString","coordinates":[[6.87288,49.44553],[6.87204,49.47414]]},"properties":{"d":"32727","load":1,"rf":0}},{"type":"Feature","geometry":{"type":"LineString","coordinates":[[6.86393,49.4392],[6.86223,49.43452]]},"properties":{"d":"32727","load":5,"rf":0}},{"type":"Feature","geometry":{"type":"LineString","coordinates":[[6.87288,49.44553],[6.87202,49.44023]]},"properties":{"d":"32727","load":93,"rf":0}},{"type":"Feature","geometry":{"type":"LineString","coordinates":[[6.85644,49.4068],[6.85245,49.40945]]},"properties":{"d":"32727","load":3,"rf":0}},{"type":"Feature","geometry":{"type":"LineString","coordinates":[[6.87288,49.44553],[6.8437,49.43491]]},"properties":{"d":"32727","load":9,"rf":0}},{"type":"Feature","geometry":{"type":"LineString","coordinates":[[6.87288,49.44553],[6.91843,49.48527]]},"properties":{"d":"32727","load":2,"rf":0}},{"type":"Feature","geometry":{"type":"LineString","coordinates":[[6.78059,49.29454],[6.78133,49.29347]]},"properties":{"d":"32816","load":1,"rf":0}},{"type":"Feature","geometry":{"type":"LineString","coordinates":[[6.77465,49.28072],[6.77472,49.28071]]},"properties":{"d":"32816","load":1,"rf":0}},{"type":"Feature","geometry":{"type":"LineString","coordinates":[[6.77471,49.2807],[6.77472,49.28071]]},"properties":{"d":"32816","load":1,"rf":0}},{"type":"Feature","geometry":{"type":"LineString","coordinates":[[6.79537,49.30003],[6.79476,49.29857]]},"properties":{"d":"32816","load":22,"rf":0}},{"type":"Feature","geometry":{"type":"LineString","coordinates":[[6.85528,49.30641],[6.87492,49.32267]]},"properties":{"d":"32816","load":32,"rf":0}},{"type":"Feature","geometry":{"type":"LineString","coordinates":[[6.81827,49.32396],[6.81915,49.32769]]},"properties":{"d":"32816","load":10,"rf":0}},{"type":"Feature","geometry":{"type":"LineString","coordinates":[[6.81867,49.31818],[6.8193,49.3182]]},"properties":{"d":"32816","load":0,"rf":0}},{"type":"Feature","geometry":{"type":"LineString","coordinates":[[6.8114,49.30582],[6.81155,49.3056]]},"properties":{"d":"32816","load":0,"rf":0}},{"type":"Feature","geometry":{"type":"LineString","coordinates":[[6.81322,49.32455],[6.81292,49.32422]]},"properties":{"d":"32816","load":8,"rf":0}},{"type":"Feature","geometry":{"type":"LineString","coordinates":[[6.813,49.31859],[6.81312,49.31924]]},"properties":{"d":"32816","load":0,"rf":0}},{"type":"Feature","geometry":{"type":"LineString","coordinates":[[6.81392,49.32031],[6.81497,49.32012]]},"properties":{"d":"32816","load":0,"rf":0}},{"type":"Feature","geometry":{"type":"LineString","coordinates":[[6.8094,49.29948],[6.80907,49.29977]]},"properties":{"d":"32816","load":0,"rf":0}},{"type":"Feature","geometry":{"type":"LineString","coordinates":[[6.77745,49.30533],[6.77771,49.3053]]},"properties":{"d":"32816","load":0,"rf":0}},{"type":"Feature","geometry":{"type":"LineString","coordinates":[[6.77004,49.29132],[6.76502,49.29568]]},"properties":{"d":"32816","load":23,"rf":0}},{"type":"Feature","geometry":{"type":"LineString","coordinates":[[6.77321,49.29107],[6.87383,49.32044]]},"properties":{"d":"32816","load":28,"rf":0}},{"type":"Feature","geometry":{"type":"LineString","coordinates":[[6.77321,49.29107],[6.87438,49.31084]]},"properties":{"d":"32816","load":28,"rf":0}},{"type":"Feature","geometry":{"type":"LineString","coordinates":[[6.77321,49.29107],[6.87422,49.31427]]},"properties":{"d":"32816","load":28,"rf":0}},{"type":"Feature","geometry":{"type":"LineString","coordinates":[[6.77321,49.29107],[6.87145,49.31675]]},"properties":{"d":"32816","load":28,"rf":0}},{"type":"Feature","geometry":{"type":"LineString","coordinates":[[6.81739,49.28809],[6.80697,49.28879]]},"properties":{"d":"32816","load":0,"rf":0}},{"type":"Feature","geometry":{"type":"LineString","coordinates":[[6.81739,49.28809],[6.81739,49.28809]]},"properties":{"d":"32816","load":0,"rf":0}},{"type":"Feature","geometry":{"type":"LineString","coordinates":[[6.8451,49.29918],[6.84578,49.29893]]},"properties":{"d":"32816","load":2,"rf":0}},{"type":"Feature","geometry":{"type":"LineString","coordinates":[[6.85165,49.29002],[6.84019,49.29188]]},"properties":{"d":"32816","load":1,"rf":0}},{"type":"Feature","geometry":{"type":"LineString","coordinates":[[6.85528,49.30641],[6.77321,49.29107]]},"properties":{"d":"32816","load":57,"rf":0}},{"type":"Feature","geometry":{"type":"LineString","coordinates":[[6.83368,49.29005],[6.83306,49.29108]]},"properties":{"d":"32816","load":0,"rf":0}},{"type":"Feature","geometry":{"type":"LineString","coordinates":[[6.85058,49.30475],[6.84578,49.29893]]},"properties":{"d":"32816","load":2,"rf":0}},{"type":"Feature","geometry":{"type":"LineString","coordinates":[[6.85058,49.30475],[6.85346,49.30702]]},"properties":{"d":"32816","load":1,"rf":0}},{"type":"Feature","geometry":{"type":"LineString","coordinates":[[6.83631,49.29277],[6.83628,49.29262]]},"properties":{"d":"32816","load":2,"rf":0}},{"type":"Feature","geometry":{"type":"LineString","coordinates":[[6.83865,49.28895],[6.84019,49.29188]]},"properties":{"d":"32816","load":0,"rf":0}},{"type":"Feature","geometry":{"type":"LineString","coordinates":[[6.82516,49.28872],[6.83306,49.29108]]},"properties":{"d":"32816","load":0,"rf":0}},{"type":"Feature","geometry":{"type":"LineString","coordinates":[[6.83955,49.29218],[6.85646,49.29926]]},"properties":{"d":"32816","load":0,"rf":0}},{"type":"Feature","geometry":{"type":"LineString","coordinates":[[6.83955,49.29218],[6.83628,49.29262]]},"properties":{"d":"32816","load":0,"rf":0}},{"type":"Feature","geometry":{"type":"LineString","coordinates":[[6.83955,49.29218],[6.83993,49.29206]]},"properties":{"d":"32816","load":3,"rf":0}},{"type":"Feature","geometry":{"type":"LineString","coordinates":[[6.84244,49.29741],[6.77321,49.29107]]},"properties":{"d":"32816","load":3,"rf":0}},{"type":"Feature","geometry":{"type":"LineString","coordinates":[[6.84244,49.29741],[6.84578,49.29893]]},"properties":{"d":"32816","load":4,"rf":0}},{"type":"Feature","geometry":{"type":"LineString","coordinates":[[6.8498,49.30928],[6.85346,49.30702]]},"properties":{"d":"32816","load":1,"rf":0}},{"type":"Feature","geometry":{"type":"LineString","coordinates":[[6.83041,49.31855],[6.82699,49.32323]]},"properties":{"d":"32816","load":0,"rf":0}},{"type":"Feature","geometry":{"type":"LineString","coordinates":[[6.83424,49.31053],[6.83875,49.31348]]},"properties":{"d":"32816","load":0,"rf":0}},{"type":"Feature","geometry":{"type":"LineString","coordinates":[[6.77998,49.31247],[6.77771,49.3053]]},"properties":{"d":"32816","load":0,"rf":0}},{"type":"Feature","geometry":{"type":"LineString","coordinates":[[6.77998,49.31247],[6.79024,49.31341]]},"properties":{"d":"32816","load":0,"rf":0}},{"type":"Feature","geometry":{"type":"LineString","coordinates":[[6.82176,49.29972],[6.82639,49.29996]]},"properties":{"d":"32816","load":8,"rf":0}},{"type":"Feature","geometry":{"type":"LineString","coordinates":[[6.82176,49.29972],[6.81878,49.304]]},"properties":{"d":"32816","load":5,"rf":0}},{"type":"Feature","geometry":{"type":"LineString","coordinates":[[6.81996,49.32104],[6.77321,49.29107]]},"properties":{"d":"32816","load":6,"rf":0}},{"type":"Feature","geometry":{"type":"LineString","coordinates":[[6.81996,49.32104],[6.81827,49.32396]]},"properties":{"d":"32816","load":37,"rf":0}},{"type":"Feature","geometry":{"type":"LineString","coordinates":[[6.81996,49.32104],[6.82699,49.32323]]},"properties":{"d":"32816","load":1,"rf":0}},{"type":"Feature","geometry":{"type":"LineString","coordinates":[[6.77004,49.29132],[6.77004,49.29132]]},"properties":{"d":"32816","load":0,"rf":0}},{"type":"Feature","geometry":{"type":"LineString","coordinates":[[6.77321,49.29107],[6.77004,49.29132]]},"properties":{"d":"32816","load":22,"rf":0}},{"type":"Feature","geometry":{"type":"LineString","coordinates":[[6.77446,49.30562],[6.77479,49.30949]]},"properties":{"d":"32816","load":1,"rf":0}},{"type":"Feature","geometry":{"type":"LineString","coordinates":[[6.77446,49.30562],[6.77466,49.30332]]},"properties":{"d":"32816","load":1,"rf":0}},{"type":"Feature","geometry":{"type":"LineString","coordinates":[[6.8106,49.31943],[6.80649,49.31914]]},"properties":{"d":"32816","load":5,"rf":0}},{"type":"Feature","geometry":{"type":"LineString","coordinates":[[6.8106,49.31943],[6.81312,49.31924]]},"properties":{"d":"32816","load":2,"rf":0}},{"type":"Feature","geometry":{"type":"LineString","coordinates":[[6.7785,49.30457],[6.77809,49.30055]]},"properties":{"d":"32816","load":1,"rf":0}},{"type":"Feature","geometry":{"type":"LineString","coordinates":[[6.7785,49.30457],[6.78538,49.3061]]},"properties":{"d":"32816","load":1,"rf":0}},{"type":"Feature","geometry":{"type":"LineString","coordinates":[[6.80921,49.31134],[6.814,49.31368]]},"properties":{"d":"32816","load":8,"rf":0}},{"type":"Feature","geometry":{"type":"LineString","coordinates":[[6.80921,49.31134],[6.81006,49.3152]]},"properties":{"d":"32816","load":13,"rf":0}},{"type":"Feature","geometry":{"type":"LineString","coordinates":[[6.82834,49.30658],[6.82217,49.30551]]},"properties":{"d":"32816","load":2,"rf":0}},{"type":"Feature","geometry":{"type":"LineString","coordinates":[[6.82834,49.30658],[6.8343,49.30963]]},"properties":{"d":"32816","load":2,"rf":0}},{"type":"Feature","geometry":{"type":"LineString","coordinates":[[6.78494,49.3121],[6.80649,49.31914]]},"properties":{"d":"32816","load":7,"rf":0}},{"type":"Feature","geometry":{"type":"LineString","coordinates":[[6.77321,49.29107],[6.78494,49.3121]]},"properties":{"d":"32816","load":6,"rf":0}},{"type":"Feature","geometry":{"type":"LineString","coordinates":[[6.77809,49.30055],[6.77321,49.29107]]},"properties":{"d":"32816","load":1,"rf":0}},{"type":"Feature","geometry":{"type":"LineString","coordinates":[[6.77448,49.31341],[6.77479,49.30949]]},"properties":{"d":"32816","load":0,"rf":0}},{"type":"Feature","geometry":{"type":"LineString","coordinates":[[6.77321,49.29107],[6.77583,49.31891]]},"properties":{"d":"32816","load":2,"rf":0}},{"type":"Feature","geometry":{"type":"LineString","coordinates":[[6.8026,49.29903],[6.80215,49.29657]]},"properties":{"d":"32816","load":1,"rf":0}},{"type":"Feature","geometry":{"type":"LineString","coordinates":[[6.8026,49.29903],[6.7983,49.29794]]},"properties":{"d":"32816","load":1,"rf":0}},{"type":"Feature","geometry":{"type":"LineString","coordinates":[[6.82111,49.30933],[6.81878,49.304]]},"properties":{"d":"32816","load":4,"rf":0}},{"type":"Feature","geometry":{"type":"LineString","coordinates":[[6.82111,49.30933],[6.82232,49.30958]]},"properties":{"d":"32816","load":2,"rf":0}},{"type":"Feature","geometry":{"type":"LineString","coordinates":[[6.814,49.31368],[6.81774,49.31505]]},"properties":{"d":"32816","load":5,"rf":0}},{"type":"Feature","geometry":{"type":"LineString","coordinates":[[6.81644,49.32359],[6.81497,49.32012]]},"properties":{"d":"32816","load":2,"rf":0}},{"type":"Feature","geometry":{"type":"LineString","coordinates":[[6.81644,49.32359],[6.81618,49.32409]]},"properties":{"d":"32816","load":2,"rf":0}},{"type":"Feature","geometry":{"type":"LineString","coordinates":[[6.78291,49.28945],[6.78265,49.29202]]},"properties":{"d":"32816","load":1,"rf":0}},{"type":"Feature","geometry":{"type":"LineString","coordinates":[[6.78291,49.28945],[6.78196,49.28728]]},"properties":{"d":"32816","load":2,"rf":0}},{"type":"Feature","geometry":{"type":"LineString","coordinates":[[6.77321,49.29107],[6.78291,49.28945]]},"properties":{"d":"32816","load":3,"rf":0}},{"type":"Feature","geometry":{"type":"LineString","coordinates":[[6.81986,49.31643],[6.81774,49.31505]]},"properties":{"d":"32816","load":4,"rf":0}},{"type":"Feature","geometry":{"type":"LineString","coordinates":[[6.81986,49.31643],[6.81936,49.31724]]},"properties":{"d":"32816","load":2,"rf":0}},{"type":"Feature","geometry":{"type":"LineString","coordinates":[[6.81006,49.3152],[6.77321,49.29107]]},"properties":{"d":"32816","load":2,"rf":0}},{"type":"Feature","geometry":{"type":"LineString","coordinates":[[6.80495,49.29202],[6.80878,49.29277]]},"properties":{"d":"32816","load":3,"rf":0}},{"type":"Feature","geometry":{"type":"LineString","coordinates":[[6.80495,49.29202],[6.7999,49.29378]]},"properties":{"d":"32816","load":2,"rf":0}},{"type":"Feature","geometry":{"type":"LineString","coordinates":[[6.82217,49.30551],[6.77321,49.29107]]},"properties":{"d":"32816","load":1,"rf":0}},{"type":"Feature","geometry":{"type":"LineString","coordinates":[[6.7782,49.30744],[6.77811,49.30984]]},"properties":{"d":"32816","load":2,"rf":0}},{"type":"Feature","geometry":{"type":"LineString","coordinates":[[6.7782,49.30744],[6.78108,49.30841]]},"properties":{"d":"32816","load":0,"rf":0}},{"type":"Feature","geometry":{"type":"LineString","coordinates":[[6.77321,49.29107],[6.8055,49.29451]]},"properties":{"d":"32816","load":1,"rf":0}},{"type":"Feature","geometry":{"type":"LineString","coordinates":[[6.80948,49.29997],[6.80707,49.30164]]},"properties":{"d":"32816","load":0,"rf":0}},{"type":"Feature","geometry":{"type":"LineString","coordinates":[[6.80948,49.29997],[6.80907,49.29977]]},"properties":{"d":"32816","load":2,"rf":0}},{"type":"Feature","geometry":{"type":"LineString","coordinates":[[6.81431,49.31915],[6.81312,49.31924]]},"properties":{"d":"32816","load":2,"rf":0}},{"type":"Feature","geometry":{"type":"LineString","coordinates":[[6.82046,49.29546],[6.82333,49.29694]]},"properties":{"d":"32816","load":12,"rf":0}},{"type":"Feature","geometry":{"type":"LineString","coordinates":[[6.82046,49.29546],[6.77321,49.29107]]},"properties":{"d":"32816","load":2,"rf":0}},{"type":"Feature","geometry":{"type":"LineString","coordinates":[[6.77523,49.29942],[6.77466,49.30332]]},"properties":{"d":"32816","load":1,"rf":0}},{"type":"Feature","geometry":{"type":"LineString","coordinates":[[6.77321,49.29107],[6.77523,49.29942]]},"properties":{"d":"32816","load":1,"rf":0}},{"type":"Feature","geometry":{"type":"LineString","coordinates":[[6.82876,49.32378],[6.82699,49.32323]]},"properties":{"d":"32816","load":1,"rf":0}},{"type":"Feature","geometry":{"type":"LineString","coordinates":[[6.83424,49.31053],[6.8343,49.30963]]},"properties":{"d":"32816","load":3,"rf":0}},{"type":"Feature","geometry":{"type":"LineString","coordinates":[[6.81928,49.31853],[6.8193,49.3182]]},"properties":{"d":"32816","load":1,"rf":0}},{"type":"Feature","geometry":{"type":"LineString","coordinates":[[6.78004,49.30121],[6.79476,49.29857]]},"properties":{"d":"32816","load":19,"rf":0}},{"type":"Feature","geometry":{"type":"LineString","coordinates":[[6.77321,49.29107],[6.78004,49.30121]]},"properties":{"d":"32816","load":19,"rf":0}},{"type":"Feature","geometry":{"type":"LineString","coordinates":[[6.81176,49.30566],[6.81389,49.30305]]},"properties":{"d":"32816","load":3,"rf":0}},{"type":"Feature","geometry":{"type":"LineString","coordinates":[[6.81176,49.30566],[6.81155,49.3056]]},"properties":{"d":"32816","load":5,"rf":0}},{"type":"Feature","geometry":{"type":"LineString","coordinates":[[6.80649,49.31914],[6.80082,49.31958]]},"properties":{"d":"32816","load":0,"rf":0}},{"type":"Feature","geometry":{"type":"LineString","coordinates":[[6.80576,49.30394],[6.80096,49.30371]]},"properties":{"d":"32816","load":6,"rf":0}},{"type":"Feature","geometry":{"type":"LineString","coordinates":[[6.80576,49.30394],[6.81155,49.3056]]},"properties":{"d":"32816","load":5,"rf":0}},{"type":"Feature","geometry":{"type":"LineString","coordinates":[[6.82639,49.29996],[6.82333,49.29694]]},"properties":{"d":"32816","load":11,"rf":0}},{"type":"Feature","geometry":{"type":"LineString","coordinates":[[6.78645,49.30794],[6.78538,49.3061]]},"properties":{"d":"32816","load":0,"rf":0}},{"type":"Feature","geometry":{"type":"LineString","coordinates":[[6.78645,49.30794],[6.78108,49.30841]]},"properties":{"d":"32816","load":0,"rf":0}},{"type":"Feature","geometry":{"type":"LineString","coordinates":[[6.80096,49.30371],[6.77321,49.29107]]},"properties":{"d":"32816","load":4,"rf":0}},{"type":"Feature","geometry":{"type":"LineString","coordinates":[[6.78889,49.30482],[6.78483,49.30368]]},"properties":{"d":"32816","load":0,"rf":0}},{"type":"Feature","geometry":{"type":"LineString","coordinates":[[6.78889,49.30482],[6.79588,49.30409]]},"properties":{"d":"32816","load":0,"rf":0}},{"type":"Feature","geometry":{"type":"LineString","coordinates":[[6.81827,49.32396],[6.81618,49.32409]]},"properties":{"d":"32816","load":29,"rf":0}},{"type":"Feature","geometry":{"type":"LineString","coordinates":[[6.7983,49.29794],[6.79476,49.29857]]},"properties":{"d":"32816","load":3,"rf":0}},{"type":"Feature","geometry":{"type":"LineString","coordinates":[[6.77811,49.30984],[6.77583,49.31891]]},"properties":{"d":"32816","load":2,"rf":0}},{"type":"Feature","geometry":{"type":"LineString","coordinates":[[6.81182,49.30325],[6.80707,49.30164]]},"properties":{"d":"32816","load":0,"rf":0}},{"type":"Feature","geometry":{"type":"LineString","coordinates":[[6.81182,49.30325],[6.81389,49.30305]]},"properties":{"d":"32816","load":1,"rf":0}},{"type":"Feature","geometry":{"type":"LineString","coordinates":[[6.77789,49.29712],[6.77888,49.29223]]},"properties":{"d":"32816","load":0,"rf":0}},{"type":"Feature","geometry":{"type":"LineString","coordinates":[[6.81368,49.31708],[6.81748,49.3176]]},"properties":{"d":"32816","load":0,"rf":0}},{"type":"Feature","geometry":{"type":"LineString","coordinates":[[6.81368,49.31708],[6.81497,49.32012]]},"properties":{"d":"32816","load":2,"rf":0}},{"type":"Feature","geometry":{"type":"LineString","coordinates":[[6.81322,49.32455],[6.81618,49.32409]]},"properties":{"d":"32816","load":9,"rf":0}},{"type":"Feature","geometry":{"type":"LineString","coordinates":[[6.80607,49.2983],[6.7999,49.29378]]},"properties":{"d":"32816","load":2,"rf":0}},{"type":"Feature","geometry":{"type":"LineString","coordinates":[[6.80607,49.2983],[6.80907,49.29977]]},"properties":{"d":"32816","load":2,"rf":0}},{"type":"Feature","geometry":{"type":"LineString","coordinates":[[6.78483,49.30368],[6.78183,49.30279]]},"properties":{"d":"32816","load":1,"rf":0}},{"type":"Feature","geometry":{"type":"LineString","coordinates":[[6.82253,49.3111],[6.82232,49.30958]]},"properties":{"d":"32816","load":1,"rf":0}},{"type":"Feature","geometry":{"type":"LineString","coordinates":[[6.80878,49.29277],[6.8055,49.29451]]},"properties":{"d":"32816","load":3,"rf":0}},{"type":"Feature","geometry":{"type":"LineString","coordinates":[[6.81748,49.3176],[6.81936,49.31724]]},"properties":{"d":"32816","load":0,"rf":0}},{"type":"Feature","geometry":{"type":"LineString","coordinates":[[6.77321,49.29107],[6.81366,49.29693]]},"properties":{"d":"32816","load":1,"rf":0}},{"type":"Feature","geometry":{"type":"LineString","coordinates":[[6.77888,49.29223],[6.78265,49.29202]]},"properties":{"d":"32816","load":0,"rf":0}},{"type":"Feature","geometry":{"type":"LineString","coordinates":[[6.83424,49.31053],[6.82403,49.30699]]},"properties":{"d":"32816","load":0,"rf":0}},{"type":"Feature","geometry":{"type":"LineString","coordinates":[[6.82403,49.30699],[6.82232,49.30958]]},"properties":{"d":"32816","load":1,"rf":0}},{"type":"Feature","geometry":{"type":"LineString","coordinates":[[6.77321,49.29107],[6.78183,49.30279]]},"properties":{"d":"32816","load":1,"rf":0}},{"type":"Feature","geometry":{"type":"LineString","coordinates":[[6.79056,49.31186],[6.79024,49.31341]]},"properties":{"d":"32816","load":0,"rf":0}},{"type":"Feature","geometry":{"type":"LineString","coordinates":[[6.77897,49.27976],[6.77906,49.28002]]},"properties":{"d":"32816","load":0,"rf":0}},{"type":"Feature","geometry":{"type":"LineString","coordinates":[[6.7807,49.28439],[6.78196,49.28728]]},"properties":{"d":"32816","load":2,"rf":0}},{"type":"Feature","geometry":{"type":"LineString","coordinates":[[6.7807,49.28439],[6.77906,49.28002]]},"properties":{"d":"32816","load":2,"rf":0}},{"type":"Feature","geometry":{"type":"LineString","coordinates":[[6.78466,49.28678],[6.78196,49.28728]]},"properties":{"d":"32816","load":0,"rf":0}},{"type":"Feature","geometry":{"type":"LineString","coordinates":[[6.79269,49.28472],[6.79348,49.28971]]},"properties":{"d":"32816","load":0,"rf":0}},{"type":"Feature","geometry":{"type":"LineString","coordinates":[[6.80629,49.28452],[6.80697,49.28879]]},"properties":{"d":"32816","load":0,"rf":0}},{"type":"Feature","geometry":{"type":"LineString","coordinates":[[6.77321,49.29107],[6.77849,49.3193]]},"properties":{"d":"32816","load":1,"rf":0}},{"type":"Feature","geometry":{"type":"LineString","coordinates":[[6.77321,49.29107],[6.77849,49.3193]]},"properties":{"d":"32816","load":1,"rf":0}},{"type":"Feature","geometry":{"type":"LineString","coordinates":[[6.79348,49.28971],[6.80697,49.28879]]},"properties":{"d":"32816","load":0,"rf":0}},{"type":"Feature","geometry":{"type":"LineString","coordinates":[[6.77321,49.29107],[6.79348,49.28971]]},"properties":{"d":"32816","load":0,"rf":0}},{"type":"Feature","geometry":{"type":"LineString","coordinates":[[6.83628,49.29262],[6.83419,49.29207]]},"properties":{"d":"32816","load":1,"rf":0}},{"type":"Feature","geometry":{"type":"LineString","coordinates":[[6.83419,49.29207],[6.83306,49.29108]]},"properties":{"d":"32816","load":1,"rf":0}},{"type":"Feature","geometry":{"type":"LineString","coordinates":[[6.77321,49.29107],[6.83419,49.29207]]},"properties":{"d":"32816","load":2,"rf":0}},{"type":"Feature","geometry":{"type":"LineString","coordinates":[[6.83993,49.29206],[6.84019,49.29188]]},"properties":{"d":"32816","load":2,"rf":0}},{"type":"Feature","geometry":{"type":"LineString","coordinates":[[6.77321,49.29107],[6.78133,49.29347]]},"properties":{"d":"32816","load":1,"rf":0}},{"type":"Feature","geometry":{"type":"LineString","coordinates":[[6.77321,49.29107],[6.77004,49.29132]]},"properties":{"d":"32816","load":0,"rf":0}},{"type":"Feature","geometry":{"type":"LineString","coordinates":[[6.77906,49.28002],[6.77472,49.28071]]},"properties":{"d":"32816","load":2,"rf":0}},{"type":"Feature","geometry":{"type":"LineString","coordinates":[[6.81936,49.31724],[6.8193,49.3182]]},"properties":{"d":"32816","load":1,"rf":0}},{"type":"Feature","geometry":{"type":"LineString","coordinates":[[6.77321,49.29107],[6.77771,49.3053]]},"properties":{"d":"32816","load":0,"rf":0}},{"type":"Feature","geometry":{"type":"LineString","coordinates":[[6.77321,49.29107],[6.77849,49.3193]]},"properties":{"d":"32816","load":0,"rf":0}},{"type":"Feature","geometry":{"type":"LineString","coordinates":[[6.77321,49.29107],[6.81739,49.28809]]},"properties":{"d":"32816","load":0,"rf":0}},{"type":"Feature","geometry":{"type":"LineString","coordinates":[[6.77321,49.29107],[6.83993,49.29206]]},"properties":{"d":"32816","load":5,"rf":0}},{"type":"Feature","geometry":{"type":"LineString","coordinates":[[7.026,49.288],[7.02595,49.28799]]},"properties":{"d":"33003","load":6,"rf":0}},{"type":"Feature","geometry":{"type":"LineString","coordinates":[[7.036,49.228],[7.036,49.228]]},"properties":{"d":"33003","load":4,"rf":0}},{"type":"Feature","geometry":{"type":"LineString","coordinates":[[7.03699,49.23136],[7.036,49.228]]},"properties":{"d":"33003","load":10,"rf":0}},{"type":"Feature","geometry":{"type":"LineString","coordinates":[[7.0292,49.22544],[7.02889,49.22563]]},"properties":{"d":"33003","load":31,"rf":0}},{"type":"Feature","geometry":{"type":"LineString","coordinates":[[7.01554,49.22447],[7.01536,49.22423]]},"properties":{"d":"33003","load":31,"rf":0}},{"type":"Feature","geometry":{"type":"LineString","coordinates":[[7.01455,49.22544],[7.01455,49.22544]]},"properties":{"d":"33003","load":1,"rf":0}},{"type":"Feature","geometry":{"type":"LineString","coordinates":[[7.01455,49.22544],[7.01467,49.22574]]},"properties":{"d":"33003","load":2,"rf":0}},{"type":"Feature","geometry":{"type":"LineString","coordinates":[[7.04189,49.2378],[7.04176,49.23823]]},"properties":{"d":"33003","load":16,"rf":0}},{"type":"Feature","geometry":{"type":"LineString","coordinates":[[7.03943,49.22441],[7.03945,49.22443]]},"properties":{"d":"33003","load":6,"rf":0}},{"type":"Feature","geometry":{"type":"LineString","coordinates":[[7.03949,49.22441],[7.03945,49.22443]]},"properties":{"d":"33003","load":6,"rf":0}},{"type":"Feature","geometry":{"type":"LineString","coordinates":[[7.03276,49.22264],[7.03276,49.22264]]},"properties":{"d":"33003","load":12,"rf":0}},{"type":"Feature","geometry":{"type":"LineString","coordinates":[[7.03276,49.22264],[7.0322,49.22278]]},"properties":{"d":"33003","load":23,"rf":0}},{"type":"Feature","geometry":{"type":"LineString","coordinates":[[7.02153,49.2315],[7.02048,49.23187]]},"properties":{"d":"33003","load":64,"rf":0}},{"type":"Feature","geometry":{"type":"LineString","coordinates":[[7.03817,49.27296],[7.03805,49.27289]]},"properties":{"d":"33003","load":0,"rf":0}},{"type":"Feature","geometry":{"type":"LineString","coordinates":[[7.04412,49.23084],[7.04536,49.23003]]},"properties":{"d":"33003","load":0,"rf":0}},{"type":"Feature","geometry":{"type":"LineString","coordinates":[[7.01876,49.23328],[7.01865,49.23262]]},"properties":{"d":"33003","load":0,"rf":0}},{"type":"Feature","geometry":{"type":"LineString","coordinates":[[7.03014,49.27968],[7.02969,49.28002]]},"properties":{"d":"33003","load":0,"rf":0}},{"type":"Feature","geometry":{"type":"LineString","coordinates":[[7.04331,49.28692],[7.04348,49.28687]]},"properties":{"d":"33003","load":0,"rf":0}},{"type":"Feature","geometry":{"type":"LineString","coordinates":[[7.05078,49.25473],[7.04592,49.2555]]},"properties":{"d":"33003","load":24,"rf":0}},{"type":"Feature","geometry":{"type":"LineString","coordinates":[[6.98809,49.28012],[6.99525,49.2747]]},"properties":{"d":"33003","load":2,"rf":0}},{"type":"Feature","geometry":{"type":"LineString","coordinates":[[7.04921,49.27174],[7.04753,49.27535]]},"properties":{"d":"33003","load":1,"rf":0}},{"type":"Feature","geometry":{"type":"LineString","coordinates":[[7.04921,49.27174],[7.05692,49.2718]]},"properties":{"d":"33003","load":1,"rf":0}},{"type":"Feature","geometry":{"type":"LineString","coordinates":[[7.01418,49.26594],[7.00875,49.26497]]},"properties":{"d":"33003","load":2,"rf":0}},{"type":"Feature","geometry":{"type":"LineString","coordinates":[[7.01418,49.26594],[7.01357,49.26842]]},"properties":{"d":"33003","load":3,"rf":0}},{"type":"Feature","geometry":{"type":"LineString","coordinates":[[7.0033,49.2664],[7.00827,49.26716]]},"properties":{"d":"33003","load":0,"rf":0}},{"type":"Feature","geometry":{"type":"LineString","coordinates":[[7.0033,49.2664],[7.00496,49.26734]]},"properties":{"d":"33003","load":0,"rf":0}},{"type":"Feature","geometry":{"type":"LineString","coordinates":[[7.03461,49.27136],[7.03077,49.26758]]},"properties":{"d":"33003","load":0,"rf":0}},{"type":"Feature","geometry":{"type":"LineString","coordinates":[[7.03461,49.27136],[7.03635,49.26889]]},"properties":{"d":"33003","load":0,"rf":0}},{"type":"Feature","geometry":{"type":"LineString","coordinates":[[7.03865,49.27855],[7.03699,49.23136]]},"properties":{"d":"33003","load":1,"rf":0}},{"type":"Feature","geometry":{"type":"LineString","coordinates":[[7.03865,49.27855],[7.04524,49.2809]]},"properties":{"d":"33003","load":1,"rf":0}},{"type":"Feature","geometry":{"type":"LineString","coordinates":[[7.04328,49.28993],[7.0407,49.28713]]},"properties":{"d":"33003","load":1,"rf":0}},{"type":"Feature","geometry":{"type":"LineString","coordinates":[[7.04328,49.28993],[7.04376,49.28727]]},"properties":{"d":"33003","load":1,"rf":0}},{"type":"Feature","geometry":{"type":"LineString","coordinates":[[7.04475,49.26703],[7.04563,49.26541]]},"properties":{"d":"33003","load":0,"rf":0}},{"type":"Feature","geometry":{"type":"LineString","coordinates":[[7.03699,49.23136],[7.04475,49.26703]]},"properties":{"d":"33003","load":1,"rf":0}},{"type":"Feature","geometry":{"type":"LineString","coordinates":[[7.03699,49.23136],[7.0315,49.28238]]},"properties":{"d":"33003","load":2,"rf":0}},{"type":"Feature","geometry":{"type":"LineString","coordinates":[[7.04399,49.275],[7.03909,49.27608]]},"properties":{"d":"33003","load":1,"rf":0}},{"type":"Feature","geometry":{"type":"LineString","coordinates":[[7.03699,49.23136],[7.04399,49.275]]},"properties":{"d":"33003","load":1,"rf":0}},{"type":"Feature","geometry":{"type":"LineString","coordinates":[[7.04075,49.27448],[7.03635,49.26889]]},"properties":{"d":"33003","load":0,"rf":0}},{"type":"Feature","geometry":{"type":"LineString","coordinates":[[7.04075,49.27448],[7.0463,49.2708]]},"properties":{"d":"33003","load":1,"rf":0}},{"type":"Feature","geometry":{"type":"LineString","coordinates":[[7.03077,49.26758],[7.03759,49.26637]]},"properties":{"d":"33003","load":1,"rf":0}},{"type":"Feature","geometry":{"type":"LineString","coordinates":[[7.03503,49.27953],[7.03222,49.27498]]},"properties":{"d":"33003","load":1,"rf":0}},{"type":"Feature","geometry":{"type":"LineString","coordinates":[[7.03503,49.27953],[7.02628,49.28081]]},"properties":{"d":"33003","load":0,"rf":0}},{"type":"Feature","geometry":{"type":"LineString","coordinates":[[7.0317,49.28737],[7.0293,49.28998]]},"properties":{"d":"33003","load":0,"rf":0}},{"type":"Feature","geometry":{"type":"LineString","coordinates":[[7.0317,49.28737],[7.03739,49.28253]]},"properties":{"d":"33003","load":1,"rf":0}},{"type":"Feature","geometry":{"type":"LineString","coordinates":[[7.04201,49.28127],[7.04524,49.2809]]},"properties":{"d":"33003","load":1,"rf":0}},{"type":"Feature","geometry":{"type":"LineString","coordinates":[[7.04201,49.28127],[7.04505,49.28298]]},"properties":{"d":"33003","load":0,"rf":0}},{"type":"Feature","geometry":{"type":"LineString","coordinates":[[7.00603,49.26331],[7.00263,49.25875]]},"properties":{"d":"33003","load":1,"rf":0}},{"type":"Feature","geometry":{"type":"LineString","coordinates":[[7.00603,49.26331],[7.00827,49.26716]]},"properties":{"d":"33003","load":0,"rf":0}},{"type":"Feature","geometry":{"type":"LineString","coordinates":[[7.00603,49.26331],[7.00875,49.26497]]},"properties":{"d":"33003","load":2,"rf":0}},{"type":"Feature","geometry":{"type":"LineString","coordinates":[[7.03699,49.23136],[7.01688,49.26942]]},"properties":{"d":"33003","load":2,"rf":0}},{"type":"Feature","geometry":{"type":"LineString","coordinates":[[7.03081,49.27746],[7.03468,49.27666]]},"properties":{"d":"33003","load":1,"rf":0}},{"type":"Feature","geometry":{"type":"LineString","coordinates":[[7.03699,49.23136],[7.01438,49.2736]]},"properties":{"d":"33003","load":2,"rf":0}},{"type":"Feature","geometry":{"type":"LineString","coordinates":[[7.01392,49.27586],[7.01915,49.27487]]},"properties":{"d":"33003","load":0,"rf":0}},{"type":"Feature","geometry":{"type":"LineString","coordinates":[[7.04753,49.27535],[7.04879,49.27645]]},"properties":{"d":"33003","load":0,"rf":0}},{"type":"Feature","geometry":{"type":"LineString","coordinates":[[7.05135,49.2689],[7.05692,49.2718]]},"properties":{"d":"33003","load":1,"rf":0}},{"type":"Feature","geometry":{"type":"LineString","coordinates":[[7.05135,49.2689],[7.03699,49.23136]]},"properties":{"d":"33003","load":1,"rf":0}},{"type":"Feature","geometry":{"type":"LineString","coordinates":[[7.04574,49.27728],[7.04505,49.28298]]},"properties":{"d":"33003","load":0,"rf":0}},{"type":"Feature","geometry":{"type":"LineString","coordinates":[[7.04574,49.27728],[7.04879,49.27645]]},"properties":{"d":"33003","load":0,"rf":0}},{"type":"Feature","geometry":{"type":"LineString","coordinates":[[7.01688,49.26942],[7.02054,49.27162]]},"properties":{"d":"33003","load":1,"rf":0}},{"type":"Feature","geometry":{"type":"LineString","coordinates":[[7.01438,49.2736],[7.0108,49.27149]]},"properties":{"d":"33003","load":3,"rf":0}},{"type":"Feature","geometry":{"type":"LineString","coordinates":[[7.02575,49.27016],[7.02581,49.2733]]},"properties":{"d":"33003","load":0,"rf":0}},{"type":"Feature","geometry":{"type":"LineString","coordinates":[[7.0223,49.27566],[7.02451,49.27712]]},"properties":{"d":"33003","load":0,"rf":0}},{"type":"Feature","geometry":{"type":"LineString","coordinates":[[7.0223,49.27566],[7.02054,49.27162]]},"properties":{"d":"33003","load":1,"rf":0}},{"type":"Feature","geometry":{"type":"LineString","coordinates":[[7.0223,49.27566],[7.01838,49.27742]]},"properties":{"d":"33003","load":0,"rf":0}},{"type":"Feature","geometry":{"type":"LineString","coordinates":[[7.0108,49.27149],[7.00853,49.26936]]},"properties":{"d":"33003","load":3,"rf":0}},{"type":"Feature","geometry":{"type":"LineString","coordinates":[[7.04226,49.26935],[7.03759,49.26637]]},"properties":{"d":"33003","load":1,"rf":0}},{"type":"Feature","geometry":{"type":"LineString","coordinates":[[7.03699,49.23136],[7.04226,49.26935]]},"properties":{"d":"33003","load":1,"rf":0}},{"type":"Feature","geometry":{"type":"LineString","coordinates":[[7.0381,49.27286],[7.03805,49.27289]]},"properties":{"d":"33003","load":1,"rf":0}},{"type":"Feature","geometry":{"type":"LineString","coordinates":[[7.03699,49.23136],[7.0381,49.27286]]},"properties":{"d":"33003","load":1,"rf":0}},{"type":"Feature","geometry":{"type":"LineString","coordinates":[[7.04563,49.26541],[7.04315,49.26449]]},"properties":{"d":"33003","load":0,"rf":0}},{"type":"Feature","geometry":{"type":"LineString","coordinates":[[7.0293,49.28998],[7.04059,49.29311]]},"properties":{"d":"33003","load":0,"rf":0}},{"type":"Feature","geometry":{"type":"LineString","coordinates":[[7.0233,49.28136],[7.02628,49.28081]]},"properties":{"d":"33003","load":0,"rf":0}},{"type":"Feature","geometry":{"type":"LineString","coordinates":[[7.04536,49.26926],[7.0463,49.2708]]},"properties":{"d":"33003","load":1,"rf":0}},{"type":"Feature","geometry":{"type":"LineString","coordinates":[[7.03699,49.23136],[7.04536,49.26926]]},"properties":{"d":"33003","load":1,"rf":0}},{"type":"Feature","geometry":{"type":"LineString","coordinates":[[7.03222,49.27498],[7.03565,49.27453]]},"properties":{"d":"33003","load":1,"rf":0}},{"type":"Feature","geometry":{"type":"LineString","coordinates":[[7.02451,49.27712],[7.02969,49.28002]]},"properties":{"d":"33003","load":0,"rf":0}},{"type":"Feature","geometry":{"type":"LineString","coordinates":[[7.04059,49.29311],[7.02788,49.28921]]},"properties":{"d":"33003","load":1,"rf":0}},{"type":"Feature","geometry":{"type":"LineString","coordinates":[[7.03739,49.28253],[7.03699,49.23136]]},"properties":{"d":"33003","load":1,"rf":0}},{"type":"Feature","geometry":{"type":"LineString","coordinates":[[7.04376,49.28727],[7.04348,49.28687]]},"properties":{"d":"33003","load":1,"rf":0}},{"type":"Feature","geometry":{"type":"LineString","coordinates":[[7.02994,49.28016],[7.028,49.28124]]},"properties":{"d":"33003","load":0,"rf":0}},{"type":"Feature","geometry":{"type":"LineString","coordinates":[[7.02994,49.28016],[7.02969,49.28002]]},"properties":{"d":"33003","load":0,"rf":0}},{"type":"Feature","geometry":{"type":"LineString","coordinates":[[7.01586,49.27017],[7.03699,49.23136]]},"properties":{"d":"33003","load":1,"rf":0}},{"type":"Feature","geometry":{"type":"LineString","coordinates":[[7.01586,49.27017],[7.01357,49.26842]]},"properties":{"d":"33003","load":3,"rf":0}},{"type":"Feature","geometry":{"type":"LineString","coordinates":[[7.00853,49.26936],[7.00496,49.26734]]},"properties":{"d":"33003","load":3,"rf":0}},{"type":"Feature","geometry":{"type":"LineString","coordinates":[[7.04197,49.26558],[7.04315,49.26449]]},"properties":{"d":"33003","load":0,"rf":0}},{"type":"Feature","geometry":{"type":"LineString","coordinates":[[7.03066,49.2507],[7.02581,49.2733]]},"properties":{"d":"33003","load":0,"rf":0}},{"type":"Feature","geometry":{"type":"LineString","coordinates":[[7.01915,49.27487],[7.02705,49.27615]]},"properties":{"d":"33003","load":1,"rf":0}},{"type":"Feature","geometry":{"type":"LineString","coordinates":[[7.0315,49.28238],[7.02836,49.28321]]},"properties":{"d":"33003","load":3,"rf":0}},{"type":"Feature","geometry":{"type":"LineString","coordinates":[[7.03699,49.23136],[7.02705,49.27615]]},"properties":{"d":"33003","load":1,"rf":0}},{"type":"Feature","geometry":{"type":"LineString","coordinates":[[7.05062,49.26641],[7.04952,49.26662]]},"properties":{"d":"33003","load":0,"rf":0}},{"type":"Feature","geometry":{"type":"LineString","coordinates":[[7.03052,49.28791],[7.02788,49.28921]]},"properties":{"d":"33003","load":0,"rf":0}},{"type":"Feature","geometry":{"type":"LineString","coordinates":[[7.03565,49.27453],[7.03805,49.27289]]},"properties":{"d":"33003","load":1,"rf":0}},{"type":"Feature","geometry":{"type":"LineString","coordinates":[[7.04106,49.28336],[7.04348,49.28687]]},"properties":{"d":"33003","load":1,"rf":0}},{"type":"Feature","geometry":{"type":"LineString","coordinates":[[7.03699,49.23136],[7.04106,49.28336]]},"properties":{"d":"33003","load":1,"rf":0}},{"type":"Feature","geometry":{"type":"LineString","coordinates":[[7.028,49.28124],[7.02628,49.28081]]},"properties":{"d":"33003","load":0,"rf":0}},{"type":"Feature","geometry":{"type":"LineString","coordinates":[[7.03699,49.23136],[7.03468,49.27666]]},"properties":{"d":"33003","load":1,"rf":0}},{"type":"Feature","geometry":{"type":"LineString","coordinates":[[7.03658,49.28134],[7.03771,49.28142]]},"properties":{"d":"33003","load":0,"rf":0}},{"type":"Feature","geometry":{"type":"LineString","coordinates":[[7.025,49.28868],[7.02584,49.28821]]},"properties":{"d":"33003","load":1,"rf":0}},{"type":"Feature","geometry":{"type":"LineString","coordinates":[[7.02584,49.28821],[7.02788,49.28921]]},"properties":{"d":"33003","load":1,"rf":0}},{"type":"Feature","geometry":{"type":"LineString","coordinates":[[7.02584,49.28821],[7.02595,49.28799]]},"properties":{"d":"33003","load":2,"rf":0}},{"type":"Feature","geometry":{"type":"LineString","coordinates":[[7.0492,49.27648],[7.04879,49.27645]]},"properties":{"d":"33003","load":0,"rf":0}},{"type":"Feature","geometry":{"type":"LineString","coordinates":[[7.02723,49.28374],[7.02836,49.28321]]},"properties":{"d":"33003","load":0,"rf":0}},{"type":"Feature","geometry":{"type":"LineString","coordinates":[[7.0567,49.27081],[7.04945,49.26506]]},"properties":{"d":"33003","load":0,"rf":0}},{"type":"Feature","geometry":{"type":"LineString","coordinates":[[7.03066,49.2507],[7.03126,49.24887]]},"properties":{"d":"33003","load":0,"rf":0}},{"type":"Feature","geometry":{"type":"LineString","coordinates":[[6.99647,49.27539],[6.99525,49.2747]]},"properties":{"d":"33003","load":1,"rf":0}},{"type":"Feature","geometry":{"type":"LineString","coordinates":[[7.03004,49.29543],[7.03746,49.25581]]},"properties":{"d":"33003","load":3,"rf":0}},{"type":"Feature","geometry":{"type":"LineString","coordinates":[[7.03699,49.23136],[7.03004,49.29543]]},"properties":{"d":"33003","load":0,"rf":0}},{"type":"Feature","geometry":{"type":"LineString","coordinates":[[7.02747,49.24833],[7.03126,49.24887]]},"properties":{"d":"33003","load":0,"rf":0}},{"type":"Feature","geometry":{"type":"LineString","coordinates":[[7.03933,49.25379],[7.04277,49.25492]]},"properties":{"d":"33003","load":1,"rf":0}},{"type":"Feature","geometry":{"type":"LineString","coordinates":[[7.03699,49.23136],[7.03508,49.25028]]},"properties":{"d":"33003","load":3,"rf":0}},{"type":"Feature","geometry":{"type":"LineString","coordinates":[[7.03699,49.23136],[7.03508,49.25028]]},"properties":{"d":"33003","load":3,"rf":0}},{"type":"Feature","geometry":{"type":"LineString","coordinates":[[7.04277,49.25492],[7.03699,49.23136]]},"properties":{"d":"33003","load":3,"rf":0}},{"type":"Feature","geometry":{"type":"LineString","coordinates":[[7.05141,49.25948],[7.04761,49.26008]]},"properties":{"d":"33003","load":0,"rf":0}},{"type":"Feature","geometry":{"type":"LineString","coordinates":[[7.05358,49.22893],[7.04871,49.22662]]},"properties":{"d":"33003","load":1,"rf":0}},{"type":"Feature","geometry":{"type":"LineString","coordinates":[[7.05358,49.22893],[7.05843,49.23089]]},"properties":{"d":"33003","load":1,"rf":0}},{"type":"Feature","geometry":{"type":"LineString","coordinates":[[7.03986,49.22653],[7.03656,49.22994]]},"properties":{"d":"33003","load":0,"rf":0}},{"type":"Feature","geometry":{"type":"LineString","coordinates":[[7.03986,49.22653],[7.0385,49.22772]]},"properties":{"d":"33003","load":0,"rf":0}},{"type":"Feature","geometry":{"type":"LineString","coordinates":[[7.04133,49.23277],[7.04405,49.23233]]},"properties":{"d":"33003","load":0,"rf":0}},{"type":"Feature","geometry":{"type":"LineString","coordinates":[[7.02681,49.23764],[7.02999,49.23585]]},"properties":{"d":"33003","load":0,"rf":0}},{"type":"Feature","geometry":{"type":"LineString","coordinates":[[6.99621,49.20878],[6.9993,49.21148]]},"properties":{"d":"33003","load":0,"rf":0}},{"type":"Feature","geometry":{"type":"LineString","coordinates":[[7.07227,49.24831],[7.07004,49.24321]]},"properties":{"d":"33003","load":0,"rf":0}},{"type":"Feature","geometry":{"type":"LineString","coordinates":[[7.00267,49.24322],[7.00377,49.24465]]},"properties":{"d":"33003","load":3,"rf":0}},{"type":"Feature","geometry":{"type":"LineString","coordinates":[[7.00267,49.24322],[7.00672,49.24293]]},"properties":{"d":"33003","load":2,"rf":0}},{"type":"Feature","geometry":{"type":"LineString","coordinates":[[7.00426,49.24619],[7.00267,49.24322]]},"properties":{"d":"33003","load":1,"rf":0}},{"type":"Feature","geometry":{"type":"LineString","coordinates":[[7.00267,49.24322],[7.03699,49.23136]]},"properties":{"d":"33003","load":1,"rf":0}},{"type":"Feature","geometry":{"type":"LineString","coordinates":[[7.0152,49.24547],[7.01064,49.24498]]},"properties":{"d":"33003","load":0,"rf":0}},{"type":"Feature","geometry":{"type":"LineString","coordinates":[[7.03699,49.23136],[7.01194,49.24779]]},"properties":{"d":"33003","load":1,"rf":0}},{"type":"Feature","geometry":{"type":"LineString","coordinates":[[7.0135,49.21665],[7.01102,49.21333]]},"properties":{"d":"33003","load":1,"rf":0}},{"type":"Feature","geometry":{"type":"LineString","coordinates":[[7.0135,49.21665],[7.01296,49.21484]]},"properties":{"d":"33003","load":1,"rf":0}},{"type":"Feature","geometry":{"type":"LineString","coordinates":[[7.05207,49.23775],[7.05333,49.2334]]},"properties":{"d":"33003","load":0,"rf":0}},{"type":"Feature","geometry":{"type":"LineString","coordinates":[[7.01111,49.25052],[7.00711,49.251]]},"properties":{"d":"33003","load":0,"rf":0}},{"type":"Feature","geometry":{"type":"LineString","coordinates":[[7.01554,49.24685],[7.01723,49.24574]]},"properties":{"d":"33003","load":0,"rf":0}},{"type":"Feature","geometry":{"type":"LineString","coordinates":[[7.01754,49.21474],[7.01102,49.21333]]},"properties":{"d":"33003","load":1,"rf":0}},{"type":"Feature","geometry":{"type":"LineString","coordinates":[[7.01754,49.21474],[7.03699,49.23136]]},"properties":{"d":"33003","load":0,"rf":0}},{"type":"Feature","geometry":{"type":"LineString","coordinates":[[7.02427,49.23693],[7.02183,49.23967]]},"properties":{"d":"33003","load":0,"rf":0}},{"type":"Feature","geometry":{"type":"LineString","coordinates":[[7.0231,49.23634],[7.02305,49.2364]]},"properties":{"d":"33003","load":0,"rf":0}},{"type":"Feature","geometry":{"type":"LineString","coordinates":[[7.00877,49.22026],[7.01149,49.21913]]},"properties":{"d":"33003","load":1,"rf":0}},{"type":"Feature","geometry":{"type":"LineString","coordinates":[[7.00877,49.22026],[7.00806,49.22315]]},"properties":{"d":"33003","load":1,"rf":0}},{"type":"Feature","geometry":{"type":"LineString","coordinates":[[7.03982,49.23488],[7.04514,49.23409]]},"properties":{"d":"33003","load":1,"rf":0}},{"type":"Feature","geometry":{"type":"LineString","coordinates":[[7.03982,49.23488],[7.0356,49.2319]]},"properties":{"d":"33003","load":1,"rf":0}},{"type":"Feature","geometry":{"type":"LineString","coordinates":[[7.05765,49.24051],[7.05611,49.23735]]},"properties":{"d":"33003","load":1,"rf":0}},{"type":"Feature","geometry":{"type":"LineString","coordinates":[[7.05765,49.24051],[7.06076,49.24809]]},"properties":{"d":"33003","load":1,"rf":0}},{"type":"Feature","geometry":{"type":"LineString","coordinates":[[7.04777,49.23766],[7.04189,49.2378]]},"properties":{"d":"33003","load":1,"rf":0}},{"type":"Feature","geometry":{"type":"LineString","coordinates":[[7.04777,49.23766],[7.04838,49.23449]]},"properties":{"d":"33003","load":0,"rf":0}},{"type":"Feature","geometry":{"type":"LineString","coordinates":[[7.0114,49.23038],[7.01053,49.23055]]},"properties":{"d":"33003","load":1,"rf":0}},{"type":"Feature","geometry":{"type":"LineString","coordinates":[[7.0114,49.23038],[7.02258,49.22673]]},"properties":{"d":"33003","load":2,"rf":0}},{"type":"Feature","geometry":{"type":"LineString","coordinates":[[7.01159,49.22634],[7.01179,49.22583]]},"properties":{"d":"33003","load":1,"rf":0}},{"type":"Feature","geometry":{"type":"LineString","coordinates":[[7.03433,49.23304],[7.03035,49.23231]]},"properties":{"d":"33003","load":0,"rf":0}},{"type":"Feature","geometry":{"type":"LineString","coordinates":[[7.03806,49.22872],[7.03953,49.22835]]},"properties":{"d":"33003","load":0,"rf":0}},{"type":"Feature","geometry":{"type":"LineString","coordinates":[[7.07006,49.24065],[7.06674,49.24191]]},"properties":{"d":"33003","load":1,"rf":0}},{"type":"Feature","geometry":{"type":"LineString","coordinates":[[7.07006,49.24065],[7.03699,49.23136]]},"properties":{"d":"33003","load":1,"rf":0}},{"type":"Feature","geometry":{"type":"LineString","coordinates":[[7.04515,49.22733],[7.04169,49.22761]]},"properties":{"d":"33003","load":1,"rf":0}},{"type":"Feature","geometry":{"type":"LineString","coordinates":[[7.04515,49.22733],[7.04921,49.22967]]},"properties":{"d":"33003","load":1,"rf":0}},{"type":"Feature","geometry":{"type":"LineString","coordinates":[[7.06674,49.24191],[7.07004,49.24321]]},"properties":{"d":"33003","load":0,"rf":0}},{"type":"Feature","geometry":{"type":"LineString","coordinates":[[7.01125,49.2329],[7.01159,49.23518]]},"properties":{"d":"33003","load":3,"rf":0}},{"type":"Feature","geometry":{"type":"LineString","coordinates":[[7.01125,49.2329],[7.01336,49.23298]]},"properties":{"d":"33003","load":2,"rf":0}},{"type":"Feature","geometry":{"type":"LineString","coordinates":[[7.01419,49.22353],[7.03699,49.23136]]},"properties":{"d":"33003","load":1,"rf":0}},{"type":"Feature","geometry":{"type":"LineString","coordinates":[[7.01419,49.22353],[7.01179,49.22583]]},"properties":{"d":"33003","load":2,"rf":0}},{"type":"Feature","geometry":{"type":"LineString","coordinates":[[7.00345,49.23486],[7.00171,49.23335]]},"properties":{"d":"33003","load":2,"rf":0}},{"type":"Feature","geometry":{"type":"LineString","coordinates":[[7.00345,49.23486],[7.00476,49.23735]]},"properties":{"d":"33003","load":3,"rf":0}},{"type":"Feature","geometry":{"type":"LineString","coordinates":[[7.03699,49.23136],[7.04169,49.22761]]},"properties":{"d":"33003","load":1,"rf":0}},{"type":"Feature","geometry":{"type":"LineString","coordinates":[[7.04109,49.22688],[7.0385,49.22772]]},"properties":{"d":"33003","load":0,"rf":0}},{"type":"Feature","geometry":{"type":"LineString","coordinates":[[7.03699,49.23136],[7.01798,49.23945]]},"properties":{"d":"33003","load":3,"rf":0}},{"type":"Feature","geometry":{"type":"LineString","coordinates":[[7.02136,49.23904],[7.02305,49.2364]]},"properties":{"d":"33003","load":1,"rf":0}},{"type":"Feature","geometry":{"type":"LineString","coordinates":[[7.00673,49.22984],[7.00482,49.2293]]},"properties":{"d":"33003","load":2,"rf":0}},{"type":"Feature","geometry":{"type":"LineString","coordinates":[[7.00673,49.22984],[7.03699,49.23136]]},"properties":{"d":"33003","load":3,"rf":0}},{"type":"Feature","geometry":{"type":"LineString","coordinates":[[7.05333,49.2334],[7.05056,49.2305]]},"properties":{"d":"33003","load":0,"rf":0}},{"type":"Feature","geometry":{"type":"LineString","coordinates":[[7.00482,49.2293],[7.00392,49.23046]]},"properties":{"d":"33003","load":1,"rf":0}},{"type":"Feature","geometry":{"type":"LineString","coordinates":[[7.02251,49.24337],[7.01597,49.24287]]},"properties":{"d":"33003","load":0,"rf":0}},{"type":"Feature","geometry":{"type":"LineString","coordinates":[[7.03699,49.23136],[7.01149,49.21913]]},"properties":{"d":"33003","load":1,"rf":0}},{"type":"Feature","geometry":{"type":"LineString","coordinates":[[7.00792,49.24945],[7.00711,49.251]]},"properties":{"d":"33003","load":0,"rf":0}},{"type":"Feature","geometry":{"type":"LineString","coordinates":[[7.00792,49.24945],[7.00722,49.24823]]},"properties":{"d":"33003","load":0,"rf":0}},{"type":"Feature","geometry":{"type":"LineString","coordinates":[[7.00392,49.23046],[6.99943,49.22568]]},"properties":{"d":"33003","load":0,"rf":0}},{"type":"Feature","geometry":{"type":"LineString","coordinates":[[7.02126,49.23281],[7.02112,49.23442]]},"properties":{"d":"33003","load":0,"rf":0}},{"type":"Feature","geometry":{"type":"LineString","coordinates":[[7.02126,49.23281],[7.02048,49.23187]]},"properties":{"d":"33003","load":0,"rf":0}},{"type":"Feature","geometry":{"type":"LineString","coordinates":[[7.06049,49.24237],[7.06108,49.24235]]},"properties":{"d":"33003","load":0,"rf":0}},{"type":"Feature","geometry":{"type":"LineString","coordinates":[[7.03699,49.23136],[7.00459,49.2251]]},"properties":{"d":"33003","load":2,"rf":0}},{"type":"Feature","geometry":{"type":"LineString","coordinates":[[7.01049,49.23869],[7.03699,49.23136]]},"properties":{"d":"33003","load":1,"rf":0}},{"type":"Feature","geometry":{"type":"LineString","coordinates":[[7.01049,49.23869],[7.01597,49.24287]]},"properties":{"d":"33003","load":0,"rf":0}},{"type":"Feature","geometry":{"type":"LineString","coordinates":[[7.02987,49.23512],[7.0268,49.23269]]},"properties":{"d":"33003","load":1,"rf":0}},{"type":"Feature","geometry":{"type":"LineString","coordinates":[[7.03699,49.23136],[7.02987,49.23512]]},"properties":{"d":"33003","load":1,"rf":0}},{"type":"Feature","geometry":{"type":"LineString","coordinates":[[6.9993,49.21148],[7.00998,49.21437]]},"properties":{"d":"33003","load":1,"rf":0}},{"type":"Feature","geometry":{"type":"LineString","coordinates":[[6.9993,49.21148],[7.00699,49.21578]]},"properties":{"d":"33003","load":1,"rf":0}},{"type":"Feature","geometry":{"type":"LineString","coordinates":[[7.05056,49.2305],[7.04921,49.22967]]},"properties":{"d":"33003","load":1,"rf":0}},{"type":"Feature","geometry":{"type":"LineString","coordinates":[[7.01447,49.24427],[7.01723,49.24574]]},"properties":{"d":"33003","load":0,"rf":0}},{"type":"Feature","geometry":{"type":"LineString","coordinates":[[7.01447,49.24427],[7.00562,49.24176]]},"properties":{"d":"33003","load":0,"rf":0}},{"type":"Feature","geometry":{"type":"LineString","coordinates":[[7.01587,49.23502],[7.01916,49.23549]]},"properties":{"d":"33003","load":1,"rf":0}},{"type":"Feature","geometry":{"type":"LineString","coordinates":[[7.0158,49.2368],[7.01728,49.23363]]},"properties":{"d":"33003","load":1,"rf":0}},{"type":"Feature","geometry":{"type":"LineString","coordinates":[[7.0158,49.2368],[7.01916,49.23549]]},"properties":{"d":"33003","load":1,"rf":0}},{"type":"Feature","geometry":{"type":"LineString","coordinates":[[7.01697,49.2172],[7.02889,49.22563]]},"properties":{"d":"33003","load":0,"rf":0}},{"type":"Feature","geometry":{"type":"LineString","coordinates":[[7.04512,49.22572],[7.04871,49.22662]]},"properties":{"d":"33003","load":1,"rf":0}},{"type":"Feature","geometry":{"type":"LineString","coordinates":[[7.04512,49.22572],[7.04025,49.22453]]},"properties":{"d":"33003","load":2,"rf":0}},{"type":"Feature","geometry":{"type":"LineString","coordinates":[[7.02852,49.21968],[7.03114,49.22603]]},"properties":{"d":"33003","load":3,"rf":0}},{"type":"Feature","geometry":{"type":"LineString","coordinates":[[7.02852,49.21968],[7.0321,49.2226]]},"properties":{"d":"33003","load":3,"rf":0}},{"type":"Feature","geometry":{"type":"LineString","coordinates":[[7.01592,49.23054],[7.0205,49.23051]]},"properties":{"d":"33003","load":0,"rf":0}},{"type":"Feature","geometry":{"type":"LineString","coordinates":[[7.01053,49.23055],[7.00589,49.23248]]},"properties":{"d":"33003","load":1,"rf":0}},{"type":"Feature","geometry":{"type":"LineString","coordinates":[[7.01159,49.23518],[7.00942,49.23848]]},"properties":{"d":"33003","load":2,"rf":0}},{"type":"Feature","geometry":{"type":"LineString","coordinates":[[7.00596,49.23933],[7.00848,49.2407]]},"properties":{"d":"33003","load":3,"rf":0}},{"type":"Feature","geometry":{"type":"LineString","coordinates":[[7.00596,49.23933],[7.002,49.24039]]},"properties":{"d":"33003","load":1,"rf":0}},{"type":"Feature","geometry":{"type":"LineString","coordinates":[[7.04921,49.22967],[7.05611,49.23735]]},"properties":{"d":"33003","load":1,"rf":0}},{"type":"Feature","geometry":{"type":"LineString","coordinates":[[7.03998,49.23246],[7.04405,49.23233]]},"properties":{"d":"33003","load":1,"rf":0}},{"type":"Feature","geometry":{"type":"LineString","coordinates":[[7.03699,49.23136],[7.03998,49.23246]]},"properties":{"d":"33003","load":1,"rf":0}},{"type":"Feature","geometry":{"type":"LineString","coordinates":[[7.02232,49.24075],[7.02492,49.23811]]},"properties":{"d":"33003","load":0,"rf":0}},{"type":"Feature","geometry":{"type":"LineString","coordinates":[[7.02232,49.24075],[7.02183,49.23967]]},"properties":{"d":"33003","load":0,"rf":0}},{"type":"Feature","geometry":{"type":"LineString","coordinates":[[7.04514,49.23409],[7.04838,49.23449]]},"properties":{"d":"33003","load":1,"rf":0}},{"type":"Feature","geometry":{"type":"LineString","coordinates":[[7.03053,49.23012],[7.03656,49.22994]]},"properties":{"d":"33003","load":0,"rf":0}},{"type":"Feature","geometry":{"type":"LineString","coordinates":[[7.00998,49.21437],[7.01296,49.21484]]},"properties":{"d":"33003","load":0,"rf":0}},{"type":"Feature","geometry":{"type":"LineString","coordinates":[[7.03699,49.23136],[7.00699,49.21578]]},"properties":{"d":"33003","load":1,"rf":0}},{"type":"Feature","geometry":{"type":"LineString","coordinates":[[7.01125,49.21761],[7.00885,49.21918]]},"properties":{"d":"33003","load":0,"rf":0}},{"type":"Feature","geometry":{"type":"LineString","coordinates":[[7.04189,49.2378],[7.04454,49.23652]]},"properties":{"d":"33003","load":15,"rf":0}},{"type":"Feature","geometry":{"type":"LineString","coordinates":[[7.00968,49.22954],[7.00838,49.22764]]},"properties":{"d":"33003","load":4,"rf":0}},{"type":"Feature","geometry":{"type":"LineString","coordinates":[[7.03699,49.23136],[7.00968,49.22954]]},"properties":{"d":"33003","load":1,"rf":0}},{"type":"Feature","geometry":{"type":"LineString","coordinates":[[7.03699,49.23136],[6.9997,49.23166]]},"properties":{"d":"33003","load":1,"rf":0}},{"type":"Feature","geometry":{"type":"LineString","coordinates":[[7.03699,49.23136],[7.02399,49.22668]]},"properties":{"d":"33003","load":0,"rf":0}},{"type":"Feature","geometry":{"type":"LineString","coordinates":[[7.06713,49.2526],[7.06076,49.24809]]},"properties":{"d":"33003","load":0,"rf":0}},{"type":"Feature","geometry":{"type":"LineString","coordinates":[[7.03699,49.23136],[7.01064,49.24498]]},"properties":{"d":"33003","load":1,"rf":0}},{"type":"Feature","geometry":{"type":"LineString","coordinates":[[7.00699,49.21578],[7.0048,49.21657]]},"properties":{"d":"33003","load":0,"rf":0}},{"type":"Feature","geometry":{"type":"LineString","coordinates":[[7.01336,49.23298],[7.01865,49.23262]]},"properties":{"d":"33003","load":2,"rf":0}},{"type":"Feature","geometry":{"type":"LineString","coordinates":[[7.01897,49.24144],[7.01798,49.23945]]},"properties":{"d":"33003","load":2,"rf":0}},{"type":"Feature","geometry":{"type":"LineString","coordinates":[[7.01897,49.24144],[7.01584,49.24158]]},"properties":{"d":"33003","load":2,"rf":0}},{"type":"Feature","geometry":{"type":"LineString","coordinates":[[7.02112,49.23442],[7.02061,49.23575]]},"properties":{"d":"33003","load":0,"rf":0}},{"type":"Feature","geometry":{"type":"LineString","coordinates":[[7.05304,49.2438],[7.03699,49.23136]]},"properties":{"d":"33003","load":1,"rf":0}},{"type":"Feature","geometry":{"type":"LineString","coordinates":[[7.05304,49.2438],[7.05461,49.24944]]},"properties":{"d":"33003","load":0,"rf":0}},{"type":"Feature","geometry":{"type":"LineString","coordinates":[[7.04454,49.23652],[7.03692,49.23689]]},"properties":{"d":"33003","load":16,"rf":0}},{"type":"Feature","geometry":{"type":"LineString","coordinates":[[7.03699,49.23136],[7.0356,49.2319]]},"properties":{"d":"33003","load":1,"rf":0}},{"type":"Feature","geometry":{"type":"LineString","coordinates":[[7.02254,49.22427],[7.02024,49.22395]]},"properties":{"d":"33003","load":6,"rf":0}},{"type":"Feature","geometry":{"type":"LineString","coordinates":[[7.01233,49.22149],[7.00627,49.21768]]},"properties":{"d":"33003","load":1,"rf":0}},{"type":"Feature","geometry":{"type":"LineString","coordinates":[[7.03699,49.23136],[7.01233,49.22149]]},"properties":{"d":"33003","load":1,"rf":0}},{"type":"Feature","geometry":{"type":"LineString","coordinates":[[7.03119,49.22854],[7.03011,49.22903]]},"properties":{"d":"33003","load":0,"rf":0}},{"type":"Feature","geometry":{"type":"LineString","coordinates":[[7.0003,49.23046],[6.9997,49.23166]]},"properties":{"d":"33003","load":3,"rf":0}},{"type":"Feature","geometry":{"type":"LineString","coordinates":[[7.0003,49.23046],[7.00097,49.23149]]},"properties":{"d":"33003","load":1,"rf":0}},{"type":"Feature","geometry":{"type":"LineString","coordinates":[[7.02062,49.22764],[7.01728,49.22807]]},"properties":{"d":"33003","load":63,"rf":0}},{"type":"Feature","geometry":{"type":"LineString","coordinates":[[7.02062,49.22764],[7.03699,49.23136]]},"properties":{"d":"33003","load":16,"rf":0}},{"type":"Feature","geometry":{"type":"LineString","coordinates":[[7.02061,49.23575],[7.01916,49.23549]]},"properties":{"d":"33003","load":1,"rf":0}},{"type":"Feature","geometry":{"type":"LineString","coordinates":[[6.99943,49.22568],[7.00039,49.22451]]},"properties":{"d":"33003","load":0,"rf":0}},{"type":"Feature","geometry":{"type":"LineString","coordinates":[[7.00885,49.21918],[7.00627,49.21768]]},"properties":{"d":"33003","load":0,"rf":0}},{"type":"Feature","geometry":{"type":"LineString","coordinates":[[7.00711,49.251],[7.00564,49.25071]]},"properties":{"d":"33003","load":0,"rf":0}},{"type":"Feature","geometry":{"type":"LineString","coordinates":[[7.02492,49.23811],[7.02999,49.23585]]},"properties":{"d":"33003","load":1,"rf":0}},{"type":"Feature","geometry":{"type":"LineString","coordinates":[[7.04408,49.22918],[7.03953,49.22835]]},"properties":{"d":"33003","load":0,"rf":0}},{"type":"Feature","geometry":{"type":"LineString","coordinates":[[7.04408,49.22918],[7.04536,49.23003]]},"properties":{"d":"33003","load":1,"rf":0}},{"type":"Feature","geometry":{"type":"LineString","coordinates":[[7.05843,49.23089],[7.06483,49.23626]]},"properties":{"d":"33003","load":0,"rf":0}},{"type":"Feature","geometry":{"type":"LineString","coordinates":[[7.00722,49.24823],[7.00815,49.24511]]},"properties":{"d":"33003","load":0,"rf":0}},{"type":"Feature","geometry":{"type":"LineString","coordinates":[[7.00171,49.23335],[7.00097,49.23149]]},"properties":{"d":"33003","load":0,"rf":0}},{"type":"Feature","geometry":{"type":"LineString","coordinates":[[7.03699,49.23136],[7.00848,49.2407]]},"properties":{"d":"33003","load":1,"rf":0}},{"type":"Feature","geometry":{"type":"LineString","coordinates":[[7.02486,49.23202],[7.0268,49.23269]]},"properties":{"d":"33003","load":0,"rf":0}},{"type":"Feature","geometry":{"type":"LineString","coordinates":[[7.02486,49.23202],[7.03035,49.23231]]},"properties":{"d":"33003","load":0,"rf":0}},{"type":"Feature","geometry":{"type":"LineString","coordinates":[[7.01194,49.24779],[7.00564,49.25071]]},"properties":{"d":"33003","load":1,"rf":0}},{"type":"Feature","geometry":{"type":"LineString","coordinates":[[7.00838,49.22764],[7.00488,49.23162]]},"properties":{"d":"33003","load":2,"rf":0}},{"type":"Feature","geometry":{"type":"LineString","coordinates":[[7.05773,49.25114],[7.06074,49.24472]]},"properties":{"d":"33003","load":0,"rf":0}},{"type":"Feature","geometry":{"type":"LineString","coordinates":[[7.05773,49.25114],[7.05461,49.24944]]},"properties":{"d":"33003","load":0,"rf":0}},{"type":"Feature","geometry":{"type":"LineString","coordinates":[[7.01171,49.22776],[7.01179,49.22583]]},"properties":{"d":"33003","load":3,"rf":0}},{"type":"Feature","geometry":{"type":"LineString","coordinates":[[7.01171,49.22776],[7.01269,49.22735]]},"properties":{"d":"33003","load":2,"rf":0}},{"type":"Feature","geometry":{"type":"LineString","coordinates":[[7.01673,49.2248],[7.01513,49.22567]]},"properties":{"d":"33003","load":1,"rf":0}},{"type":"Feature","geometry":{"type":"LineString","coordinates":[[7.03699,49.23136],[7.01673,49.2248]]},"properties":{"d":"33003","load":1,"rf":0}},{"type":"Feature","geometry":{"type":"LineString","coordinates":[[7.05565,49.24691],[7.06076,49.24809]]},"properties":{"d":"33003","load":0,"rf":0}},{"type":"Feature","geometry":{"type":"LineString","coordinates":[[7.01513,49.22567],[7.01467,49.22574]]},"properties":{"d":"33003","load":3,"rf":0}},{"type":"Feature","geometry":{"type":"LineString","coordinates":[[7.0371,49.23484],[7.03692,49.23689]]},"properties":{"d":"33003","load":16,"rf":0}},{"type":"Feature","geometry":{"type":"LineString","coordinates":[[7.03699,49.23136],[7.0371,49.23484]]},"properties":{"d":"33003","load":16,"rf":0}},{"type":"Feature","geometry":{"type":"LineString","coordinates":[[7.00589,49.23248],[7.00488,49.23162]]},"properties":{"d":"33003","load":0,"rf":0}},{"type":"Feature","geometry":{"type":"LineString","coordinates":[[7.00039,49.22451],[7.00459,49.2251]]},"properties":{"d":"33003","load":1,"rf":0}},{"type":"Feature","geometry":{"type":"LineString","coordinates":[[7.03759,49.2257],[7.03667,49.22868]]},"properties":{"d":"33003","load":14,"rf":0}},{"type":"Feature","geometry":{"type":"LineString","coordinates":[[7.03759,49.2257],[7.03977,49.22474]]},"properties":{"d":"33003","load":13,"rf":0}},{"type":"Feature","geometry":{"type":"LineString","coordinates":[[7.01584,49.24158],[7.01757,49.24421]]},"properties":{"d":"33003","load":0,"rf":0}},{"type":"Feature","geometry":{"type":"LineString","coordinates":[[7.07004,49.24321],[7.06108,49.24235]]},"properties":{"d":"33003","load":0,"rf":0}},{"type":"Feature","geometry":{"type":"LineString","coordinates":[[7.01728,49.23363],[7.03699,49.23136]]},"properties":{"d":"33003","load":0,"rf":0}},{"type":"Feature","geometry":{"type":"LineString","coordinates":[[7.03699,49.23136],[7.01454,49.21886]]},"properties":{"d":"33003","load":0,"rf":0}},{"type":"Feature","geometry":{"type":"LineString","coordinates":[[7.00164,49.23733],[7.002,49.24039]]},"properties":{"d":"33003","load":0,"rf":0}},{"type":"Feature","geometry":{"type":"LineString","coordinates":[[7.00164,49.23733],[7.00087,49.23508]]},"properties":{"d":"33003","load":2,"rf":0}},{"type":"Feature","geometry":{"type":"LineString","coordinates":[[7.03114,49.22603],[7.02701,49.2265]]},"properties":{"d":"33003","load":0,"rf":0}},{"type":"Feature","geometry":{"type":"LineString","coordinates":[[7.00815,49.24511],[7.00672,49.24293]]},"properties":{"d":"33003","load":1,"rf":0}},{"type":"Feature","geometry":{"type":"LineString","coordinates":[[7.03053,49.23012],[7.03138,49.22935]]},"properties":{"d":"33003","load":4,"rf":0}},{"type":"Feature","geometry":{"type":"LineString","coordinates":[[7.03699,49.23136],[7.03138,49.22935]]},"properties":{"d":"33003","load":5,"rf":0}},{"type":"Feature","geometry":{"type":"LineString","coordinates":[[7.01728,49.22807],[7.02048,49.23187]]},"properties":{"d":"33003","load":64,"rf":0}},{"type":"Feature","geometry":{"type":"LineString","coordinates":[[7.04025,49.22453],[7.03977,49.22474]]},"properties":{"d":"33003","load":4,"rf":0}},{"type":"Feature","geometry":{"type":"LineString","coordinates":[[7.03699,49.23136],[7.00476,49.23735]]},"properties":{"d":"33003","load":1,"rf":0}},{"type":"Feature","geometry":{"type":"LineString","coordinates":[[7.01757,49.24421],[7.01597,49.24287]]},"properties":{"d":"33003","load":0,"rf":0}},{"type":"Feature","geometry":{"type":"LineString","coordinates":[[7.00087,49.23508],[7.02365,49.22727]]},"properties":{"d":"33003","load":1,"rf":0}},{"type":"Feature","geometry":{"type":"LineString","coordinates":[[7.05421,49.25009],[7.05461,49.24944]]},"properties":{"d":"33003","load":0,"rf":0}},{"type":"Feature","geometry":{"type":"LineString","coordinates":[[7.06074,49.24472],[7.06108,49.24235]]},"properties":{"d":"33003","load":0,"rf":0}},{"type":"Feature","geometry":{"type":"LineString","coordinates":[[7.03699,49.23136],[7.0205,49.23051]]},"properties":{"d":"33003","load":1,"rf":0}},{"type":"Feature","geometry":{"type":"LineString","coordinates":[[7.04802,49.23179],[7.04405,49.23233]]},"properties":{"d":"33003","load":1,"rf":0}},{"type":"Feature","geometry":{"type":"LineString","coordinates":[[7.04802,49.23179],[7.04536,49.23003]]},"properties":{"d":"33003","load":1,"rf":0}},{"type":"Feature","geometry":{"type":"LineString","coordinates":[[7.06637,49.23547],[7.06483,49.23626]]},"properties":{"d":"33003","load":0,"rf":0}},{"type":"Feature","geometry":{"type":"LineString","coordinates":[[7.0321,49.2226],[7.0322,49.22278]]},"properties":{"d":"33003","load":3,"rf":0}},{"type":"Feature","geometry":{"type":"LineString","coordinates":[[7.00689,49.25009],[7.00564,49.25071]]},"properties":{"d":"33003","load":1,"rf":0}},{"type":"Feature","geometry":{"type":"LineString","coordinates":[[7.03554,49.22798],[7.03667,49.22868]]},"properties":{"d":"33003","load":1,"rf":0}},{"type":"Feature","geometry":{"type":"LineString","coordinates":[[7.01554,49.22447],[7.01554,49.22447]]},"properties":{"d":"33003","load":5,"rf":0}},{"type":"Feature","geometry":{"type":"LineString","coordinates":[[7.01554,49.22447],[7.03011,49.22903]]},"properties":{"d":"33003","load":0,"rf":0}},{"type":"Feature","geometry":{"type":"LineString","coordinates":[[7.01117,49.23804],[7.00942,49.23848]]},"properties":{"d":"33003","load":2,"rf":0}},{"type":"Feature","geometry":{"type":"LineString","coordinates":[[7.01397,49.22586],[7.01467,49.22574]]},"properties":{"d":"33003","load":4,"rf":0}},{"type":"Feature","geometry":{"type":"LineString","coordinates":[[7.01397,49.22586],[7.01269,49.22735]]},"properties":{"d":"33003","load":2,"rf":0}},{"type":"Feature","geometry":{"type":"LineString","coordinates":[[7.03756,49.25575],[7.03746,49.25581]]},"properties":{"d":"33003","load":3,"rf":0}},{"type":"Feature","geometry":{"type":"LineString","coordinates":[[7.00118,49.2315],[7.00097,49.23149]]},"properties":{"d":"33003","load":1,"rf":0}},{"type":"Feature","geometry":{"type":"LineString","coordinates":[[7.0142,49.22689],[7.01269,49.22735]]},"properties":{"d":"33003","load":1,"rf":0}},{"type":"Feature","geometry":{"type":"LineString","coordinates":[[7.0052,49.24127],[7.00562,49.24176]]},"properties":{"d":"33003","load":1,"rf":0}},{"type":"Feature","geometry":{"type":"LineString","coordinates":[[7.01815,49.22392],[7.01892,49.22413]]},"properties":{"d":"33003","load":1,"rf":0}},{"type":"Feature","geometry":{"type":"LineString","coordinates":[[7.01595,49.22489],[7.01614,49.22521]]},"properties":{"d":"33003","load":1,"rf":0}},{"type":"Feature","geometry":{"type":"LineString","coordinates":[[7.0206,49.22579],[7.02268,49.22612]]},"properties":{"d":"33003","load":4,"rf":0}},{"type":"Feature","geometry":{"type":"LineString","coordinates":[[7.02261,49.22703],[7.02258,49.22673]]},"properties":{"d":"33003","load":1,"rf":0}},{"type":"Feature","geometry":{"type":"LineString","coordinates":[[7.02347,49.22703],[7.02365,49.22727]]},"properties":{"d":"33003","load":1,"rf":0}},{"type":"Feature","geometry":{"type":"LineString","coordinates":[[7.03953,49.22835],[7.0385,49.22772]]},"properties":{"d":"33003","load":0,"rf":0}},{"type":"Feature","geometry":{"type":"LineString","coordinates":[[7.03699,49.23136],[7.03035,49.23231]]},"properties":{"d":"33003","load":0,"rf":0}},{"type":"Feature","geometry":{"type":"LineString","coordinates":[[7.03699,49.23136],[7.01723,49.24574]]},"properties":{"d":"33003","load":0,"rf":0}},{"type":"Feature","geometry":{"type":"LineString","coordinates":[[7.02268,49.22612],[7.02024,49.22395]]},"properties":{"d":"33003","load":5,"rf":0}},{"type":"Feature","geometry":{"type":"LineString","coordinates":[[7.03699,49.23136],[7.02268,49.22612]]},"properties":{"d":"33003","load":5,"rf":0}},{"type":"Feature","geometry":{"type":"LineString","coordinates":[[7.03699,49.23136],[7.03011,49.22903]]},"properties":{"d":"33003","load":0,"rf":0}},{"type":"Feature","geometry":{"type":"LineString","coordinates":[[7.01892,49.22413],[7.02024,49.22395]]},"properties":{"d":"33003","load":4,"rf":0}},{"type":"Feature","geometry":{"type":"LineString","coordinates":[[7.01892,49.22413],[7.01614,49.22521]]},"properties":{"d":"33003","load":5,"rf":0}},{"type":"Feature","geometry":{"type":"LineString","coordinates":[[7.03699,49.23136],[7.02258,49.22673]]},"properties":{"d":"33003","load":3,"rf":0}},{"type":"Feature","geometry":{"type":"LineString","coordinates":[[7.01554,49.22447],[7.01614,49.22521]]},"properties":{"d":"33003","load":5,"rf":0}},{"type":"Feature","geometry":{"type":"LineString","coordinates":[[7.03699,49.23136],[7.02365,49.22727]]},"properties":{"d":"33003","load":1,"rf":0}},{"type":"Feature","geometry":{"type":"LineString","coordinates":[[7.03699,49.23136],[7.03667,49.22868]]},"properties":{"d":"33003","load":12,"rf":0}},{"type":"Feature","geometry":{"type":"LineString","coordinates":[[7.04945,49.26506],[7.04952,49.26662]]},"properties":{"d":"33003","load":0,"rf":0}},{"type":"Feature","geometry":{"type":"LineString","coordinates":[[7.04945,49.26506],[7.04761,49.26008]]},"properties":{"d":"33003","load":0,"rf":0}},{"type":"Feature","geometry":{"type":"LineString","coordinates":[[7.03699,49.23136],[7.03771,49.28142]]},"properties":{"d":"33003","load":0,"rf":0}},{"type":"Feature","geometry":{"type":"LineString","coordinates":[[7.03699,49.23136],[7.02999,49.23585]]},"properties":{"d":"33003","load":1,"rf":0}},{"type":"Feature","geometry":{"type":"LineString","coordinates":[[7.02836,49.28321],[7.02595,49.28799]]},"properties":{"d":"33003","load":4,"rf":0}},{"type":"Feature","geometry":{"type":"LineString","coordinates":[[7.03699,49.23136],[7.04315,49.26449]]},"properties":{"d":"33003","load":0,"rf":0}},{"type":"Feature","geometry":{"type":"LineString","coordinates":[[7.00496,49.26734],[6.99525,49.2747]]},"properties":{"d":"33003","load":3,"rf":0}},{"type":"Feature","geometry":{"type":"LineString","coordinates":[[7.03699,49.23136],[7.03126,49.24887]]},"properties":{"d":"33003","load":3,"rf":0}},{"type":"Feature","geometry":{"type":"LineString","coordinates":[[7.04761,49.26008],[7.04592,49.2555]]},"properties":{"d":"33003","load":0,"rf":0}},{"type":"Feature","geometry":{"type":"LineString","coordinates":[[7.03699,49.23136],[7.02889,49.22563]]},"properties":{"d":"33003","load":31,"rf":0}},{"type":"Feature","geometry":{"type":"LineString","coordinates":[[7.03977,49.22474],[7.03945,49.22443]]},"properties":{"d":"33003","load":12,"rf":0}},{"type":"Feature","geometry":{"type":"LineString","coordinates":[[7.03699,49.23136],[7.0322,49.22278]]},"properties":{"d":"33003","load":9,"rf":0}},{"type":"Feature","geometry":{"type":"LineString","coordinates":[[7.03699,49.23136],[7.01865,49.23262]]},"properties":{"d":"33003","load":2,"rf":0}},{"type":"Feature","geometry":{"type":"LineString","coordinates":[[7.03699,49.23136],[7.04592,49.2555]]},"properties":{"d":"33003","load":18,"rf":0}},{"type":"Feature","geometry":{"type":"LineString","coordinates":[[7.03699,49.23136],[7.02305,49.2364]]},"properties":{"d":"33003","load":1,"rf":0}},{"type":"Feature","geometry":{"type":"LineString","coordinates":[[6.88581,49.26732],[6.88574,49.26753]]},"properties":{"d":"33005","load":17,"rf":0}},{"type":"Feature","geometry":{"type":"LineString","coordinates":[[6.88939,49.26806],[6.88574,49.26753]]},"properties":{"d":"33005","load":12,"rf":0}},{"type":"Feature","geometry":{"type":"LineString","coordinates":[[6.88876,49.27582],[6.88785,49.27645]]},"properties":{"d":"33005","load":0,"rf":0}},{"type":"Feature","geometry":{"type":"LineString","coordinates":[[6.88749,49.28139],[6.88767,49.28126]]},"properties":{"d":"33005","load":0,"rf":0}},{"type":"Feature","geometry":{"type":"LineString","coordinates":[[6.89596,49.2844],[6.89608,49.2834]]},"properties":{"d":"33005","load":0,"rf":0}},{"type":"Feature","geometry":{"type":"LineString","coordinates":[[6.87017,49.27822],[6.86076,49.27641]]},"properties":{"d":"33005","load":0,"rf":0}},{"type":"Feature","geometry":{"type":"LineString","coordinates":[[6.91073,49.27066],[6.90524,49.27814]]},"properties":{"d":"33005","load":0,"rf":0}},{"type":"Feature","geometry":{"type":"LineString","coordinates":[[6.88351,49.29302],[6.88189,49.29522]]},"properties":{"d":"33005","load":12,"rf":0}},{"type":"Feature","geometry":{"type":"LineString","coordinates":[[6.9009,49.28365],[6.88351,49.29302]]},"properties":{"d":"33005","load":4,"rf":0}},{"type":"Feature","geometry":{"type":"LineString","coordinates":[[6.88215,49.28367],[6.88409,49.27907]]},"properties":{"d":"33005","load":1,"rf":0}},{"type":"Feature","geometry":{"type":"LineString","coordinates":[[6.88215,49.28367],[6.88014,49.28769]]},"properties":{"d":"33005","load":2,"rf":0}},{"type":"Feature","geometry":{"type":"LineString","coordinates":[[6.87097,49.28359],[6.8752,49.28153]]},"properties":{"d":"33005","load":3,"rf":0}},{"type":"Feature","geometry":{"type":"LineString","coordinates":[[6.87097,49.28359],[6.87279,49.28186]]},"properties":{"d":"33005","load":6,"rf":0}},{"type":"Feature","geometry":{"type":"LineString","coordinates":[[6.88958,49.30098],[6.89836,49.29603]]},"properties":{"d":"33005","load":5,"rf":0}},{"type":"Feature","geometry":{"type":"LineString","coordinates":[[6.88958,49.30098],[6.89282,49.3036]]},"properties":{"d":"33005","load":2,"rf":0}},{"type":"Feature","geometry":{"type":"LineString","coordinates":[[6.9129,49.28054],[6.90524,49.27814]]},"properties":{"d":"33005","load":0,"rf":0}},{"type":"Feature","geometry":{"type":"LineString","coordinates":[[6.87721,49.29177],[6.87627,49.28819]]},"properties":{"d":"33005","load":5,"rf":0}},{"type":"Feature","geometry":{"type":"LineString","coordinates":[[6.87721,49.29177],[6.88189,49.29522]]},"properties":{"d":"33005","load":8,"rf":0}},{"type":"Feature","geometry":{"type":"LineString","coordinates":[[6.87721,49.29177],[6.87975,49.29021]]},"properties":{"d":"33005","load":2,"rf":0}},{"type":"Feature","geometry":{"type":"LineString","coordinates":[[6.89089,49.29342],[6.89753,49.29879]]},"properties":{"d":"33005","load":4,"rf":0}},{"type":"Feature","geometry":{"type":"LineString","coordinates":[[6.89089,49.29342],[6.8878,49.28948]]},"properties":{"d":"33005","load":1,"rf":0}},{"type":"Feature","geometry":{"type":"LineString","coordinates":[[6.8752,49.28153],[6.87788,49.28614]]},"properties":{"d":"33005","load":0,"rf":0}},{"type":"Feature","geometry":{"type":"LineString","coordinates":[[6.88499,49.28903],[6.88629,49.28657]]},"properties":{"d":"33005","load":3,"rf":0}},{"type":"Feature","geometry":{"type":"LineString","coordinates":[[6.88499,49.28903],[6.8878,49.28948]]},"properties":{"d":"33005","load":0,"rf":0}},{"type":"Feature","geometry":{"type":"LineString","coordinates":[[6.87788,49.28614],[6.87627,49.28819]]},"properties":{"d":"33005","load":3,"rf":0}},{"type":"Feature","geometry":{"type":"LineString","coordinates":[[6.89123,49.28665],[6.89217,49.2832]]},"properties":{"d":"33005","load":2,"rf":0}},{"type":"Feature","geometry":{"type":"LineString","coordinates":[[6.89123,49.28665],[6.88629,49.28657]]},"properties":{"d":"33005","load":5,"rf":0}},{"type":"Feature","geometry":{"type":"LineString","coordinates":[[6.89836,49.29603],[6.90372,49.29156]]},"properties":{"d":"33005","load":6,"rf":0}},{"type":"Feature","geometry":{"type":"LineString","coordinates":[[6.88409,49.27907],[6.88767,49.28126]]},"properties":{"d":"33005","load":1,"rf":0}},{"type":"Feature","geometry":{"type":"LineString","coordinates":[[6.87156,49.28108],[6.87279,49.28186]]},"properties":{"d":"33005","load":2,"rf":0}},{"type":"Feature","geometry":{"type":"LineString","coordinates":[[6.90047,49.27771],[6.89827,49.28071]]},"properties":{"d":"33005","load":2,"rf":0}},{"type":"Feature","geometry":{"type":"LineString","coordinates":[[6.90047,49.27771],[6.90467,49.27796]]},"properties":{"d":"33005","load":1,"rf":0}},{"type":"Feature","geometry":{"type":"LineString","coordinates":[[6.89217,49.2832],[6.89608,49.2834]]},"properties":{"d":"33005","load":3,"rf":0}},{"type":"Feature","geometry":{"type":"LineString","coordinates":[[6.90372,49.29156],[6.89833,49.28386]]},"properties":{"d":"33005","load":7,"rf":0}},{"type":"Feature","geometry":{"type":"LineString","coordinates":[[6.90421,49.28015],[6.90467,49.27796]]},"properties":{"d":"33005","load":0,"rf":0}},{"type":"Feature","geometry":{"type":"LineString","coordinates":[[6.90421,49.28015],[6.90527,49.2815]]},"properties":{"d":"33005","load":1,"rf":0}},{"type":"Feature","geometry":{"type":"LineString","coordinates":[[6.88918,49.30692],[6.89365,49.30388]]},"properties":{"d":"33005","load":1,"rf":0}},{"type":"Feature","geometry":{"type":"LineString","coordinates":[[6.88807,49.2815],[6.88902,49.27718]]},"properties":{"d":"33005","load":30,"rf":0}},{"type":"Feature","geometry":{"type":"LineString","coordinates":[[6.88807,49.2815],[6.88767,49.28126]]},"properties":{"d":"33005","load":1,"rf":0}},{"type":"Feature","geometry":{"type":"LineString","coordinates":[[6.9009,49.28365],[6.88807,49.2815]]},"properties":{"d":"33005","load":8,"rf":0}},{"type":"Feature","geometry":{"type":"LineString","coordinates":[[6.88871,49.2895],[6.8878,49.28948]]},"properties":{"d":"33005","load":1,"rf":0}},{"type":"Feature","geometry":{"type":"LineString","coordinates":[[6.9009,49.28365],[6.89827,49.28071]]},"properties":{"d":"33005","load":6,"rf":0}},{"type":"Feature","geometry":{"type":"LineString","coordinates":[[6.88902,49.27718],[6.88785,49.27645]]},"properties":{"d":"33005","load":29,"rf":0}},{"type":"Feature","geometry":{"type":"LineString","coordinates":[[6.9009,49.28365],[6.89833,49.28386]]},"properties":{"d":"33005","load":10,"rf":0}},{"type":"Feature","geometry":{"type":"LineString","coordinates":[[6.9009,49.28365],[6.87342,49.27963]]},"properties":{"d":"33005","load":2,"rf":0}},{"type":"Feature","geometry":{"type":"LineString","coordinates":[[6.90467,49.27796],[6.90524,49.27814]]},"properties":{"d":"33005","load":0,"rf":0}},{"type":"Feature","geometry":{"type":"LineString","coordinates":[[6.87017,49.27822],[6.87342,49.27963]]},"properties":{"d":"33005","load":0,"rf":0}},{"type":"Feature","geometry":{"type":"LineString","coordinates":[[6.87342,49.27963],[6.87279,49.28186]]},"properties":{"d":"33005","load":8,"rf":0}},{"type":"Feature","geometry":{"type":"LineString","coordinates":[[6.89282,49.3036],[6.89365,49.30388]]},"properties":{"d":"33005","load":1,"rf":0}},{"type":"Feature","geometry":{"type":"LineString","coordinates":[[6.89753,49.29879],[6.9009,49.28365]]},"properties":{"d":"33005","load":4,"rf":0}},{"type":"Feature","geometry":{"type":"LineString","coordinates":[[6.88363,49.27384],[6.88574,49.26753]]},"properties":{"d":"33005","load":29,"rf":0}},{"type":"Feature","geometry":{"type":"LineString","coordinates":[[6.88363,49.27384],[6.88785,49.27645]]},"properties":{"d":"33005","load":29,"rf":0}},{"type":"Feature","geometry":{"type":"LineString","coordinates":[[6.90493,49.28187],[6.90527,49.2815]]},"properties":{"d":"33005","load":1,"rf":0}},{"type":"Feature","geometry":{"type":"LineString","coordinates":[[6.90578,49.28132],[6.90527,49.2815]]},"properties":{"d":"33005","load":1,"rf":0}},{"type":"Feature","geometry":{"type":"LineString","coordinates":[[6.9009,49.28365],[6.90578,49.28132]]},"properties":{"d":"33005","load":3,"rf":0}},{"type":"Feature","geometry":{"type":"LineString","coordinates":[[6.87987,49.29723],[6.87987,49.29723]]},"properties":{"d":"33005","load":0,"rf":0}},{"type":"Feature","geometry":{"type":"LineString","coordinates":[[6.9009,49.28365],[6.87987,49.29723]]},"properties":{"d":"33005","load":2,"rf":0}},{"type":"Feature","geometry":{"type":"LineString","coordinates":[[6.9009,49.28365],[6.89608,49.2834]]},"properties":{"d":"33005","load":3,"rf":0}},{"type":"Feature","geometry":{"type":"LineString","coordinates":[[6.9009,49.28365],[6.87987,49.29723]]},"properties":{"d":"33005","load":0,"rf":0}},{"type":"Feature","geometry":{"type":"LineString","coordinates":[[6.85,49.332],[6.85,49.332]]},"properties":{"d":"33006","load":4,"rf":0}},{"type":"Feature","geometry":{"type":"LineString","coordinates":[[6.85,49.332],[6.85,49.332]]},"properties":{"d":"33006","load":4,"rf":0}},{"type":"Feature","geometry":{"type":"LineString","coordinates":[[6.85035,49.33196],[6.85,49.332]]},"properties":{"d":"33006","load":12,"rf":0}},{"type":"Feature","geometry":{"type":"LineString","coordinates":[[6.83101,49.38369],[6.82959,49.38555]]},"properties":{"d":"33006","load":47,"rf":0}},{"type":"Feature","geometry":{"type":"LineString","coordinates":[[6.75774,49.38859],[6.76148,49.38884]]},"properties":{"d":"33006","load":27,"rf":0}},{"type":"Feature","geometry":{"type":"LineString","coordinates":[[6.78351,49.36028],[6.78351,49.3602]]},"properties":{"d":"33006","load":0,"rf":0}},{"type":"Feature","geometry":{"type":"LineString","coordinates":[[6.85473,49.32233],[6.85256,49.32124]]},"properties":{"d":"33006","load":0,"rf":0}},{"type":"Feature","geometry":{"type":"LineString","coordinates":[[6.83556,49.39366],[6.83502,49.39364]]},"properties":{"d":"33006","load":0,"rf":0}},{"type":"Feature","geometry":{"type":"LineString","coordinates":[[6.821,49.35584],[6.81715,49.35268]]},"properties":{"d":"33006","load":0,"rf":0}},{"type":"Feature","geometry":{"type":"LineString","coordinates":[[6.88422,49.36182],[6.88437,49.36113]]},"properties":{"d":"33006","load":0,"rf":0}},{"type":"Feature","geometry":{"type":"LineString","coordinates":[[6.79438,49.37789],[6.79274,49.37889]]},"properties":{"d":"33006","load":7,"rf":0}},{"type":"Feature","geometry":{"type":"LineString","coordinates":[[6.82274,49.36045],[6.85242,49.36025]]},"properties":{"d":"33006","load":7,"rf":0}},{"type":"Feature","geometry":{"type":"LineString","coordinates":[[6.82274,49.36045],[6.78351,49.3602]]},"properties":{"d":"33006","load":7,"rf":0}},{"type":"Feature","geometry":{"type":"LineString","coordinates":[[6.84053,49.34294],[6.839,49.34051]]},"properties":{"d":"33006","load":0,"rf":0}},{"type":"Feature","geometry":{"type":"LineString","coordinates":[[6.85035,49.33196],[6.85331,49.33666]]},"properties":{"d":"33006","load":12,"rf":0}},{"type":"Feature","geometry":{"type":"LineString","coordinates":[[6.8523,49.35302],[6.85242,49.36025]]},"properties":{"d":"33006","load":6,"rf":0}},{"type":"Feature","geometry":{"type":"LineString","coordinates":[[6.84938,49.33943],[6.84846,49.33797]]},"properties":{"d":"33006","load":1,"rf":0}},{"type":"Feature","geometry":{"type":"LineString","coordinates":[[6.85948,49.32856],[6.85757,49.33062]]},"properties":{"d":"33006","load":3,"rf":0}},{"type":"Feature","geometry":{"type":"LineString","coordinates":[[6.85948,49.32856],[6.85473,49.32233]]},"properties":{"d":"33006","load":2,"rf":0}},{"type":"Feature","geometry":{"type":"LineString","coordinates":[[6.85985,49.33613],[6.76597,49.36009]]},"properties":{"d":"33006","load":2,"rf":0}},{"type":"Feature","geometry":{"type":"LineString","coordinates":[[6.85985,49.33613],[6.86237,49.33476]]},"properties":{"d":"33006","load":8,"rf":0}},{"type":"Feature","geometry":{"type":"LineString","coordinates":[[6.85757,49.33062],[6.86237,49.33476]]},"properties":{"d":"33006","load":5,"rf":0}},{"type":"Feature","geometry":{"type":"LineString","coordinates":[[6.86332,49.33397],[6.86605,49.33269]]},"properties":{"d":"33006","load":3,"rf":0}},{"type":"Feature","geometry":{"type":"LineString","coordinates":[[6.86332,49.33397],[6.86237,49.33476]]},"properties":{"d":"33006","load":0,"rf":0}},{"type":"Feature","geometry":{"type":"LineString","coordinates":[[6.86332,49.33397],[6.76597,49.36009]]},"properties":{"d":"33006","load":2,"rf":0}},{"type":"Feature","geometry":{"type":"LineString","coordinates":[[6.86762,49.33599],[6.86237,49.33476]]},"properties":{"d":"33006","load":3,"rf":0}},{"type":"Feature","geometry":{"type":"LineString","coordinates":[[6.87336,49.3601],[6.88525,49.36046]]},"properties":{"d":"33006","load":2,"rf":0}},{"type":"Feature","geometry":{"type":"LineString","coordinates":[[6.87336,49.3601],[6.76597,49.36009]]},"properties":{"d":"33006","load":2,"rf":0}},{"type":"Feature","geometry":{"type":"LineString","coordinates":[[6.87336,49.3601],[6.76597,49.36009]]},"properties":{"d":"33006","load":3,"rf":0}},{"type":"Feature","geometry":{"type":"LineString","coordinates":[[6.87336,49.3601],[6.88437,49.36113]]},"properties":{"d":"33006","load":3,"rf":0}},{"type":"Feature","geometry":{"type":"LineString","coordinates":[[6.89218,49.36187],[6.90586,49.35813]]},"properties":{"d":"33006","load":0,"rf":0}},{"type":"Feature","geometry":{"type":"LineString","coordinates":[[6.89218,49.36187],[6.88437,49.36113]]},"properties":{"d":"33006","load":3,"rf":0}},{"type":"Feature","geometry":{"type":"LineString","coordinates":[[6.86309,49.35987],[6.76597,49.36009]]},"properties":{"d":"33006","load":3,"rf":0}},{"type":"Feature","geometry":{"type":"LineString","coordinates":[[6.88525,49.36046],[6.91564,49.36426]]},"properties":{"d":"33006","load":0,"rf":0}},{"type":"Feature","geometry":{"type":"LineString","coordinates":[[6.8682,49.35787],[6.86413,49.35857]]},"properties":{"d":"33006","load":1,"rf":0}},{"type":"Feature","geometry":{"type":"LineString","coordinates":[[6.87562,49.36252],[6.76597,49.36009]]},"properties":{"d":"33006","load":4,"rf":0}},{"type":"Feature","geometry":{"type":"LineString","coordinates":[[6.87317,49.37123],[6.76597,49.36009]]},"properties":{"d":"33006","load":3,"rf":0}},{"type":"Feature","geometry":{"type":"LineString","coordinates":[[6.76701,49.38736],[6.76133,49.38976]]},"properties":{"d":"33006","load":0,"rf":0}},{"type":"Feature","geometry":{"type":"LineString","coordinates":[[6.76133,49.38976],[6.76148,49.38884]]},"properties":{"d":"33006","load":0,"rf":0}},{"type":"Feature","geometry":{"type":"LineString","coordinates":[[6.77183,49.35223],[6.77512,49.35454]]},"properties":{"d":"33006","load":0,"rf":0}},{"type":"Feature","geometry":{"type":"LineString","coordinates":[[6.83482,49.39573],[6.83832,49.39656]]},"properties":{"d":"33006","load":1,"rf":0}},{"type":"Feature","geometry":{"type":"LineString","coordinates":[[6.83482,49.39573],[6.83502,49.39364]]},"properties":{"d":"33006","load":0,"rf":0}},{"type":"Feature","geometry":{"type":"LineString","coordinates":[[6.80094,49.38763],[6.79255,49.38179]]},"properties":{"d":"33006","load":2,"rf":0}},{"type":"Feature","geometry":{"type":"LineString","coordinates":[[6.80094,49.38763],[6.79825,49.39144]]},"properties":{"d":"33006","load":0,"rf":0}},{"type":"Feature","geometry":{"type":"LineString","coordinates":[[6.76597,49.36009],[6.7885,49.37915]]},"properties":{"d":"33006","load":4,"rf":0}},{"type":"Feature","geometry":{"type":"LineString","coordinates":[[6.79185,49.37581],[6.79284,49.37094]]},"properties":{"d":"33006","load":2,"rf":0}},{"type":"Feature","geometry":{"type":"LineString","coordinates":[[6.78769,49.38313],[6.78606,49.388]]},"properties":{"d":"33006","load":0,"rf":0}},{"type":"Feature","geometry":{"type":"LineString","coordinates":[[6.78769,49.38313],[6.76597,49.36009]]},"properties":{"d":"33006","load":2,"rf":0}},{"type":"Feature","geometry":{"type":"LineString","coordinates":[[6.78769,49.38313],[6.78309,49.38055]]},"properties":{"d":"33006","load":5,"rf":0}},{"type":"Feature","geometry":{"type":"LineString","coordinates":[[6.79398,49.37213],[6.79284,49.37241]]},"properties":{"d":"33006","load":7,"rf":0}},{"type":"Feature","geometry":{"type":"LineString","coordinates":[[6.78641,49.37786],[6.79284,49.37241]]},"properties":{"d":"33006","load":2,"rf":0}},{"type":"Feature","geometry":{"type":"LineString","coordinates":[[6.7885,49.37915],[6.79255,49.38179]]},"properties":{"d":"33006","load":3,"rf":0}},{"type":"Feature","geometry":{"type":"LineString","coordinates":[[6.78305,49.36136],[6.79284,49.37094]]},"properties":{"d":"33006","load":2,"rf":0}},{"type":"Feature","geometry":{"type":"LineString","coordinates":[[6.76597,49.36009],[6.78305,49.36136]]},"properties":{"d":"33006","load":6,"rf":0}},{"type":"Feature","geometry":{"type":"LineString","coordinates":[[6.83795,49.39017],[6.82917,49.38725]]},"properties":{"d":"33006","load":1,"rf":0}},{"type":"Feature","geometry":{"type":"LineString","coordinates":[[6.83795,49.39017],[6.84067,49.38637]]},"properties":{"d":"33006","load":1,"rf":0}},{"type":"Feature","geometry":{"type":"LineString","coordinates":[[6.77702,49.37459],[6.76597,49.36009]]},"properties":{"d":"33006","load":2,"rf":0}},{"type":"Feature","geometry":{"type":"LineString","coordinates":[[6.77702,49.37459],[6.78342,49.37583]]},"properties":{"d":"33006","load":0,"rf":0}},{"type":"Feature","geometry":{"type":"LineString","coordinates":[[6.82548,49.38542],[6.83431,49.39008]]},"properties":{"d":"33006","load":3,"rf":0}},{"type":"Feature","geometry":{"type":"LineString","coordinates":[[6.82548,49.38542],[6.76597,49.36009]]},"properties":{"d":"33006","load":2,"rf":0}},{"type":"Feature","geometry":{"type":"LineString","coordinates":[[6.81722,49.38184],[6.8125,49.38187]]},"properties":{"d":"33006","load":1,"rf":0}},{"type":"Feature","geometry":{"type":"LineString","coordinates":[[6.81722,49.38184],[6.8177,49.38156]]},"properties":{"d":"33006","load":1,"rf":0}},{"type":"Feature","geometry":{"type":"LineString","coordinates":[[6.77834,49.3651],[6.77428,49.3634]]},"properties":{"d":"33006","load":0,"rf":0}},{"type":"Feature","geometry":{"type":"LineString","coordinates":[[6.77913,49.36469],[6.77834,49.3651]]},"properties":{"d":"33006","load":3,"rf":0}},{"type":"Feature","geometry":{"type":"LineString","coordinates":[[6.77991,49.38057],[6.78242,49.37811]]},"properties":{"d":"33006","load":1,"rf":0}},{"type":"Feature","geometry":{"type":"LineString","coordinates":[[6.77991,49.38057],[6.7766,49.38286]]},"properties":{"d":"33006","load":0,"rf":0}},{"type":"Feature","geometry":{"type":"LineString","coordinates":[[6.76597,49.36009],[6.82917,49.38725]]},"properties":{"d":"33006","load":2,"rf":0}},{"type":"Feature","geometry":{"type":"LineString","coordinates":[[6.77586,49.37851],[6.78242,49.37811]]},"properties":{"d":"33006","load":1,"rf":0}},{"type":"Feature","geometry":{"type":"LineString","coordinates":[[6.78242,49.37811],[6.78342,49.37583]]},"properties":{"d":"33006","load":1,"rf":0}},{"type":"Feature","geometry":{"type":"LineString","coordinates":[[6.78242,49.37811],[6.78309,49.38055]]},"properties":{"d":"33006","load":5,"rf":0}},{"type":"Feature","geometry":{"type":"LineString","coordinates":[[6.80659,49.39051],[6.79602,49.3812]]},"properties":{"d":"33006","load":3,"rf":0}},{"type":"Feature","geometry":{"type":"LineString","coordinates":[[6.80659,49.39051],[6.81131,49.3899]]},"properties":{"d":"33006","load":2,"rf":0}},{"type":"Feature","geometry":{"type":"LineString","coordinates":[[6.8227,49.39196],[6.81977,49.39138]]},"properties":{"d":"33006","load":1,"rf":0}},{"type":"Feature","geometry":{"type":"LineString","coordinates":[[6.84228,49.39281],[6.83832,49.39656]]},"properties":{"d":"33006","load":2,"rf":0}},{"type":"Feature","geometry":{"type":"LineString","coordinates":[[6.84228,49.39281],[6.83431,49.39008]]},"properties":{"d":"33006","load":3,"rf":0}},{"type":"Feature","geometry":{"type":"LineString","coordinates":[[6.81577,49.3907],[6.81977,49.39138]]},"properties":{"d":"33006","load":1,"rf":0}},{"type":"Feature","geometry":{"type":"LineString","coordinates":[[6.81577,49.3907],[6.81131,49.3899]]},"properties":{"d":"33006","load":2,"rf":0}},{"type":"Feature","geometry":{"type":"LineString","coordinates":[[6.82277,49.38333],[6.82959,49.38555]]},"properties":{"d":"33006","load":45,"rf":0}},{"type":"Feature","geometry":{"type":"LineString","coordinates":[[6.76597,49.36009],[6.82277,49.38333]]},"properties":{"d":"33006","load":45,"rf":0}},{"type":"Feature","geometry":{"type":"LineString","coordinates":[[6.80058,49.39496],[6.80058,49.39276]]},"properties":{"d":"33006","load":1,"rf":0}},{"type":"Feature","geometry":{"type":"LineString","coordinates":[[6.80058,49.39496],[6.79499,49.39735]]},"properties":{"d":"33006","load":0,"rf":0}},{"type":"Feature","geometry":{"type":"LineString","coordinates":[[6.78646,49.36718],[6.79284,49.37094]]},"properties":{"d":"33006","load":0,"rf":0}},{"type":"Feature","geometry":{"type":"LineString","coordinates":[[6.84067,49.38637],[6.84584,49.39071]]},"properties":{"d":"33006","load":0,"rf":0}},{"type":"Feature","geometry":{"type":"LineString","coordinates":[[6.80058,49.39276],[6.80379,49.3892]]},"properties":{"d":"33006","load":3,"rf":0}},{"type":"Feature","geometry":{"type":"LineString","coordinates":[[6.80058,49.39276],[6.79825,49.39144]]},"properties":{"d":"33006","load":1,"rf":0}},{"type":"Feature","geometry":{"type":"LineString","coordinates":[[6.80718,49.38712],[6.80379,49.3892]]},"properties":{"d":"33006","load":4,"rf":0}},{"type":"Feature","geometry":{"type":"LineString","coordinates":[[6.80718,49.38712],[6.76597,49.36009]]},"properties":{"d":"33006","load":2,"rf":0}},{"type":"Feature","geometry":{"type":"LineString","coordinates":[[6.84584,49.39071],[6.83515,49.39226]]},"properties":{"d":"33006","load":0,"rf":0}},{"type":"Feature","geometry":{"type":"LineString","coordinates":[[6.81419,49.3787],[6.8177,49.38156]]},"properties":{"d":"33006","load":1,"rf":0}},{"type":"Feature","geometry":{"type":"LineString","coordinates":[[6.76597,49.36009],[6.81419,49.3787]]},"properties":{"d":"33006","load":2,"rf":0}},{"type":"Feature","geometry":{"type":"LineString","coordinates":[[6.83515,49.39226],[6.83502,49.39364]]},"properties":{"d":"33006","load":0,"rf":0}},{"type":"Feature","geometry":{"type":"LineString","coordinates":[[6.79602,49.3812],[6.79274,49.37889]]},"properties":{"d":"33006","load":3,"rf":0}},{"type":"Feature","geometry":{"type":"LineString","coordinates":[[6.79822,49.36396],[6.80217,49.36098]]},"properties":{"d":"33006","load":2,"rf":0}},{"type":"Feature","geometry":{"type":"LineString","coordinates":[[6.79822,49.36396],[6.79569,49.36708]]},"properties":{"d":"33006","load":1,"rf":0}},{"type":"Feature","geometry":{"type":"LineString","coordinates":[[6.76597,49.36009],[6.79822,49.36396]]},"properties":{"d":"33006","load":4,"rf":0}},{"type":"Feature","geometry":{"type":"LineString","coordinates":[[6.81913,49.35165],[6.82972,49.35129]]},"properties":{"d":"33006","load":0,"rf":0}},{"type":"Feature","geometry":{"type":"LineString","coordinates":[[6.81913,49.35165],[6.81038,49.35307]]},"properties":{"d":"33006","load":0,"rf":0}},{"type":"Feature","geometry":{"type":"LineString","coordinates":[[6.81913,49.35165],[6.81715,49.35268]]},"properties":{"d":"33006","load":4,"rf":0}},{"type":"Feature","geometry":{"type":"LineString","coordinates":[[6.79484,49.35464],[6.79814,49.35682]]},"properties":{"d":"33006","load":0,"rf":0}},{"type":"Feature","geometry":{"type":"LineString","coordinates":[[6.76597,49.36009],[6.79484,49.35464]]},"properties":{"d":"33006","load":5,"rf":0}},{"type":"Feature","geometry":{"type":"LineString","coordinates":[[6.80847,49.34528],[6.80415,49.3484]]},"properties":{"d":"33006","load":0,"rf":0}},{"type":"Feature","geometry":{"type":"LineString","coordinates":[[6.81069,49.34245],[6.80847,49.34528]]},"properties":{"d":"33006","load":0,"rf":0}},{"type":"Feature","geometry":{"type":"LineString","coordinates":[[6.80847,49.34528],[6.80533,49.34779]]},"properties":{"d":"33006","load":3,"rf":0}},{"type":"Feature","geometry":{"type":"LineString","coordinates":[[6.80909,49.35024],[6.81527,49.35365]]},"properties":{"d":"33006","load":5,"rf":0}},{"type":"Feature","geometry":{"type":"LineString","coordinates":[[6.80909,49.35024],[6.80415,49.3484]]},"properties":{"d":"33006","load":8,"rf":0}},{"type":"Feature","geometry":{"type":"LineString","coordinates":[[6.7895,49.35642],[6.79814,49.35682]]},"properties":{"d":"33006","load":4,"rf":0}},{"type":"Feature","geometry":{"type":"LineString","coordinates":[[6.7895,49.35642],[6.78803,49.35218]]},"properties":{"d":"33006","load":13,"rf":0}},{"type":"Feature","geometry":{"type":"LineString","coordinates":[[6.78437,49.34407],[6.78241,49.35011]]},"properties":{"d":"33006","load":0,"rf":0}},{"type":"Feature","geometry":{"type":"LineString","coordinates":[[6.78241,49.35011],[6.77512,49.35454]]},"properties":{"d":"33006","load":25,"rf":0}},{"type":"Feature","geometry":{"type":"LineString","coordinates":[[6.78241,49.35011],[6.78803,49.35218]]},"properties":{"d":"33006","load":13,"rf":0}},{"type":"Feature","geometry":{"type":"LineString","coordinates":[[6.80632,49.35302],[6.80538,49.35615]]},"properties":{"d":"33006","load":5,"rf":0}},{"type":"Feature","geometry":{"type":"LineString","coordinates":[[6.80632,49.35302],[6.81038,49.35307]]},"properties":{"d":"33006","load":2,"rf":0}},{"type":"Feature","geometry":{"type":"LineString","coordinates":[[6.80062,49.35221],[6.80317,49.35488]]},"properties":{"d":"33006","load":6,"rf":0}},{"type":"Feature","geometry":{"type":"LineString","coordinates":[[6.80062,49.35221],[6.80313,49.3489]]},"properties":{"d":"33006","load":3,"rf":0}},{"type":"Feature","geometry":{"type":"LineString","coordinates":[[6.8107,49.35979],[6.80538,49.35615]]},"properties":{"d":"33006","load":9,"rf":0}},{"type":"Feature","geometry":{"type":"LineString","coordinates":[[6.8107,49.35979],[6.76597,49.36009]]},"properties":{"d":"33006","load":2,"rf":0}},{"type":"Feature","geometry":{"type":"LineString","coordinates":[[6.81527,49.35365],[6.81715,49.35268]]},"properties":{"d":"33006","load":4,"rf":0}},{"type":"Feature","geometry":{"type":"LineString","coordinates":[[6.79713,49.34832],[6.80284,49.34864]]},"properties":{"d":"33006","load":3,"rf":0}},{"type":"Feature","geometry":{"type":"LineString","coordinates":[[6.80415,49.3484],[6.76597,49.36009]]},"properties":{"d":"33006","load":2,"rf":0}},{"type":"Feature","geometry":{"type":"LineString","coordinates":[[6.80415,49.3484],[6.80533,49.34779]]},"properties":{"d":"33006","load":3,"rf":0}},{"type":"Feature","geometry":{"type":"LineString","coordinates":[[6.76597,49.36009],[6.80317,49.35488]]},"properties":{"d":"33006","load":7,"rf":0}},{"type":"Feature","geometry":{"type":"LineString","coordinates":[[6.79113,49.34043],[6.78437,49.34407]]},"properties":{"d":"33006","load":0,"rf":0}},{"type":"Feature","geometry":{"type":"LineString","coordinates":[[6.81069,49.34245],[6.8071,49.33601]]},"properties":{"d":"33006","load":0,"rf":0}},{"type":"Feature","geometry":{"type":"LineString","coordinates":[[6.76701,49.38736],[6.84415,49.36785]]},"properties":{"d":"33006","load":0,"rf":0}},{"type":"Feature","geometry":{"type":"LineString","coordinates":[[6.78599,49.40119],[6.78894,49.39993]]},"properties":{"d":"33006","load":0,"rf":0}},{"type":"Feature","geometry":{"type":"LineString","coordinates":[[6.78726,49.39825],[6.78894,49.39993]]},"properties":{"d":"33006","load":0,"rf":0}},{"type":"Feature","geometry":{"type":"LineString","coordinates":[[6.79877,49.40111],[6.79499,49.39735]]},"properties":{"d":"33006","load":0,"rf":0}},{"type":"Feature","geometry":{"type":"LineString","coordinates":[[6.84283,49.36578],[6.76597,49.36009]]},"properties":{"d":"33006","load":3,"rf":0}},{"type":"Feature","geometry":{"type":"LineString","coordinates":[[6.78546,49.35029],[6.78546,49.35029]]},"properties":{"d":"33006","load":0,"rf":0}},{"type":"Feature","geometry":{"type":"LineString","coordinates":[[6.76597,49.36009],[6.78546,49.35029]]},"properties":{"d":"33006","load":1,"rf":0}},{"type":"Feature","geometry":{"type":"LineString","coordinates":[[6.78748,49.35171],[6.78803,49.35218]]},"properties":{"d":"33006","load":1,"rf":0}},{"type":"Feature","geometry":{"type":"LineString","coordinates":[[6.76597,49.36009],[6.77913,49.36469]]},"properties":{"d":"33006","load":2,"rf":0}},{"type":"Feature","geometry":{"type":"LineString","coordinates":[[6.83014,49.38573],[6.82959,49.38555]]},"properties":{"d":"33006","load":2,"rf":0}},{"type":"Feature","geometry":{"type":"LineString","coordinates":[[6.839,49.34051],[6.85331,49.33666]]},"properties":{"d":"33006","load":8,"rf":0}},{"type":"Feature","geometry":{"type":"LineString","coordinates":[[6.76597,49.36009],[6.839,49.34051]]},"properties":{"d":"33006","load":8,"rf":0}},{"type":"Feature","geometry":{"type":"LineString","coordinates":[[6.76597,49.36009],[6.86345,49.36209]]},"properties":{"d":"33006","load":3,"rf":0}},{"type":"Feature","geometry":{"type":"LineString","coordinates":[[6.85242,49.36025],[6.86413,49.35857]]},"properties":{"d":"33006","load":1,"rf":0}},{"type":"Feature","geometry":{"type":"LineString","coordinates":[[6.86326,49.33423],[6.84846,49.33797]]},"properties":{"d":"33006","load":0,"rf":0}},{"type":"Feature","geometry":{"type":"LineString","coordinates":[[6.76597,49.36009],[6.84846,49.33797]]},"properties":{"d":"33006","load":1,"rf":0}},{"type":"Feature","geometry":{"type":"LineString","coordinates":[[6.86714,49.36164],[6.76597,49.36009]]},"properties":{"d":"33006","load":3,"rf":0}},{"type":"Feature","geometry":{"type":"LineString","coordinates":[[6.76597,49.36009],[6.87225,49.36123]]},"properties":{"d":"33006","load":3,"rf":0}},{"type":"Feature","geometry":{"type":"LineString","coordinates":[[6.76597,49.36009],[6.77512,49.35454]]},"properties":{"d":"33006","load":25,"rf":0}},{"type":"Feature","geometry":{"type":"LineString","coordinates":[[6.78894,49.39993],[6.79499,49.39735]]},"properties":{"d":"33006","load":0,"rf":0}},{"type":"Feature","geometry":{"type":"LineString","coordinates":[[6.76597,49.36009],[6.78546,49.35029]]},"properties":{"d":"33006","load":0,"rf":0}},{"type":"Feature","geometry":{"type":"LineString","coordinates":[[6.76597,49.36009],[6.76148,49.38884]]},"properties":{"d":"33006","load":18,"rf":0}},{"type":"Feature","geometry":{"type":"LineString","coordinates":[[6.76597,49.36009],[6.78351,49.3602]]},"properties":{"d":"33006","load":7,"rf":0}},{"type":"Feature","geometry":{"type":"LineString","coordinates":[[6.76597,49.36009],[6.79274,49.37889]]},"properties":{"d":"33006","load":9,"rf":0}},{"type":"Feature","geometry":{"type":"LineString","coordinates":[[6.80313,49.3489],[6.80284,49.34864]]},"properties":{"d":"33006","load":3,"rf":0}},{"type":"Feature","geometry":{"type":"LineString","coordinates":[[6.76597,49.36009],[6.79284,49.37241]]},"properties":{"d":"33006","load":9,"rf":0}},{"type":"Feature","geometry":{"type":"LineString","coordinates":[[6.8811,49.2476],[6.8811,49.2476]]},"properties":{"d":"33015","load":45,"rf":0}},{"type":"Feature","geometry":{"type":"LineString","coordinates":[[6.8811,49.2476],[6.8811,49.2476]]},"properties":{"d":"33015","load":45,"rf":0}},{"type":"Feature","geometry":{"type":"LineString","coordinates":[[6.8811,49.2476],[6.8811,49.2476]]},"properties":{"d":"33015","load":45,"rf":0}},{"type":"Feature","geometry":{"type":"LineString","coordinates":[[6.8811,49.2476],[6.8811,49.2476]]},"properties":{"d":"33015","load":45,"rf":0}},{"type":"Feature","geometry":{"type":"LineString","coordinates":[[6.8811,49.2476],[6.8811,49.2476]]},"properties":{"d":"33015","load":45,"rf":0}},{"type":"Feature","geometry":{"type":"LineString","coordinates":[[6.8811,49.2476],[6.88103,49.2477]]},"properties":{"d":"33015","load":20,"rf":0}},{"type":"Feature","geometry":{"type":"LineString","coordinates":[[6.88109,49.24771],[6.88109,49.24771]]},"properties":{"d":"33015","load":40,"rf":0}},{"type":"Feature","geometry":{"type":"LineString","coordinates":[[6.88109,49.24771],[6.88109,49.24771]]},"properties":{"d":"33015","load":40,"rf":0}},{"type":"Feature","geometry":{"type":"LineString","coordinates":[[6.88109,49.24771],[6.88109,49.24771]]},"properties":{"d":"33015","load":40,"rf":0}},{"type":"Feature","geometry":{"type":"LineString","coordinates":[[6.88109,49.24771],[6.88109,49.24771]]},"properties":{"d":"33015","load":40,"rf":0}},{"type":"Feature","geometry":{"type":"LineString","coordinates":[[6.88109,49.24771],[6.88109,49.24771]]},"properties":{"d":"33015","load":40,"rf":0}},{"type":"Feature","geometry":{"type":"LineString","coordinates":[[6.88109,49.24771],[6.88109,49.24771]]},"properties":{"d":"33015","load":40,"rf":0}},{"type":"Feature","geometry":{"type":"LineString","coordinates":[[6.88109,49.24771],[6.88109,49.24771]]},"properties":{"d":"33015","load":40,"rf":0}},{"type":"Feature","geometry":{"type":"LineString","coordinates":[[6.88109,49.24771],[6.88108,49.24772]]},"properties":{"d":"33015","load":15,"rf":0}},{"type":"Feature","geometry":{"type":"LineString","coordinates":[[6.88145,49.24367],[6.88199,49.24399]]},"properties":{"d":"33015","load":50,"rf":0}},{"type":"Feature","geometry":{"type":"LineString","coordinates":[[6.87331,49.26852],[6.8704,49.26442]]},"properties":{"d":"33015","load":0,"rf":0}},{"type":"Feature","geometry":{"type":"LineString","coordinates":[[6.83209,49.26438],[6.83179,49.26604]]},"properties":{"d":"33015","load":2,"rf":0}},{"type":"Feature","geometry":{"type":"LineString","coordinates":[[6.83931,49.27147],[6.83595,49.26924]]},"properties":{"d":"33015","load":0,"rf":0}},{"type":"Feature","geometry":{"type":"LineString","coordinates":[[6.82881,49.27341],[6.83276,49.27278]]},"properties":{"d":"33015","load":0,"rf":0}},{"type":"Feature","geometry":{"type":"LineString","coordinates":[[6.83388,49.26968],[6.88435,49.24863]]},"properties":{"d":"33015","load":1,"rf":0}},{"type":"Feature","geometry":{"type":"LineString","coordinates":[[6.83388,49.26968],[6.83595,49.26924]]},"properties":{"d":"33015","load":0,"rf":0}},{"type":"Feature","geometry":{"type":"LineString","coordinates":[[6.83388,49.26968],[6.83281,49.27041]]},"properties":{"d":"33015","load":3,"rf":0}},{"type":"Feature","geometry":{"type":"LineString","coordinates":[[6.83276,49.27278],[6.83281,49.27041]]},"properties":{"d":"33015","load":0,"rf":0}},{"type":"Feature","geometry":{"type":"LineString","coordinates":[[6.83232,49.2703],[6.83281,49.27041]]},"properties":{"d":"33015","load":0,"rf":0}},{"type":"Feature","geometry":{"type":"LineString","coordinates":[[6.88369,49.2571],[6.88101,49.2573]]},"properties":{"d":"33015","load":1,"rf":0}},{"type":"Feature","geometry":{"type":"LineString","coordinates":[[6.88369,49.2571],[6.87875,49.25444]]},"properties":{"d":"33015","load":1,"rf":0}},{"type":"Feature","geometry":{"type":"LineString","coordinates":[[6.88435,49.24863],[6.86483,49.25057]]},"properties":{"d":"33015","load":1,"rf":0}},{"type":"Feature","geometry":{"type":"LineString","coordinates":[[6.86357,49.24354],[6.86936,49.24257]]},"properties":{"d":"33015","load":1,"rf":0}},{"type":"Feature","geometry":{"type":"LineString","coordinates":[[6.88312,49.24809],[6.86709,49.2514]]},"properties":{"d":"33015","load":0,"rf":0}},{"type":"Feature","geometry":{"type":"LineString","coordinates":[[6.88435,49.24863],[6.88312,49.24809]]},"properties":{"d":"33015","load":0,"rf":0}},{"type":"Feature","geometry":{"type":"LineString","coordinates":[[6.89454,49.24924],[6.87954,49.25267]]},"properties":{"d":"33015","load":4,"rf":0}},{"type":"Feature","geometry":{"type":"LineString","coordinates":[[6.88435,49.24863],[6.87954,49.25267]]},"properties":{"d":"33015","load":1,"rf":0}},{"type":"Feature","geometry":{"type":"LineString","coordinates":[[6.88101,49.2573],[6.87649,49.25691]]},"properties":{"d":"33015","load":0,"rf":0}},{"type":"Feature","geometry":{"type":"LineString","coordinates":[[6.86629,49.2601],[6.85768,49.26417]]},"properties":{"d":"33015","load":0,"rf":0}},{"type":"Feature","geometry":{"type":"LineString","coordinates":[[6.86629,49.2601],[6.86552,49.26152]]},"properties":{"d":"33015","load":0,"rf":0}},{"type":"Feature","geometry":{"type":"LineString","coordinates":[[6.87875,49.25444],[6.88435,49.24863]]},"properties":{"d":"33015","load":1,"rf":0}},{"type":"Feature","geometry":{"type":"LineString","coordinates":[[6.88488,49.23549],[6.88419,49.24205]]},"properties":{"d":"33015","load":7,"rf":0}},{"type":"Feature","geometry":{"type":"LineString","coordinates":[[6.85768,49.26417],[6.88435,49.24863]]},"properties":{"d":"33015","load":1,"rf":0}},{"type":"Feature","geometry":{"type":"LineString","coordinates":[[6.8704,49.26442],[6.86743,49.26472]]},"properties":{"d":"33015","load":0,"rf":0}},{"type":"Feature","geometry":{"type":"LineString","coordinates":[[6.8704,49.26442],[6.8655,49.25881]]},"properties":{"d":"33015","load":0,"rf":0}},{"type":"Feature","geometry":{"type":"LineString","coordinates":[[6.89258,49.24501],[6.89206,49.24493]]},"properties":{"d":"33015","load":0,"rf":0}},{"type":"Feature","geometry":{"type":"LineString","coordinates":[[6.88734,49.25912],[6.88935,49.25895]]},"properties":{"d":"33015","load":0,"rf":0}},{"type":"Feature","geometry":{"type":"LineString","coordinates":[[6.88734,49.25912],[6.88727,49.25919]]},"properties":{"d":"33015","load":1,"rf":0}},{"type":"Feature","geometry":{"type":"LineString","coordinates":[[6.87649,49.25691],[6.87479,49.25513]]},"properties":{"d":"33015","load":0,"rf":0}},{"type":"Feature","geometry":{"type":"LineString","coordinates":[[6.88527,49.25412],[6.88787,49.25557]]},"properties":{"d":"33015","load":2,"rf":0}},{"type":"Feature","geometry":{"type":"LineString","coordinates":[[6.88527,49.25412],[6.88435,49.24863]]},"properties":{"d":"33015","load":1,"rf":0}},{"type":"Feature","geometry":{"type":"LineString","coordinates":[[6.88336,49.24223],[6.88317,49.24313]]},"properties":{"d":"33015","load":0,"rf":0}},{"type":"Feature","geometry":{"type":"LineString","coordinates":[[6.88317,49.24313],[6.88199,49.24399]]},"properties":{"d":"33015","load":0,"rf":0}},{"type":"Feature","geometry":{"type":"LineString","coordinates":[[6.88887,49.25073],[6.88936,49.25436]]},"properties":{"d":"33015","load":0,"rf":0}},{"type":"Feature","geometry":{"type":"LineString","coordinates":[[6.88887,49.25073],[6.89491,49.25075]]},"properties":{"d":"33015","load":0,"rf":0}},{"type":"Feature","geometry":{"type":"LineString","coordinates":[[6.86571,49.26255],[6.86743,49.26472]]},"properties":{"d":"33015","load":0,"rf":0}},{"type":"Feature","geometry":{"type":"LineString","coordinates":[[6.86571,49.26255],[6.86552,49.26152]]},"properties":{"d":"33015","load":0,"rf":0}},{"type":"Feature","geometry":{"type":"LineString","coordinates":[[6.87139,49.2465],[6.86931,49.24634]]},"properties":{"d":"33015","load":0,"rf":0}},{"type":"Feature","geometry":{"type":"LineString","coordinates":[[6.86642,49.23895],[6.86738,49.24121]]},"properties":{"d":"33015","load":0,"rf":0}},{"type":"Feature","geometry":{"type":"LineString","coordinates":[[6.8655,49.25881],[6.86546,49.25679]]},"properties":{"d":"33015","load":1,"rf":0}},{"type":"Feature","geometry":{"type":"LineString","coordinates":[[6.87407,49.25334],[6.86483,49.25057]]},"properties":{"d":"33015","load":1,"rf":0}},{"type":"Feature","geometry":{"type":"LineString","coordinates":[[6.87407,49.25334],[6.87479,49.25513]]},"properties":{"d":"33015","load":0,"rf":0}},{"type":"Feature","geometry":{"type":"LineString","coordinates":[[6.8595,49.26413],[6.85922,49.2636]]},"properties":{"d":"33015","load":0,"rf":0}},{"type":"Feature","geometry":{"type":"LineString","coordinates":[[6.86586,49.2413],[6.86336,49.24214]]},"properties":{"d":"33015","load":1,"rf":0}},{"type":"Feature","geometry":{"type":"LineString","coordinates":[[6.86586,49.2413],[6.86738,49.24121]]},"properties":{"d":"33015","load":1,"rf":0}},{"type":"Feature","geometry":{"type":"LineString","coordinates":[[6.87223,49.24067],[6.87312,49.23778]]},"properties":{"d":"33015","load":1,"rf":0}},{"type":"Feature","geometry":{"type":"LineString","coordinates":[[6.87223,49.24067],[6.87033,49.24195]]},"properties":{"d":"33015","load":1,"rf":0}},{"type":"Feature","geometry":{"type":"LineString","coordinates":[[6.87168,49.23472],[6.86936,49.24257]]},"properties":{"d":"33015","load":1,"rf":0}},{"type":"Feature","geometry":{"type":"LineString","coordinates":[[6.87168,49.23472],[6.87312,49.23778]]},"properties":{"d":"33015","load":1,"rf":0}},{"type":"Feature","geometry":{"type":"LineString","coordinates":[[6.8631,49.25575],[6.86529,49.25383]]},"properties":{"d":"33015","load":0,"rf":0}},{"type":"Feature","geometry":{"type":"LineString","coordinates":[[6.88435,49.24863],[6.86546,49.25679]]},"properties":{"d":"33015","load":1,"rf":0}},{"type":"Feature","geometry":{"type":"LineString","coordinates":[[6.89013,49.25972],[6.88935,49.25895]]},"properties":{"d":"33015","load":0,"rf":0}},{"type":"Feature","geometry":{"type":"LineString","coordinates":[[6.86336,49.24214],[6.86529,49.25383]]},"properties":{"d":"33015","load":1,"rf":0}},{"type":"Feature","geometry":{"type":"LineString","coordinates":[[6.88856,49.24478],[6.88325,49.24484]]},"properties":{"d":"33015","load":8,"rf":0}},{"type":"Feature","geometry":{"type":"LineString","coordinates":[[6.88856,49.24478],[6.89206,49.24493]]},"properties":{"d":"33015","load":2,"rf":0}},{"type":"Feature","geometry":{"type":"LineString","coordinates":[[6.88787,49.25557],[6.88555,49.25744]]},"properties":{"d":"33015","load":1,"rf":0}},{"type":"Feature","geometry":{"type":"LineString","coordinates":[[6.88936,49.25436],[6.8924,49.25996]]},"properties":{"d":"33015","load":0,"rf":0}},{"type":"Feature","geometry":{"type":"LineString","coordinates":[[6.86841,49.25238],[6.86709,49.2514]]},"properties":{"d":"33015","load":0,"rf":0}},{"type":"Feature","geometry":{"type":"LineString","coordinates":[[6.88711,49.26093],[6.88727,49.25919]]},"properties":{"d":"33015","load":0,"rf":0}},{"type":"Feature","geometry":{"type":"LineString","coordinates":[[6.88435,49.24863],[6.89491,49.25075]]},"properties":{"d":"33015","load":1,"rf":0}},{"type":"Feature","geometry":{"type":"LineString","coordinates":[[6.88406,49.24716],[6.87849,49.24655]]},"properties":{"d":"33015","load":52,"rf":0}},{"type":"Feature","geometry":{"type":"LineString","coordinates":[[6.87849,49.24655],[6.88199,49.24399]]},"properties":{"d":"33015","load":50,"rf":0}},{"type":"Feature","geometry":{"type":"LineString","coordinates":[[6.89481,49.24734],[6.87661,49.25104]]},"properties":{"d":"33015","load":0,"rf":0}},{"type":"Feature","geometry":{"type":"LineString","coordinates":[[6.88435,49.24863],[6.88113,49.25406]]},"properties":{"d":"33015","load":0,"rf":0}},{"type":"Feature","geometry":{"type":"LineString","coordinates":[[6.88883,49.24786],[6.89206,49.24493]]},"properties":{"d":"33015","load":2,"rf":0}},{"type":"Feature","geometry":{"type":"LineString","coordinates":[[6.88435,49.24863],[6.88883,49.24786]]},"properties":{"d":"33015","load":2,"rf":0}},{"type":"Feature","geometry":{"type":"LineString","coordinates":[[6.87661,49.25104],[6.86873,49.24831]]},"properties":{"d":"33015","load":0,"rf":0}},{"type":"Feature","geometry":{"type":"LineString","coordinates":[[6.87892,49.24927],[6.88429,49.24815]]},"properties":{"d":"33015","load":2,"rf":0}},{"type":"Feature","geometry":{"type":"LineString","coordinates":[[6.88325,49.24484],[6.88419,49.24205]]},"properties":{"d":"33015","load":8,"rf":0}},{"type":"Feature","geometry":{"type":"LineString","coordinates":[[6.86768,49.26199],[6.86552,49.26152]]},"properties":{"d":"33015","load":0,"rf":0}},{"type":"Feature","geometry":{"type":"LineString","coordinates":[[6.86516,49.24619],[6.86606,49.24637]]},"properties":{"d":"33015","load":1,"rf":0}},{"type":"Feature","geometry":{"type":"LineString","coordinates":[[6.86606,49.24637],[6.86687,49.2458]]},"properties":{"d":"33015","load":2,"rf":0}},{"type":"Feature","geometry":{"type":"LineString","coordinates":[[6.87161,49.24866],[6.86873,49.24831]]},"properties":{"d":"33015","load":2,"rf":0}},{"type":"Feature","geometry":{"type":"LineString","coordinates":[[6.87161,49.24866],[6.86886,49.24772]]},"properties":{"d":"33015","load":2,"rf":0}},{"type":"Feature","geometry":{"type":"LineString","coordinates":[[6.87329,49.24424],[6.87429,49.24583]]},"properties":{"d":"33015","load":0,"rf":0}},{"type":"Feature","geometry":{"type":"LineString","coordinates":[[6.86893,49.24745],[6.86886,49.24772]]},"properties":{"d":"33015","load":3,"rf":0}},{"type":"Feature","geometry":{"type":"LineString","coordinates":[[6.86893,49.24745],[6.86931,49.24634]]},"properties":{"d":"33015","load":1,"rf":0}},{"type":"Feature","geometry":{"type":"LineString","coordinates":[[6.88555,49.25744],[6.88727,49.25919]]},"properties":{"d":"33015","load":1,"rf":0}},{"type":"Feature","geometry":{"type":"LineString","coordinates":[[6.8924,49.25996],[6.88935,49.25895]]},"properties":{"d":"33015","load":0,"rf":0}},{"type":"Feature","geometry":{"type":"LineString","coordinates":[[6.8728,49.24262],[6.87033,49.24195]]},"properties":{"d":"33015","load":0,"rf":0}},{"type":"Feature","geometry":{"type":"LineString","coordinates":[[6.86336,49.26038],[6.86687,49.2458]]},"properties":{"d":"33015","load":0,"rf":0}},{"type":"Feature","geometry":{"type":"LineString","coordinates":[[6.86336,49.26038],[6.85922,49.2636]]},"properties":{"d":"33015","load":0,"rf":0}},{"type":"Feature","geometry":{"type":"LineString","coordinates":[[6.83209,49.26438],[6.83281,49.27041]]},"properties":{"d":"33015","load":3,"rf":0}},{"type":"Feature","geometry":{"type":"LineString","coordinates":[[6.86979,49.24817],[6.86886,49.24772]]},"properties":{"d":"33015","load":1,"rf":0}},{"type":"Feature","geometry":{"type":"LineString","coordinates":[[6.88336,49.24223],[6.88419,49.24205]]},"properties":{"d":"33015","load":3,"rf":0}},{"type":"Feature","geometry":{"type":"LineString","coordinates":[[6.88435,49.24863],[6.88406,49.24716]]},"properties":{"d":"33015","load":48,"rf":0}},{"type":"Feature","geometry":{"type":"LineString","coordinates":[[6.86873,49.24831],[6.86687,49.2458]]},"properties":{"d":"33015","load":2,"rf":0}},{"type":"Feature","geometry":{"type":"LineString","coordinates":[[6.87429,49.24583],[6.87033,49.24195]]},"properties":{"d":"33015","load":1,"rf":0}},{"type":"Feature","geometry":{"type":"LineString","coordinates":[[6.87429,49.24583],[6.88103,49.2477]]},"properties":{"d":"33015","load":1,"rf":0}},{"type":"Feature","geometry":{"type":"LineString","coordinates":[[6.88435,49.24863],[6.8339,49.26963]]},"properties":{"d":"33015","load":0,"rf":0}},{"type":"Feature","geometry":{"type":"LineString","coordinates":[[6.88435,49.24863],[6.83595,49.26924]]},"properties":{"d":"33015","load":0,"rf":0}},{"type":"Feature","geometry":{"type":"LineString","coordinates":[[6.88103,49.2477],[6.88108,49.24772]]},"properties":{"d":"33015","load":20,"rf":0}},{"type":"Feature","geometry":{"type":"LineString","coordinates":[[6.88435,49.24863],[6.88108,49.24772]]},"properties":{"d":"33015","load":11,"rf":0}},{"type":"Feature","geometry":{"type":"LineString","coordinates":[[6.88435,49.24863],[6.86738,49.24121]]},"properties":{"d":"33015","load":1,"rf":0}},{"type":"Feature","geometry":{"type":"LineString","coordinates":[[6.88429,49.24815],[6.86931,49.24634]]},"properties":{"d":"33015","load":1,"rf":0}},{"type":"Feature","geometry":{"type":"LineString","coordinates":[[6.88435,49.24863],[6.88429,49.24815]]},"properties":{"d":"33015","load":1,"rf":0}},{"type":"Feature","geometry":{"type":"LineString","coordinates":[[7.25642,49.37834],[7.25529,49.37843]]},"properties":{"d":"33019","load":0,"rf":0}},{"type":"Feature","geometry":{"type":"LineString","coordinates":[[7.27323,49.34829],[7.27251,49.34856]]},"properties":{"d":"33019","load":0,"rf":0}},{"type":"Feature","geometry":{"type":"LineString","coordinates":[[7.25082,49.36066],[7.25045,49.36083]]},"properties":{"d":"33019","load":0,"rf":0}},{"type":"Feature","geometry":{"type":"LineString","coordinates":[[7.26015,49.36479],[7.26041,49.36453]]},"properties":{"d":"33019","load":0,"rf":0}},{"type":"Feature","geometry":{"type":"LineString","coordinates":[[7.26716,49.36892],[7.26713,49.36894]]},"properties":{"d":"33019","load":0,"rf":0}},{"type":"Feature","geometry":{"type":"LineString","coordinates":[[7.25508,49.34949],[7.25488,49.34976]]},"properties":{"d":"33019","load":0,"rf":0}},{"type":"Feature","geometry":{"type":"LineString","coordinates":[[7.2385,49.36136],[7.23879,49.36147]]},"properties":{"d":"33019","load":0,"rf":0}},{"type":"Feature","geometry":{"type":"LineString","coordinates":[[7.24037,49.35765],[7.28835,49.40228]]},"properties":{"d":"33019","load":40,"rf":0}},{"type":"Feature","geometry":{"type":"LineString","coordinates":[[7.24037,49.35765],[7.29035,49.39963]]},"properties":{"d":"33019","load":40,"rf":0}},{"type":"Feature","geometry":{"type":"LineString","coordinates":[[7.26184,49.36516],[7.26616,49.36818]]},"properties":{"d":"33019","load":1,"rf":0}},{"type":"Feature","geometry":{"type":"LineString","coordinates":[[7.26184,49.36516],[7.26041,49.36453]]},"properties":{"d":"33019","load":3,"rf":0}},{"type":"Feature","geometry":{"type":"LineString","coordinates":[[7.26459,49.34587],[7.27136,49.34438]]},"properties":{"d":"33019","load":16,"rf":0}},{"type":"Feature","geometry":{"type":"LineString","coordinates":[[7.26459,49.34587],[7.26139,49.34634]]},"properties":{"d":"33019","load":19,"rf":0}},{"type":"Feature","geometry":{"type":"LineString","coordinates":[[7.25019,49.3573],[7.25507,49.35646]]},"properties":{"d":"33019","load":2,"rf":0}},{"type":"Feature","geometry":{"type":"LineString","coordinates":[[7.25019,49.3573],[7.25613,49.3622]]},"properties":{"d":"33019","load":4,"rf":0}},{"type":"Feature","geometry":{"type":"LineString","coordinates":[[7.27348,49.3589],[7.26615,49.35771]]},"properties":{"d":"33019","load":2,"rf":0}},{"type":"Feature","geometry":{"type":"LineString","coordinates":[[7.27348,49.3589],[7.27135,49.36033]]},"properties":{"d":"33019","load":11,"rf":0}},{"type":"Feature","geometry":{"type":"LineString","coordinates":[[7.26087,49.34873],[7.26638,49.3485]]},"properties":{"d":"33019","load":6,"rf":0}},{"type":"Feature","geometry":{"type":"LineString","coordinates":[[7.26087,49.34873],[7.25866,49.3505]]},"properties":{"d":"33019","load":7,"rf":0}},{"type":"Feature","geometry":{"type":"LineString","coordinates":[[7.25507,49.35646],[7.24834,49.35656]]},"properties":{"d":"33019","load":0,"rf":0}},{"type":"Feature","geometry":{"type":"LineString","coordinates":[[7.23738,49.36224],[7.23849,49.36181]]},"properties":{"d":"33019","load":16,"rf":0}},{"type":"Feature","geometry":{"type":"LineString","coordinates":[[7.23849,49.36181],[7.23879,49.36147]]},"properties":{"d":"33019","load":15,"rf":0}},{"type":"Feature","geometry":{"type":"LineString","coordinates":[[7.2512,49.3615],[7.2495,49.36357]]},"properties":{"d":"33019","load":6,"rf":0}},{"type":"Feature","geometry":{"type":"LineString","coordinates":[[7.2512,49.3615],[7.25045,49.36083]]},"properties":{"d":"33019","load":7,"rf":0}},{"type":"Feature","geometry":{"type":"LineString","coordinates":[[7.26682,49.35926],[7.26373,49.35947]]},"properties":{"d":"33019","load":0,"rf":0}},{"type":"Feature","geometry":{"type":"LineString","coordinates":[[7.26682,49.35926],[7.26615,49.35771]]},"properties":{"d":"33019","load":1,"rf":0}},{"type":"Feature","geometry":{"type":"LineString","coordinates":[[7.26616,49.36818],[7.26713,49.36894]]},"properties":{"d":"33019","load":1,"rf":0}},{"type":"Feature","geometry":{"type":"LineString","coordinates":[[7.24886,49.35379],[7.25084,49.35028]]},"properties":{"d":"33019","load":2,"rf":0}},{"type":"Feature","geometry":{"type":"LineString","coordinates":[[7.24886,49.35379],[7.24834,49.35656]]},"properties":{"d":"33019","load":1,"rf":0}},{"type":"Feature","geometry":{"type":"LineString","coordinates":[[7.26009,49.35381],[7.26336,49.35531]]},"properties":{"d":"33019","load":3,"rf":0}},{"type":"Feature","geometry":{"type":"LineString","coordinates":[[7.26009,49.35381],[7.25616,49.35352]]},"properties":{"d":"33019","load":5,"rf":0}},{"type":"Feature","geometry":{"type":"LineString","coordinates":[[7.27158,49.34751],[7.26638,49.3485]]},"properties":{"d":"33019","load":5,"rf":0}},{"type":"Feature","geometry":{"type":"LineString","coordinates":[[7.27158,49.34751],[7.27251,49.34856]]},"properties":{"d":"33019","load":3,"rf":0}},{"type":"Feature","geometry":{"type":"LineString","coordinates":[[7.2495,49.36357],[7.25613,49.3622]]},"properties":{"d":"33019","load":5,"rf":0}},{"type":"Feature","geometry":{"type":"LineString","coordinates":[[7.25084,49.35028],[7.24673,49.35112]]},"properties":{"d":"33019","load":4,"rf":0}},{"type":"Feature","geometry":{"type":"LineString","coordinates":[[7.28325,49.34536],[7.28116,49.34505]]},"properties":{"d":"33019","load":6,"rf":0}},{"type":"Feature","geometry":{"type":"LineString","coordinates":[[7.2526,49.34827],[7.25508,49.34949]]},"properties":{"d":"33019","load":5,"rf":0}},{"type":"Feature","geometry":{"type":"LineString","coordinates":[[7.2526,49.34827],[7.24832,49.34798]]},"properties":{"d":"33019","load":6,"rf":0}},{"type":"Feature","geometry":{"type":"LineString","coordinates":[[7.26373,49.35947],[7.25967,49.3578]]},"properties":{"d":"33019","load":2,"rf":0}},{"type":"Feature","geometry":{"type":"LineString","coordinates":[[7.24568,49.35127],[7.24006,49.35634]]},"properties":{"d":"33019","load":6,"rf":0}},{"type":"Feature","geometry":{"type":"LineString","coordinates":[[7.24568,49.35127],[7.24673,49.35112]]},"properties":{"d":"33019","load":4,"rf":0}},{"type":"Feature","geometry":{"type":"LineString","coordinates":[[7.27829,49.35395],[7.24037,49.35765]]},"properties":{"d":"33019","load":7,"rf":0}},{"type":"Feature","geometry":{"type":"LineString","coordinates":[[7.27829,49.35395],[7.28747,49.34933]]},"properties":{"d":"33019","load":2,"rf":0}},{"type":"Feature","geometry":{"type":"LineString","coordinates":[[7.27306,49.3644],[7.24037,49.35765]]},"properties":{"d":"33019","load":2,"rf":0}},{"type":"Feature","geometry":{"type":"LineString","coordinates":[[7.27306,49.3644],[7.26666,49.36544]]},"properties":{"d":"33019","load":5,"rf":0}},{"type":"Feature","geometry":{"type":"LineString","coordinates":[[7.25313,49.35266],[7.25616,49.35352]]},"properties":{"d":"33019","load":1,"rf":0}},{"type":"Feature","geometry":{"type":"LineString","coordinates":[[7.24037,49.35765],[7.25313,49.35266]]},"properties":{"d":"33019","load":1,"rf":0}},{"type":"Feature","geometry":{"type":"LineString","coordinates":[[7.29741,49.34796],[7.29229,49.3479]]},"properties":{"d":"33019","load":1,"rf":0}},{"type":"Feature","geometry":{"type":"LineString","coordinates":[[7.29741,49.34796],[7.29558,49.34556]]},"properties":{"d":"33019","load":0,"rf":0}},{"type":"Feature","geometry":{"type":"LineString","coordinates":[[7.27312,49.34924],[7.27232,49.35313]]},"properties":{"d":"33019","load":0,"rf":0}},{"type":"Feature","geometry":{"type":"LineString","coordinates":[[7.27312,49.34924],[7.27251,49.34856]]},"properties":{"d":"33019","load":3,"rf":0}},{"type":"Feature","geometry":{"type":"LineString","coordinates":[[7.25965,49.3642],[7.25699,49.36713]]},"properties":{"d":"33019","load":3,"rf":0}},{"type":"Feature","geometry":{"type":"LineString","coordinates":[[7.25965,49.3642],[7.26041,49.36453]]},"properties":{"d":"33019","load":3,"rf":0}},{"type":"Feature","geometry":{"type":"LineString","coordinates":[[7.25755,49.34801],[7.25508,49.34949]]},"properties":{"d":"33019","load":21,"rf":0}},{"type":"Feature","geometry":{"type":"LineString","coordinates":[[7.25755,49.34801],[7.26139,49.34634]]},"properties":{"d":"33019","load":19,"rf":0}},{"type":"Feature","geometry":{"type":"LineString","coordinates":[[7.25967,49.3578],[7.26092,49.36238]]},"properties":{"d":"33019","load":2,"rf":0}},{"type":"Feature","geometry":{"type":"LineString","coordinates":[[7.27006,49.37124],[7.26713,49.36894]]},"properties":{"d":"33019","load":1,"rf":0}},{"type":"Feature","geometry":{"type":"LineString","coordinates":[[7.25699,49.36713],[7.25298,49.36771]]},"properties":{"d":"33019","load":0,"rf":0}},{"type":"Feature","geometry":{"type":"LineString","coordinates":[[7.24037,49.35765],[7.25699,49.36713]]},"properties":{"d":"33019","load":4,"rf":0}},{"type":"Feature","geometry":{"type":"LineString","coordinates":[[7.27136,49.34438],[7.27185,49.34472]]},"properties":{"d":"33019","load":9,"rf":0}},{"type":"Feature","geometry":{"type":"LineString","coordinates":[[7.26513,49.35132],[7.26336,49.35531]]},"properties":{"d":"33019","load":2,"rf":0}},{"type":"Feature","geometry":{"type":"LineString","coordinates":[[7.26513,49.35132],[7.26629,49.35073]]},"properties":{"d":"33019","load":1,"rf":0}},{"type":"Feature","geometry":{"type":"LineString","coordinates":[[7.29027,49.3469],[7.28747,49.34933]]},"properties":{"d":"33019","load":2,"rf":0}},{"type":"Feature","geometry":{"type":"LineString","coordinates":[[7.29027,49.3469],[7.29229,49.3479]]},"properties":{"d":"33019","load":1,"rf":0}},{"type":"Feature","geometry":{"type":"LineString","coordinates":[[7.26092,49.36238],[7.26666,49.36544]]},"properties":{"d":"33019","load":4,"rf":0}},{"type":"Feature","geometry":{"type":"LineString","coordinates":[[7.24037,49.35765],[7.24832,49.34798]]},"properties":{"d":"33019","load":6,"rf":0}},{"type":"Feature","geometry":{"type":"LineString","coordinates":[[7.29359,49.34423],[7.29558,49.34556]]},"properties":{"d":"33019","load":1,"rf":0}},{"type":"Feature","geometry":{"type":"LineString","coordinates":[[7.29359,49.34423],[7.24037,49.35765]]},"properties":{"d":"33019","load":2,"rf":0}},{"type":"Feature","geometry":{"type":"LineString","coordinates":[[7.25866,49.3505],[7.24403,49.35598]]},"properties":{"d":"33019","load":7,"rf":0}},{"type":"Feature","geometry":{"type":"LineString","coordinates":[[7.24505,49.35324],[7.24673,49.35112]]},"properties":{"d":"33019","load":1,"rf":0}},{"type":"Feature","geometry":{"type":"LineString","coordinates":[[7.26847,49.35018],[7.26629,49.35073]]},"properties":{"d":"33019","load":0,"rf":0}},{"type":"Feature","geometry":{"type":"LineString","coordinates":[[7.27135,49.36033],[7.24037,49.35765]]},"properties":{"d":"33019","load":12,"rf":0}},{"type":"Feature","geometry":{"type":"LineString","coordinates":[[7.24636,49.35889],[7.24835,49.35894]]},"properties":{"d":"33019","load":3,"rf":0}},{"type":"Feature","geometry":{"type":"LineString","coordinates":[[7.24452,49.35625],[7.24403,49.35598]]},"properties":{"d":"33019","load":0,"rf":0}},{"type":"Feature","geometry":{"type":"LineString","coordinates":[[7.26999,49.35279],[7.26629,49.35073]]},"properties":{"d":"33019","load":0,"rf":0}},{"type":"Feature","geometry":{"type":"LineString","coordinates":[[7.23401,49.3635],[7.24006,49.35634]]},"properties":{"d":"33019","load":1,"rf":0}},{"type":"Feature","geometry":{"type":"LineString","coordinates":[[7.28653,49.33997],[7.28726,49.34465]]},"properties":{"d":"33019","load":0,"rf":0}},{"type":"Feature","geometry":{"type":"LineString","coordinates":[[7.2558,49.38135],[7.25215,49.38266]]},"properties":{"d":"33019","load":2,"rf":0}},{"type":"Feature","geometry":{"type":"LineString","coordinates":[[7.2558,49.38135],[7.2573,49.38242]]},"properties":{"d":"33019","load":0,"rf":0}},{"type":"Feature","geometry":{"type":"LineString","coordinates":[[7.2558,49.38135],[7.25529,49.37843]]},"properties":{"d":"33019","load":4,"rf":0}},{"type":"Feature","geometry":{"type":"LineString","coordinates":[[7.27152,49.38942],[7.27672,49.38696]]},"properties":{"d":"33019","load":1,"rf":0}},{"type":"Feature","geometry":{"type":"LineString","coordinates":[[7.27152,49.38942],[7.27499,49.39484]]},"properties":{"d":"33019","load":0,"rf":0}},{"type":"Feature","geometry":{"type":"LineString","coordinates":[[7.27152,49.38942],[7.26629,49.39101]]},"properties":{"d":"33019","load":2,"rf":0}},{"type":"Feature","geometry":{"type":"LineString","coordinates":[[7.27152,49.38942],[7.24037,49.35765]]},"properties":{"d":"33019","load":1,"rf":0}},{"type":"Feature","geometry":{"type":"LineString","coordinates":[[7.26223,49.37671],[7.25512,49.37747]]},"properties":{"d":"33019","load":1,"rf":0}},{"type":"Feature","geometry":{"type":"LineString","coordinates":[[7.26214,49.38869],[7.26629,49.39101]]},"properties":{"d":"33019","load":1,"rf":0}},{"type":"Feature","geometry":{"type":"LineString","coordinates":[[7.25608,49.38313],[7.2573,49.38242]]},"properties":{"d":"33019","load":0,"rf":0}},{"type":"Feature","geometry":{"type":"LineString","coordinates":[[7.25608,49.38313],[7.25605,49.38316]]},"properties":{"d":"33019","load":1,"rf":0}},{"type":"Feature","geometry":{"type":"LineString","coordinates":[[7.2557,49.37676],[7.25512,49.37747]]},"properties":{"d":"33019","load":2,"rf":0}},{"type":"Feature","geometry":{"type":"LineString","coordinates":[[7.27292,49.3442],[7.27185,49.34472]]},"properties":{"d":"33019","load":3,"rf":0}},{"type":"Feature","geometry":{"type":"LineString","coordinates":[[7.28116,49.34505],[7.28726,49.34465]]},"properties":{"d":"33019","load":0,"rf":0}},{"type":"Feature","geometry":{"type":"LineString","coordinates":[[7.25512,49.37747],[7.25529,49.37843]]},"properties":{"d":"33019","load":4,"rf":0}},{"type":"Feature","geometry":{"type":"LineString","coordinates":[[7.24037,49.35765],[7.25512,49.37747]]},"properties":{"d":"33019","load":7,"rf":0}},{"type":"Feature","geometry":{"type":"LineString","coordinates":[[7.24835,49.35894],[7.25045,49.36083]]},"properties":{"d":"33019","load":7,"rf":0}},{"type":"Feature","geometry":{"type":"LineString","coordinates":[[7.24253,49.35729],[7.23879,49.36147]]},"properties":{"d":"33019","load":15,"rf":0}},{"type":"Feature","geometry":{"type":"LineString","coordinates":[[7.24037,49.35765],[7.24006,49.35634]]},"properties":{"d":"33019","load":5,"rf":0}},{"type":"Feature","geometry":{"type":"LineString","coordinates":[[7.28116,49.34505],[7.27185,49.34472]]},"properties":{"d":"33019","load":6,"rf":0}},{"type":"Feature","geometry":{"type":"LineString","coordinates":[[7.24253,49.35729],[7.24835,49.35894]]},"properties":{"d":"33019","load":9,"rf":0}},{"type":"Feature","geometry":{"type":"LineString","coordinates":[[7.24037,49.35765],[7.24253,49.35729]]},"properties":{"d":"33019","load":6,"rf":0}},{"type":"Feature","geometry":{"type":"LineString","coordinates":[[7.24037,49.35765],[7.24403,49.35598]]},"properties":{"d":"33019","load":8,"rf":0}},{"type":"Feature","geometry":{"type":"LineString","coordinates":[[7.24037,49.35765],[7.25605,49.38316]]},"properties":{"d":"33019","load":1,"rf":0}},{"type":"Feature","geometry":{"type":"LineString","coordinates":[[7.16,49.274],[7.16001,49.274]]},"properties":{"d":"33025","load":4,"rf":0}},{"type":"Feature","geometry":{"type":"LineString","coordinates":[[7.13172,49.28719],[7.13172,49.28719]]},"properties":{"d":"33025","load":2,"rf":0}},{"type":"Feature","geometry":{"type":"LineString","coordinates":[[7.13172,49.28719],[7.13177,49.28736]]},"properties":{"d":"33025","load":4,"rf":0}},{"type":"Feature","geometry":{"type":"LineString","coordinates":[[7.17796,49.27584],[7.17818,49.27527]]},"properties":{"d":"33025","load":6,"rf":0}},{"type":"Feature","geometry":{"type":"LineString","coordinates":[[7.12725,49.28265],[7.12782,49.28209]]},"properties":{"d":"33025","load":0,"rf":0}},{"type":"Feature","geometry":{"type":"LineString","coordinates":[[7.17224,49.2854],[7.1723,49.28403]]},"properties":{"d":"33025","load":0,"rf":0}},{"type":"Feature","geometry":{"type":"LineString","coordinates":[[7.12678,49.28055],[7.12775,49.28109]]},"properties":{"d":"33025","load":0,"rf":0}},{"type":"Feature","geometry":{"type":"LineString","coordinates":[[7.1664,49.27734],[7.16688,49.27787]]},"properties":{"d":"33025","load":0,"rf":0}},{"type":"Feature","geometry":{"type":"LineString","coordinates":[[7.15751,49.28284],[7.15753,49.28288]]},"properties":{"d":"33025","load":0,"rf":0}},{"type":"Feature","geometry":{"type":"LineString","coordinates":[[7.16232,49.27759],[7.16196,49.27833]]},"properties":{"d":"33025","load":0,"rf":0}},{"type":"Feature","geometry":{"type":"LineString","coordinates":[[7.15245,49.26625],[7.14618,49.26463]]},"properties":{"d":"33025","load":0,"rf":0}},{"type":"Feature","geometry":{"type":"LineString","coordinates":[[7.17321,49.27782],[7.16784,49.2775]]},"properties":{"d":"33025","load":1,"rf":0}},{"type":"Feature","geometry":{"type":"LineString","coordinates":[[7.17321,49.27782],[7.17245,49.27631]]},"properties":{"d":"33025","load":1,"rf":0}},{"type":"Feature","geometry":{"type":"LineString","coordinates":[[7.13398,49.28999],[7.13291,49.28567]]},"properties":{"d":"33025","load":2,"rf":0}},{"type":"Feature","geometry":{"type":"LineString","coordinates":[[7.13398,49.28999],[7.13081,49.28829]]},"properties":{"d":"33025","load":5,"rf":0}},{"type":"Feature","geometry":{"type":"LineString","coordinates":[[7.16429,49.29106],[7.15859,49.28979]]},"properties":{"d":"33025","load":2,"rf":0}},{"type":"Feature","geometry":{"type":"LineString","coordinates":[[7.16429,49.29106],[7.16711,49.28834]]},"properties":{"d":"33025","load":1,"rf":0}},{"type":"Feature","geometry":{"type":"LineString","coordinates":[[7.16429,49.29106],[7.1631,49.29318]]},"properties":{"d":"33025","load":0,"rf":0}},{"type":"Feature","geometry":{"type":"LineString","coordinates":[[7.16145,49.28358],[7.16879,49.28362]]},"properties":{"d":"33025","load":5,"rf":0}},{"type":"Feature","geometry":{"type":"LineString","coordinates":[[7.14826,49.28513],[7.16145,49.28358]]},"properties":{"d":"33025","load":7,"rf":0}},{"type":"Feature","geometry":{"type":"LineString","coordinates":[[7.16276,49.2785],[7.16192,49.28221]]},"properties":{"d":"33025","load":4,"rf":0}},{"type":"Feature","geometry":{"type":"LineString","coordinates":[[7.16276,49.2785],[7.16196,49.27833]]},"properties":{"d":"33025","load":15,"rf":0}},{"type":"Feature","geometry":{"type":"LineString","coordinates":[[7.15792,49.28387],[7.15581,49.27946]]},"properties":{"d":"33025","load":1,"rf":0}},{"type":"Feature","geometry":{"type":"LineString","coordinates":[[7.14826,49.28513],[7.15792,49.28387]]},"properties":{"d":"33025","load":2,"rf":0}},{"type":"Feature","geometry":{"type":"LineString","coordinates":[[7.16648,49.28079],[7.16151,49.27044]]},"properties":{"d":"33025","load":2,"rf":0}},{"type":"Feature","geometry":{"type":"LineString","coordinates":[[7.16648,49.28079],[7.16879,49.28362]]},"properties":{"d":"33025","load":3,"rf":0}},{"type":"Feature","geometry":{"type":"LineString","coordinates":[[7.17114,49.28638],[7.17224,49.2854]]},"properties":{"d":"33025","load":0,"rf":0}},{"type":"Feature","geometry":{"type":"LineString","coordinates":[[7.17114,49.28638],[7.16711,49.28834]]},"properties":{"d":"33025","load":1,"rf":0}},{"type":"Feature","geometry":{"type":"LineString","coordinates":[[7.17977,49.27553],[7.18323,49.27768]]},"properties":{"d":"33025","load":4,"rf":0}},{"type":"Feature","geometry":{"type":"LineString","coordinates":[[7.17925,49.2754],[7.17977,49.27553]]},"properties":{"d":"33025","load":0,"rf":0}},{"type":"Feature","geometry":{"type":"LineString","coordinates":[[7.17694,49.27504],[7.17977,49.27553]]},"properties":{"d":"33025","load":1,"rf":0}},{"type":"Feature","geometry":{"type":"LineString","coordinates":[[7.17977,49.27553],[7.17818,49.27527]]},"properties":{"d":"33025","load":5,"rf":0}},{"type":"Feature","geometry":{"type":"LineString","coordinates":[[7.12933,49.2695],[7.13035,49.26818]]},"properties":{"d":"33025","load":1,"rf":0}},{"type":"Feature","geometry":{"type":"LineString","coordinates":[[7.12942,49.27056],[7.13035,49.26818]]},"properties":{"d":"33025","load":1,"rf":0}},{"type":"Feature","geometry":{"type":"LineString","coordinates":[[7.13035,49.26818],[7.14826,49.28513]]},"properties":{"d":"33025","load":1,"rf":0}},{"type":"Feature","geometry":{"type":"LineString","coordinates":[[7.13035,49.26818],[7.13359,49.26853]]},"properties":{"d":"33025","load":1,"rf":0}},{"type":"Feature","geometry":{"type":"LineString","coordinates":[[7.17072,49.26389],[7.14826,49.28513]]},"properties":{"d":"33025","load":4,"rf":0}},{"type":"Feature","geometry":{"type":"LineString","coordinates":[[7.17072,49.26389],[7.16713,49.26116]]},"properties":{"d":"33025","load":3,"rf":0}},{"type":"Feature","geometry":{"type":"LineString","coordinates":[[7.15345,49.27651],[7.15377,49.27495]]},"properties":{"d":"33025","load":0,"rf":0}},{"type":"Feature","geometry":{"type":"LineString","coordinates":[[7.15377,49.27495],[7.15334,49.27488]]},"properties":{"d":"33025","load":1,"rf":0}},{"type":"Feature","geometry":{"type":"LineString","coordinates":[[7.14843,49.27316],[7.15899,49.27922]]},"properties":{"d":"33025","load":3,"rf":0}},{"type":"Feature","geometry":{"type":"LineString","coordinates":[[7.14843,49.27316],[7.15243,49.27428]]},"properties":{"d":"33025","load":6,"rf":0}},{"type":"Feature","geometry":{"type":"LineString","coordinates":[[7.16151,49.27044],[7.15882,49.26868]]},"properties":{"d":"33025","load":1,"rf":0}},{"type":"Feature","geometry":{"type":"LineString","coordinates":[[7.12923,49.27342],[7.13291,49.28567]]},"properties":{"d":"33025","load":1,"rf":0}},{"type":"Feature","geometry":{"type":"LineString","coordinates":[[7.12923,49.27342],[7.13048,49.27213]]},"properties":{"d":"33025","load":0,"rf":0}},{"type":"Feature","geometry":{"type":"LineString","coordinates":[[7.16085,49.26366],[7.16337,49.2645]]},"properties":{"d":"33025","load":1,"rf":0}},{"type":"Feature","geometry":{"type":"LineString","coordinates":[[7.16085,49.26366],[7.16305,49.26196]]},"properties":{"d":"33025","load":2,"rf":0}},{"type":"Feature","geometry":{"type":"LineString","coordinates":[[7.15373,49.28312],[7.15899,49.27922]]},"properties":{"d":"33025","load":3,"rf":0}},{"type":"Feature","geometry":{"type":"LineString","coordinates":[[7.14826,49.28513],[7.15373,49.28312]]},"properties":{"d":"33025","load":4,"rf":0}},{"type":"Feature","geometry":{"type":"LineString","coordinates":[[7.16748,49.26582],[7.16983,49.26766]]},"properties":{"d":"33025","load":1,"rf":0}},{"type":"Feature","geometry":{"type":"LineString","coordinates":[[7.16113,49.28674],[7.15235,49.28687]]},"properties":{"d":"33025","load":2,"rf":0}},{"type":"Feature","geometry":{"type":"LineString","coordinates":[[7.16113,49.28674],[7.16318,49.28888]]},"properties":{"d":"33025","load":0,"rf":0}},{"type":"Feature","geometry":{"type":"LineString","coordinates":[[7.16337,49.2645],[7.15245,49.26625]]},"properties":{"d":"33025","load":0,"rf":0}},{"type":"Feature","geometry":{"type":"LineString","coordinates":[[7.14826,49.28513],[7.15859,49.28979]]},"properties":{"d":"33025","load":3,"rf":0}},{"type":"Feature","geometry":{"type":"LineString","coordinates":[[7.16983,49.26766],[7.16405,49.26962]]},"properties":{"d":"33025","load":3,"rf":0}},{"type":"Feature","geometry":{"type":"LineString","coordinates":[[7.17224,49.2854],[7.16318,49.28888]]},"properties":{"d":"33025","load":0,"rf":0}},{"type":"Feature","geometry":{"type":"LineString","coordinates":[[7.15245,49.26625],[7.16002,49.26517]]},"properties":{"d":"33025","load":1,"rf":0}},{"type":"Feature","geometry":{"type":"LineString","coordinates":[[7.12983,49.28296],[7.12782,49.28209]]},"properties":{"d":"33025","load":5,"rf":0}},{"type":"Feature","geometry":{"type":"LineString","coordinates":[[7.14826,49.28513],[7.12983,49.28296]]},"properties":{"d":"33025","load":5,"rf":0}},{"type":"Feature","geometry":{"type":"LineString","coordinates":[[7.16405,49.26962],[7.16042,49.27348]]},"properties":{"d":"33025","load":4,"rf":0}},{"type":"Feature","geometry":{"type":"LineString","coordinates":[[7.12961,49.27965],[7.12775,49.28109]]},"properties":{"d":"33025","load":5,"rf":0}},{"type":"Feature","geometry":{"type":"LineString","coordinates":[[7.12961,49.27965],[7.12895,49.27473]]},"properties":{"d":"33025","load":5,"rf":0}},{"type":"Feature","geometry":{"type":"LineString","coordinates":[[7.16002,49.26517],[7.16376,49.26683]]},"properties":{"d":"33025","load":2,"rf":0}},{"type":"Feature","geometry":{"type":"LineString","coordinates":[[7.13291,49.28567],[7.1273,49.2842]]},"properties":{"d":"33025","load":1,"rf":0}},{"type":"Feature","geometry":{"type":"LineString","coordinates":[[7.13081,49.28829],[7.13146,49.2874]]},"properties":{"d":"33025","load":7,"rf":0}},{"type":"Feature","geometry":{"type":"LineString","coordinates":[[7.12645,49.28717],[7.13146,49.2874]]},"properties":{"d":"33025","load":1,"rf":0}},{"type":"Feature","geometry":{"type":"LineString","coordinates":[[7.16784,49.2775],[7.16688,49.27787]]},"properties":{"d":"33025","load":1,"rf":0}},{"type":"Feature","geometry":{"type":"LineString","coordinates":[[7.14032,49.27341],[7.13186,49.2715]]},"properties":{"d":"33025","load":24,"rf":0}},{"type":"Feature","geometry":{"type":"LineString","coordinates":[[7.15235,49.28687],[7.14979,49.2868]]},"properties":{"d":"33025","load":3,"rf":0}},{"type":"Feature","geometry":{"type":"LineString","coordinates":[[7.14826,49.28513],[7.14979,49.2868]]},"properties":{"d":"33025","load":9,"rf":0}},{"type":"Feature","geometry":{"type":"LineString","coordinates":[[7.14826,49.28513],[7.16376,49.26683]]},"properties":{"d":"33025","load":3,"rf":0}},{"type":"Feature","geometry":{"type":"LineString","coordinates":[[7.14826,49.28513],[7.16192,49.28221]]},"properties":{"d":"33025","load":4,"rf":0}},{"type":"Feature","geometry":{"type":"LineString","coordinates":[[7.16713,49.26116],[7.16305,49.26196]]},"properties":{"d":"33025","load":2,"rf":0}},{"type":"Feature","geometry":{"type":"LineString","coordinates":[[7.13102,49.27153],[7.13048,49.27213]]},"properties":{"d":"33025","load":0,"rf":0}},{"type":"Feature","geometry":{"type":"LineString","coordinates":[[7.15581,49.27946],[7.16001,49.274]]},"properties":{"d":"33025","load":1,"rf":0}},{"type":"Feature","geometry":{"type":"LineString","coordinates":[[7.13243,49.27365],[7.13613,49.27158]]},"properties":{"d":"33025","load":1,"rf":0}},{"type":"Feature","geometry":{"type":"LineString","coordinates":[[7.13243,49.27365],[7.13186,49.2715]]},"properties":{"d":"33025","load":6,"rf":0}},{"type":"Feature","geometry":{"type":"LineString","coordinates":[[7.13243,49.27365],[7.12895,49.27473]]},"properties":{"d":"33025","load":6,"rf":0}},{"type":"Feature","geometry":{"type":"LineString","coordinates":[[7.13556,49.26892],[7.13359,49.26853]]},"properties":{"d":"33025","load":0,"rf":0}},{"type":"Feature","geometry":{"type":"LineString","coordinates":[[7.17045,49.27975],[7.15753,49.28288]]},"properties":{"d":"33025","load":2,"rf":0}},{"type":"Feature","geometry":{"type":"LineString","coordinates":[[7.17045,49.27975],[7.18077,49.27671]]},"properties":{"d":"33025","load":2,"rf":0}},{"type":"Feature","geometry":{"type":"LineString","coordinates":[[7.12694,49.2817],[7.12782,49.28209]]},"properties":{"d":"33025","load":5,"rf":0}},{"type":"Feature","geometry":{"type":"LineString","coordinates":[[7.12694,49.2817],[7.12775,49.28109]]},"properties":{"d":"33025","load":5,"rf":0}},{"type":"Feature","geometry":{"type":"LineString","coordinates":[[7.18323,49.27768],[7.14826,49.28513]]},"properties":{"d":"33025","load":1,"rf":0}},{"type":"Feature","geometry":{"type":"LineString","coordinates":[[7.18267,49.27489],[7.18162,49.2777]]},"properties":{"d":"33025","load":0,"rf":0}},{"type":"Feature","geometry":{"type":"LineString","coordinates":[[7.10837,49.30041],[7.13468,49.25592]]},"properties":{"d":"33025","load":0,"rf":0}},{"type":"Feature","geometry":{"type":"LineString","coordinates":[[7.14826,49.28513],[7.10837,49.30041]]},"properties":{"d":"33025","load":1,"rf":0}},{"type":"Feature","geometry":{"type":"LineString","coordinates":[[7.13021,49.25478],[7.13468,49.25592]]},"properties":{"d":"33025","load":0,"rf":0}},{"type":"Feature","geometry":{"type":"LineString","coordinates":[[7.14207,49.2434],[7.13578,49.24658]]},"properties":{"d":"33025","load":1,"rf":0}},{"type":"Feature","geometry":{"type":"LineString","coordinates":[[7.14207,49.2434],[7.14093,49.24034]]},"properties":{"d":"33025","load":0,"rf":0}},{"type":"Feature","geometry":{"type":"LineString","coordinates":[[7.14207,49.2434],[7.14826,49.28513]]},"properties":{"d":"33025","load":3,"rf":0}},{"type":"Feature","geometry":{"type":"LineString","coordinates":[[7.14789,49.24301],[7.15481,49.24625]]},"properties":{"d":"33025","load":2,"rf":0}},{"type":"Feature","geometry":{"type":"LineString","coordinates":[[7.14789,49.24301],[7.14093,49.24034]]},"properties":{"d":"33025","load":0,"rf":0}},{"type":"Feature","geometry":{"type":"LineString","coordinates":[[7.16186,49.24786],[7.15481,49.24625]]},"properties":{"d":"33025","load":2,"rf":0}},{"type":"Feature","geometry":{"type":"LineString","coordinates":[[7.16186,49.24786],[7.16072,49.25099]]},"properties":{"d":"33025","load":3,"rf":0}},{"type":"Feature","geometry":{"type":"LineString","coordinates":[[7.13919,49.25505],[7.13571,49.25417]]},"properties":{"d":"33025","load":0,"rf":0}},{"type":"Feature","geometry":{"type":"LineString","coordinates":[[7.15368,49.25534],[7.15884,49.25615]]},"properties":{"d":"33025","load":0,"rf":0}},{"type":"Feature","geometry":{"type":"LineString","coordinates":[[7.16053,49.29777],[7.1631,49.29318]]},"properties":{"d":"33025","load":0,"rf":0}},{"type":"Feature","geometry":{"type":"LineString","coordinates":[[7.1765,49.25163],[7.16835,49.25218]]},"properties":{"d":"33025","load":0,"rf":0}},{"type":"Feature","geometry":{"type":"LineString","coordinates":[[7.16835,49.25218],[7.16072,49.25099]]},"properties":{"d":"33025","load":0,"rf":0}},{"type":"Feature","geometry":{"type":"LineString","coordinates":[[7.17896,49.26966],[7.17694,49.27504]]},"properties":{"d":"33025","load":0,"rf":0}},{"type":"Feature","geometry":{"type":"LineString","coordinates":[[7.17709,49.29654],[7.1631,49.29318]]},"properties":{"d":"33025","load":0,"rf":0}},{"type":"Feature","geometry":{"type":"LineString","coordinates":[[7.17925,49.2754],[7.18077,49.27671]]},"properties":{"d":"33025","load":2,"rf":0}},{"type":"Feature","geometry":{"type":"LineString","coordinates":[[7.18118,49.27621],[7.18077,49.27671]]},"properties":{"d":"33025","load":1,"rf":0}},{"type":"Feature","geometry":{"type":"LineString","coordinates":[[7.17178,49.27609],[7.17245,49.27631]]},"properties":{"d":"33025","load":1,"rf":0}},{"type":"Feature","geometry":{"type":"LineString","coordinates":[[7.17178,49.27609],[7.18162,49.2777]]},"properties":{"d":"33025","load":0,"rf":0}},{"type":"Feature","geometry":{"type":"LineString","coordinates":[[7.17688,49.27506],[7.17818,49.27527]]},"properties":{"d":"33025","load":2,"rf":0}},{"type":"Feature","geometry":{"type":"LineString","coordinates":[[7.15235,49.27538],[7.15334,49.27488]]},"properties":{"d":"33025","load":1,"rf":0}},{"type":"Feature","geometry":{"type":"LineString","coordinates":[[7.17298,49.27604],[7.17245,49.27631]]},"properties":{"d":"33025","load":1,"rf":0}},{"type":"Feature","geometry":{"type":"LineString","coordinates":[[7.15345,49.27651],[7.16196,49.27833]]},"properties":{"d":"33025","load":15,"rf":0}},{"type":"Feature","geometry":{"type":"LineString","coordinates":[[7.13148,49.27491],[7.12895,49.27473]]},"properties":{"d":"33025","load":2,"rf":0}},{"type":"Feature","geometry":{"type":"LineString","coordinates":[[7.15222,49.27483],[7.15243,49.27428]]},"properties":{"d":"33025","load":6,"rf":0}},{"type":"Feature","geometry":{"type":"LineString","coordinates":[[7.16312,49.27472],[7.16042,49.27348]]},"properties":{"d":"33025","load":2,"rf":0}},{"type":"Feature","geometry":{"type":"LineString","coordinates":[[7.13359,49.26853],[7.13048,49.27213]]},"properties":{"d":"33025","load":0,"rf":0}},{"type":"Feature","geometry":{"type":"LineString","coordinates":[[7.13468,49.25592],[7.13571,49.25417]]},"properties":{"d":"33025","load":0,"rf":0}},{"type":"Feature","geometry":{"type":"LineString","coordinates":[[7.15884,49.25615],[7.16072,49.25099]]},"properties":{"d":"33025","load":3,"rf":0}},{"type":"Feature","geometry":{"type":"LineString","coordinates":[[7.14826,49.28513],[7.15884,49.25615]]},"properties":{"d":"33025","load":3,"rf":0}},{"type":"Feature","geometry":{"type":"LineString","coordinates":[[7.16042,49.27348],[7.16001,49.274]]},"properties":{"d":"33025","load":1,"rf":0}},{"type":"Feature","geometry":{"type":"LineString","coordinates":[[7.13146,49.2874],[7.13177,49.28736]]},"properties":{"d":"33025","load":8,"rf":0}},{"type":"Feature","geometry":{"type":"LineString","coordinates":[[7.14826,49.28513],[7.13177,49.28736]]},"properties":{"d":"33025","load":12,"rf":0}},{"type":"Feature","geometry":{"type":"LineString","coordinates":[[7.14826,49.28513],[7.16688,49.27787]]},"properties":{"d":"33025","load":1,"rf":0}},{"type":"Feature","geometry":{"type":"LineString","coordinates":[[7.14826,49.28513],[7.15753,49.28288]]},"properties":{"d":"33025","load":2,"rf":0}},{"type":"Feature","geometry":{"type":"LineString","coordinates":[[7.15334,49.27488],[7.15243,49.27428]]},"properties":{"d":"33025","load":1,"rf":0}},{"type":"Feature","geometry":{"type":"LineString","coordinates":[[6.52743,49.52322],[6.53016,49.52115]]},"properties":{"d":"33035","load":1,"rf":0}},{"type":"Feature","geometry":{"type":"LineString","coordinates":[[6.63003,49.45457],[6.59802,49.4926]]},"properties":{"d":"33035","load":16,"rf":0}},{"type":"Feature","geometry":{"type":"LineString","coordinates":[[6.53935,49.50716],[6.53926,49.50915]]},"properties":{"d":"33035","load":2,"rf":0}},{"type":"Feature","geometry":{"type":"LineString","coordinates":[[6.57075,49.43613],[6.57369,49.43779]]},"properties":{"d":"33035","load":18,"rf":0}},{"type":"Feature","geometry":{"type":"LineString","coordinates":[[6.53179,49.50333],[6.53098,49.50314]]},"properties":{"d":"33035","load":0,"rf":0}},{"type":"Feature","geometry":{"type":"LineString","coordinates":[[6.6379,49.44261],[6.63888,49.44264]]},"properties":{"d":"33035","load":0,"rf":0}},{"type":"Feature","geometry":{"type":"LineString","coordinates":[[6.52213,49.50435],[6.51957,49.50548]]},"properties":{"d":"33035","load":0,"rf":0}},{"type":"Feature","geometry":{"type":"LineString","coordinates":[[6.6277,49.4651],[6.62582,49.46477]]},"properties":{"d":"33035","load":0,"rf":0}},{"type":"Feature","geometry":{"type":"LineString","coordinates":[[6.61133,49.46654],[6.61252,49.46738]]},"properties":{"d":"33035","load":1,"rf":0}},{"type":"Feature","geometry":{"type":"LineString","coordinates":[[6.64622,49.41957],[6.64478,49.41623]]},"properties":{"d":"33035","load":0,"rf":0}},{"type":"Feature","geometry":{"type":"LineString","coordinates":[[6.64112,49.44266],[6.64184,49.44273]]},"properties":{"d":"33035","load":0,"rf":0}},{"type":"Feature","geometry":{"type":"LineString","coordinates":[[6.58226,49.49156],[6.58226,49.49156]]},"properties":{"d":"33035","load":19,"rf":0}},{"type":"Feature","geometry":{"type":"LineString","coordinates":[[6.58226,49.49156],[6.58172,49.49125]]},"properties":{"d":"33035","load":39,"rf":0}},{"type":"Feature","geometry":{"type":"LineString","coordinates":[[6.51106,49.46223],[6.49957,49.45905]]},"properties":{"d":"33035","load":79,"rf":0}},{"type":"Feature","geometry":{"type":"LineString","coordinates":[[6.49957,49.45905],[6.49842,49.45921]]},"properties":{"d":"33035","load":70,"rf":0}},{"type":"Feature","geometry":{"type":"LineString","coordinates":[[6.48741,49.46076],[6.49048,49.46033]]},"properties":{"d":"33035","load":11,"rf":0}},{"type":"Feature","geometry":{"type":"LineString","coordinates":[[6.4964,49.46049],[6.49609,49.45954]]},"properties":{"d":"33035","load":11,"rf":0}},{"type":"Feature","geometry":{"type":"LineString","coordinates":[[6.49188,49.46452],[6.49048,49.46033]]},"properties":{"d":"33035","load":11,"rf":0}},{"type":"Feature","geometry":{"type":"LineString","coordinates":[[6.49061,49.45681],[6.49403,49.455]]},"properties":{"d":"33035","load":10,"rf":0}},{"type":"Feature","geometry":{"type":"LineString","coordinates":[[6.49061,49.45681],[6.49127,49.45881]]},"properties":{"d":"33035","load":19,"rf":0}},{"type":"Feature","geometry":{"type":"LineString","coordinates":[[6.49813,49.45834],[6.50018,49.45492]]},"properties":{"d":"33035","load":10,"rf":0}},{"type":"Feature","geometry":{"type":"LineString","coordinates":[[6.49813,49.45834],[6.49842,49.45921]]},"properties":{"d":"33035","load":19,"rf":0}},{"type":"Feature","geometry":{"type":"LineString","coordinates":[[6.48986,49.45901],[6.49127,49.45881]]},"properties":{"d":"33035","load":10,"rf":0}},{"type":"Feature","geometry":{"type":"LineString","coordinates":[[6.53656,49.43679],[6.53771,49.43361]]},"properties":{"d":"33035","load":27,"rf":0}},{"type":"Feature","geometry":{"type":"LineString","coordinates":[[6.53656,49.43679],[6.5376,49.44559]]},"properties":{"d":"33035","load":40,"rf":0}},{"type":"Feature","geometry":{"type":"LineString","coordinates":[[6.53771,49.43361],[6.54299,49.43284]]},"properties":{"d":"33035","load":13,"rf":0}},{"type":"Feature","geometry":{"type":"LineString","coordinates":[[6.4901,49.49939],[6.49259,49.49975]]},"properties":{"d":"33035","load":17,"rf":0}},{"type":"Feature","geometry":{"type":"LineString","coordinates":[[6.49368,49.49655],[6.49259,49.49975]]},"properties":{"d":"33035","load":17,"rf":0}},{"type":"Feature","geometry":{"type":"LineString","coordinates":[[6.5581,49.49526],[6.55371,49.49264]]},"properties":{"d":"33035","load":12,"rf":0}},{"type":"Feature","geometry":{"type":"LineString","coordinates":[[6.46795,49.5278],[6.45081,49.52605]]},"properties":{"d":"33035","load":10,"rf":0}},{"type":"Feature","geometry":{"type":"LineString","coordinates":[[6.71025,49.43412],[6.7088,49.43075]]},"properties":{"d":"33035","load":12,"rf":0}},{"type":"Feature","geometry":{"type":"LineString","coordinates":[[6.71025,49.43412],[6.70922,49.43446]]},"properties":{"d":"33035","load":24,"rf":0}},{"type":"Feature","geometry":{"type":"LineString","coordinates":[[6.71172,49.4377],[6.70871,49.43992]]},"properties":{"d":"33035","load":55,"rf":0}},{"type":"Feature","geometry":{"type":"LineString","coordinates":[[6.71172,49.4377],[6.70922,49.43446]]},"properties":{"d":"33035","load":67,"rf":0}},{"type":"Feature","geometry":{"type":"LineString","coordinates":[[6.70871,49.43992],[6.70684,49.44069]]},"properties":{"d":"33035","load":37,"rf":0}},{"type":"Feature","geometry":{"type":"LineString","coordinates":[[6.70312,49.44224],[6.70684,49.44069]]},"properties":{"d":"33035","load":18,"rf":0}},{"type":"Feature","geometry":{"type":"LineString","coordinates":[[6.70969,49.44362],[6.70684,49.44069]]},"properties":{"d":"33035","load":18,"rf":0}},{"type":"Feature","geometry":{"type":"LineString","coordinates":[[6.48651,49.52519],[6.46795,49.5278]]},"properties":{"d":"33035","load":10,"rf":0}},{"type":"Feature","geometry":{"type":"LineString","coordinates":[[6.50623,49.4776],[6.50271,49.48612]]},"properties":{"d":"33035","load":0,"rf":0}},{"type":"Feature","geometry":{"type":"LineString","coordinates":[[6.50623,49.4776],[6.50708,49.47489]]},"properties":{"d":"33035","load":1,"rf":0}},{"type":"Feature","geometry":{"type":"LineString","coordinates":[[6.49759,49.47332],[6.50717,49.4746]]},"properties":{"d":"33035","load":1,"rf":0}},{"type":"Feature","geometry":{"type":"LineString","coordinates":[[6.49685,49.48509],[6.50271,49.48612]]},"properties":{"d":"33035","load":0,"rf":0}},{"type":"Feature","geometry":{"type":"LineString","coordinates":[[6.53303,49.52815],[6.48651,49.52519]]},"properties":{"d":"33035","load":70,"rf":0}},{"type":"Feature","geometry":{"type":"LineString","coordinates":[[6.48651,49.52519],[6.49697,49.50247]]},"properties":{"d":"33035","load":35,"rf":0}},{"type":"Feature","geometry":{"type":"LineString","coordinates":[[6.49767,49.50095],[6.49697,49.50247]]},"properties":{"d":"33035","load":35,"rf":0}},{"type":"Feature","geometry":{"type":"LineString","coordinates":[[6.49767,49.50095],[6.49782,49.50051]]},"properties":{"d":"33035","load":35,"rf":0}},{"type":"Feature","geometry":{"type":"LineString","coordinates":[[6.53341,49.45989],[6.51106,49.46223]]},"properties":{"d":"33035","load":81,"rf":0}},{"type":"Feature","geometry":{"type":"LineString","coordinates":[[6.51106,49.46223],[6.50717,49.4746]]},"properties":{"d":"33035","load":1,"rf":0}},{"type":"Feature","geometry":{"type":"LineString","coordinates":[[6.52473,49.47726],[6.50708,49.47489]]},"properties":{"d":"33035","load":0,"rf":0}},{"type":"Feature","geometry":{"type":"LineString","coordinates":[[6.50109,49.50328],[6.49697,49.50247]]},"properties":{"d":"33035","load":0,"rf":0}},{"type":"Feature","geometry":{"type":"LineString","coordinates":[[6.51615,49.45407],[6.52646,49.45075]]},"properties":{"d":"33035","load":0,"rf":0}},{"type":"Feature","geometry":{"type":"LineString","coordinates":[[6.51116,49.4972],[6.49952,49.49552]]},"properties":{"d":"33035","load":0,"rf":0}},{"type":"Feature","geometry":{"type":"LineString","coordinates":[[6.53986,49.50916],[6.53926,49.50915]]},"properties":{"d":"33035","load":0,"rf":0}},{"type":"Feature","geometry":{"type":"LineString","coordinates":[[6.53066,49.50564],[6.52893,49.50701]]},"properties":{"d":"33035","load":1,"rf":0}},{"type":"Feature","geometry":{"type":"LineString","coordinates":[[6.52213,49.50435],[6.52363,49.50432]]},"properties":{"d":"33035","load":1,"rf":0}},{"type":"Feature","geometry":{"type":"LineString","coordinates":[[6.52563,49.50391],[6.52429,49.50691]]},"properties":{"d":"33035","load":2,"rf":0}},{"type":"Feature","geometry":{"type":"LineString","coordinates":[[6.52563,49.50391],[6.52873,49.50692]]},"properties":{"d":"33035","load":3,"rf":0}},{"type":"Feature","geometry":{"type":"LineString","coordinates":[[6.53467,49.50906],[6.52893,49.50701]]},"properties":{"d":"33035","load":3,"rf":0}},{"type":"Feature","geometry":{"type":"LineString","coordinates":[[6.53467,49.50906],[6.52959,49.51086]]},"properties":{"d":"33035","load":1,"rf":0}},{"type":"Feature","geometry":{"type":"LineString","coordinates":[[6.53467,49.50906],[6.53926,49.50915]]},"properties":{"d":"33035","load":2,"rf":0}},{"type":"Feature","geometry":{"type":"LineString","coordinates":[[6.52429,49.50691],[6.52363,49.50432]]},"properties":{"d":"33035","load":1,"rf":0}},{"type":"Feature","geometry":{"type":"LineString","coordinates":[[6.52893,49.50701],[6.52873,49.50692]]},"properties":{"d":"33035","load":0,"rf":0}},{"type":"Feature","geometry":{"type":"LineString","coordinates":[[6.52893,49.50701],[6.53098,49.50314]]},"properties":{"d":"33035","load":6,"rf":0}},{"type":"Feature","geometry":{"type":"LineString","coordinates":[[6.52255,49.50137],[6.52363,49.50432]]},"properties":{"d":"33035","load":1,"rf":0}},{"type":"Feature","geometry":{"type":"LineString","coordinates":[[6.52959,49.51086],[6.52567,49.51061]]},"properties":{"d":"33035","load":0,"rf":0}},{"type":"Feature","geometry":{"type":"LineString","coordinates":[[6.52309,49.44631],[6.52646,49.45075]]},"properties":{"d":"33035","load":94,"rf":0}},{"type":"Feature","geometry":{"type":"LineString","coordinates":[[6.52309,49.44631],[6.5376,49.44559]]},"properties":{"d":"33035","load":94,"rf":0}},{"type":"Feature","geometry":{"type":"LineString","coordinates":[[6.52141,49.48645],[6.52433,49.48635]]},"properties":{"d":"33035","load":0,"rf":0}},{"type":"Feature","geometry":{"type":"LineString","coordinates":[[6.52433,49.48635],[6.5382,49.48946]]},"properties":{"d":"33035","load":0,"rf":0}},{"type":"Feature","geometry":{"type":"LineString","coordinates":[[6.53341,49.45989],[6.52646,49.45075]]},"properties":{"d":"33035","load":90,"rf":0}},{"type":"Feature","geometry":{"type":"LineString","coordinates":[[6.53001,49.52107],[6.53016,49.52115]]},"properties":{"d":"33035","load":0,"rf":0}},{"type":"Feature","geometry":{"type":"LineString","coordinates":[[6.54073,49.48467],[6.53654,49.48435]]},"properties":{"d":"33035","load":5,"rf":0}},{"type":"Feature","geometry":{"type":"LineString","coordinates":[[6.54073,49.48467],[6.63003,49.45457]]},"properties":{"d":"33035","load":3,"rf":0}},{"type":"Feature","geometry":{"type":"LineString","coordinates":[[6.53654,49.48435],[6.5382,49.48946]]},"properties":{"d":"33035","load":6,"rf":0}},{"type":"Feature","geometry":{"type":"LineString","coordinates":[[6.54536,49.49754],[6.54943,49.49568]]},"properties":{"d":"33035","load":4,"rf":0}},{"type":"Feature","geometry":{"type":"LineString","coordinates":[[6.54536,49.49754],[6.52873,49.50692]]},"properties":{"d":"33035","load":4,"rf":0}},{"type":"Feature","geometry":{"type":"LineString","coordinates":[[6.55095,49.47632],[6.5544,49.48146]]},"properties":{"d":"33035","load":0,"rf":0}},{"type":"Feature","geometry":{"type":"LineString","coordinates":[[6.55095,49.47632],[6.54922,49.47563]]},"properties":{"d":"33035","load":0,"rf":0}},{"type":"Feature","geometry":{"type":"LineString","coordinates":[[6.54985,49.47353],[6.56736,49.45631]]},"properties":{"d":"33035","load":0,"rf":0}},{"type":"Feature","geometry":{"type":"LineString","coordinates":[[6.54985,49.47353],[6.54922,49.47563]]},"properties":{"d":"33035","load":0,"rf":0}},{"type":"Feature","geometry":{"type":"LineString","coordinates":[[6.54943,49.49568],[6.55371,49.49264]]},"properties":{"d":"33035","load":4,"rf":0}},{"type":"Feature","geometry":{"type":"LineString","coordinates":[[6.55683,49.42659],[6.55737,49.42913]]},"properties":{"d":"33035","load":0,"rf":0}},{"type":"Feature","geometry":{"type":"LineString","coordinates":[[6.55683,49.42659],[6.57154,49.42343]]},"properties":{"d":"33035","load":1,"rf":0}},{"type":"Feature","geometry":{"type":"LineString","coordinates":[[6.5528,49.44483],[6.5376,49.44559]]},"properties":{"d":"33035","load":48,"rf":0}},{"type":"Feature","geometry":{"type":"LineString","coordinates":[[6.63003,49.45457],[6.5528,49.44483]]},"properties":{"d":"33035","load":48,"rf":0}},{"type":"Feature","geometry":{"type":"LineString","coordinates":[[6.53303,49.52815],[6.53456,49.52662]]},"properties":{"d":"33035","load":63,"rf":0}},{"type":"Feature","geometry":{"type":"LineString","coordinates":[[6.54051,49.53016],[6.53858,49.5339]]},"properties":{"d":"33035","load":0,"rf":0}},{"type":"Feature","geometry":{"type":"LineString","coordinates":[[6.54051,49.53016],[6.53456,49.52662]]},"properties":{"d":"33035","load":1,"rf":0}},{"type":"Feature","geometry":{"type":"LineString","coordinates":[[6.55855,49.48921],[6.56592,49.48524]]},"properties":{"d":"33035","load":14,"rf":0}},{"type":"Feature","geometry":{"type":"LineString","coordinates":[[6.55855,49.48921],[6.55371,49.49264]]},"properties":{"d":"33035","load":14,"rf":0}},{"type":"Feature","geometry":{"type":"LineString","coordinates":[[6.63003,49.45457],[6.56736,49.45631]]},"properties":{"d":"33035","load":1,"rf":0}},{"type":"Feature","geometry":{"type":"LineString","coordinates":[[6.61891,49.43892],[6.61699,49.44119]]},"properties":{"d":"33035","load":1,"rf":0}},{"type":"Feature","geometry":{"type":"LineString","coordinates":[[6.62558,49.44581],[6.62082,49.44091]]},"properties":{"d":"33035","load":4,"rf":0}},{"type":"Feature","geometry":{"type":"LineString","coordinates":[[6.60819,49.44043],[6.61148,49.44108]]},"properties":{"d":"33035","load":1,"rf":0}},{"type":"Feature","geometry":{"type":"LineString","coordinates":[[6.60246,49.45284],[6.6016,49.45127]]},"properties":{"d":"33035","load":7,"rf":0}},{"type":"Feature","geometry":{"type":"LineString","coordinates":[[6.60246,49.45284],[6.5997,49.45323]]},"properties":{"d":"33035","load":6,"rf":0}},{"type":"Feature","geometry":{"type":"LineString","coordinates":[[6.61148,49.44108],[6.61087,49.44257]]},"properties":{"d":"33035","load":1,"rf":0}},{"type":"Feature","geometry":{"type":"LineString","coordinates":[[6.6016,49.45127],[6.60708,49.45201]]},"properties":{"d":"33035","load":7,"rf":0}},{"type":"Feature","geometry":{"type":"LineString","coordinates":[[6.59945,49.44459],[6.59603,49.44329]]},"properties":{"d":"33035","load":1,"rf":0}},{"type":"Feature","geometry":{"type":"LineString","coordinates":[[6.59945,49.44459],[6.60391,49.44983]]},"properties":{"d":"33035","load":2,"rf":0}},{"type":"Feature","geometry":{"type":"LineString","coordinates":[[6.62082,49.44091],[6.61699,49.44119]]},"properties":{"d":"33035","load":4,"rf":0}},{"type":"Feature","geometry":{"type":"LineString","coordinates":[[6.59224,49.46318],[6.59642,49.45863]]},"properties":{"d":"33035","load":0,"rf":0}},{"type":"Feature","geometry":{"type":"LineString","coordinates":[[6.59224,49.46318],[6.59535,49.46454]]},"properties":{"d":"33035","load":6,"rf":0}},{"type":"Feature","geometry":{"type":"LineString","coordinates":[[6.59224,49.46318],[6.58838,49.46293]]},"properties":{"d":"33035","load":5,"rf":0}},{"type":"Feature","geometry":{"type":"LineString","coordinates":[[6.58399,49.46705],[6.58538,49.46617]]},"properties":{"d":"33035","load":0,"rf":0}},{"type":"Feature","geometry":{"type":"LineString","coordinates":[[6.59603,49.44329],[6.59158,49.44279]]},"properties":{"d":"33035","load":1,"rf":0}},{"type":"Feature","geometry":{"type":"LineString","coordinates":[[6.61661,49.44133],[6.61699,49.44119]]},"properties":{"d":"33035","load":5,"rf":0}},{"type":"Feature","geometry":{"type":"LineString","coordinates":[[6.61661,49.44133],[6.61584,49.44187]]},"properties":{"d":"33035","load":6,"rf":0}},{"type":"Feature","geometry":{"type":"LineString","coordinates":[[6.58751,49.46635],[6.58806,49.46526]]},"properties":{"d":"33035","load":1,"rf":0}},{"type":"Feature","geometry":{"type":"LineString","coordinates":[[6.58751,49.46635],[6.58538,49.46617]]},"properties":{"d":"33035","load":0,"rf":0}},{"type":"Feature","geometry":{"type":"LineString","coordinates":[[6.61217,49.43415],[6.61158,49.43437]]},"properties":{"d":"33035","load":0,"rf":0}},{"type":"Feature","geometry":{"type":"LineString","coordinates":[[6.59175,49.4663],[6.58783,49.46854]]},"properties":{"d":"33035","load":0,"rf":0}},{"type":"Feature","geometry":{"type":"LineString","coordinates":[[6.59175,49.4663],[6.58806,49.46526]]},"properties":{"d":"33035","load":1,"rf":0}},{"type":"Feature","geometry":{"type":"LineString","coordinates":[[6.59171,49.4435],[6.59158,49.44279]]},"properties":{"d":"33035","load":0,"rf":0}},{"type":"Feature","geometry":{"type":"LineString","coordinates":[[6.61374,49.44552],[6.61079,49.44829]]},"properties":{"d":"33035","load":0,"rf":0}},{"type":"Feature","geometry":{"type":"LineString","coordinates":[[6.61374,49.44552],[6.61584,49.44187]]},"properties":{"d":"33035","load":2,"rf":0}},{"type":"Feature","geometry":{"type":"LineString","coordinates":[[6.61686,49.43212],[6.61856,49.43313]]},"properties":{"d":"33035","load":1,"rf":0}},{"type":"Feature","geometry":{"type":"LineString","coordinates":[[6.58138,49.45997],[6.58417,49.46007]]},"properties":{"d":"33035","load":4,"rf":0}},{"type":"Feature","geometry":{"type":"LineString","coordinates":[[6.61337,49.43734],[6.61158,49.43437]]},"properties":{"d":"33035","load":1,"rf":0}},{"type":"Feature","geometry":{"type":"LineString","coordinates":[[6.58685,49.47312],[6.58783,49.46854]]},"properties":{"d":"33035","load":0,"rf":0}},{"type":"Feature","geometry":{"type":"LineString","coordinates":[[6.58624,49.46338],[6.58806,49.46526]]},"properties":{"d":"33035","load":2,"rf":0}},{"type":"Feature","geometry":{"type":"LineString","coordinates":[[6.58624,49.46338],[6.58838,49.46293]]},"properties":{"d":"33035","load":2,"rf":0}},{"type":"Feature","geometry":{"type":"LineString","coordinates":[[6.58741,49.44102],[6.59158,49.44279]]},"properties":{"d":"33035","load":0,"rf":0}},{"type":"Feature","geometry":{"type":"LineString","coordinates":[[6.61919,49.43355],[6.61158,49.43437]]},"properties":{"d":"33035","load":1,"rf":0}},{"type":"Feature","geometry":{"type":"LineString","coordinates":[[6.61919,49.43355],[6.61856,49.43313]]},"properties":{"d":"33035","load":1,"rf":0}},{"type":"Feature","geometry":{"type":"LineString","coordinates":[[6.60708,49.45201],[6.60391,49.44983]]},"properties":{"d":"33035","load":7,"rf":0}},{"type":"Feature","geometry":{"type":"LineString","coordinates":[[6.59535,49.46454],[6.5997,49.45323]]},"properties":{"d":"33035","load":7,"rf":0}},{"type":"Feature","geometry":{"type":"LineString","coordinates":[[6.61192,49.4317],[6.61158,49.43437]]},"properties":{"d":"33035","load":0,"rf":0}},{"type":"Feature","geometry":{"type":"LineString","coordinates":[[6.57976,49.46252],[6.58417,49.46007]]},"properties":{"d":"33035","load":0,"rf":0}},{"type":"Feature","geometry":{"type":"LineString","coordinates":[[6.61521,49.44099],[6.61438,49.44152]]},"properties":{"d":"33035","load":0,"rf":0}},{"type":"Feature","geometry":{"type":"LineString","coordinates":[[6.60777,49.44949],[6.60526,49.4479]]},"properties":{"d":"33035","load":9,"rf":0}},{"type":"Feature","geometry":{"type":"LineString","coordinates":[[6.63003,49.45457],[6.60777,49.44949]]},"properties":{"d":"33035","load":10,"rf":0}},{"type":"Feature","geometry":{"type":"LineString","coordinates":[[6.60526,49.4479],[6.60558,49.44743]]},"properties":{"d":"33035","load":0,"rf":0}},{"type":"Feature","geometry":{"type":"LineString","coordinates":[[6.60526,49.4479],[6.60391,49.44983]]},"properties":{"d":"33035","load":9,"rf":0}},{"type":"Feature","geometry":{"type":"LineString","coordinates":[[6.58442,49.46367],[6.58538,49.46617]]},"properties":{"d":"33035","load":0,"rf":0}},{"type":"Feature","geometry":{"type":"LineString","coordinates":[[6.62137,49.43142],[6.61856,49.43313]]},"properties":{"d":"33035","load":0,"rf":0}},{"type":"Feature","geometry":{"type":"LineString","coordinates":[[6.5952,49.41646],[6.57154,49.42343]]},"properties":{"d":"33035","load":4,"rf":0}},{"type":"Feature","geometry":{"type":"LineString","coordinates":[[6.57154,49.42343],[6.5806,49.42826]]},"properties":{"d":"33035","load":6,"rf":0}},{"type":"Feature","geometry":{"type":"LineString","coordinates":[[6.63003,49.45457],[6.56592,49.48524]]},"properties":{"d":"33035","load":14,"rf":0}},{"type":"Feature","geometry":{"type":"LineString","coordinates":[[6.57075,49.43613],[6.5806,49.42826]]},"properties":{"d":"33035","load":18,"rf":0}},{"type":"Feature","geometry":{"type":"LineString","coordinates":[[6.5683,49.51007],[6.56174,49.5064]]},"properties":{"d":"33035","load":0,"rf":0}},{"type":"Feature","geometry":{"type":"LineString","coordinates":[[6.58398,49.48195],[6.58467,49.48525]]},"properties":{"d":"33035","load":0,"rf":0}},{"type":"Feature","geometry":{"type":"LineString","coordinates":[[6.58467,49.48525],[6.58752,49.48685]]},"properties":{"d":"33035","load":0,"rf":0}},{"type":"Feature","geometry":{"type":"LineString","coordinates":[[6.59131,49.4918],[6.58707,49.49319]]},"properties":{"d":"33035","load":1,"rf":0}},{"type":"Feature","geometry":{"type":"LineString","coordinates":[[6.59444,49.49407],[6.59131,49.4918]]},"properties":{"d":"33035","load":5,"rf":0}},{"type":"Feature","geometry":{"type":"LineString","coordinates":[[6.59131,49.4918],[6.58609,49.49468]]},"properties":{"d":"33035","load":3,"rf":0}},{"type":"Feature","geometry":{"type":"LineString","coordinates":[[6.60714,49.4935],[6.61667,49.49363]]},"properties":{"d":"33035","load":0,"rf":0}},{"type":"Feature","geometry":{"type":"LineString","coordinates":[[6.60714,49.4935],[6.60328,49.49342]]},"properties":{"d":"33035","load":1,"rf":0}},{"type":"Feature","geometry":{"type":"LineString","coordinates":[[6.58266,49.4949],[6.57766,49.49623]]},"properties":{"d":"33035","load":1,"rf":0}},{"type":"Feature","geometry":{"type":"LineString","coordinates":[[6.58266,49.4949],[6.58609,49.49468]]},"properties":{"d":"33035","load":1,"rf":0}},{"type":"Feature","geometry":{"type":"LineString","coordinates":[[6.60337,49.49143],[6.60333,49.49262]]},"properties":{"d":"33035","load":6,"rf":0}},{"type":"Feature","geometry":{"type":"LineString","coordinates":[[6.5886,49.49803],[6.58609,49.49468]]},"properties":{"d":"33035","load":1,"rf":0}},{"type":"Feature","geometry":{"type":"LineString","coordinates":[[6.59683,49.4935],[6.59836,49.49305]]},"properties":{"d":"33035","load":4,"rf":0}},{"type":"Feature","geometry":{"type":"LineString","coordinates":[[6.59606,49.49361],[6.59836,49.49305]]},"properties":{"d":"33035","load":4,"rf":0}},{"type":"Feature","geometry":{"type":"LineString","coordinates":[[6.60052,49.49623],[6.60179,49.49685]]},"properties":{"d":"33035","load":0,"rf":0}},{"type":"Feature","geometry":{"type":"LineString","coordinates":[[6.60179,49.49685],[6.60329,49.49381]]},"properties":{"d":"33035","load":0,"rf":0}},{"type":"Feature","geometry":{"type":"LineString","coordinates":[[6.59872,49.49701],[6.59696,49.49743]]},"properties":{"d":"33035","load":1,"rf":0}},{"type":"Feature","geometry":{"type":"LineString","coordinates":[[6.59838,49.49809],[6.59696,49.49743]]},"properties":{"d":"33035","load":0,"rf":0}},{"type":"Feature","geometry":{"type":"LineString","coordinates":[[6.57497,49.49611],[6.57766,49.49623]]},"properties":{"d":"33035","load":1,"rf":0}},{"type":"Feature","geometry":{"type":"LineString","coordinates":[[6.60274,49.493],[6.60328,49.49342]]},"properties":{"d":"33035","load":1,"rf":0}},{"type":"Feature","geometry":{"type":"LineString","coordinates":[[6.59016,49.43333],[6.5806,49.42826]]},"properties":{"d":"33035","load":24,"rf":0}},{"type":"Feature","geometry":{"type":"LineString","coordinates":[[6.59016,49.43333],[6.59683,49.43689]]},"properties":{"d":"33035","load":24,"rf":0}},{"type":"Feature","geometry":{"type":"LineString","coordinates":[[6.5952,49.41646],[6.6026,49.41887]]},"properties":{"d":"33035","load":2,"rf":0}},{"type":"Feature","geometry":{"type":"LineString","coordinates":[[6.6026,49.41887],[6.60396,49.41711]]},"properties":{"d":"33035","load":2,"rf":0}},{"type":"Feature","geometry":{"type":"LineString","coordinates":[[6.59311,49.48043],[6.59476,49.48136]]},"properties":{"d":"33035","load":0,"rf":0}},{"type":"Feature","geometry":{"type":"LineString","coordinates":[[6.63078,49.45499],[6.62433,49.45908]]},"properties":{"d":"33035","load":24,"rf":0}},{"type":"Feature","geometry":{"type":"LineString","coordinates":[[6.63003,49.45457],[6.63078,49.45499]]},"properties":{"d":"33035","load":24,"rf":0}},{"type":"Feature","geometry":{"type":"LineString","coordinates":[[6.63962,49.45623],[6.63715,49.45369]]},"properties":{"d":"33035","load":2,"rf":0}},{"type":"Feature","geometry":{"type":"LineString","coordinates":[[6.63962,49.45623],[6.6407,49.45712]]},"properties":{"d":"33035","load":1,"rf":0}},{"type":"Feature","geometry":{"type":"LineString","coordinates":[[6.6604,49.43982],[6.65024,49.44312]]},"properties":{"d":"33035","load":0,"rf":0}},{"type":"Feature","geometry":{"type":"LineString","coordinates":[[6.6604,49.43982],[6.65731,49.44261]]},"properties":{"d":"33035","load":1,"rf":0}},{"type":"Feature","geometry":{"type":"LineString","coordinates":[[6.6604,49.43982],[6.65692,49.43481]]},"properties":{"d":"33035","load":0,"rf":0}},{"type":"Feature","geometry":{"type":"LineString","coordinates":[[6.63003,49.45457],[6.61157,49.47789]]},"properties":{"d":"33035","load":4,"rf":0}},{"type":"Feature","geometry":{"type":"LineString","coordinates":[[6.61541,49.47454],[6.61568,49.47186]]},"properties":{"d":"33035","load":1,"rf":0}},{"type":"Feature","geometry":{"type":"LineString","coordinates":[[6.65839,49.44839],[6.66003,49.4458]]},"properties":{"d":"33035","load":3,"rf":0}},{"type":"Feature","geometry":{"type":"LineString","coordinates":[[6.65839,49.44839],[6.63003,49.45457]]},"properties":{"d":"33035","load":4,"rf":0}},{"type":"Feature","geometry":{"type":"LineString","coordinates":[[6.63527,49.45105],[6.63715,49.45369]]},"properties":{"d":"33035","load":3,"rf":0}},{"type":"Feature","geometry":{"type":"LineString","coordinates":[[6.63003,49.45457],[6.63527,49.45105]]},"properties":{"d":"33035","load":5,"rf":0}},{"type":"Feature","geometry":{"type":"LineString","coordinates":[[6.64235,49.44041],[6.63003,49.45457]]},"properties":{"d":"33035","load":4,"rf":0}},{"type":"Feature","geometry":{"type":"LineString","coordinates":[[6.64235,49.44041],[6.64184,49.44273]]},"properties":{"d":"33035","load":4,"rf":0}},{"type":"Feature","geometry":{"type":"LineString","coordinates":[[6.66003,49.4458],[6.66453,49.44666]]},"properties":{"d":"33035","load":2,"rf":0}},{"type":"Feature","geometry":{"type":"LineString","coordinates":[[6.63767,49.44155],[6.6379,49.44261]]},"properties":{"d":"33035","load":9,"rf":0}},{"type":"Feature","geometry":{"type":"LineString","coordinates":[[6.63003,49.45457],[6.63767,49.44155]]},"properties":{"d":"33035","load":10,"rf":0}},{"type":"Feature","geometry":{"type":"LineString","coordinates":[[6.63621,49.44547],[6.63688,49.44905]]},"properties":{"d":"33035","load":2,"rf":0}},{"type":"Feature","geometry":{"type":"LineString","coordinates":[[6.63621,49.44547],[6.65187,49.44847]]},"properties":{"d":"33035","load":0,"rf":0}},{"type":"Feature","geometry":{"type":"LineString","coordinates":[[6.60509,49.47306],[6.60683,49.47454]]},"properties":{"d":"33035","load":0,"rf":0}},{"type":"Feature","geometry":{"type":"LineString","coordinates":[[6.60509,49.47306],[6.61166,49.47205]]},"properties":{"d":"33035","load":1,"rf":0}},{"type":"Feature","geometry":{"type":"LineString","coordinates":[[6.64497,49.44417],[6.65024,49.44312]]},"properties":{"d":"33035","load":1,"rf":0}},{"type":"Feature","geometry":{"type":"LineString","coordinates":[[6.64497,49.44417],[6.64179,49.44296]]},"properties":{"d":"33035","load":2,"rf":0}},{"type":"Feature","geometry":{"type":"LineString","coordinates":[[6.63117,49.43249],[6.63499,49.43045]]},"properties":{"d":"33035","load":2,"rf":0}},{"type":"Feature","geometry":{"type":"LineString","coordinates":[[6.63117,49.43249],[6.63072,49.43444]]},"properties":{"d":"33035","load":1,"rf":0}},{"type":"Feature","geometry":{"type":"LineString","coordinates":[[6.60683,49.47454],[6.60183,49.47764]]},"properties":{"d":"33035","load":1,"rf":0}},{"type":"Feature","geometry":{"type":"LineString","coordinates":[[6.61961,49.46228],[6.6205,49.46259]]},"properties":{"d":"33035","load":14,"rf":0}},{"type":"Feature","geometry":{"type":"LineString","coordinates":[[6.63453,49.42663],[6.63451,49.43046]]},"properties":{"d":"33035","load":1,"rf":0}},{"type":"Feature","geometry":{"type":"LineString","coordinates":[[6.63224,49.44052],[6.63334,49.44009]]},"properties":{"d":"33035","load":0,"rf":0}},{"type":"Feature","geometry":{"type":"LineString","coordinates":[[6.61157,49.47789],[6.61454,49.48002]]},"properties":{"d":"33035","load":4,"rf":0}},{"type":"Feature","geometry":{"type":"LineString","coordinates":[[6.63289,49.4547],[6.64889,49.46335]]},"properties":{"d":"33035","load":2,"rf":0}},{"type":"Feature","geometry":{"type":"LineString","coordinates":[[6.63003,49.45457],[6.63289,49.4547]]},"properties":{"d":"33035","load":5,"rf":0}},{"type":"Feature","geometry":{"type":"LineString","coordinates":[[6.62535,49.46562],[6.625,49.46237]]},"properties":{"d":"33035","load":2,"rf":0}},{"type":"Feature","geometry":{"type":"LineString","coordinates":[[6.62535,49.46562],[6.61886,49.46706]]},"properties":{"d":"33035","load":2,"rf":0}},{"type":"Feature","geometry":{"type":"LineString","coordinates":[[6.61089,49.46837],[6.6138,49.46935]]},"properties":{"d":"33035","load":2,"rf":0}},{"type":"Feature","geometry":{"type":"LineString","coordinates":[[6.61089,49.46837],[6.61252,49.46738]]},"properties":{"d":"33035","load":4,"rf":0}},{"type":"Feature","geometry":{"type":"LineString","coordinates":[[6.64767,49.44573],[6.65198,49.44566]]},"properties":{"d":"33035","load":1,"rf":0}},{"type":"Feature","geometry":{"type":"LineString","coordinates":[[6.64767,49.44573],[6.64081,49.44466]]},"properties":{"d":"33035","load":1,"rf":0}},{"type":"Feature","geometry":{"type":"LineString","coordinates":[[6.6527,49.46299],[6.64526,49.4621]]},"properties":{"d":"33035","load":1,"rf":0}},{"type":"Feature","geometry":{"type":"LineString","coordinates":[[6.6527,49.46299],[6.64889,49.46335]]},"properties":{"d":"33035","load":2,"rf":0}},{"type":"Feature","geometry":{"type":"LineString","coordinates":[[6.64526,49.4621],[6.64295,49.46025]]},"properties":{"d":"33035","load":0,"rf":0}},{"type":"Feature","geometry":{"type":"LineString","coordinates":[[6.64179,49.44296],[6.64184,49.44273]]},"properties":{"d":"33035","load":4,"rf":0}},{"type":"Feature","geometry":{"type":"LineString","coordinates":[[6.63003,49.45457],[6.66264,49.44405]]},"properties":{"d":"33035","load":3,"rf":0}},{"type":"Feature","geometry":{"type":"LineString","coordinates":[[6.6673,49.44813],[6.66533,49.44667]]},"properties":{"d":"33035","load":1,"rf":0}},{"type":"Feature","geometry":{"type":"LineString","coordinates":[[6.66693,49.45301],[6.66018,49.45127]]},"properties":{"d":"33035","load":3,"rf":0}},{"type":"Feature","geometry":{"type":"LineString","coordinates":[[6.6717,49.45711],[6.66693,49.45301]]},"properties":{"d":"33035","load":0,"rf":0}},{"type":"Feature","geometry":{"type":"LineString","coordinates":[[6.66077,49.45147],[6.66693,49.45301]]},"properties":{"d":"33035","load":3,"rf":0}},{"type":"Feature","geometry":{"type":"LineString","coordinates":[[6.6138,49.46935],[6.61166,49.47205]]},"properties":{"d":"33035","load":2,"rf":0}},{"type":"Feature","geometry":{"type":"LineString","coordinates":[[6.66566,49.44495],[6.66785,49.44627]]},"properties":{"d":"33035","load":0,"rf":0}},{"type":"Feature","geometry":{"type":"LineString","coordinates":[[6.64295,49.46025],[6.6407,49.45712]]},"properties":{"d":"33035","load":0,"rf":0}},{"type":"Feature","geometry":{"type":"LineString","coordinates":[[6.62803,49.45847],[6.625,49.46237]]},"properties":{"d":"33035","load":3,"rf":0}},{"type":"Feature","geometry":{"type":"LineString","coordinates":[[6.63003,49.45457],[6.62803,49.45847]]},"properties":{"d":"33035","load":3,"rf":0}},{"type":"Feature","geometry":{"type":"LineString","coordinates":[[6.60183,49.47764],[6.60452,49.47711]]},"properties":{"d":"33035","load":2,"rf":0}},{"type":"Feature","geometry":{"type":"LineString","coordinates":[[6.62192,49.45853],[6.61996,49.45833]]},"properties":{"d":"33035","load":19,"rf":0}},{"type":"Feature","geometry":{"type":"LineString","coordinates":[[6.62192,49.45853],[6.6205,49.46259]]},"properties":{"d":"33035","load":19,"rf":0}},{"type":"Feature","geometry":{"type":"LineString","coordinates":[[6.636,49.43499],[6.63451,49.43046]]},"properties":{"d":"33035","load":1,"rf":0}},{"type":"Feature","geometry":{"type":"LineString","coordinates":[[6.63142,49.43763],[6.63072,49.43444]]},"properties":{"d":"33035","load":7,"rf":0}},{"type":"Feature","geometry":{"type":"LineString","coordinates":[[6.63142,49.43763],[6.63286,49.43948]]},"properties":{"d":"33035","load":9,"rf":0}},{"type":"Feature","geometry":{"type":"LineString","coordinates":[[6.60928,49.47938],[6.61454,49.48002]]},"properties":{"d":"33035","load":4,"rf":0}},{"type":"Feature","geometry":{"type":"LineString","coordinates":[[6.60928,49.47938],[6.60452,49.47711]]},"properties":{"d":"33035","load":3,"rf":0}},{"type":"Feature","geometry":{"type":"LineString","coordinates":[[6.6379,49.44261],[6.63334,49.44009]]},"properties":{"d":"33035","load":9,"rf":0}},{"type":"Feature","geometry":{"type":"LineString","coordinates":[[6.65731,49.44261],[6.66264,49.44405]]},"properties":{"d":"33035","load":1,"rf":0}},{"type":"Feature","geometry":{"type":"LineString","coordinates":[[6.63003,49.45457],[6.63688,49.44905]]},"properties":{"d":"33035","load":3,"rf":0}},{"type":"Feature","geometry":{"type":"LineString","coordinates":[[6.65451,49.44857],[6.65187,49.44847]]},"properties":{"d":"33035","load":0,"rf":0}},{"type":"Feature","geometry":{"type":"LineString","coordinates":[[6.66453,49.44666],[6.66533,49.44667]]},"properties":{"d":"33035","load":1,"rf":0}},{"type":"Feature","geometry":{"type":"LineString","coordinates":[[6.61996,49.45833],[6.62433,49.45908]]},"properties":{"d":"33035","load":22,"rf":0}},{"type":"Feature","geometry":{"type":"LineString","coordinates":[[6.62273,49.47162],[6.62188,49.47102]]},"properties":{"d":"33035","load":0,"rf":0}},{"type":"Feature","geometry":{"type":"LineString","coordinates":[[6.66018,49.45127],[6.65107,49.44819]]},"properties":{"d":"33035","load":2,"rf":0}},{"type":"Feature","geometry":{"type":"LineString","coordinates":[[6.63003,49.45457],[6.64081,49.44466]]},"properties":{"d":"33035","load":2,"rf":0}},{"type":"Feature","geometry":{"type":"LineString","coordinates":[[6.64889,49.46335],[6.64166,49.4705]]},"properties":{"d":"33035","load":0,"rf":0}},{"type":"Feature","geometry":{"type":"LineString","coordinates":[[6.61568,49.47186],[6.6208,49.47066]]},"properties":{"d":"33035","load":1,"rf":0}},{"type":"Feature","geometry":{"type":"LineString","coordinates":[[6.63499,49.43045],[6.63451,49.43046]]},"properties":{"d":"33035","load":2,"rf":0}},{"type":"Feature","geometry":{"type":"LineString","coordinates":[[6.66785,49.44627],[6.66533,49.44667]]},"properties":{"d":"33035","load":1,"rf":0}},{"type":"Feature","geometry":{"type":"LineString","coordinates":[[6.6192,49.46931],[6.61886,49.46706]]},"properties":{"d":"33035","load":2,"rf":0}},{"type":"Feature","geometry":{"type":"LineString","coordinates":[[6.6192,49.46931],[6.6208,49.47066]]},"properties":{"d":"33035","load":1,"rf":0}},{"type":"Feature","geometry":{"type":"LineString","coordinates":[[6.65617,49.45836],[6.661,49.45938]]},"properties":{"d":"33035","load":7,"rf":0}},{"type":"Feature","geometry":{"type":"LineString","coordinates":[[6.63003,49.45457],[6.65617,49.45836]]},"properties":{"d":"33035","load":7,"rf":0}},{"type":"Feature","geometry":{"type":"LineString","coordinates":[[6.66202,49.4596],[6.661,49.45938]]},"properties":{"d":"33035","load":6,"rf":0}},{"type":"Feature","geometry":{"type":"LineString","coordinates":[[6.66202,49.4596],[6.67468,49.46691]]},"properties":{"d":"33035","load":7,"rf":0}},{"type":"Feature","geometry":{"type":"LineString","coordinates":[[6.60623,49.40388],[6.60396,49.41711]]},"properties":{"d":"33035","load":0,"rf":0}},{"type":"Feature","geometry":{"type":"LineString","coordinates":[[6.60515,49.5148],[6.61011,49.51312]]},"properties":{"d":"33035","load":1,"rf":0}},{"type":"Feature","geometry":{"type":"LineString","coordinates":[[6.60515,49.5148],[6.60014,49.49667]]},"properties":{"d":"33035","load":0,"rf":0}},{"type":"Feature","geometry":{"type":"LineString","coordinates":[[6.60515,49.5148],[6.60654,49.50933]]},"properties":{"d":"33035","load":2,"rf":0}},{"type":"Feature","geometry":{"type":"LineString","coordinates":[[6.61376,49.50752],[6.60654,49.50933]]},"properties":{"d":"33035","load":0,"rf":0}},{"type":"Feature","geometry":{"type":"LineString","coordinates":[[6.60725,49.51024],[6.60654,49.50933]]},"properties":{"d":"33035","load":1,"rf":0}},{"type":"Feature","geometry":{"type":"LineString","coordinates":[[6.60584,49.42969],[6.59683,49.43689]]},"properties":{"d":"33035","load":0,"rf":0}},{"type":"Feature","geometry":{"type":"LineString","coordinates":[[6.61599,49.50063],[6.61135,49.49982]]},"properties":{"d":"33035","load":0,"rf":0}},{"type":"Feature","geometry":{"type":"LineString","coordinates":[[6.62971,49.419],[6.62818,49.42149]]},"properties":{"d":"33035","load":1,"rf":0}},{"type":"Feature","geometry":{"type":"LineString","coordinates":[[6.62971,49.419],[6.64293,49.41658]]},"properties":{"d":"33035","load":0,"rf":0}},{"type":"Feature","geometry":{"type":"LineString","coordinates":[[6.62818,49.42149],[6.60396,49.41711]]},"properties":{"d":"33035","load":2,"rf":0}},{"type":"Feature","geometry":{"type":"LineString","coordinates":[[6.64042,49.41078],[6.64063,49.41126]]},"properties":{"d":"33035","load":0,"rf":0}},{"type":"Feature","geometry":{"type":"LineString","coordinates":[[6.64644,49.4102],[6.64063,49.41126]]},"properties":{"d":"33035","load":0,"rf":0}},{"type":"Feature","geometry":{"type":"LineString","coordinates":[[6.64575,49.41348],[6.64678,49.41587]]},"properties":{"d":"33035","load":0,"rf":0}},{"type":"Feature","geometry":{"type":"LineString","coordinates":[[6.68285,49.40975],[6.66983,49.41457]]},"properties":{"d":"33035","load":0,"rf":0}},{"type":"Feature","geometry":{"type":"LineString","coordinates":[[6.65198,49.42036],[6.65715,49.41468]]},"properties":{"d":"33035","load":1,"rf":0}},{"type":"Feature","geometry":{"type":"LineString","coordinates":[[6.67009,49.40724],[6.65824,49.41376]]},"properties":{"d":"33035","load":2,"rf":0}},{"type":"Feature","geometry":{"type":"LineString","coordinates":[[6.67009,49.40724],[6.66161,49.40724]]},"properties":{"d":"33035","load":1,"rf":0}},{"type":"Feature","geometry":{"type":"LineString","coordinates":[[6.65824,49.41376],[6.66217,49.41772]]},"properties":{"d":"33035","load":5,"rf":0}},{"type":"Feature","geometry":{"type":"LineString","coordinates":[[6.65824,49.41376],[6.65715,49.41468]]},"properties":{"d":"33035","load":2,"rf":0}},{"type":"Feature","geometry":{"type":"LineString","coordinates":[[6.65335,49.41488],[6.65715,49.41468]]},"properties":{"d":"33035","load":1,"rf":0}},{"type":"Feature","geometry":{"type":"LineString","coordinates":[[6.66272,49.45594],[6.661,49.45938]]},"properties":{"d":"33035","load":0,"rf":0}},{"type":"Feature","geometry":{"type":"LineString","coordinates":[[6.67719,49.46871],[6.67131,49.47539]]},"properties":{"d":"33035","load":16,"rf":0}},{"type":"Feature","geometry":{"type":"LineString","coordinates":[[6.67719,49.46871],[6.67918,49.47336]]},"properties":{"d":"33035","load":0,"rf":0}},{"type":"Feature","geometry":{"type":"LineString","coordinates":[[6.67719,49.46871],[6.63003,49.45457]]},"properties":{"d":"33035","load":19,"rf":0}},{"type":"Feature","geometry":{"type":"LineString","coordinates":[[6.68209,49.47571],[6.67918,49.47336]]},"properties":{"d":"33035","load":10,"rf":0}},{"type":"Feature","geometry":{"type":"LineString","coordinates":[[6.69033,49.48244],[6.68209,49.47571]]},"properties":{"d":"33035","load":42,"rf":0}},{"type":"Feature","geometry":{"type":"LineString","coordinates":[[6.67131,49.47539],[6.67519,49.47675]]},"properties":{"d":"33035","load":14,"rf":0}},{"type":"Feature","geometry":{"type":"LineString","coordinates":[[6.67131,49.47539],[6.66862,49.478]]},"properties":{"d":"33035","load":0,"rf":0}},{"type":"Feature","geometry":{"type":"LineString","coordinates":[[6.67713,49.46443],[6.68004,49.46635]]},"properties":{"d":"33035","load":2,"rf":0}},{"type":"Feature","geometry":{"type":"LineString","coordinates":[[6.67442,49.46343],[6.67468,49.46691]]},"properties":{"d":"33035","load":0,"rf":0}},{"type":"Feature","geometry":{"type":"LineString","coordinates":[[6.68277,49.46838],[6.68004,49.46635]]},"properties":{"d":"33035","load":3,"rf":0}},{"type":"Feature","geometry":{"type":"LineString","coordinates":[[6.67225,49.41735],[6.66983,49.41457]]},"properties":{"d":"33035","load":0,"rf":0}},{"type":"Feature","geometry":{"type":"LineString","coordinates":[[6.70255,49.43664],[6.68111,49.44002]]},"properties":{"d":"33035","load":72,"rf":0}},{"type":"Feature","geometry":{"type":"LineString","coordinates":[[6.68111,49.44002],[6.66217,49.41772]]},"properties":{"d":"33035","load":6,"rf":0}},{"type":"Feature","geometry":{"type":"LineString","coordinates":[[6.68111,49.44002],[6.68075,49.44038]]},"properties":{"d":"33035","load":77,"rf":0}},{"type":"Feature","geometry":{"type":"LineString","coordinates":[[6.67705,49.43935],[6.68075,49.44038]]},"properties":{"d":"33035","load":78,"rf":0}},{"type":"Feature","geometry":{"type":"LineString","coordinates":[[6.63003,49.45457],[6.67705,49.43935]]},"properties":{"d":"33035","load":78,"rf":0}},{"type":"Feature","geometry":{"type":"LineString","coordinates":[[6.68365,49.44339],[6.68075,49.44038]]},"properties":{"d":"33035","load":0,"rf":0}},{"type":"Feature","geometry":{"type":"LineString","coordinates":[[6.63003,49.45457],[6.69033,49.48244]]},"properties":{"d":"33035","load":67,"rf":0}},{"type":"Feature","geometry":{"type":"LineString","coordinates":[[6.70255,49.43664],[6.70922,49.43446]]},"properties":{"d":"33035","load":72,"rf":0}},{"type":"Feature","geometry":{"type":"LineString","coordinates":[[6.5981,49.49538],[6.59868,49.4964]]},"properties":{"d":"33035","load":1,"rf":0}},{"type":"Feature","geometry":{"type":"LineString","coordinates":[[6.5981,49.49538],[6.59813,49.49417]]},"properties":{"d":"33035","load":1,"rf":0}},{"type":"Feature","geometry":{"type":"LineString","coordinates":[[6.59967,49.49205],[6.59925,49.49253]]},"properties":{"d":"33035","load":0,"rf":0}},{"type":"Feature","geometry":{"type":"LineString","coordinates":[[6.59977,49.4923],[6.59955,49.49181]]},"properties":{"d":"33035","load":1,"rf":0}},{"type":"Feature","geometry":{"type":"LineString","coordinates":[[6.59977,49.4923],[6.59936,49.49268]]},"properties":{"d":"33035","load":1,"rf":0}},{"type":"Feature","geometry":{"type":"LineString","coordinates":[[6.60138,49.49509],[6.6006,49.49469]]},"properties":{"d":"33035","load":1,"rf":0}},{"type":"Feature","geometry":{"type":"LineString","coordinates":[[6.60138,49.49509],[6.60329,49.49381]]},"properties":{"d":"33035","load":4,"rf":0}},{"type":"Feature","geometry":{"type":"LineString","coordinates":[[6.59868,49.4964],[6.59872,49.49701]]},"properties":{"d":"33035","load":1,"rf":0}},{"type":"Feature","geometry":{"type":"LineString","coordinates":[[6.59912,49.49735],[6.59977,49.49713]]},"properties":{"d":"33035","load":2,"rf":0}},{"type":"Feature","geometry":{"type":"LineString","coordinates":[[6.59912,49.49735],[6.60329,49.49381]]},"properties":{"d":"33035","load":2,"rf":0}},{"type":"Feature","geometry":{"type":"LineString","coordinates":[[6.59977,49.49713],[6.60014,49.49667]]},"properties":{"d":"33035","load":1,"rf":0}},{"type":"Feature","geometry":{"type":"LineString","coordinates":[[6.59947,49.49156],[6.60046,49.49229]]},"properties":{"d":"33035","load":0,"rf":0}},{"type":"Feature","geometry":{"type":"LineString","coordinates":[[6.63179,49.43449],[6.63072,49.43444]]},"properties":{"d":"33035","load":5,"rf":0}},{"type":"Feature","geometry":{"type":"LineString","coordinates":[[6.59955,49.49181],[6.59925,49.49253]]},"properties":{"d":"33035","load":0,"rf":0}},{"type":"Feature","geometry":{"type":"LineString","coordinates":[[6.59983,49.49551],[6.6006,49.49469]]},"properties":{"d":"33035","load":1,"rf":0}},{"type":"Feature","geometry":{"type":"LineString","coordinates":[[6.59983,49.49551],[6.59971,49.49505]]},"properties":{"d":"33035","load":1,"rf":0}},{"type":"Feature","geometry":{"type":"LineString","coordinates":[[6.59936,49.49268],[6.60135,49.49243]]},"properties":{"d":"33035","load":1,"rf":0}},{"type":"Feature","geometry":{"type":"LineString","coordinates":[[6.59971,49.49505],[6.59956,49.4941]]},"properties":{"d":"33035","load":1,"rf":0}},{"type":"Feature","geometry":{"type":"LineString","coordinates":[[6.59683,49.4935],[6.59813,49.49417]]},"properties":{"d":"33035","load":4,"rf":0}},{"type":"Feature","geometry":{"type":"LineString","coordinates":[[6.60046,49.49229],[6.60135,49.49243]]},"properties":{"d":"33035","load":1,"rf":0}},{"type":"Feature","geometry":{"type":"LineString","coordinates":[[6.63161,49.43928],[6.63286,49.43948]]},"properties":{"d":"33035","load":0,"rf":0}},{"type":"Feature","geometry":{"type":"LineString","coordinates":[[6.62358,49.45781],[6.62433,49.45908]]},"properties":{"d":"33035","load":2,"rf":0}},{"type":"Feature","geometry":{"type":"LineString","coordinates":[[6.65187,49.44733],[6.65107,49.44819]]},"properties":{"d":"33035","load":0,"rf":0}},{"type":"Feature","geometry":{"type":"LineString","coordinates":[[6.66077,49.45147],[6.65451,49.44857]]},"properties":{"d":"33035","load":4,"rf":0}},{"type":"Feature","geometry":{"type":"LineString","coordinates":[[6.59444,49.49407],[6.59606,49.49361]]},"properties":{"d":"33035","load":4,"rf":0}},{"type":"Feature","geometry":{"type":"LineString","coordinates":[[6.59647,49.49433],[6.59813,49.49417]]},"properties":{"d":"33035","load":0,"rf":0}},{"type":"Feature","geometry":{"type":"LineString","coordinates":[[6.60558,49.44743],[6.61087,49.44257]]},"properties":{"d":"33035","load":14,"rf":0}},{"type":"Feature","geometry":{"type":"LineString","coordinates":[[6.63003,49.45457],[6.60558,49.44743]]},"properties":{"d":"33035","load":14,"rf":0}},{"type":"Feature","geometry":{"type":"LineString","coordinates":[[6.50271,49.48612],[6.49952,49.49552]]},"properties":{"d":"33035","load":0,"rf":0}},{"type":"Feature","geometry":{"type":"LineString","coordinates":[[6.50708,49.47489],[6.50717,49.4746]]},"properties":{"d":"33035","load":1,"rf":0}},{"type":"Feature","geometry":{"type":"LineString","coordinates":[[6.49952,49.49552],[6.49782,49.50051]]},"properties":{"d":"33035","load":0,"rf":0}},{"type":"Feature","geometry":{"type":"LineString","coordinates":[[6.5382,49.48946],[6.53098,49.50314]]},"properties":{"d":"33035","load":6,"rf":0}},{"type":"Feature","geometry":{"type":"LineString","coordinates":[[6.53712,49.52505],[6.56174,49.5064]]},"properties":{"d":"33035","load":74,"rf":0}},{"type":"Feature","geometry":{"type":"LineString","coordinates":[[6.53712,49.52505],[6.53456,49.52662]]},"properties":{"d":"33035","load":72,"rf":0}},{"type":"Feature","geometry":{"type":"LineString","coordinates":[[6.53712,49.52505],[6.53016,49.52115]]},"properties":{"d":"33035","load":1,"rf":0}},{"type":"Feature","geometry":{"type":"LineString","coordinates":[[6.63003,49.45457],[6.65107,49.44819]]},"properties":{"d":"33035","load":2,"rf":0}},{"type":"Feature","geometry":{"type":"LineString","coordinates":[[6.56174,49.5064],[6.58172,49.49125]]},"properties":{"d":"33035","load":74,"rf":0}},{"type":"Feature","geometry":{"type":"LineString","coordinates":[[6.58752,49.48685],[6.59476,49.48136]]},"properties":{"d":"33035","load":95,"rf":0}},{"type":"Feature","geometry":{"type":"LineString","coordinates":[[6.58752,49.48685],[6.58172,49.49125]]},"properties":{"d":"33035","load":95,"rf":0}},{"type":"Feature","geometry":{"type":"LineString","coordinates":[[6.63003,49.45457],[6.59476,49.48136]]},"properties":{"d":"33035","load":95,"rf":0}},{"type":"Feature","geometry":{"type":"LineString","coordinates":[[6.63003,49.45457],[6.59683,49.43689]]},"properties":{"d":"33035","load":24,"rf":0}},{"type":"Feature","geometry":{"type":"LineString","coordinates":[[6.61135,49.49982],[6.60654,49.50933]]},"properties":{"d":"33035","load":3,"rf":0}},{"type":"Feature","geometry":{"type":"LineString","coordinates":[[6.61135,49.49982],[6.62582,49.46477]]},"properties":{"d":"33035","load":4,"rf":0}},{"type":"Feature","geometry":{"type":"LineString","coordinates":[[6.64293,49.41658],[6.64063,49.41126]]},"properties":{"d":"33035","load":0,"rf":0}},{"type":"Feature","geometry":{"type":"LineString","coordinates":[[6.64293,49.41658],[6.64478,49.41623]]},"properties":{"d":"33035","load":0,"rf":0}},{"type":"Feature","geometry":{"type":"LineString","coordinates":[[6.64678,49.41587],[6.65715,49.41468]]},"properties":{"d":"33035","load":0,"rf":0}},{"type":"Feature","geometry":{"type":"LineString","coordinates":[[6.64678,49.41587],[6.64478,49.41623]]},"properties":{"d":"33035","load":0,"rf":0}},{"type":"Feature","geometry":{"type":"LineString","coordinates":[[6.66217,49.41772],[6.66983,49.41457]]},"properties":{"d":"33035","load":0,"rf":0}},{"type":"Feature","geometry":{"type":"LineString","coordinates":[[6.61087,49.44257],[6.61438,49.44152]]},"properties":{"d":"33035","load":11,"rf":0}},{"type":"Feature","geometry":{"type":"LineString","coordinates":[[6.6205,49.46259],[6.61252,49.46738]]},"properties":{"d":"33035","load":5,"rf":0}},{"type":"Feature","geometry":{"type":"LineString","coordinates":[[6.61438,49.44152],[6.61584,49.44187]]},"properties":{"d":"33035","load":8,"rf":0}},{"type":"Feature","geometry":{"type":"LineString","coordinates":[[6.61438,49.44152],[6.61158,49.43437]]},"properties":{"d":"33035","load":3,"rf":0}},{"type":"Feature","geometry":{"type":"LineString","coordinates":[[6.58838,49.46293],[6.58417,49.46007]]},"properties":{"d":"33035","load":5,"rf":0}},{"type":"Feature","geometry":{"type":"LineString","coordinates":[[6.59956,49.4941],[6.59813,49.49417]]},"properties":{"d":"33035","load":3,"rf":0}},{"type":"Feature","geometry":{"type":"LineString","coordinates":[[6.63003,49.45457],[6.59956,49.4941]]},"properties":{"d":"33035","load":1,"rf":0}},{"type":"Feature","geometry":{"type":"LineString","coordinates":[[6.6208,49.47066],[6.62188,49.47102]]},"properties":{"d":"33035","load":0,"rf":0}},{"type":"Feature","geometry":{"type":"LineString","coordinates":[[6.60329,49.49381],[6.60328,49.49342]]},"properties":{"d":"33035","load":5,"rf":0}},{"type":"Feature","geometry":{"type":"LineString","coordinates":[[6.60328,49.49342],[6.60333,49.49262]]},"properties":{"d":"33035","load":4,"rf":0}},{"type":"Feature","geometry":{"type":"LineString","coordinates":[[6.60333,49.49262],[6.60135,49.49243]]},"properties":{"d":"33035","load":2,"rf":0}},{"type":"Feature","geometry":{"type":"LineString","coordinates":[[6.6769,49.46761],[6.67468,49.46691]]},"properties":{"d":"33035","load":5,"rf":0}},{"type":"Feature","geometry":{"type":"LineString","coordinates":[[6.6769,49.46761],[6.68004,49.46635]]},"properties":{"d":"33035","load":5,"rf":0}},{"type":"Feature","geometry":{"type":"LineString","coordinates":[[6.63003,49.45457],[6.62582,49.46477]]},"properties":{"d":"33035","load":4,"rf":0}},{"type":"Feature","geometry":{"type":"LineString","coordinates":[[6.49609,49.45954],[6.49172,49.46015]]},"properties":{"d":"33035","load":50,"rf":0}},{"type":"Feature","geometry":{"type":"LineString","coordinates":[[6.49609,49.45954],[6.49842,49.45921]]},"properties":{"d":"33035","load":60,"rf":0}},{"type":"Feature","geometry":{"type":"LineString","coordinates":[[6.49048,49.46033],[6.49172,49.46015]]},"properties":{"d":"33035","load":21,"rf":0}},{"type":"Feature","geometry":{"type":"LineString","coordinates":[[6.49172,49.46015],[6.49127,49.45881]]},"properties":{"d":"33035","load":29,"rf":0}},{"type":"Feature","geometry":{"type":"LineString","coordinates":[[6.49782,49.50051],[6.49259,49.49975]]},"properties":{"d":"33035","load":35,"rf":0}},{"type":"Feature","geometry":{"type":"LineString","coordinates":[[6.63334,49.44009],[6.63286,49.43948]]},"properties":{"d":"33035","load":9,"rf":0}},{"type":"Feature","geometry":{"type":"LineString","coordinates":[[6.69225,49.37133],[6.68967,49.36965]]},"properties":{"d":"33036","load":7,"rf":0}},{"type":"Feature","geometry":{"type":"LineString","coordinates":[[6.6695,49.35323],[6.67229,49.35304]]},"properties":{"d":"33036","load":0,"rf":0}},{"type":"Feature","geometry":{"type":"LineString","coordinates":[[6.54886,49.41189],[6.56275,49.40078]]},"properties":{"d":"33036","load":2,"rf":0}},{"type":"Feature","geometry":{"type":"LineString","coordinates":[[6.54886,49.41189],[6.58876,49.39724]]},"properties":{"d":"33036","load":0,"rf":0}},{"type":"Feature","geometry":{"type":"LineString","coordinates":[[6.55829,49.3984],[6.56275,49.40078]]},"properties":{"d":"33036","load":0,"rf":0}},{"type":"Feature","geometry":{"type":"LineString","coordinates":[[6.56679,49.39754],[6.56275,49.40078]]},"properties":{"d":"33036","load":2,"rf":0}},{"type":"Feature","geometry":{"type":"LineString","coordinates":[[6.56679,49.39754],[6.68831,49.36574]]},"properties":{"d":"33036","load":3,"rf":0}},{"type":"Feature","geometry":{"type":"LineString","coordinates":[[6.57652,49.34167],[6.59066,49.34178]]},"properties":{"d":"33036","load":0,"rf":0}},{"type":"Feature","geometry":{"type":"LineString","coordinates":[[6.59066,49.34178],[6.60561,49.34883]]},"properties":{"d":"33036","load":4,"rf":0}},{"type":"Feature","geometry":{"type":"LineString","coordinates":[[6.59066,49.34178],[6.68831,49.36574]]},"properties":{"d":"33036","load":3,"rf":0}},{"type":"Feature","geometry":{"type":"LineString","coordinates":[[6.59608,49.33864],[6.59383,49.34256]]},"properties":{"d":"33036","load":1,"rf":0}},{"type":"Feature","geometry":{"type":"LineString","coordinates":[[6.58991,49.38352],[6.59259,49.3888]]},"properties":{"d":"33036","load":1,"rf":0}},{"type":"Feature","geometry":{"type":"LineString","coordinates":[[6.58991,49.38352],[6.58751,49.38214]]},"properties":{"d":"33036","load":4,"rf":0}},{"type":"Feature","geometry":{"type":"LineString","coordinates":[[6.58699,49.39518],[6.58876,49.39724]]},"properties":{"d":"33036","load":0,"rf":0}},{"type":"Feature","geometry":{"type":"LineString","coordinates":[[6.59454,49.37691],[6.58751,49.38214]]},"properties":{"d":"33036","load":4,"rf":0}},{"type":"Feature","geometry":{"type":"LineString","coordinates":[[6.59454,49.37691],[6.61948,49.37395]]},"properties":{"d":"33036","load":8,"rf":0}},{"type":"Feature","geometry":{"type":"LineString","coordinates":[[6.59666,49.39268],[6.59774,49.39393]]},"properties":{"d":"33036","load":3,"rf":0}},{"type":"Feature","geometry":{"type":"LineString","coordinates":[[6.60422,49.35082],[6.60553,49.34979]]},"properties":{"d":"33036","load":0,"rf":0}},{"type":"Feature","geometry":{"type":"LineString","coordinates":[[6.60561,49.34883],[6.60553,49.34979]]},"properties":{"d":"33036","load":4,"rf":0}},{"type":"Feature","geometry":{"type":"LineString","coordinates":[[6.61428,49.3545],[6.61273,49.35175]]},"properties":{"d":"33036","load":0,"rf":0}},{"type":"Feature","geometry":{"type":"LineString","coordinates":[[6.61428,49.3545],[6.61595,49.35523]]},"properties":{"d":"33036","load":6,"rf":0}},{"type":"Feature","geometry":{"type":"LineString","coordinates":[[6.61254,49.35766],[6.61584,49.35722]]},"properties":{"d":"33036","load":3,"rf":0}},{"type":"Feature","geometry":{"type":"LineString","coordinates":[[6.62505,49.35503],[6.68831,49.36574]]},"properties":{"d":"33036","load":2,"rf":0}},{"type":"Feature","geometry":{"type":"LineString","coordinates":[[6.62331,49.3585],[6.68831,49.36574]]},"properties":{"d":"33036","load":4,"rf":0}},{"type":"Feature","geometry":{"type":"LineString","coordinates":[[6.61273,49.35175],[6.60553,49.34979]]},"properties":{"d":"33036","load":4,"rf":0}},{"type":"Feature","geometry":{"type":"LineString","coordinates":[[6.61612,49.38717],[6.62174,49.38551]]},"properties":{"d":"33036","load":7,"rf":0}},{"type":"Feature","geometry":{"type":"LineString","coordinates":[[6.61612,49.38717],[6.6091,49.38976]]},"properties":{"d":"33036","load":3,"rf":0}},{"type":"Feature","geometry":{"type":"LineString","coordinates":[[6.61905,49.38166],[6.62174,49.38551]]},"properties":{"d":"33036","load":1,"rf":0}},{"type":"Feature","geometry":{"type":"LineString","coordinates":[[6.61926,49.40151],[6.6091,49.38976]]},"properties":{"d":"33036","load":0,"rf":0}},{"type":"Feature","geometry":{"type":"LineString","coordinates":[[6.61796,49.36854],[6.61948,49.37395]]},"properties":{"d":"33036","load":0,"rf":0}},{"type":"Feature","geometry":{"type":"LineString","coordinates":[[6.62483,49.38637],[6.6238,49.3849]]},"properties":{"d":"33036","load":2,"rf":0}},{"type":"Feature","geometry":{"type":"LineString","coordinates":[[6.6391,49.37898],[6.6399,49.38012]]},"properties":{"d":"33036","load":0,"rf":0}},{"type":"Feature","geometry":{"type":"LineString","coordinates":[[6.65108,49.40147],[6.66749,49.38422]]},"properties":{"d":"33036","load":0,"rf":0}},{"type":"Feature","geometry":{"type":"LineString","coordinates":[[6.65108,49.40147],[6.68831,49.36574]]},"properties":{"d":"33036","load":4,"rf":0}},{"type":"Feature","geometry":{"type":"LineString","coordinates":[[6.65108,49.40147],[6.64881,49.40368]]},"properties":{"d":"33036","load":8,"rf":0}},{"type":"Feature","geometry":{"type":"LineString","coordinates":[[6.64777,49.40628],[6.64881,49.40368]]},"properties":{"d":"33036","load":6,"rf":0}},{"type":"Feature","geometry":{"type":"LineString","coordinates":[[6.64583,49.40239],[6.64881,49.40368]]},"properties":{"d":"33036","load":2,"rf":0}},{"type":"Feature","geometry":{"type":"LineString","coordinates":[[6.66615,49.36252],[6.65778,49.36781]]},"properties":{"d":"33036","load":10,"rf":0}},{"type":"Feature","geometry":{"type":"LineString","coordinates":[[6.66615,49.36252],[6.67288,49.36336]]},"properties":{"d":"33036","load":2,"rf":0}},{"type":"Feature","geometry":{"type":"LineString","coordinates":[[6.66615,49.36252],[6.66616,49.36241]]},"properties":{"d":"33036","load":0,"rf":0}},{"type":"Feature","geometry":{"type":"LineString","coordinates":[[6.66615,49.36252],[6.67334,49.36422]]},"properties":{"d":"33036","load":20,"rf":0}},{"type":"Feature","geometry":{"type":"LineString","coordinates":[[6.65282,49.38152],[6.65778,49.36781]]},"properties":{"d":"33036","load":4,"rf":0}},{"type":"Feature","geometry":{"type":"LineString","coordinates":[[6.65778,49.36781],[6.65352,49.37322]]},"properties":{"d":"33036","load":2,"rf":0}},{"type":"Feature","geometry":{"type":"LineString","coordinates":[[6.66414,49.36005],[6.66346,49.35652]]},"properties":{"d":"33036","load":5,"rf":0}},{"type":"Feature","geometry":{"type":"LineString","coordinates":[[6.66414,49.36005],[6.66376,49.36045]]},"properties":{"d":"33036","load":9,"rf":0}},{"type":"Feature","geometry":{"type":"LineString","coordinates":[[6.6695,49.35323],[6.66762,49.35896]]},"properties":{"d":"33036","load":17,"rf":0}},{"type":"Feature","geometry":{"type":"LineString","coordinates":[[6.67173,49.36016],[6.66762,49.35896]]},"properties":{"d":"33036","load":2,"rf":0}},{"type":"Feature","geometry":{"type":"LineString","coordinates":[[6.6555,49.35987],[6.66101,49.3619]]},"properties":{"d":"33036","load":4,"rf":0}},{"type":"Feature","geometry":{"type":"LineString","coordinates":[[6.67093,49.36632],[6.67334,49.36422]]},"properties":{"d":"33036","load":3,"rf":0}},{"type":"Feature","geometry":{"type":"LineString","coordinates":[[6.66101,49.3619],[6.66376,49.36045]]},"properties":{"d":"33036","load":9,"rf":0}},{"type":"Feature","geometry":{"type":"LineString","coordinates":[[6.66755,49.37667],[6.6648,49.37273]]},"properties":{"d":"33036","load":1,"rf":0}},{"type":"Feature","geometry":{"type":"LineString","coordinates":[[6.67871,49.38069],[6.66749,49.38422]]},"properties":{"d":"33036","load":0,"rf":0}},{"type":"Feature","geometry":{"type":"LineString","coordinates":[[6.67678,49.37328],[6.68014,49.37607]]},"properties":{"d":"33036","load":3,"rf":0}},{"type":"Feature","geometry":{"type":"LineString","coordinates":[[6.68851,49.37042],[6.68311,49.3753]]},"properties":{"d":"33036","load":17,"rf":0}},{"type":"Feature","geometry":{"type":"LineString","coordinates":[[6.68851,49.37042],[6.68967,49.36965]]},"properties":{"d":"33036","load":10,"rf":0}},{"type":"Feature","geometry":{"type":"LineString","coordinates":[[6.68872,49.37895],[6.68447,49.38127]]},"properties":{"d":"33036","load":3,"rf":0}},{"type":"Feature","geometry":{"type":"LineString","coordinates":[[6.68872,49.37895],[6.68595,49.37703]]},"properties":{"d":"33036","load":1,"rf":0}},{"type":"Feature","geometry":{"type":"LineString","coordinates":[[6.67871,49.38069],[6.68831,49.36574]]},"properties":{"d":"33036","load":3,"rf":0}},{"type":"Feature","geometry":{"type":"LineString","coordinates":[[6.6798,49.37873],[6.68447,49.38127]]},"properties":{"d":"33036","load":1,"rf":0}},{"type":"Feature","geometry":{"type":"LineString","coordinates":[[6.68311,49.3753],[6.68014,49.37607]]},"properties":{"d":"33036","load":18,"rf":0}},{"type":"Feature","geometry":{"type":"LineString","coordinates":[[6.69231,49.36792],[6.68967,49.36965]]},"properties":{"d":"33036","load":4,"rf":0}},{"type":"Feature","geometry":{"type":"LineString","coordinates":[[6.68831,49.36574],[6.68595,49.37703]]},"properties":{"d":"33036","load":1,"rf":0}},{"type":"Feature","geometry":{"type":"LineString","coordinates":[[6.67677,49.37642],[6.68014,49.37607]]},"properties":{"d":"33036","load":2,"rf":0}},{"type":"Feature","geometry":{"type":"LineString","coordinates":[[6.6399,49.38012],[6.6648,49.37273]]},"properties":{"d":"33036","load":9,"rf":0}},{"type":"Feature","geometry":{"type":"LineString","coordinates":[[6.6238,49.3849],[6.6399,49.38012]]},"properties":{"d":"33036","load":9,"rf":0}},{"type":"Feature","geometry":{"type":"LineString","coordinates":[[6.68831,49.36574],[6.6648,49.37273]]},"properties":{"d":"33036","load":10,"rf":0}},{"type":"Feature","geometry":{"type":"LineString","coordinates":[[6.68831,49.36574],[6.59383,49.34256]]},"properties":{"d":"33036","load":1,"rf":0}},{"type":"Feature","geometry":{"type":"LineString","coordinates":[[6.61595,49.35523],[6.61584,49.35722]]},"properties":{"d":"33036","load":3,"rf":0}},{"type":"Feature","geometry":{"type":"LineString","coordinates":[[6.68831,49.36574],[6.61595,49.35523]]},"properties":{"d":"33036","load":10,"rf":0}},{"type":"Feature","geometry":{"type":"LineString","coordinates":[[6.6238,49.3849],[6.62174,49.38551]]},"properties":{"d":"33036","load":8,"rf":0}},{"type":"Feature","geometry":{"type":"LineString","coordinates":[[6.66643,49.36124],[6.66762,49.35896]]},"properties":{"d":"33036","load":20,"rf":0}},{"type":"Feature","geometry":{"type":"LineString","coordinates":[[6.66643,49.36124],[6.66376,49.36045]]},"properties":{"d":"33036","load":18,"rf":0}},{"type":"Feature","geometry":{"type":"LineString","coordinates":[[6.66616,49.36241],[6.66643,49.36124]]},"properties":{"d":"33036","load":37,"rf":0}},{"type":"Feature","geometry":{"type":"LineString","coordinates":[[6.68831,49.36574],[6.66616,49.36241]]},"properties":{"d":"33036","load":37,"rf":0}},{"type":"Feature","geometry":{"type":"LineString","coordinates":[[6.68831,49.36574],[6.67334,49.36422]]},"properties":{"d":"33036","load":23,"rf":0}},{"type":"Feature","geometry":{"type":"LineString","coordinates":[[6.68831,49.36574],[6.68014,49.37607]]},"properties":{"d":"33036","load":23,"rf":0}},{"type":"Feature","geometry":{"type":"LineString","coordinates":[[6.58876,49.39724],[6.59774,49.39393]]},"properties":{"d":"33036","load":0,"rf":0}},{"type":"Feature","geometry":{"type":"LineString","coordinates":[[6.59774,49.39393],[6.6091,49.38976]]},"properties":{"d":"33036","load":3,"rf":0}},{"type":"Feature","geometry":{"type":"LineString","coordinates":[[6.68831,49.36574],[6.61948,49.37395]]},"properties":{"d":"33036","load":8,"rf":0}},{"type":"Feature","geometry":{"type":"LineString","coordinates":[[6.89419,49.25932],[6.90651,49.25058]]},"properties":{"d":"33076","load":0,"rf":0}},{"type":"Feature","geometry":{"type":"LineString","coordinates":[[6.90503,49.25015],[6.90734,49.24982]]},"properties":{"d":"33076","load":0,"rf":0}},{"type":"Feature","geometry":{"type":"LineString","coordinates":[[6.90734,49.24982],[6.90651,49.25058]]},"properties":{"d":"33076","load":2,"rf":0}},{"type":"Feature","geometry":{"type":"LineString","coordinates":[[6.90734,49.24982],[6.90874,49.24919]]},"properties":{"d":"33076","load":2,"rf":0}},{"type":"Feature","geometry":{"type":"LineString","coordinates":[[6.90692,49.25793],[6.90874,49.24919]]},"properties":{"d":"33076","load":0,"rf":0}},{"type":"Feature","geometry":{"type":"LineString","coordinates":[[6.90331,49.24806],[6.8975,49.24939]]},"properties":{"d":"33076","load":3,"rf":0}},{"type":"Feature","geometry":{"type":"LineString","coordinates":[[6.90331,49.24806],[6.90874,49.24919]]},"properties":{"d":"33076","load":2,"rf":0}},{"type":"Feature","geometry":{"type":"LineString","coordinates":[[6.89835,49.24983],[6.8975,49.24939]]},"properties":{"d":"33076","load":2,"rf":0}},{"type":"Feature","geometry":{"type":"LineString","coordinates":[[6.90495,49.26202],[6.90651,49.25058]]},"properties":{"d":"33076","load":0,"rf":0}},{"type":"Feature","geometry":{"type":"LineString","coordinates":[[6.90503,49.25015],[6.90505,49.25043]]},"properties":{"d":"33076","load":1,"rf":0}},{"type":"Feature","geometry":{"type":"LineString","coordinates":[[6.90602,49.25083],[6.90505,49.25043]]},"properties":{"d":"33076","load":1,"rf":0}},{"type":"Feature","geometry":{"type":"LineString","coordinates":[[6.90602,49.25083],[6.90651,49.25058]]},"properties":{"d":"33076","load":2,"rf":0}},{"type":"Feature","geometry":{"type":"LineString","coordinates":[[6.73284,49.26689],[6.73099,49.26631]]},"properties":{"d":"33185","load":14,"rf":0}},{"type":"Feature","geometry":{"type":"LineString","coordinates":[[6.73111,49.25244],[6.73067,49.25203]]},"properties":{"d":"33185","load":87,"rf":0}},{"type":"Feature","geometry":{"type":"LineString","coordinates":[[6.69835,49.25397],[6.69857,49.25383]]},"properties":{"d":"33185","load":0,"rf":0}},{"type":"Feature","geometry":{"type":"LineString","coordinates":[[6.70126,49.25646],[6.7019,49.25605]]},"properties":{"d":"33185","load":0,"rf":0}},{"type":"Feature","geometry":{"type":"LineString","coordinates":[[6.73155,49.26554],[6.73155,49.26554]]},"properties":{"d":"33185","load":0,"rf":0}},{"type":"Feature","geometry":{"type":"LineString","coordinates":[[6.73155,49.26554],[6.73099,49.26631]]},"properties":{"d":"33185","load":1,"rf":0}},{"type":"Feature","geometry":{"type":"LineString","coordinates":[[6.7039,49.23951],[6.69869,49.24093]]},"properties":{"d":"33185","load":0,"rf":0}},{"type":"Feature","geometry":{"type":"LineString","coordinates":[[6.7039,49.23951],[6.69593,49.23839]]},"properties":{"d":"33185","load":3,"rf":0}},{"type":"Feature","geometry":{"type":"LineString","coordinates":[[6.70608,49.25414],[6.70121,49.25742]]},"properties":{"d":"33185","load":1,"rf":0}},{"type":"Feature","geometry":{"type":"LineString","coordinates":[[6.70608,49.25414],[6.7093,49.2559]]},"properties":{"d":"33185","load":3,"rf":0}},{"type":"Feature","geometry":{"type":"LineString","coordinates":[[6.70994,49.24716],[6.69697,49.24896]]},"properties":{"d":"33185","load":1,"rf":0}},{"type":"Feature","geometry":{"type":"LineString","coordinates":[[6.69897,49.27446],[6.70807,49.27576]]},"properties":{"d":"33185","load":1,"rf":0}},{"type":"Feature","geometry":{"type":"LineString","coordinates":[[6.69897,49.27446],[6.70363,49.27592]]},"properties":{"d":"33185","load":2,"rf":0}},{"type":"Feature","geometry":{"type":"LineString","coordinates":[[6.69897,49.27446],[6.68685,49.27643]]},"properties":{"d":"33185","load":3,"rf":0}},{"type":"Feature","geometry":{"type":"LineString","coordinates":[[6.72646,49.27245],[6.68828,49.26054]]},"properties":{"d":"33185","load":4,"rf":0}},{"type":"Feature","geometry":{"type":"LineString","coordinates":[[6.70451,49.27291],[6.70363,49.27592]]},"properties":{"d":"33185","load":1,"rf":0}},{"type":"Feature","geometry":{"type":"LineString","coordinates":[[6.70302,49.23636],[6.70405,49.23862]]},"properties":{"d":"33185","load":2,"rf":0}},{"type":"Feature","geometry":{"type":"LineString","coordinates":[[6.69607,49.23215],[6.69807,49.22629]]},"properties":{"d":"33185","load":0,"rf":0}},{"type":"Feature","geometry":{"type":"LineString","coordinates":[[6.69607,49.23215],[6.72646,49.27245]]},"properties":{"d":"33185","load":3,"rf":0}},{"type":"Feature","geometry":{"type":"LineString","coordinates":[[6.6959,49.23852],[6.69497,49.2416]]},"properties":{"d":"33185","load":5,"rf":0}},{"type":"Feature","geometry":{"type":"LineString","coordinates":[[6.6959,49.23852],[6.69593,49.23839]]},"properties":{"d":"33185","load":2,"rf":0}},{"type":"Feature","geometry":{"type":"LineString","coordinates":[[6.70157,49.24693],[6.69697,49.24896]]},"properties":{"d":"33185","load":0,"rf":0}},{"type":"Feature","geometry":{"type":"LineString","coordinates":[[6.70943,49.27439],[6.70807,49.27576]]},"properties":{"d":"33185","load":1,"rf":0}},{"type":"Feature","geometry":{"type":"LineString","coordinates":[[6.70943,49.27439],[6.71323,49.27483]]},"properties":{"d":"33185","load":2,"rf":0}},{"type":"Feature","geometry":{"type":"LineString","coordinates":[[6.69939,49.26003],[6.70148,49.26756]]},"properties":{"d":"33185","load":6,"rf":0}},{"type":"Feature","geometry":{"type":"LineString","coordinates":[[6.69939,49.26003],[6.72646,49.27245]]},"properties":{"d":"33185","load":3,"rf":0}},{"type":"Feature","geometry":{"type":"LineString","coordinates":[[6.70987,49.23504],[6.72646,49.27245]]},"properties":{"d":"33185","load":1,"rf":0}},{"type":"Feature","geometry":{"type":"LineString","coordinates":[[6.70987,49.23504],[6.70551,49.23245]]},"properties":{"d":"33185","load":9,"rf":0}},{"type":"Feature","geometry":{"type":"LineString","coordinates":[[6.68828,49.26054],[6.69156,49.26315]]},"properties":{"d":"33185","load":0,"rf":0}},{"type":"Feature","geometry":{"type":"LineString","coordinates":[[6.69792,49.24416],[6.69869,49.24093]]},"properties":{"d":"33185","load":2,"rf":0}},{"type":"Feature","geometry":{"type":"LineString","coordinates":[[6.69614,49.24499],[6.69792,49.24416]]},"properties":{"d":"33185","load":1,"rf":0}},{"type":"Feature","geometry":{"type":"LineString","coordinates":[[6.69792,49.24416],[6.70405,49.23862]]},"properties":{"d":"33185","load":3,"rf":0}},{"type":"Feature","geometry":{"type":"LineString","coordinates":[[6.72199,49.27177],[6.71323,49.27483]]},"properties":{"d":"33185","load":2,"rf":0}},{"type":"Feature","geometry":{"type":"LineString","coordinates":[[6.72199,49.27177],[6.72646,49.26851]]},"properties":{"d":"33185","load":0,"rf":0}},{"type":"Feature","geometry":{"type":"LineString","coordinates":[[6.72646,49.27245],[6.72199,49.27177]]},"properties":{"d":"33185","load":2,"rf":0}},{"type":"Feature","geometry":{"type":"LineString","coordinates":[[6.69742,49.26439],[6.69328,49.2645]]},"properties":{"d":"33185","load":3,"rf":0}},{"type":"Feature","geometry":{"type":"LineString","coordinates":[[6.69742,49.26439],[6.70148,49.26756]]},"properties":{"d":"33185","load":5,"rf":0}},{"type":"Feature","geometry":{"type":"LineString","coordinates":[[6.69764,49.25321],[6.69857,49.25383]]},"properties":{"d":"33185","load":3,"rf":0}},{"type":"Feature","geometry":{"type":"LineString","coordinates":[[6.69764,49.25321],[6.69729,49.25098]]},"properties":{"d":"33185","load":11,"rf":0}},{"type":"Feature","geometry":{"type":"LineString","coordinates":[[6.71004,49.24155],[6.72444,49.25491]]},"properties":{"d":"33185","load":1,"rf":0}},{"type":"Feature","geometry":{"type":"LineString","coordinates":[[6.7067,49.23519],[6.70615,49.23962]]},"properties":{"d":"33185","load":2,"rf":0}},{"type":"Feature","geometry":{"type":"LineString","coordinates":[[6.69328,49.2645],[6.69156,49.26315]]},"properties":{"d":"33185","load":2,"rf":0}},{"type":"Feature","geometry":{"type":"LineString","coordinates":[[6.70551,49.23245],[6.70988,49.23773]]},"properties":{"d":"33185","load":9,"rf":0}},{"type":"Feature","geometry":{"type":"LineString","coordinates":[[6.69469,49.24686],[6.69497,49.2416]]},"properties":{"d":"33185","load":6,"rf":0}},{"type":"Feature","geometry":{"type":"LineString","coordinates":[[6.69469,49.24686],[6.69697,49.24896]]},"properties":{"d":"33185","load":8,"rf":0}},{"type":"Feature","geometry":{"type":"LineString","coordinates":[[6.73735,49.26692],[6.73802,49.2675]]},"properties":{"d":"33185","load":1,"rf":0}},{"type":"Feature","geometry":{"type":"LineString","coordinates":[[6.70988,49.23773],[6.70615,49.23962]]},"properties":{"d":"33185","load":7,"rf":0}},{"type":"Feature","geometry":{"type":"LineString","coordinates":[[6.70627,49.26814],[6.70703,49.26876]]},"properties":{"d":"33185","load":1,"rf":0}},{"type":"Feature","geometry":{"type":"LineString","coordinates":[[6.68606,49.25173],[6.69729,49.25098]]},"properties":{"d":"33185","load":0,"rf":0}},{"type":"Feature","geometry":{"type":"LineString","coordinates":[[6.68208,49.26828],[6.69156,49.26315]]},"properties":{"d":"33185","load":1,"rf":0}},{"type":"Feature","geometry":{"type":"LineString","coordinates":[[6.68578,49.27362],[6.68685,49.27643]]},"properties":{"d":"33185","load":0,"rf":0}},{"type":"Feature","geometry":{"type":"LineString","coordinates":[[6.69807,49.22629],[6.69794,49.22262]]},"properties":{"d":"33185","load":0,"rf":0}},{"type":"Feature","geometry":{"type":"LineString","coordinates":[[6.69807,49.22629],[6.71321,49.22074]]},"properties":{"d":"33185","load":0,"rf":0}},{"type":"Feature","geometry":{"type":"LineString","coordinates":[[6.70736,49.26335],[6.70703,49.26876]]},"properties":{"d":"33185","load":4,"rf":0}},{"type":"Feature","geometry":{"type":"LineString","coordinates":[[6.70736,49.26335],[6.7093,49.2559]]},"properties":{"d":"33185","load":3,"rf":0}},{"type":"Feature","geometry":{"type":"LineString","coordinates":[[6.71057,49.28036],[6.71415,49.28228]]},"properties":{"d":"33185","load":1,"rf":0}},{"type":"Feature","geometry":{"type":"LineString","coordinates":[[6.71514,49.26343],[6.71847,49.26113]]},"properties":{"d":"33185","load":0,"rf":0}},{"type":"Feature","geometry":{"type":"LineString","coordinates":[[6.71514,49.26343],[6.71389,49.26406]]},"properties":{"d":"33185","load":0,"rf":0}},{"type":"Feature","geometry":{"type":"LineString","coordinates":[[6.70124,49.29259],[6.69434,49.29004]]},"properties":{"d":"33185","load":37,"rf":0}},{"type":"Feature","geometry":{"type":"LineString","coordinates":[[6.70124,49.29259],[6.71415,49.28228]]},"properties":{"d":"33185","load":53,"rf":0}},{"type":"Feature","geometry":{"type":"LineString","coordinates":[[6.70124,49.29259],[6.70313,49.2928]]},"properties":{"d":"33185","load":0,"rf":0}},{"type":"Feature","geometry":{"type":"LineString","coordinates":[[6.69434,49.29004],[6.68685,49.29548]]},"properties":{"d":"33185","load":24,"rf":0}},{"type":"Feature","geometry":{"type":"LineString","coordinates":[[6.71731,49.29572],[6.70313,49.2928]]},"properties":{"d":"33185","load":1,"rf":0}},{"type":"Feature","geometry":{"type":"LineString","coordinates":[[6.72646,49.27245],[6.71731,49.29572]]},"properties":{"d":"33185","load":1,"rf":0}},{"type":"Feature","geometry":{"type":"LineString","coordinates":[[6.73114,49.25181],[6.73067,49.25203]]},"properties":{"d":"33185","load":1,"rf":0}},{"type":"Feature","geometry":{"type":"LineString","coordinates":[[6.71122,49.25501],[6.7093,49.2559]]},"properties":{"d":"33185","load":0,"rf":0}},{"type":"Feature","geometry":{"type":"LineString","coordinates":[[6.70832,49.29715],[6.70313,49.2928]]},"properties":{"d":"33185","load":1,"rf":0}},{"type":"Feature","geometry":{"type":"LineString","coordinates":[[6.67286,49.27744],[6.67353,49.27779]]},"properties":{"d":"33185","load":3,"rf":0}},{"type":"Feature","geometry":{"type":"LineString","coordinates":[[6.67514,49.27888],[6.72646,49.27245]]},"properties":{"d":"33185","load":1,"rf":0}},{"type":"Feature","geometry":{"type":"LineString","coordinates":[[6.68685,49.27643],[6.67353,49.27779]]},"properties":{"d":"33185","load":2,"rf":0}},{"type":"Feature","geometry":{"type":"LineString","coordinates":[[6.72646,49.27245],[6.71415,49.28228]]},"properties":{"d":"33185","load":54,"rf":0}},{"type":"Feature","geometry":{"type":"LineString","coordinates":[[6.71389,49.26406],[6.7019,49.25605]]},"properties":{"d":"33185","load":3,"rf":0}},{"type":"Feature","geometry":{"type":"LineString","coordinates":[[6.72646,49.27245],[6.71389,49.26406]]},"properties":{"d":"33185","load":3,"rf":0}},{"type":"Feature","geometry":{"type":"LineString","coordinates":[[6.72444,49.25491],[6.73067,49.25203]]},"properties":{"d":"33185","load":88,"rf":0}},{"type":"Feature","geometry":{"type":"LineString","coordinates":[[6.73802,49.2675],[6.72444,49.25491]]},"properties":{"d":"33185","load":22,"rf":0}},{"type":"Feature","geometry":{"type":"LineString","coordinates":[[6.72646,49.27245],[6.73099,49.26631]]},"properties":{"d":"33185","load":15,"rf":0}},{"type":"Feature","geometry":{"type":"LineString","coordinates":[[6.69857,49.25383],[6.7019,49.25605]]},"properties":{"d":"33185","load":3,"rf":0}},{"type":"Feature","geometry":{"type":"LineString","coordinates":[[6.72646,49.27245],[6.73155,49.26554]]},"properties":{"d":"33185","load":0,"rf":0}},{"type":"Feature","geometry":{"type":"LineString","coordinates":[[6.70405,49.23862],[6.70615,49.23962]]},"properties":{"d":"33185","load":6,"rf":0}},{"type":"Feature","geometry":{"type":"LineString","coordinates":[[6.72646,49.27245],[6.73802,49.2675]]},"properties":{"d":"33185","load":23,"rf":0}},{"type":"Feature","geometry":{"type":"LineString","coordinates":[[6.72646,49.27245],[6.70703,49.26876]]},"properties":{"d":"33185","load":4,"rf":0}},{"type":"Feature","geometry":{"type":"LineString","coordinates":[[6.69697,49.24896],[6.69729,49.25098]]},"properties":{"d":"33185","load":11,"rf":0}},{"type":"Feature","geometry":{"type":"LineString","coordinates":[[7.09054,49.32582],[7.09059,49.32593]]},"properties":{"d":"33286","load":0,"rf":0}},{"type":"Feature","geometry":{"type":"LineString","coordinates":[[7.07651,49.35242],[7.08065,49.34794]]},"properties":{"d":"33286","load":48,"rf":0}},{"type":"Feature","geometry":{"type":"LineString","coordinates":[[7.08791,49.33052],[7.08521,49.32857]]},"properties":{"d":"33286","load":1,"rf":0}},{"type":"Feature","geometry":{"type":"LineString","coordinates":[[7.08791,49.33052],[7.08328,49.33368]]},"properties":{"d":"33286","load":1,"rf":0}},{"type":"Feature","geometry":{"type":"LineString","coordinates":[[7.09275,49.31882],[7.09517,49.31934]]},"properties":{"d":"33286","load":1,"rf":0}},{"type":"Feature","geometry":{"type":"LineString","coordinates":[[7.09275,49.31882],[7.09297,49.321]]},"properties":{"d":"33286","load":1,"rf":0}},{"type":"Feature","geometry":{"type":"LineString","coordinates":[[7.09899,49.32057],[7.10049,49.32158]]},"properties":{"d":"33286","load":0,"rf":0}},{"type":"Feature","geometry":{"type":"LineString","coordinates":[[7.09899,49.32057],[7.10117,49.31875]]},"properties":{"d":"33286","load":0,"rf":0}},{"type":"Feature","geometry":{"type":"LineString","coordinates":[[7.09899,49.32057],[7.09517,49.31934]]},"properties":{"d":"33286","load":0,"rf":0}},{"type":"Feature","geometry":{"type":"LineString","coordinates":[[7.09919,49.3177],[7.09517,49.31934]]},"properties":{"d":"33286","load":1,"rf":0}},{"type":"Feature","geometry":{"type":"LineString","coordinates":[[7.08399,49.33371],[7.09606,49.33232]]},"properties":{"d":"33286","load":1,"rf":0}},{"type":"Feature","geometry":{"type":"LineString","coordinates":[[7.04939,49.34471],[7.08399,49.33371]]},"properties":{"d":"33286","load":2,"rf":0}},{"type":"Feature","geometry":{"type":"LineString","coordinates":[[7.09522,49.32819],[7.09708,49.32579]]},"properties":{"d":"33286","load":0,"rf":0}},{"type":"Feature","geometry":{"type":"LineString","coordinates":[[7.10248,49.33437],[7.1048,49.33611]]},"properties":{"d":"33286","load":0,"rf":0}},{"type":"Feature","geometry":{"type":"LineString","coordinates":[[7.10248,49.33437],[7.09593,49.33567]]},"properties":{"d":"33286","load":1,"rf":0}},{"type":"Feature","geometry":{"type":"LineString","coordinates":[[7.07639,49.31757],[7.07262,49.31453]]},"properties":{"d":"33286","load":0,"rf":0}},{"type":"Feature","geometry":{"type":"LineString","coordinates":[[7.07639,49.31757],[7.08227,49.3235]]},"properties":{"d":"33286","load":0,"rf":0}},{"type":"Feature","geometry":{"type":"LineString","coordinates":[[7.04939,49.34471],[7.06889,49.3132]]},"properties":{"d":"33286","load":1,"rf":0}},{"type":"Feature","geometry":{"type":"LineString","coordinates":[[7.04939,49.34471],[7.07786,49.32063]]},"properties":{"d":"33286","load":0,"rf":0}},{"type":"Feature","geometry":{"type":"LineString","coordinates":[[7.08459,49.32475],[7.08831,49.32637]]},"properties":{"d":"33286","load":1,"rf":0}},{"type":"Feature","geometry":{"type":"LineString","coordinates":[[7.04939,49.34471],[7.08459,49.32475]]},"properties":{"d":"33286","load":1,"rf":0}},{"type":"Feature","geometry":{"type":"LineString","coordinates":[[7.10327,49.32871],[7.09744,49.33434]]},"properties":{"d":"33286","load":1,"rf":0}},{"type":"Feature","geometry":{"type":"LineString","coordinates":[[7.10327,49.32871],[7.04939,49.34471]]},"properties":{"d":"33286","load":1,"rf":0}},{"type":"Feature","geometry":{"type":"LineString","coordinates":[[7.08684,49.32734],[7.08227,49.3235]]},"properties":{"d":"33286","load":0,"rf":0}},{"type":"Feature","geometry":{"type":"LineString","coordinates":[[7.08684,49.32734],[7.08521,49.32857]]},"properties":{"d":"33286","load":0,"rf":0}},{"type":"Feature","geometry":{"type":"LineString","coordinates":[[7.1048,49.33611],[7.10938,49.3374]]},"properties":{"d":"33286","load":0,"rf":0}},{"type":"Feature","geometry":{"type":"LineString","coordinates":[[7.09606,49.33232],[7.09566,49.33125]]},"properties":{"d":"33286","load":1,"rf":0}},{"type":"Feature","geometry":{"type":"LineString","coordinates":[[7.07262,49.31453],[7.06889,49.3132]]},"properties":{"d":"33286","load":1,"rf":0}},{"type":"Feature","geometry":{"type":"LineString","coordinates":[[7.10643,49.32295],[7.10049,49.32158]]},"properties":{"d":"33286","load":1,"rf":0}},{"type":"Feature","geometry":{"type":"LineString","coordinates":[[7.10049,49.32158],[7.08909,49.31831]]},"properties":{"d":"33286","load":1,"rf":0}},{"type":"Feature","geometry":{"type":"LineString","coordinates":[[7.09593,49.33567],[7.09303,49.33338]]},"properties":{"d":"33286","load":2,"rf":0}},{"type":"Feature","geometry":{"type":"LineString","coordinates":[[7.04939,49.34471],[7.09303,49.33338]]},"properties":{"d":"33286","load":1,"rf":0}},{"type":"Feature","geometry":{"type":"LineString","coordinates":[[7.0865,49.33294],[7.07193,49.33757]]},"properties":{"d":"33286","load":0,"rf":0}},{"type":"Feature","geometry":{"type":"LineString","coordinates":[[7.09744,49.33434],[7.10591,49.33799]]},"properties":{"d":"33286","load":0,"rf":0}},{"type":"Feature","geometry":{"type":"LineString","coordinates":[[7.09537,49.3245],[7.09763,49.32282]]},"properties":{"d":"33286","load":2,"rf":0}},{"type":"Feature","geometry":{"type":"LineString","coordinates":[[7.09537,49.3245],[7.04939,49.34471]]},"properties":{"d":"33286","load":1,"rf":0}},{"type":"Feature","geometry":{"type":"LineString","coordinates":[[7.09943,49.3273],[7.10088,49.3243]]},"properties":{"d":"33286","load":0,"rf":0}},{"type":"Feature","geometry":{"type":"LineString","coordinates":[[7.04939,49.34471],[7.09943,49.3273]]},"properties":{"d":"33286","load":0,"rf":0}},{"type":"Feature","geometry":{"type":"LineString","coordinates":[[7.09864,49.32852],[7.09658,49.33037]]},"properties":{"d":"33286","load":0,"rf":0}},{"type":"Feature","geometry":{"type":"LineString","coordinates":[[7.08227,49.3235],[7.08589,49.32327]]},"properties":{"d":"33286","load":0,"rf":0}},{"type":"Feature","geometry":{"type":"LineString","coordinates":[[7.09205,49.32566],[7.09059,49.32593]]},"properties":{"d":"33286","load":1,"rf":0}},{"type":"Feature","geometry":{"type":"LineString","coordinates":[[7.09763,49.32282],[7.09537,49.32167]]},"properties":{"d":"33286","load":1,"rf":0}},{"type":"Feature","geometry":{"type":"LineString","coordinates":[[7.10088,49.3243],[7.09708,49.32579]]},"properties":{"d":"33286","load":0,"rf":0}},{"type":"Feature","geometry":{"type":"LineString","coordinates":[[7.08316,49.33018],[7.08328,49.33368]]},"properties":{"d":"33286","load":8,"rf":0}},{"type":"Feature","geometry":{"type":"LineString","coordinates":[[7.09537,49.32167],[7.09297,49.321]]},"properties":{"d":"33286","load":1,"rf":0}},{"type":"Feature","geometry":{"type":"LineString","coordinates":[[7.04939,49.34471],[7.08909,49.31831]]},"properties":{"d":"33286","load":2,"rf":0}},{"type":"Feature","geometry":{"type":"LineString","coordinates":[[7.10938,49.3374],[7.10591,49.33799]]},"properties":{"d":"33286","load":0,"rf":0}},{"type":"Feature","geometry":{"type":"LineString","coordinates":[[7.09566,49.33125],[7.09658,49.33037]]},"properties":{"d":"33286","load":1,"rf":0}},{"type":"Feature","geometry":{"type":"LineString","coordinates":[[7.09036,49.32296],[7.08778,49.32137]]},"properties":{"d":"33286","load":2,"rf":0}},{"type":"Feature","geometry":{"type":"LineString","coordinates":[[7.09059,49.31783],[7.09036,49.32296]]},"properties":{"d":"33286","load":2,"rf":0}},{"type":"Feature","geometry":{"type":"LineString","coordinates":[[7.08806,49.32606],[7.08778,49.32137]]},"properties":{"d":"33286","load":2,"rf":0}},{"type":"Feature","geometry":{"type":"LineString","coordinates":[[7.08806,49.32606],[7.08831,49.32637]]},"properties":{"d":"33286","load":2,"rf":0}},{"type":"Feature","geometry":{"type":"LineString","coordinates":[[7.02848,49.34785],[7.03559,49.34728]]},"properties":{"d":"33286","load":0,"rf":0}},{"type":"Feature","geometry":{"type":"LineString","coordinates":[[7.03578,49.34824],[7.03559,49.34728]]},"properties":{"d":"33286","load":0,"rf":0}},{"type":"Feature","geometry":{"type":"LineString","coordinates":[[7.06961,49.36038],[7.06317,49.36135]]},"properties":{"d":"33286","load":2,"rf":0}},{"type":"Feature","geometry":{"type":"LineString","coordinates":[[7.04939,49.34471],[7.07777,49.36399]]},"properties":{"d":"33286","load":2,"rf":0}},{"type":"Feature","geometry":{"type":"LineString","coordinates":[[7.06317,49.36135],[7.04994,49.35096]]},"properties":{"d":"33286","load":1,"rf":0}},{"type":"Feature","geometry":{"type":"LineString","coordinates":[[7.08103,49.36666],[7.08772,49.36714]]},"properties":{"d":"33286","load":4,"rf":0}},{"type":"Feature","geometry":{"type":"LineString","coordinates":[[7.08103,49.36666],[7.07777,49.36399]]},"properties":{"d":"33286","load":5,"rf":0}},{"type":"Feature","geometry":{"type":"LineString","coordinates":[[7.08357,49.37411],[7.08296,49.37067]]},"properties":{"d":"33286","load":0,"rf":0}},{"type":"Feature","geometry":{"type":"LineString","coordinates":[[7.08357,49.37411],[7.08172,49.37372]]},"properties":{"d":"33286","load":2,"rf":0}},{"type":"Feature","geometry":{"type":"LineString","coordinates":[[7.09016,49.37539],[7.07927,49.37811]]},"properties":{"d":"33286","load":7,"rf":0}},{"type":"Feature","geometry":{"type":"LineString","coordinates":[[7.09016,49.37539],[7.04939,49.34471]]},"properties":{"d":"33286","load":1,"rf":0}},{"type":"Feature","geometry":{"type":"LineString","coordinates":[[7.07927,49.37811],[7.08172,49.37372]]},"properties":{"d":"33286","load":5,"rf":0}},{"type":"Feature","geometry":{"type":"LineString","coordinates":[[7.06203,49.35845],[7.05822,49.35893]]},"properties":{"d":"33286","load":3,"rf":0}},{"type":"Feature","geometry":{"type":"LineString","coordinates":[[7.06203,49.35845],[7.05851,49.3638]]},"properties":{"d":"33286","load":0,"rf":0}},{"type":"Feature","geometry":{"type":"LineString","coordinates":[[7.05208,49.36078],[7.0494,49.35837]]},"properties":{"d":"33286","load":3,"rf":0}},{"type":"Feature","geometry":{"type":"LineString","coordinates":[[7.05208,49.36078],[7.05851,49.3638]]},"properties":{"d":"33286","load":2,"rf":0}},{"type":"Feature","geometry":{"type":"LineString","coordinates":[[7.05822,49.35893],[7.06328,49.35281]]},"properties":{"d":"33286","load":5,"rf":0}},{"type":"Feature","geometry":{"type":"LineString","coordinates":[[7.08772,49.36714],[7.08819,49.36858]]},"properties":{"d":"33286","load":3,"rf":0}},{"type":"Feature","geometry":{"type":"LineString","coordinates":[[7.05429,49.3551],[7.04841,49.34625]]},"properties":{"d":"33286","load":8,"rf":0}},{"type":"Feature","geometry":{"type":"LineString","coordinates":[[7.05429,49.3551],[7.0494,49.35837]]},"properties":{"d":"33286","load":5,"rf":0}},{"type":"Feature","geometry":{"type":"LineString","coordinates":[[7.06741,49.35445],[7.0549,49.35253]]},"properties":{"d":"33286","load":14,"rf":0}},{"type":"Feature","geometry":{"type":"LineString","coordinates":[[7.06741,49.35445],[7.06354,49.35254]]},"properties":{"d":"33286","load":8,"rf":0}},{"type":"Feature","geometry":{"type":"LineString","coordinates":[[7.06741,49.35445],[7.07651,49.35242]]},"properties":{"d":"33286","load":48,"rf":0}},{"type":"Feature","geometry":{"type":"LineString","coordinates":[[7.0549,49.35253],[7.05622,49.3502]]},"properties":{"d":"33286","load":15,"rf":0}},{"type":"Feature","geometry":{"type":"LineString","coordinates":[[7.07177,49.37341],[7.07735,49.373]]},"properties":{"d":"33286","load":2,"rf":0}},{"type":"Feature","geometry":{"type":"LineString","coordinates":[[7.04841,49.34625],[7.03559,49.34728]]},"properties":{"d":"33286","load":0,"rf":0}},{"type":"Feature","geometry":{"type":"LineString","coordinates":[[7.04939,49.34471],[7.04841,49.34625]]},"properties":{"d":"33286","load":10,"rf":0}},{"type":"Feature","geometry":{"type":"LineString","coordinates":[[7.09122,49.37207],[7.09459,49.37455]]},"properties":{"d":"33286","load":1,"rf":0}},{"type":"Feature","geometry":{"type":"LineString","coordinates":[[7.09122,49.37207],[7.08837,49.36941]]},"properties":{"d":"33286","load":1,"rf":0}},{"type":"Feature","geometry":{"type":"LineString","coordinates":[[7.06354,49.35254],[7.06328,49.35281]]},"properties":{"d":"33286","load":4,"rf":0}},{"type":"Feature","geometry":{"type":"LineString","coordinates":[[7.04939,49.34471],[7.08837,49.36941]]},"properties":{"d":"33286","load":1,"rf":0}},{"type":"Feature","geometry":{"type":"LineString","coordinates":[[7.07769,49.37302],[7.08172,49.37372]]},"properties":{"d":"33286","load":3,"rf":0}},{"type":"Feature","geometry":{"type":"LineString","coordinates":[[7.07769,49.37302],[7.07735,49.373]]},"properties":{"d":"33286","load":2,"rf":0}},{"type":"Feature","geometry":{"type":"LineString","coordinates":[[7.04939,49.34471],[7.05622,49.3502]]},"properties":{"d":"33286","load":15,"rf":0}},{"type":"Feature","geometry":{"type":"LineString","coordinates":[[7.04939,49.34471],[7.04994,49.35096]]},"properties":{"d":"33286","load":2,"rf":0}},{"type":"Feature","geometry":{"type":"LineString","coordinates":[[7.08296,49.37067],[7.08819,49.36858]]},"properties":{"d":"33286","load":3,"rf":0}},{"type":"Feature","geometry":{"type":"LineString","coordinates":[[7.09184,49.3669],[7.08819,49.36858]]},"properties":{"d":"33286","load":0,"rf":0}},{"type":"Feature","geometry":{"type":"LineString","coordinates":[[7.06892,49.32534],[7.07045,49.32142]]},"properties":{"d":"33286","load":0,"rf":0}},{"type":"Feature","geometry":{"type":"LineString","coordinates":[[7.06892,49.32534],[7.07121,49.32793]]},"properties":{"d":"33286","load":0,"rf":0}},{"type":"Feature","geometry":{"type":"LineString","coordinates":[[7.07259,49.32312],[7.07121,49.32793]]},"properties":{"d":"33286","load":0,"rf":0}},{"type":"Feature","geometry":{"type":"LineString","coordinates":[[7.07259,49.32312],[7.07269,49.32306]]},"properties":{"d":"33286","load":0,"rf":0}},{"type":"Feature","geometry":{"type":"LineString","coordinates":[[7.07509,49.34182],[7.07193,49.33757]]},"properties":{"d":"33286","load":0,"rf":0}},{"type":"Feature","geometry":{"type":"LineString","coordinates":[[7.06263,49.35379],[7.06328,49.35281]]},"properties":{"d":"33286","load":2,"rf":0}},{"type":"Feature","geometry":{"type":"LineString","coordinates":[[7.04939,49.34471],[7.07193,49.33757]]},"properties":{"d":"33286","load":0,"rf":0}},{"type":"Feature","geometry":{"type":"LineString","coordinates":[[7.04939,49.34471],[7.07121,49.32793]]},"properties":{"d":"33286","load":0,"rf":0}},{"type":"Feature","geometry":{"type":"LineString","coordinates":[[7.08831,49.32637],[7.09059,49.32593]]},"properties":{"d":"33286","load":1,"rf":0}},{"type":"Feature","geometry":{"type":"LineString","coordinates":[[7.04939,49.34471],[7.08328,49.33368]]},"properties":{"d":"33286","load":9,"rf":0}},{"type":"Feature","geometry":{"type":"LineString","coordinates":[[7.04939,49.34471],[7.07269,49.32306]]},"properties":{"d":"33286","load":0,"rf":0}},{"type":"Feature","geometry":{"type":"LineString","coordinates":[[7.0399,49.34198],[7.03969,49.34219]]},"properties":{"d":"33318","load":49,"rf":0}},{"type":"Feature","geometry":{"type":"LineString","coordinates":[[7.05244,49.32724],[7.05272,49.33097]]},"properties":{"d":"33318","load":3,"rf":0}},{"type":"Feature","geometry":{"type":"LineString","coordinates":[[7.05244,49.32724],[7.05405,49.32463]]},"properties":{"d":"33318","load":1,"rf":0}},{"type":"Feature","geometry":{"type":"LineString","coordinates":[[7.04129,49.3257],[7.0497,49.32523]]},"properties":{"d":"33318","load":1,"rf":0}},{"type":"Feature","geometry":{"type":"LineString","coordinates":[[7.03126,49.3309],[7.04129,49.3257]]},"properties":{"d":"33318","load":2,"rf":0}},{"type":"Feature","geometry":{"type":"LineString","coordinates":[[7.05338,49.32055],[7.04858,49.32067]]},"properties":{"d":"33318","load":1,"rf":0}},{"type":"Feature","geometry":{"type":"LineString","coordinates":[[7.05338,49.32055],[7.05491,49.32477]]},"properties":{"d":"33318","load":0,"rf":0}},{"type":"Feature","geometry":{"type":"LineString","coordinates":[[7.04767,49.31699],[7.04498,49.31509]]},"properties":{"d":"33318","load":1,"rf":0}},{"type":"Feature","geometry":{"type":"LineString","coordinates":[[7.04767,49.31699],[7.04858,49.32067]]},"properties":{"d":"33318","load":2,"rf":0}},{"type":"Feature","geometry":{"type":"LineString","coordinates":[[7.04767,49.31699],[7.04329,49.31775]]},"properties":{"d":"33318","load":5,"rf":0}},{"type":"Feature","geometry":{"type":"LineString","coordinates":[[7.05272,49.33097],[7.04616,49.33097]]},"properties":{"d":"33318","load":0,"rf":0}},{"type":"Feature","geometry":{"type":"LineString","coordinates":[[7.05272,49.33097],[7.03126,49.3309]]},"properties":{"d":"33318","load":1,"rf":0}},{"type":"Feature","geometry":{"type":"LineString","coordinates":[[7.05732,49.33042],[7.05658,49.33399]]},"properties":{"d":"33318","load":0,"rf":0}},{"type":"Feature","geometry":{"type":"LineString","coordinates":[[7.03126,49.3309],[7.05732,49.33042]]},"properties":{"d":"33318","load":0,"rf":0}},{"type":"Feature","geometry":{"type":"LineString","coordinates":[[7.04593,49.32328],[7.04193,49.3198]]},"properties":{"d":"33318","load":2,"rf":0}},{"type":"Feature","geometry":{"type":"LineString","coordinates":[[7.03126,49.3309],[7.04593,49.32328]]},"properties":{"d":"33318","load":2,"rf":0}},{"type":"Feature","geometry":{"type":"LineString","coordinates":[[7.04007,49.31968],[7.04193,49.3198]]},"properties":{"d":"33318","load":0,"rf":0}},{"type":"Feature","geometry":{"type":"LineString","coordinates":[[7.05827,49.32238],[7.05491,49.32477]]},"properties":{"d":"33318","load":0,"rf":0}},{"type":"Feature","geometry":{"type":"LineString","coordinates":[[7.0474,49.32655],[7.0497,49.32523]]},"properties":{"d":"33318","load":0,"rf":0}},{"type":"Feature","geometry":{"type":"LineString","coordinates":[[7.03126,49.3309],[7.0474,49.32655]]},"properties":{"d":"33318","load":3,"rf":0}},{"type":"Feature","geometry":{"type":"LineString","coordinates":[[7.04193,49.3198],[7.04329,49.31775]]},"properties":{"d":"33318","load":5,"rf":0}},{"type":"Feature","geometry":{"type":"LineString","coordinates":[[7.05658,49.33399],[7.05381,49.33078]]},"properties":{"d":"33318","load":0,"rf":0}},{"type":"Feature","geometry":{"type":"LineString","coordinates":[[7.05405,49.32463],[7.05491,49.32477]]},"properties":{"d":"33318","load":0,"rf":0}},{"type":"Feature","geometry":{"type":"LineString","coordinates":[[7.03927,49.31648],[7.04329,49.31775]]},"properties":{"d":"33318","load":0,"rf":0}},{"type":"Feature","geometry":{"type":"LineString","coordinates":[[7.03604,49.33432],[7.03339,49.33492]]},"properties":{"d":"33318","load":0,"rf":0}},{"type":"Feature","geometry":{"type":"LineString","coordinates":[[7.03783,49.34496],[7.04168,49.34394]]},"properties":{"d":"33318","load":1,"rf":0}},{"type":"Feature","geometry":{"type":"LineString","coordinates":[[7.03783,49.34496],[7.04397,49.34398]]},"properties":{"d":"33318","load":1,"rf":0}},{"type":"Feature","geometry":{"type":"LineString","coordinates":[[7.03986,49.34714],[7.03586,49.34747]]},"properties":{"d":"33318","load":0,"rf":0}},{"type":"Feature","geometry":{"type":"LineString","coordinates":[[7.03986,49.34714],[7.04368,49.34793]]},"properties":{"d":"33318","load":0,"rf":0}},{"type":"Feature","geometry":{"type":"LineString","coordinates":[[7.03986,49.34714],[7.0402,49.34678]]},"properties":{"d":"33318","load":1,"rf":0}},{"type":"Feature","geometry":{"type":"LineString","coordinates":[[7.04168,49.34394],[7.04266,49.34532]]},"properties":{"d":"33318","load":0,"rf":0}},{"type":"Feature","geometry":{"type":"LineString","coordinates":[[7.03875,49.3418],[7.03969,49.34219]]},"properties":{"d":"33318","load":0,"rf":0}},{"type":"Feature","geometry":{"type":"LineString","coordinates":[[7.04266,49.34532],[7.04368,49.34793]]},"properties":{"d":"33318","load":0,"rf":0}},{"type":"Feature","geometry":{"type":"LineString","coordinates":[[7.04618,49.34303],[7.04397,49.34398]]},"properties":{"d":"33318","load":0,"rf":0}},{"type":"Feature","geometry":{"type":"LineString","coordinates":[[7.05261,49.33263],[7.05381,49.33078]]},"properties":{"d":"33318","load":1,"rf":0}},{"type":"Feature","geometry":{"type":"LineString","coordinates":[[7.03126,49.3309],[7.0402,49.34678]]},"properties":{"d":"33318","load":1,"rf":0}},{"type":"Feature","geometry":{"type":"LineString","coordinates":[[7.03339,49.33492],[7.04397,49.34398]]},"properties":{"d":"33318","load":50,"rf":0}},{"type":"Feature","geometry":{"type":"LineString","coordinates":[[7.03126,49.3309],[7.03339,49.33492]]},"properties":{"d":"33318","load":50,"rf":0}},{"type":"Feature","geometry":{"type":"LineString","coordinates":[[7.04397,49.34398],[7.03969,49.34219]]},"properties":{"d":"33318","load":49,"rf":0}},{"type":"Feature","geometry":{"type":"LineString","coordinates":[[7.19207,49.48003],[7.19207,49.48003]]},"properties":{"d":"33338","load":6,"rf":0}},{"type":"Feature","geometry":{"type":"LineString","coordinates":[[7.19207,49.48003],[7.19207,49.48003]]},"properties":{"d":"33338","load":3,"rf":0}},{"type":"Feature","geometry":{"type":"LineString","coordinates":[[7.19207,49.48003],[7.19136,49.48042]]},"properties":{"d":"33338","load":14,"rf":0}},{"type":"Feature","geometry":{"type":"LineString","coordinates":[[7.20323,49.46883],[7.20427,49.46814]]},"properties":{"d":"33338","load":7,"rf":0}},{"type":"Feature","geometry":{"type":"LineString","coordinates":[[7.23418,49.42715],[7.2338,49.42692]]},"properties":{"d":"33338","load":3,"rf":0}},{"type":"Feature","geometry":{"type":"LineString","coordinates":[[7.23418,49.42715],[7.2359,49.42873]]},"properties":{"d":"33338","load":5,"rf":0}},{"type":"Feature","geometry":{"type":"LineString","coordinates":[[7.19382,49.4711],[7.19382,49.4711]]},"properties":{"d":"33338","load":1,"rf":0}},{"type":"Feature","geometry":{"type":"LineString","coordinates":[[7.19382,49.4711],[7.19441,49.47034]]},"properties":{"d":"33338","load":2,"rf":0}},{"type":"Feature","geometry":{"type":"LineString","coordinates":[[7.17751,49.45339],[7.17671,49.45341]]},"properties":{"d":"33338","load":1,"rf":0}},{"type":"Feature","geometry":{"type":"LineString","coordinates":[[7.16139,49.46549],[7.1613,49.46555]]},"properties":{"d":"33338","load":1,"rf":0}},{"type":"Feature","geometry":{"type":"LineString","coordinates":[[7.15941,49.46707],[7.16127,49.46731]]},"properties":{"d":"33338","load":4,"rf":0}},{"type":"Feature","geometry":{"type":"LineString","coordinates":[[7.23085,49.43502],[7.23113,49.43531]]},"properties":{"d":"33338","load":9,"rf":0}},{"type":"Feature","geometry":{"type":"LineString","coordinates":[[7.17222,49.46774],[7.1717,49.46947]]},"properties":{"d":"33338","load":2,"rf":0}},{"type":"Feature","geometry":{"type":"LineString","coordinates":[[7.16615,49.46111],[7.14987,49.4642]]},"properties":{"d":"33338","load":68,"rf":0}},{"type":"Feature","geometry":{"type":"LineString","coordinates":[[7.16615,49.46111],[7.15006,49.4642]]},"properties":{"d":"33338","load":60,"rf":0}},{"type":"Feature","geometry":{"type":"LineString","coordinates":[[7.16615,49.46111],[7.14997,49.4642]]},"properties":{"d":"33338","load":68,"rf":0}},{"type":"Feature","geometry":{"type":"LineString","coordinates":[[7.21469,49.42767],[7.21344,49.43003]]},"properties":{"d":"33338","load":19,"rf":0}},{"type":"Feature","geometry":{"type":"LineString","coordinates":[[7.21391,49.4239],[7.21469,49.42767]]},"properties":{"d":"33338","load":37,"rf":0}},{"type":"Feature","geometry":{"type":"LineString","coordinates":[[7.12519,49.48203],[7.12849,49.47995]]},"properties":{"d":"33338","load":41,"rf":0}},{"type":"Feature","geometry":{"type":"LineString","coordinates":[[7.11884,49.42502],[7.11863,49.42506]]},"properties":{"d":"33338","load":17,"rf":0}},{"type":"Feature","geometry":{"type":"LineString","coordinates":[[7.26485,49.41993],[7.26519,49.41989]]},"properties":{"d":"33338","load":0,"rf":0}},{"type":"Feature","geometry":{"type":"LineString","coordinates":[[7.14892,49.45286],[7.14881,49.45288]]},"properties":{"d":"33338","load":0,"rf":0}},{"type":"Feature","geometry":{"type":"LineString","coordinates":[[7.23737,49.42225],[7.23595,49.42231]]},"properties":{"d":"33338","load":0,"rf":0}},{"type":"Feature","geometry":{"type":"LineString","coordinates":[[7.10641,49.49262],[7.10537,49.49367]]},"properties":{"d":"33338","load":0,"rf":0}},{"type":"Feature","geometry":{"type":"LineString","coordinates":[[7.18516,49.46141],[7.18513,49.46177]]},"properties":{"d":"33338","load":0,"rf":0}},{"type":"Feature","geometry":{"type":"LineString","coordinates":[[7.17585,49.40122],[7.17585,49.40162]]},"properties":{"d":"33338","load":0,"rf":0}},{"type":"Feature","geometry":{"type":"LineString","coordinates":[[7.26521,49.48935],[7.26687,49.48978]]},"properties":{"d":"33338","load":0,"rf":0}},{"type":"Feature","geometry":{"type":"LineString","coordinates":[[7.18781,49.46852],[7.18782,49.46826]]},"properties":{"d":"33338","load":0,"rf":0}},{"type":"Feature","geometry":{"type":"LineString","coordinates":[[7.26564,49.47094],[7.266,49.47114]]},"properties":{"d":"33338","load":0,"rf":0}},{"type":"Feature","geometry":{"type":"LineString","coordinates":[[7.16005,49.45885],[7.16089,49.4582]]},"properties":{"d":"33338","load":0,"rf":0}},{"type":"Feature","geometry":{"type":"LineString","coordinates":[[7.36812,49.46921],[7.29758,49.46643]]},"properties":{"d":"33338","load":21,"rf":0}},{"type":"Feature","geometry":{"type":"LineString","coordinates":[[7.28095,49.47222],[7.28606,49.47239]]},"properties":{"d":"33338","load":6,"rf":0}},{"type":"Feature","geometry":{"type":"LineString","coordinates":[[7.28605,49.47247],[7.28606,49.47239]]},"properties":{"d":"33338","load":6,"rf":0}},{"type":"Feature","geometry":{"type":"LineString","coordinates":[[7.2904,49.47088],[7.29077,49.47089]]},"properties":{"d":"33338","load":6,"rf":0}},{"type":"Feature","geometry":{"type":"LineString","coordinates":[[7.29721,49.47048],[7.29758,49.46643]]},"properties":{"d":"33338","load":6,"rf":0}},{"type":"Feature","geometry":{"type":"LineString","coordinates":[[7.27115,49.40504],[7.21828,49.4333]]},"properties":{"d":"33338","load":20,"rf":0}},{"type":"Feature","geometry":{"type":"LineString","coordinates":[[7.16615,49.46111],[7.28608,49.40903]]},"properties":{"d":"33338","load":23,"rf":0}},{"type":"Feature","geometry":{"type":"LineString","coordinates":[[7.16615,49.46111],[7.28902,49.40614]]},"properties":{"d":"33338","load":23,"rf":0}},{"type":"Feature","geometry":{"type":"LineString","coordinates":[[7.20736,49.48122],[7.21144,49.4759]]},"properties":{"d":"33338","load":18,"rf":0}},{"type":"Feature","geometry":{"type":"LineString","coordinates":[[7.22665,49.47247],[7.22426,49.47559]]},"properties":{"d":"33338","load":18,"rf":0}},{"type":"Feature","geometry":{"type":"LineString","coordinates":[[7.22668,49.47638],[7.22426,49.47559]]},"properties":{"d":"33338","load":18,"rf":0}},{"type":"Feature","geometry":{"type":"LineString","coordinates":[[7.36081,49.49355],[7.35708,49.49305]]},"properties":{"d":"33338","load":11,"rf":0}},{"type":"Feature","geometry":{"type":"LineString","coordinates":[[7.36081,49.49355],[7.36167,49.49215]]},"properties":{"d":"33338","load":22,"rf":0}},{"type":"Feature","geometry":{"type":"LineString","coordinates":[[7.36553,49.49316],[7.36167,49.49215]]},"properties":{"d":"33338","load":11,"rf":0}},{"type":"Feature","geometry":{"type":"LineString","coordinates":[[7.23918,49.47342],[7.23904,49.47636]]},"properties":{"d":"33338","load":27,"rf":0}},{"type":"Feature","geometry":{"type":"LineString","coordinates":[[7.23918,49.47342],[7.24078,49.46616]]},"properties":{"d":"33338","load":40,"rf":0}},{"type":"Feature","geometry":{"type":"LineString","coordinates":[[7.23904,49.47636],[7.23364,49.47756]]},"properties":{"d":"33338","load":13,"rf":0}},{"type":"Feature","geometry":{"type":"LineString","coordinates":[[7.23125,49.47984],[7.22971,49.48185]]},"properties":{"d":"33338","load":13,"rf":0}},{"type":"Feature","geometry":{"type":"LineString","coordinates":[[7.238,49.40779],[7.20738,49.43053]]},"properties":{"d":"33338","load":19,"rf":0}},{"type":"Feature","geometry":{"type":"LineString","coordinates":[[7.16615,49.46111],[7.22928,49.40063]]},"properties":{"d":"33338","load":25,"rf":0}},{"type":"Feature","geometry":{"type":"LineString","coordinates":[[7.19979,49.44292],[7.19998,49.44307]]},"properties":{"d":"33338","load":33,"rf":0}},{"type":"Feature","geometry":{"type":"LineString","coordinates":[[7.20439,49.44137],[7.2039,49.44098]]},"properties":{"d":"33338","load":33,"rf":0}},{"type":"Feature","geometry":{"type":"LineString","coordinates":[[7.21069,49.43986],[7.21111,49.44025]]},"properties":{"d":"33338","load":18,"rf":0}},{"type":"Feature","geometry":{"type":"LineString","coordinates":[[7.21428,49.43816],[7.21473,49.43857]]},"properties":{"d":"33338","load":14,"rf":0}},{"type":"Feature","geometry":{"type":"LineString","coordinates":[[7.21644,49.43665],[7.21725,49.43739]]},"properties":{"d":"33338","load":14,"rf":0}},{"type":"Feature","geometry":{"type":"LineString","coordinates":[[7.2193,49.43412],[7.21828,49.4333]]},"properties":{"d":"33338","load":19,"rf":0}},{"type":"Feature","geometry":{"type":"LineString","coordinates":[[7.19389,49.42859],[7.19112,49.42771]]},"properties":{"d":"33338","load":25,"rf":0}},{"type":"Feature","geometry":{"type":"LineString","coordinates":[[7.20834,49.43525],[7.21086,49.43726]]},"properties":{"d":"33338","load":25,"rf":0}},{"type":"Feature","geometry":{"type":"LineString","coordinates":[[7.20894,49.43142],[7.20738,49.43053]]},"properties":{"d":"33338","load":25,"rf":0}},{"type":"Feature","geometry":{"type":"LineString","coordinates":[[7.17948,49.38787],[7.17403,49.38933]]},"properties":{"d":"33338","load":0,"rf":0}},{"type":"Feature","geometry":{"type":"LineString","coordinates":[[7.1192,49.49457],[7.12473,49.49515]]},"properties":{"d":"33338","load":1,"rf":0}},{"type":"Feature","geometry":{"type":"LineString","coordinates":[[7.1192,49.49457],[7.11374,49.49411]]},"properties":{"d":"33338","load":1,"rf":0}},{"type":"Feature","geometry":{"type":"LineString","coordinates":[[7.11077,49.49596],[7.10535,49.49879]]},"properties":{"d":"33338","load":1,"rf":0}},{"type":"Feature","geometry":{"type":"LineString","coordinates":[[7.11077,49.49596],[7.11374,49.49411]]},"properties":{"d":"33338","load":2,"rf":0}},{"type":"Feature","geometry":{"type":"LineString","coordinates":[[7.11077,49.49596],[7.12636,49.50578]]},"properties":{"d":"33338","load":0,"rf":0}},{"type":"Feature","geometry":{"type":"LineString","coordinates":[[7.11077,49.49596],[7.10537,49.49367]]},"properties":{"d":"33338","load":0,"rf":0}},{"type":"Feature","geometry":{"type":"LineString","coordinates":[[7.11791,49.48919],[7.1158,49.48851]]},"properties":{"d":"33338","load":3,"rf":0}},{"type":"Feature","geometry":{"type":"LineString","coordinates":[[7.1158,49.48851],[7.11671,49.49158]]},"properties":{"d":"33338","load":2,"rf":0}},{"type":"Feature","geometry":{"type":"LineString","coordinates":[[7.10535,49.49879],[7.10304,49.50189]]},"properties":{"d":"33338","load":0,"rf":0}},{"type":"Feature","geometry":{"type":"LineString","coordinates":[[7.10474,49.49341],[7.10537,49.49367]]},"properties":{"d":"33338","load":0,"rf":0}},{"type":"Feature","geometry":{"type":"LineString","coordinates":[[7.11374,49.49411],[7.11124,49.49231]]},"properties":{"d":"33338","load":0,"rf":0}},{"type":"Feature","geometry":{"type":"LineString","coordinates":[[7.11374,49.49411],[7.1058,49.48118]]},"properties":{"d":"33338","load":0,"rf":0}},{"type":"Feature","geometry":{"type":"LineString","coordinates":[[7.11374,49.49411],[7.11671,49.49158]]},"properties":{"d":"33338","load":1,"rf":0}},{"type":"Feature","geometry":{"type":"LineString","coordinates":[[7.08758,49.47652],[7.08839,49.4796]]},"properties":{"d":"33338","load":0,"rf":0}},{"type":"Feature","geometry":{"type":"LineString","coordinates":[[7.08758,49.47652],[7.10017,49.47606]]},"properties":{"d":"33338","load":0,"rf":0}},{"type":"Feature","geometry":{"type":"LineString","coordinates":[[7.10143,49.47407],[7.10631,49.47612]]},"properties":{"d":"33338","load":3,"rf":0}},{"type":"Feature","geometry":{"type":"LineString","coordinates":[[7.10143,49.47407],[7.102,49.47001]]},"properties":{"d":"33338","load":1,"rf":0}},{"type":"Feature","geometry":{"type":"LineString","coordinates":[[7.10143,49.47407],[7.10017,49.47606]]},"properties":{"d":"33338","load":1,"rf":0}},{"type":"Feature","geometry":{"type":"LineString","coordinates":[[7.09811,49.47773],[7.10017,49.47606]]},"properties":{"d":"33338","load":1,"rf":0}},{"type":"Feature","geometry":{"type":"LineString","coordinates":[[7.10631,49.47612],[7.10291,49.47761]]},"properties":{"d":"33338","load":4,"rf":0}},{"type":"Feature","geometry":{"type":"LineString","coordinates":[[7.102,49.47001],[7.1136,49.46567]]},"properties":{"d":"33338","load":0,"rf":0}},{"type":"Feature","geometry":{"type":"LineString","coordinates":[[7.10291,49.47761],[7.16615,49.46111]]},"properties":{"d":"33338","load":4,"rf":0}},{"type":"Feature","geometry":{"type":"LineString","coordinates":[[7.11424,49.47899],[7.1058,49.48118]]},"properties":{"d":"33338","load":0,"rf":0}},{"type":"Feature","geometry":{"type":"LineString","coordinates":[[7.10028,49.417],[7.1168,49.42026]]},"properties":{"d":"33338","load":5,"rf":0}},{"type":"Feature","geometry":{"type":"LineString","coordinates":[[7.1168,49.42026],[7.11766,49.42253]]},"properties":{"d":"33338","load":6,"rf":0}},{"type":"Feature","geometry":{"type":"LineString","coordinates":[[7.1168,49.42026],[7.11737,49.41765]]},"properties":{"d":"33338","load":1,"rf":0}},{"type":"Feature","geometry":{"type":"LineString","coordinates":[[7.11903,49.41293],[7.11737,49.41765]]},"properties":{"d":"33338","load":0,"rf":0}},{"type":"Feature","geometry":{"type":"LineString","coordinates":[[7.12187,49.41779],[7.11737,49.41765]]},"properties":{"d":"33338","load":0,"rf":0}},{"type":"Feature","geometry":{"type":"LineString","coordinates":[[7.11434,49.42307],[7.11766,49.42253]]},"properties":{"d":"33338","load":0,"rf":0}},{"type":"Feature","geometry":{"type":"LineString","coordinates":[[7.11215,49.44369],[7.12333,49.4374]]},"properties":{"d":"33338","load":0,"rf":0}},{"type":"Feature","geometry":{"type":"LineString","coordinates":[[7.12398,49.44147],[7.12678,49.43932]]},"properties":{"d":"33338","load":1,"rf":0}},{"type":"Feature","geometry":{"type":"LineString","coordinates":[[7.12333,49.4374],[7.12096,49.43118]]},"properties":{"d":"33338","load":9,"rf":0}},{"type":"Feature","geometry":{"type":"LineString","coordinates":[[7.12333,49.4374],[7.12678,49.43932]]},"properties":{"d":"33338","load":10,"rf":0}},{"type":"Feature","geometry":{"type":"LineString","coordinates":[[7.11909,49.46905],[7.1136,49.46567]]},"properties":{"d":"33338","load":1,"rf":0}},{"type":"Feature","geometry":{"type":"LineString","coordinates":[[7.12728,49.47913],[7.12849,49.47995]]},"properties":{"d":"33338","load":0,"rf":0}},{"type":"Feature","geometry":{"type":"LineString","coordinates":[[7.12185,49.46171],[7.12051,49.46089]]},"properties":{"d":"33338","load":0,"rf":0}},{"type":"Feature","geometry":{"type":"LineString","coordinates":[[7.12721,49.46001],[7.12434,49.45825]]},"properties":{"d":"33338","load":0,"rf":0}},{"type":"Feature","geometry":{"type":"LineString","coordinates":[[7.12624,49.43032],[7.12096,49.43118]]},"properties":{"d":"33338","load":0,"rf":0}},{"type":"Feature","geometry":{"type":"LineString","coordinates":[[7.12804,49.45642],[7.13157,49.45289]]},"properties":{"d":"33338","load":1,"rf":0}},{"type":"Feature","geometry":{"type":"LineString","coordinates":[[7.12804,49.45642],[7.12434,49.45825]]},"properties":{"d":"33338","load":1,"rf":0}},{"type":"Feature","geometry":{"type":"LineString","coordinates":[[7.13157,49.45289],[7.13749,49.44887]]},"properties":{"d":"33338","load":1,"rf":0}},{"type":"Feature","geometry":{"type":"LineString","coordinates":[[7.15336,49.4],[7.13347,49.39423]]},"properties":{"d":"33338","load":0,"rf":0}},{"type":"Feature","geometry":{"type":"LineString","coordinates":[[7.13745,49.43981],[7.14117,49.43665]]},"properties":{"d":"33338","load":0,"rf":0}},{"type":"Feature","geometry":{"type":"LineString","coordinates":[[7.13745,49.43981],[7.13336,49.44296]]},"properties":{"d":"33338","load":0,"rf":0}},{"type":"Feature","geometry":{"type":"LineString","coordinates":[[7.14249,49.48026],[7.13923,49.47807]]},"properties":{"d":"33338","load":0,"rf":0}},{"type":"Feature","geometry":{"type":"LineString","coordinates":[[7.13618,49.44805],[7.13749,49.44887]]},"properties":{"d":"33338","load":0,"rf":0}},{"type":"Feature","geometry":{"type":"LineString","coordinates":[[7.14411,49.4658],[7.14403,49.4663]]},"properties":{"d":"33338","load":10,"rf":0}},{"type":"Feature","geometry":{"type":"LineString","coordinates":[[7.14411,49.4658],[7.14614,49.46476]]},"properties":{"d":"33338","load":16,"rf":0}},{"type":"Feature","geometry":{"type":"LineString","coordinates":[[7.14887,49.45299],[7.14788,49.4566]]},"properties":{"d":"33338","load":3,"rf":0}},{"type":"Feature","geometry":{"type":"LineString","coordinates":[[7.14887,49.45299],[7.14881,49.45288]]},"properties":{"d":"33338","load":6,"rf":0}},{"type":"Feature","geometry":{"type":"LineString","coordinates":[[7.15754,49.46171],[7.15117,49.45546]]},"properties":{"d":"33338","load":2,"rf":0}},{"type":"Feature","geometry":{"type":"LineString","coordinates":[[7.15754,49.46171],[7.15766,49.46183]]},"properties":{"d":"33338","load":3,"rf":0}},{"type":"Feature","geometry":{"type":"LineString","coordinates":[[7.16444,49.4688],[7.15982,49.4703]]},"properties":{"d":"33338","load":11,"rf":0}},{"type":"Feature","geometry":{"type":"LineString","coordinates":[[7.16615,49.46111],[7.16444,49.4688]]},"properties":{"d":"33338","load":16,"rf":0}},{"type":"Feature","geometry":{"type":"LineString","coordinates":[[7.15423,49.46857],[7.15941,49.46707]]},"properties":{"d":"33338","load":8,"rf":0}},{"type":"Feature","geometry":{"type":"LineString","coordinates":[[7.15423,49.46857],[7.14952,49.46861]]},"properties":{"d":"33338","load":1,"rf":0}},{"type":"Feature","geometry":{"type":"LineString","coordinates":[[7.17591,49.46982],[7.17591,49.46658]]},"properties":{"d":"33338","load":2,"rf":0}},{"type":"Feature","geometry":{"type":"LineString","coordinates":[[7.16615,49.46111],[7.1773,49.47758]]},"properties":{"d":"33338","load":5,"rf":0}},{"type":"Feature","geometry":{"type":"LineString","coordinates":[[7.15117,49.45546],[7.14788,49.4566]]},"properties":{"d":"33338","load":0,"rf":0}},{"type":"Feature","geometry":{"type":"LineString","coordinates":[[7.16879,49.46951],[7.16857,49.46804]]},"properties":{"d":"33338","load":7,"rf":0}},{"type":"Feature","geometry":{"type":"LineString","coordinates":[[7.16879,49.46951],[7.16695,49.47165]]},"properties":{"d":"33338","load":5,"rf":0}},{"type":"Feature","geometry":{"type":"LineString","coordinates":[[7.14055,49.46768],[7.14483,49.4688]]},"properties":{"d":"33338","load":2,"rf":0}},{"type":"Feature","geometry":{"type":"LineString","coordinates":[[7.14055,49.46768],[7.14403,49.4663]]},"properties":{"d":"33338","load":3,"rf":0}},{"type":"Feature","geometry":{"type":"LineString","coordinates":[[7.18108,49.48271],[7.17831,49.47983]]},"properties":{"d":"33338","load":2,"rf":0}},{"type":"Feature","geometry":{"type":"LineString","coordinates":[[7.17591,49.46658],[7.18201,49.46384]]},"properties":{"d":"33338","load":4,"rf":0}},{"type":"Feature","geometry":{"type":"LineString","coordinates":[[7.16208,49.47229],[7.15982,49.4703]]},"properties":{"d":"33338","load":9,"rf":0}},{"type":"Feature","geometry":{"type":"LineString","coordinates":[[7.16208,49.47229],[7.15631,49.47228]]},"properties":{"d":"33338","load":6,"rf":0}},{"type":"Feature","geometry":{"type":"LineString","coordinates":[[7.17793,49.47521],[7.17831,49.47983]]},"properties":{"d":"33338","load":3,"rf":0}},{"type":"Feature","geometry":{"type":"LineString","coordinates":[[7.17793,49.47521],[7.17787,49.474]]},"properties":{"d":"33338","load":0,"rf":0}},{"type":"Feature","geometry":{"type":"LineString","coordinates":[[7.17793,49.47521],[7.18122,49.47374]]},"properties":{"d":"33338","load":1,"rf":0}},{"type":"Feature","geometry":{"type":"LineString","coordinates":[[7.18412,49.46092],[7.17692,49.45815]]},"properties":{"d":"33338","load":7,"rf":0}},{"type":"Feature","geometry":{"type":"LineString","coordinates":[[7.18412,49.46092],[7.18283,49.46324]]},"properties":{"d":"33338","load":5,"rf":0}},{"type":"Feature","geometry":{"type":"LineString","coordinates":[[7.15719,49.44897],[7.16224,49.45839]]},"properties":{"d":"33338","load":11,"rf":0}},{"type":"Feature","geometry":{"type":"LineString","coordinates":[[7.15719,49.44897],[7.14733,49.45037]]},"properties":{"d":"33338","load":8,"rf":0}},{"type":"Feature","geometry":{"type":"LineString","coordinates":[[7.1773,49.47758],[7.17831,49.47983]]},"properties":{"d":"33338","load":7,"rf":0}},{"type":"Feature","geometry":{"type":"LineString","coordinates":[[7.15784,49.47668],[7.154,49.47501]]},"properties":{"d":"33338","load":0,"rf":0}},{"type":"Feature","geometry":{"type":"LineString","coordinates":[[7.15784,49.47668],[7.16167,49.4752]]},"properties":{"d":"33338","load":2,"rf":0}},{"type":"Feature","geometry":{"type":"LineString","coordinates":[[7.15784,49.47668],[7.15467,49.48227]]},"properties":{"d":"33338","load":2,"rf":0}},{"type":"Feature","geometry":{"type":"LineString","coordinates":[[7.17692,49.45815],[7.17262,49.45876]]},"properties":{"d":"33338","load":10,"rf":0}},{"type":"Feature","geometry":{"type":"LineString","coordinates":[[7.17692,49.45815],[7.17671,49.45341]]},"properties":{"d":"33338","load":2,"rf":0}},{"type":"Feature","geometry":{"type":"LineString","coordinates":[[7.17222,49.46774],[7.17068,49.46587]]},"properties":{"d":"33338","load":13,"rf":0}},{"type":"Feature","geometry":{"type":"LineString","coordinates":[[7.17222,49.46774],[7.17819,49.46798]]},"properties":{"d":"33338","load":7,"rf":0}},{"type":"Feature","geometry":{"type":"LineString","coordinates":[[7.16857,49.46804],[7.17161,49.46409]]},"properties":{"d":"33338","load":10,"rf":0}},{"type":"Feature","geometry":{"type":"LineString","coordinates":[[7.154,49.47501],[7.15074,49.47265]]},"properties":{"d":"33338","load":3,"rf":0}},{"type":"Feature","geometry":{"type":"LineString","coordinates":[[7.16551,49.46529],[7.16202,49.46565]]},"properties":{"d":"33338","load":11,"rf":0}},{"type":"Feature","geometry":{"type":"LineString","coordinates":[[7.16615,49.46111],[7.16551,49.46529]]},"properties":{"d":"33338","load":12,"rf":0}},{"type":"Feature","geometry":{"type":"LineString","coordinates":[[7.17068,49.46587],[7.16915,49.46529]]},"properties":{"d":"33338","load":14,"rf":0}},{"type":"Feature","geometry":{"type":"LineString","coordinates":[[7.17349,49.4616],[7.17262,49.45876]]},"properties":{"d":"33338","load":9,"rf":0}},{"type":"Feature","geometry":{"type":"LineString","coordinates":[[7.16615,49.46111],[7.17349,49.4616]]},"properties":{"d":"33338","load":10,"rf":0}},{"type":"Feature","geometry":{"type":"LineString","coordinates":[[7.15941,49.46707],[7.1591,49.46536]]},"properties":{"d":"33338","load":14,"rf":0}},{"type":"Feature","geometry":{"type":"LineString","coordinates":[[7.1591,49.46536],[7.16284,49.46536]]},"properties":{"d":"33338","load":16,"rf":0}},{"type":"Feature","geometry":{"type":"LineString","coordinates":[[7.15074,49.47265],[7.15631,49.47228]]},"properties":{"d":"33338","load":5,"rf":0}},{"type":"Feature","geometry":{"type":"LineString","coordinates":[[7.18326,49.46821],[7.17949,49.47099]]},"properties":{"d":"33338","load":4,"rf":0}},{"type":"Feature","geometry":{"type":"LineString","coordinates":[[7.18326,49.46821],[7.17819,49.46798]]},"properties":{"d":"33338","load":6,"rf":0}},{"type":"Feature","geometry":{"type":"LineString","coordinates":[[7.18326,49.46821],[7.18782,49.46826]]},"properties":{"d":"33338","load":0,"rf":0}},{"type":"Feature","geometry":{"type":"LineString","coordinates":[[7.18842,49.46827],[7.18782,49.46826]]},"properties":{"d":"33338","load":0,"rf":0}},{"type":"Feature","geometry":{"type":"LineString","coordinates":[[7.19178,49.46449],[7.18283,49.46324]]},"properties":{"d":"33338","load":0,"rf":0}},{"type":"Feature","geometry":{"type":"LineString","coordinates":[[7.17831,49.47983],[7.17456,49.4837]]},"properties":{"d":"33338","load":0,"rf":0}},{"type":"Feature","geometry":{"type":"LineString","coordinates":[[7.14601,49.46195],[7.15081,49.46229]]},"properties":{"d":"33338","load":9,"rf":0}},{"type":"Feature","geometry":{"type":"LineString","coordinates":[[7.14601,49.46195],[7.14612,49.46349]]},"properties":{"d":"33338","load":8,"rf":0}},{"type":"Feature","geometry":{"type":"LineString","coordinates":[[7.1478,49.46356],[7.14614,49.46476]]},"properties":{"d":"33338","load":1,"rf":0}},{"type":"Feature","geometry":{"type":"LineString","coordinates":[[7.16057,49.462],[7.16824,49.46186]]},"properties":{"d":"33338","load":3,"rf":0}},{"type":"Feature","geometry":{"type":"LineString","coordinates":[[7.16057,49.462],[7.15766,49.46183]]},"properties":{"d":"33338","load":3,"rf":0}},{"type":"Feature","geometry":{"type":"LineString","coordinates":[[7.16764,49.45724],[7.16224,49.45839]]},"properties":{"d":"33338","load":10,"rf":0}},{"type":"Feature","geometry":{"type":"LineString","coordinates":[[7.16615,49.46111],[7.16764,49.45724]]},"properties":{"d":"33338","load":11,"rf":0}},{"type":"Feature","geometry":{"type":"LineString","coordinates":[[7.17949,49.47099],[7.17787,49.474]]},"properties":{"d":"33338","load":2,"rf":0}},{"type":"Feature","geometry":{"type":"LineString","coordinates":[[7.14737,49.46757],[7.14952,49.46861]]},"properties":{"d":"33338","load":1,"rf":0}},{"type":"Feature","geometry":{"type":"LineString","coordinates":[[7.16615,49.46111],[7.16824,49.46186]]},"properties":{"d":"33338","load":2,"rf":0}},{"type":"Feature","geometry":{"type":"LineString","coordinates":[[7.16615,49.46111],[7.15081,49.46229]]},"properties":{"d":"33338","load":10,"rf":0}},{"type":"Feature","geometry":{"type":"LineString","coordinates":[[7.18201,49.46384],[7.18283,49.46324]]},"properties":{"d":"33338","load":5,"rf":0}},{"type":"Feature","geometry":{"type":"LineString","coordinates":[[7.15515,49.46527],[7.15766,49.46183]]},"properties":{"d":"33338","load":1,"rf":0}},{"type":"Feature","geometry":{"type":"LineString","coordinates":[[7.1767,49.45315],[7.17671,49.45341]]},"properties":{"d":"33338","load":1,"rf":0}},{"type":"Feature","geometry":{"type":"LineString","coordinates":[[7.16615,49.46111],[7.17161,49.46409]]},"properties":{"d":"33338","load":6,"rf":0}},{"type":"Feature","geometry":{"type":"LineString","coordinates":[[7.14733,49.45037],[7.14201,49.45082]]},"properties":{"d":"33338","load":1,"rf":0}},{"type":"Feature","geometry":{"type":"LineString","coordinates":[[7.14733,49.45037],[7.14881,49.45288]]},"properties":{"d":"33338","load":6,"rf":0}},{"type":"Feature","geometry":{"type":"LineString","coordinates":[[7.1791,49.46727],[7.17819,49.46798]]},"properties":{"d":"33338","load":1,"rf":0}},{"type":"Feature","geometry":{"type":"LineString","coordinates":[[7.16167,49.4752],[7.16695,49.47165]]},"properties":{"d":"33338","load":4,"rf":0}},{"type":"Feature","geometry":{"type":"LineString","coordinates":[[7.14483,49.4688],[7.14952,49.46861]]},"properties":{"d":"33338","load":0,"rf":0}},{"type":"Feature","geometry":{"type":"LineString","coordinates":[[7.16284,49.46536],[7.16202,49.46565]]},"properties":{"d":"33338","load":17,"rf":0}},{"type":"Feature","geometry":{"type":"LineString","coordinates":[[7.16615,49.46111],[7.16915,49.46529]]},"properties":{"d":"33338","load":8,"rf":0}},{"type":"Feature","geometry":{"type":"LineString","coordinates":[[7.15817,49.43115],[7.16131,49.43327]]},"properties":{"d":"33338","load":2,"rf":0}},{"type":"Feature","geometry":{"type":"LineString","coordinates":[[7.17021,49.43493],[7.16419,49.43491]]},"properties":{"d":"33338","load":1,"rf":0}},{"type":"Feature","geometry":{"type":"LineString","coordinates":[[7.16021,49.43344],[7.15349,49.43628]]},"properties":{"d":"33338","load":1,"rf":0}},{"type":"Feature","geometry":{"type":"LineString","coordinates":[[7.16021,49.43344],[7.16131,49.43327]]},"properties":{"d":"33338","load":2,"rf":0}},{"type":"Feature","geometry":{"type":"LineString","coordinates":[[7.17078,49.43016],[7.16131,49.43327]]},"properties":{"d":"33338","load":90,"rf":0}},{"type":"Feature","geometry":{"type":"LineString","coordinates":[[7.15349,49.43628],[7.13749,49.44887]]},"properties":{"d":"33338","load":1,"rf":0}},{"type":"Feature","geometry":{"type":"LineString","coordinates":[[7.14948,49.49245],[7.1335,49.48168]]},"properties":{"d":"33338","load":0,"rf":0}},{"type":"Feature","geometry":{"type":"LineString","coordinates":[[7.15761,49.42116],[7.16164,49.42097]]},"properties":{"d":"33338","load":1,"rf":0}},{"type":"Feature","geometry":{"type":"LineString","coordinates":[[7.15465,49.48575],[7.15467,49.48227]]},"properties":{"d":"33338","load":0,"rf":0}},{"type":"Feature","geometry":{"type":"LineString","coordinates":[[7.17799,49.40164],[7.18346,49.39885]]},"properties":{"d":"33338","load":4,"rf":0}},{"type":"Feature","geometry":{"type":"LineString","coordinates":[[7.17799,49.40164],[7.17585,49.40162]]},"properties":{"d":"33338","load":4,"rf":0}},{"type":"Feature","geometry":{"type":"LineString","coordinates":[[7.16225,49.40842],[7.15716,49.40922]]},"properties":{"d":"33338","load":3,"rf":0}},{"type":"Feature","geometry":{"type":"LineString","coordinates":[[7.16225,49.40842],[7.16395,49.41119]]},"properties":{"d":"33338","load":4,"rf":0}},{"type":"Feature","geometry":{"type":"LineString","coordinates":[[7.16217,49.40469],[7.16615,49.46111]]},"properties":{"d":"33338","load":2,"rf":0}},{"type":"Feature","geometry":{"type":"LineString","coordinates":[[7.16217,49.40469],[7.16561,49.40329]]},"properties":{"d":"33338","load":1,"rf":0}},{"type":"Feature","geometry":{"type":"LineString","coordinates":[[7.17403,49.38933],[7.17185,49.39489]]},"properties":{"d":"33338","load":0,"rf":0}},{"type":"Feature","geometry":{"type":"LineString","coordinates":[[7.17403,49.38933],[7.16833,49.39916]]},"properties":{"d":"33338","load":0,"rf":0}},{"type":"Feature","geometry":{"type":"LineString","coordinates":[[7.14818,49.40757],[7.15499,49.40688]]},"properties":{"d":"33338","load":0,"rf":0}},{"type":"Feature","geometry":{"type":"LineString","coordinates":[[7.14818,49.40757],[7.14705,49.40897]]},"properties":{"d":"33338","load":1,"rf":0}},{"type":"Feature","geometry":{"type":"LineString","coordinates":[[7.14594,49.40979],[7.14794,49.41314]]},"properties":{"d":"33338","load":1,"rf":0}},{"type":"Feature","geometry":{"type":"LineString","coordinates":[[7.14594,49.40979],[7.14705,49.40897]]},"properties":{"d":"33338","load":0,"rf":0}},{"type":"Feature","geometry":{"type":"LineString","coordinates":[[7.15716,49.40922],[7.15365,49.41031]]},"properties":{"d":"33338","load":3,"rf":0}},{"type":"Feature","geometry":{"type":"LineString","coordinates":[[7.16105,49.40263],[7.15654,49.40235]]},"properties":{"d":"33338","load":4,"rf":0}},{"type":"Feature","geometry":{"type":"LineString","coordinates":[[7.16615,49.46111],[7.16105,49.40263]]},"properties":{"d":"33338","load":5,"rf":0}},{"type":"Feature","geometry":{"type":"LineString","coordinates":[[7.17043,49.41095],[7.17245,49.40794]]},"properties":{"d":"33338","load":0,"rf":0}},{"type":"Feature","geometry":{"type":"LineString","coordinates":[[7.17043,49.41095],[7.1698,49.41089]]},"properties":{"d":"33338","load":2,"rf":0}},{"type":"Feature","geometry":{"type":"LineString","coordinates":[[7.15276,49.40182],[7.15336,49.4]]},"properties":{"d":"33338","load":1,"rf":0}},{"type":"Feature","geometry":{"type":"LineString","coordinates":[[7.15276,49.40182],[7.15654,49.40235]]},"properties":{"d":"33338","load":1,"rf":0}},{"type":"Feature","geometry":{"type":"LineString","coordinates":[[7.16559,49.40294],[7.15499,49.40688]]},"properties":{"d":"33338","load":1,"rf":0}},{"type":"Feature","geometry":{"type":"LineString","coordinates":[[7.16559,49.40294],[7.16561,49.40329]]},"properties":{"d":"33338","load":1,"rf":0}},{"type":"Feature","geometry":{"type":"LineString","coordinates":[[7.1756,49.40312],[7.18346,49.39885]]},"properties":{"d":"33338","load":70,"rf":0}},{"type":"Feature","geometry":{"type":"LineString","coordinates":[[7.1756,49.40312],[7.16924,49.40404]]},"properties":{"d":"33338","load":71,"rf":0}},{"type":"Feature","geometry":{"type":"LineString","coordinates":[[7.18346,49.39885],[7.19338,49.39457]]},"properties":{"d":"33338","load":50,"rf":1}},{"type":"Feature","geometry":{"type":"LineString","coordinates":[[7.16808,49.39523],[7.16172,49.39763]]},"properties":{"d":"33338","load":4,"rf":0}},{"type":"Feature","geometry":{"type":"LineString","coordinates":[[7.16808,49.39523],[7.16615,49.46111]]},"properties":{"d":"33338","load":4,"rf":0}},{"type":"Feature","geometry":{"type":"LineString","coordinates":[[7.16615,49.46111],[7.16924,49.40404]]},"properties":{"d":"33338","load":55,"rf":0}},{"type":"Feature","geometry":{"type":"LineString","coordinates":[[7.15365,49.41031],[7.14794,49.41314]]},"properties":{"d":"33338","load":2,"rf":0}},{"type":"Feature","geometry":{"type":"LineString","coordinates":[[7.17185,49.39489],[7.16943,49.40155]]},"properties":{"d":"33338","load":1,"rf":0}},{"type":"Feature","geometry":{"type":"LineString","coordinates":[[7.16943,49.40155],[7.17585,49.40162]]},"properties":{"d":"33338","load":4,"rf":0}},{"type":"Feature","geometry":{"type":"LineString","coordinates":[[7.16615,49.46111],[7.16719,49.40829]]},"properties":{"d":"33338","load":0,"rf":0}},{"type":"Feature","geometry":{"type":"LineString","coordinates":[[7.16172,49.39763],[7.16562,49.39884]]},"properties":{"d":"33338","load":4,"rf":0}},{"type":"Feature","geometry":{"type":"LineString","coordinates":[[7.16602,49.41344],[7.1698,49.41089]]},"properties":{"d":"33338","load":1,"rf":0}},{"type":"Feature","geometry":{"type":"LineString","coordinates":[[7.16562,49.39884],[7.16833,49.39916]]},"properties":{"d":"33338","load":0,"rf":0}},{"type":"Feature","geometry":{"type":"LineString","coordinates":[[7.1583,49.41333],[7.16395,49.41119]]},"properties":{"d":"33338","load":0,"rf":0}},{"type":"Feature","geometry":{"type":"LineString","coordinates":[[7.16011,49.41797],[7.16069,49.41245]]},"properties":{"d":"33338","load":0,"rf":0}},{"type":"Feature","geometry":{"type":"LineString","coordinates":[[7.17688,49.43255],[7.16757,49.4317]]},"properties":{"d":"33338","load":0,"rf":0}},{"type":"Feature","geometry":{"type":"LineString","coordinates":[[7.17091,49.44473],[7.16735,49.44461]]},"properties":{"d":"33338","load":0,"rf":0}},{"type":"Feature","geometry":{"type":"LineString","coordinates":[[7.17619,49.44508],[7.17776,49.44558]]},"properties":{"d":"33338","load":0,"rf":0}},{"type":"Feature","geometry":{"type":"LineString","coordinates":[[7.18115,49.41553],[7.18075,49.41383]]},"properties":{"d":"33338","load":0,"rf":0}},{"type":"Feature","geometry":{"type":"LineString","coordinates":[[7.18108,49.41135],[7.18165,49.41374]]},"properties":{"d":"33338","load":0,"rf":0}},{"type":"Feature","geometry":{"type":"LineString","coordinates":[[7.18519,49.44804],[7.18827,49.45085]]},"properties":{"d":"33338","load":0,"rf":0}},{"type":"Feature","geometry":{"type":"LineString","coordinates":[[7.18682,49.45457],[7.18569,49.45336]]},"properties":{"d":"33338","load":0,"rf":0}},{"type":"Feature","geometry":{"type":"LineString","coordinates":[[7.19419,49.42034],[7.19615,49.42097]]},"properties":{"d":"33338","load":0,"rf":0}},{"type":"Feature","geometry":{"type":"LineString","coordinates":[[7.19336,49.41256],[7.20531,49.40622]]},"properties":{"d":"33338","load":0,"rf":0}},{"type":"Feature","geometry":{"type":"LineString","coordinates":[[7.19336,49.41256],[7.18165,49.41374]]},"properties":{"d":"33338","load":0,"rf":0}},{"type":"Feature","geometry":{"type":"LineString","coordinates":[[7.20955,49.42123],[7.20491,49.42335]]},"properties":{"d":"33338","load":38,"rf":0}},{"type":"Feature","geometry":{"type":"LineString","coordinates":[[7.20491,49.42335],[7.1964,49.42064]]},"properties":{"d":"33338","load":38,"rf":0}},{"type":"Feature","geometry":{"type":"LineString","coordinates":[[7.21391,49.4239],[7.20955,49.42123]]},"properties":{"d":"33338","load":38,"rf":0}},{"type":"Feature","geometry":{"type":"LineString","coordinates":[[7.20323,49.46883],[7.20053,49.47234]]},"properties":{"d":"33338","load":7,"rf":0}},{"type":"Feature","geometry":{"type":"LineString","coordinates":[[7.20522,49.41387],[7.21965,49.4177]]},"properties":{"d":"33338","load":0,"rf":0}},{"type":"Feature","geometry":{"type":"LineString","coordinates":[[7.20522,49.41387],[7.20218,49.4129]]},"properties":{"d":"33338","load":0,"rf":0}},{"type":"Feature","geometry":{"type":"LineString","coordinates":[[7.2015,49.50284],[7.20309,49.4999]]},"properties":{"d":"33338","load":0,"rf":0}},{"type":"Feature","geometry":{"type":"LineString","coordinates":[[7.20712,49.49248],[7.21015,49.49339]]},"properties":{"d":"33338","load":6,"rf":0}},{"type":"Feature","geometry":{"type":"LineString","coordinates":[[7.20712,49.49248],[7.20309,49.4999]]},"properties":{"d":"33338","load":0,"rf":0}},{"type":"Feature","geometry":{"type":"LineString","coordinates":[[7.20712,49.49248],[7.19136,49.48042]]},"properties":{"d":"33338","load":10,"rf":0}},{"type":"Feature","geometry":{"type":"LineString","coordinates":[[7.21015,49.49339],[7.21745,49.49137]]},"properties":{"d":"33338","load":7,"rf":0}},{"type":"Feature","geometry":{"type":"LineString","coordinates":[[7.20693,49.50079],[7.20309,49.4999]]},"properties":{"d":"33338","load":0,"rf":0}},{"type":"Feature","geometry":{"type":"LineString","coordinates":[[7.21028,49.40877],[7.21037,49.40676]]},"properties":{"d":"33338","load":1,"rf":0}},{"type":"Feature","geometry":{"type":"LineString","coordinates":[[7.20806,49.40501],[7.20218,49.4129]]},"properties":{"d":"33338","load":3,"rf":0}},{"type":"Feature","geometry":{"type":"LineString","coordinates":[[7.20806,49.40501],[7.20819,49.40599]]},"properties":{"d":"33338","load":2,"rf":0}},{"type":"Feature","geometry":{"type":"LineString","coordinates":[[7.21264,49.40422],[7.21037,49.40676]]},"properties":{"d":"33338","load":0,"rf":0}},{"type":"Feature","geometry":{"type":"LineString","coordinates":[[7.20531,49.40622],[7.20819,49.40599]]},"properties":{"d":"33338","load":1,"rf":0}},{"type":"Feature","geometry":{"type":"LineString","coordinates":[[7.22197,49.50907],[7.21745,49.49137]]},"properties":{"d":"33338","load":0,"rf":0}},{"type":"Feature","geometry":{"type":"LineString","coordinates":[[7.22397,49.42647],[7.22962,49.43165]]},"properties":{"d":"33338","load":0,"rf":0}},{"type":"Feature","geometry":{"type":"LineString","coordinates":[[7.23608,49.42353],[7.23903,49.42505]]},"properties":{"d":"33338","load":1,"rf":0}},{"type":"Feature","geometry":{"type":"LineString","coordinates":[[7.23608,49.42353],[7.23595,49.42231]]},"properties":{"d":"33338","load":1,"rf":0}},{"type":"Feature","geometry":{"type":"LineString","coordinates":[[7.2422,49.42232],[7.24248,49.41834]]},"properties":{"d":"33338","load":0,"rf":0}},{"type":"Feature","geometry":{"type":"LineString","coordinates":[[7.2422,49.42232],[7.2627,49.4313]]},"properties":{"d":"33338","load":0,"rf":0}},{"type":"Feature","geometry":{"type":"LineString","coordinates":[[7.2422,49.42232],[7.23903,49.42505]]},"properties":{"d":"33338","load":2,"rf":0}},{"type":"Feature","geometry":{"type":"LineString","coordinates":[[7.23565,49.41941],[7.23595,49.42231]]},"properties":{"d":"33338","load":1,"rf":0}},{"type":"Feature","geometry":{"type":"LineString","coordinates":[[7.23471,49.43389],[7.23903,49.42505]]},"properties":{"d":"33338","load":4,"rf":0}},{"type":"Feature","geometry":{"type":"LineString","coordinates":[[7.23471,49.43389],[7.23209,49.43493]]},"properties":{"d":"33338","load":6,"rf":0}},{"type":"Feature","geometry":{"type":"LineString","coordinates":[[7.23453,49.43754],[7.23209,49.43493]]},"properties":{"d":"33338","load":5,"rf":0}},{"type":"Feature","geometry":{"type":"LineString","coordinates":[[7.22591,49.46476],[7.24078,49.46616]]},"properties":{"d":"33338","load":37,"rf":0}},{"type":"Feature","geometry":{"type":"LineString","coordinates":[[7.16615,49.46111],[7.22591,49.46476]]},"properties":{"d":"33338","load":37,"rf":0}},{"type":"Feature","geometry":{"type":"LineString","coordinates":[[7.23095,49.45069],[7.24569,49.44372]]},"properties":{"d":"33338","load":2,"rf":0}},{"type":"Feature","geometry":{"type":"LineString","coordinates":[[7.23095,49.45069],[7.23042,49.45078]]},"properties":{"d":"33338","load":1,"rf":0}},{"type":"Feature","geometry":{"type":"LineString","coordinates":[[7.23153,49.45369],[7.23042,49.45078]]},"properties":{"d":"33338","load":1,"rf":0}},{"type":"Feature","geometry":{"type":"LineString","coordinates":[[7.25578,49.4743],[7.25289,49.46899]]},"properties":{"d":"33338","load":2,"rf":0}},{"type":"Feature","geometry":{"type":"LineString","coordinates":[[7.2487,49.4631],[7.2408,49.4621]]},"properties":{"d":"33338","load":1,"rf":0}},{"type":"Feature","geometry":{"type":"LineString","coordinates":[[7.2487,49.4631],[7.2517,49.46673]]},"properties":{"d":"33338","load":2,"rf":0}},{"type":"Feature","geometry":{"type":"LineString","coordinates":[[7.25088,49.46685],[7.2517,49.46673]]},"properties":{"d":"33338","load":4,"rf":0}},{"type":"Feature","geometry":{"type":"LineString","coordinates":[[7.25088,49.46685],[7.2499,49.46702]]},"properties":{"d":"33338","load":5,"rf":0}},{"type":"Feature","geometry":{"type":"LineString","coordinates":[[7.25095,49.47093],[7.2499,49.46702]]},"properties":{"d":"33338","load":1,"rf":0}},{"type":"Feature","geometry":{"type":"LineString","coordinates":[[7.24283,49.48862],[7.24958,49.48811]]},"properties":{"d":"33338","load":2,"rf":0}},{"type":"Feature","geometry":{"type":"LineString","coordinates":[[7.24283,49.48862],[7.2531,49.48088]]},"properties":{"d":"33338","load":2,"rf":0}},{"type":"Feature","geometry":{"type":"LineString","coordinates":[[7.24283,49.48862],[7.23885,49.4893]]},"properties":{"d":"33338","load":5,"rf":0}},{"type":"Feature","geometry":{"type":"LineString","coordinates":[[7.23471,49.49159],[7.23885,49.4893]]},"properties":{"d":"33338","load":0,"rf":0}},{"type":"Feature","geometry":{"type":"LineString","coordinates":[[7.2492,49.41086],[7.25766,49.41861]]},"properties":{"d":"33338","load":0,"rf":0}},{"type":"Feature","geometry":{"type":"LineString","coordinates":[[7.24858,49.44632],[7.24569,49.44372]]},"properties":{"d":"33338","load":0,"rf":0}},{"type":"Feature","geometry":{"type":"LineString","coordinates":[[7.24878,49.43506],[7.25402,49.43977]]},"properties":{"d":"33338","load":0,"rf":0}},{"type":"Feature","geometry":{"type":"LineString","coordinates":[[7.26526,49.4202],[7.26519,49.41989]]},"properties":{"d":"33338","load":1,"rf":0}},{"type":"Feature","geometry":{"type":"LineString","coordinates":[[7.26415,49.41559],[7.26037,49.41451]]},"properties":{"d":"33338","load":1,"rf":0}},{"type":"Feature","geometry":{"type":"LineString","coordinates":[[7.28504,49.42054],[7.16615,49.46111]]},"properties":{"d":"33338","load":5,"rf":0}},{"type":"Feature","geometry":{"type":"LineString","coordinates":[[7.26415,49.41559],[7.26519,49.41989]]},"properties":{"d":"33338","load":1,"rf":0}},{"type":"Feature","geometry":{"type":"LineString","coordinates":[[7.26037,49.41451],[7.25766,49.41861]]},"properties":{"d":"33338","load":2,"rf":0}},{"type":"Feature","geometry":{"type":"LineString","coordinates":[[7.26572,49.50009],[7.26648,49.49383]]},"properties":{"d":"33338","load":0,"rf":0}},{"type":"Feature","geometry":{"type":"LineString","coordinates":[[7.26648,49.49383],[7.27447,49.49413]]},"properties":{"d":"33338","load":1,"rf":0}},{"type":"Feature","geometry":{"type":"LineString","coordinates":[[7.26648,49.49383],[7.26272,49.4926]]},"properties":{"d":"33338","load":0,"rf":0}},{"type":"Feature","geometry":{"type":"LineString","coordinates":[[7.26521,49.48935],[7.26272,49.4926]]},"properties":{"d":"33338","load":1,"rf":0}},{"type":"Feature","geometry":{"type":"LineString","coordinates":[[7.25766,49.48345],[7.2531,49.48088]]},"properties":{"d":"33338","load":0,"rf":0}},{"type":"Feature","geometry":{"type":"LineString","coordinates":[[7.26549,49.4434],[7.26198,49.44025]]},"properties":{"d":"33338","load":0,"rf":0}},{"type":"Feature","geometry":{"type":"LineString","coordinates":[[7.25829,49.44199],[7.26198,49.44025]]},"properties":{"d":"33338","load":0,"rf":0}},{"type":"Feature","geometry":{"type":"LineString","coordinates":[[7.27253,49.43458],[7.26989,49.43373]]},"properties":{"d":"33338","load":1,"rf":0}},{"type":"Feature","geometry":{"type":"LineString","coordinates":[[7.2627,49.4313],[7.26628,49.43397]]},"properties":{"d":"33338","load":0,"rf":0}},{"type":"Feature","geometry":{"type":"LineString","coordinates":[[7.2679,49.43141],[7.26989,49.43373]]},"properties":{"d":"33338","load":0,"rf":0}},{"type":"Feature","geometry":{"type":"LineString","coordinates":[[7.26628,49.43397],[7.25888,49.43747]]},"properties":{"d":"33338","load":2,"rf":0}},{"type":"Feature","geometry":{"type":"LineString","coordinates":[[7.26628,49.43397],[7.26989,49.43373]]},"properties":{"d":"33338","load":1,"rf":0}},{"type":"Feature","geometry":{"type":"LineString","coordinates":[[7.27595,49.44467],[7.27734,49.45467]]},"properties":{"d":"33338","load":0,"rf":0}},{"type":"Feature","geometry":{"type":"LineString","coordinates":[[7.27091,49.46744],[7.25289,49.46899]]},"properties":{"d":"33338","load":0,"rf":0}},{"type":"Feature","geometry":{"type":"LineString","coordinates":[[7.27091,49.46744],[7.266,49.47114]]},"properties":{"d":"33338","load":1,"rf":0}},{"type":"Feature","geometry":{"type":"LineString","coordinates":[[7.27529,49.48488],[7.27447,49.49413]]},"properties":{"d":"33338","load":0,"rf":0}},{"type":"Feature","geometry":{"type":"LineString","coordinates":[[7.27696,49.50366],[7.27779,49.49426]]},"properties":{"d":"33338","load":0,"rf":0}},{"type":"Feature","geometry":{"type":"LineString","coordinates":[[7.28377,49.44513],[7.28503,49.45422]]},"properties":{"d":"33338","load":0,"rf":0}},{"type":"Feature","geometry":{"type":"LineString","coordinates":[[7.28504,49.42054],[7.3035,49.43147]]},"properties":{"d":"33338","load":1,"rf":0}},{"type":"Feature","geometry":{"type":"LineString","coordinates":[[7.29032,49.47661],[7.29064,49.47254]]},"properties":{"d":"33338","load":3,"rf":0}},{"type":"Feature","geometry":{"type":"LineString","coordinates":[[7.29974,49.45336],[7.30599,49.45497]]},"properties":{"d":"33338","load":1,"rf":0}},{"type":"Feature","geometry":{"type":"LineString","coordinates":[[7.29974,49.45336],[7.28503,49.45422]]},"properties":{"d":"33338","load":1,"rf":0}},{"type":"Feature","geometry":{"type":"LineString","coordinates":[[7.35041,49.44873],[7.30599,49.45497]]},"properties":{"d":"33338","load":1,"rf":0}},{"type":"Feature","geometry":{"type":"LineString","coordinates":[[7.29529,49.43737],[7.3035,49.43147]]},"properties":{"d":"33338","load":0,"rf":0}},{"type":"Feature","geometry":{"type":"LineString","coordinates":[[7.327,49.49325],[7.29418,49.49488]]},"properties":{"d":"33338","load":0,"rf":0}},{"type":"Feature","geometry":{"type":"LineString","coordinates":[[7.29418,49.49488],[7.27779,49.49426]]},"properties":{"d":"33338","load":1,"rf":0}},{"type":"Feature","geometry":{"type":"LineString","coordinates":[[7.31931,49.44276],[7.31042,49.44128]]},"properties":{"d":"33338","load":0,"rf":0}},{"type":"Feature","geometry":{"type":"LineString","coordinates":[[7.31931,49.44276],[7.3201,49.44128]]},"properties":{"d":"33338","load":0,"rf":0}},{"type":"Feature","geometry":{"type":"LineString","coordinates":[[7.31931,49.44276],[7.32219,49.45704]]},"properties":{"d":"33338","load":0,"rf":0}},{"type":"Feature","geometry":{"type":"LineString","coordinates":[[7.3201,49.44128],[7.3035,49.43147]]},"properties":{"d":"33338","load":1,"rf":0}},{"type":"Feature","geometry":{"type":"LineString","coordinates":[[7.327,49.49325],[7.32219,49.45704]]},"properties":{"d":"33338","load":0,"rf":0}},{"type":"Feature","geometry":{"type":"LineString","coordinates":[[7.32977,49.46665],[7.32323,49.46601]]},"properties":{"d":"33338","load":27,"rf":0}},{"type":"Feature","geometry":{"type":"LineString","coordinates":[[7.32977,49.46665],[7.34541,49.47669]]},"properties":{"d":"33338","load":31,"rf":0}},{"type":"Feature","geometry":{"type":"LineString","coordinates":[[7.32323,49.46601],[7.2912,49.46537]]},"properties":{"d":"33338","load":31,"rf":0}},{"type":"Feature","geometry":{"type":"LineString","coordinates":[[7.3246,49.45691],[7.32219,49.45704]]},"properties":{"d":"33338","load":0,"rf":0}},{"type":"Feature","geometry":{"type":"LineString","coordinates":[[7.34466,49.47383],[7.34541,49.47669]]},"properties":{"d":"33338","load":0,"rf":0}},{"type":"Feature","geometry":{"type":"LineString","coordinates":[[7.35009,49.48166],[7.34551,49.47704]]},"properties":{"d":"33338","load":0,"rf":0}},{"type":"Feature","geometry":{"type":"LineString","coordinates":[[7.34551,49.47704],[7.34541,49.47669]]},"properties":{"d":"33338","load":28,"rf":0}},{"type":"Feature","geometry":{"type":"LineString","coordinates":[[7.34551,49.47704],[7.36743,49.48277]]},"properties":{"d":"33338","load":32,"rf":0}},{"type":"Feature","geometry":{"type":"LineString","coordinates":[[7.35041,49.44873],[7.35183,49.44547]]},"properties":{"d":"33338","load":0,"rf":0}},{"type":"Feature","geometry":{"type":"LineString","coordinates":[[7.35041,49.44873],[7.35724,49.45824]]},"properties":{"d":"33338","load":0,"rf":0}},{"type":"Feature","geometry":{"type":"LineString","coordinates":[[7.35567,49.4412],[7.35183,49.44547]]},"properties":{"d":"33338","load":0,"rf":0}},{"type":"Feature","geometry":{"type":"LineString","coordinates":[[7.35003,49.46044],[7.35724,49.45824]]},"properties":{"d":"33338","load":0,"rf":0}},{"type":"Feature","geometry":{"type":"LineString","coordinates":[[7.36726,49.475],[7.36892,49.47449]]},"properties":{"d":"33338","load":0,"rf":0}},{"type":"Feature","geometry":{"type":"LineString","coordinates":[[7.37659,49.48517],[7.37596,49.48295]]},"properties":{"d":"33338","load":0,"rf":0}},{"type":"Feature","geometry":{"type":"LineString","coordinates":[[7.37659,49.48517],[7.36743,49.48277]]},"properties":{"d":"33338","load":0,"rf":0}},{"type":"Feature","geometry":{"type":"LineString","coordinates":[[7.37596,49.48295],[7.36892,49.47449]]},"properties":{"d":"33338","load":0,"rf":0}},{"type":"Feature","geometry":{"type":"LineString","coordinates":[[7.14818,49.46414],[7.14614,49.46476]]},"properties":{"d":"33338","load":2,"rf":0}},{"type":"Feature","geometry":{"type":"LineString","coordinates":[[7.16646,49.4055],[7.16561,49.40329]]},"properties":{"d":"33338","load":1,"rf":0}},{"type":"Feature","geometry":{"type":"LineString","coordinates":[[7.14499,49.40911],[7.14705,49.40897]]},"properties":{"d":"33338","load":1,"rf":0}},{"type":"Feature","geometry":{"type":"LineString","coordinates":[[7.13981,49.48288],[7.1357,49.48029]]},"properties":{"d":"33338","load":2,"rf":0}},{"type":"Feature","geometry":{"type":"LineString","coordinates":[[7.14334,49.46346],[7.14612,49.46349]]},"properties":{"d":"33338","load":3,"rf":0}},{"type":"Feature","geometry":{"type":"LineString","coordinates":[[7.14768,49.46431],[7.14614,49.46476]]},"properties":{"d":"33338","load":1,"rf":0}},{"type":"Feature","geometry":{"type":"LineString","coordinates":[[7.14517,49.4673],[7.14403,49.4663]]},"properties":{"d":"33338","load":7,"rf":0}},{"type":"Feature","geometry":{"type":"LineString","coordinates":[[7.15917,49.46257],[7.15766,49.46183]]},"properties":{"d":"33338","load":1,"rf":0}},{"type":"Feature","geometry":{"type":"LineString","coordinates":[[7.16139,49.46549],[7.16202,49.46565]]},"properties":{"d":"33338","load":5,"rf":0}},{"type":"Feature","geometry":{"type":"LineString","coordinates":[[7.26272,49.4926],[7.22971,49.48185]]},"properties":{"d":"33338","load":1,"rf":0}},{"type":"Feature","geometry":{"type":"LineString","coordinates":[[7.22151,49.47918],[7.22971,49.48185]]},"properties":{"d":"33338","load":10,"rf":0}},{"type":"Feature","geometry":{"type":"LineString","coordinates":[[7.19998,49.44307],[7.2039,49.44098]]},"properties":{"d":"33338","load":54,"rf":0}},{"type":"Feature","geometry":{"type":"LineString","coordinates":[[7.16615,49.46111],[7.19998,49.44307]]},"properties":{"d":"33338","load":65,"rf":0}},{"type":"Feature","geometry":{"type":"LineString","coordinates":[[7.2039,49.44098],[7.21086,49.43726]]},"properties":{"d":"33338","load":48,"rf":0}},{"type":"Feature","geometry":{"type":"LineString","coordinates":[[7.21111,49.44025],[7.21473,49.43857]]},"properties":{"d":"33338","load":34,"rf":0}},{"type":"Feature","geometry":{"type":"LineString","coordinates":[[7.18827,49.45085],[7.21111,49.44025]]},"properties":{"d":"33338","load":48,"rf":0}},{"type":"Feature","geometry":{"type":"LineString","coordinates":[[7.21473,49.43857],[7.21725,49.43739]]},"properties":{"d":"33338","load":21,"rf":0}},{"type":"Feature","geometry":{"type":"LineString","coordinates":[[7.22962,49.43165],[7.21725,49.43739]]},"properties":{"d":"33338","load":7,"rf":0}},{"type":"Feature","geometry":{"type":"LineString","coordinates":[[7.21828,49.4333],[7.21086,49.43726]]},"properties":{"d":"33338","load":36,"rf":0}},{"type":"Feature","geometry":{"type":"LineString","coordinates":[[7.17776,49.44558],[7.19112,49.42771]]},"properties":{"d":"33338","load":52,"rf":0}},{"type":"Feature","geometry":{"type":"LineString","coordinates":[[7.19615,49.42097],[7.19112,49.42771]]},"properties":{"d":"33338","load":40,"rf":0}},{"type":"Feature","geometry":{"type":"LineString","coordinates":[[7.16615,49.46111],[7.20738,49.43053]]},"properties":{"d":"33338","load":38,"rf":0}},{"type":"Feature","geometry":{"type":"LineString","coordinates":[[7.14612,49.46349],[7.14614,49.46476]]},"properties":{"d":"33338","load":7,"rf":0}},{"type":"Feature","geometry":{"type":"LineString","coordinates":[[7.11766,49.42253],[7.11863,49.42506]]},"properties":{"d":"33338","load":3,"rf":0}},{"type":"Feature","geometry":{"type":"LineString","coordinates":[[7.1136,49.46567],[7.12051,49.46089]]},"properties":{"d":"33338","load":1,"rf":0}},{"type":"Feature","geometry":{"type":"LineString","coordinates":[[7.13224,49.48247],[7.1335,49.48168]]},"properties":{"d":"33338","load":7,"rf":0}},{"type":"Feature","geometry":{"type":"LineString","coordinates":[[7.13224,49.48247],[7.11671,49.49158]]},"properties":{"d":"33338","load":5,"rf":0}},{"type":"Feature","geometry":{"type":"LineString","coordinates":[[7.13224,49.48247],[7.12849,49.47995]]},"properties":{"d":"33338","load":42,"rf":0}},{"type":"Feature","geometry":{"type":"LineString","coordinates":[[7.12051,49.46089],[7.12434,49.45825]]},"properties":{"d":"33338","load":1,"rf":0}},{"type":"Feature","geometry":{"type":"LineString","coordinates":[[7.16395,49.41119],[7.16069,49.41245]]},"properties":{"d":"33338","load":4,"rf":0}},{"type":"Feature","geometry":{"type":"LineString","coordinates":[[7.12096,49.43118],[7.11863,49.42506]]},"properties":{"d":"33338","load":9,"rf":0}},{"type":"Feature","geometry":{"type":"LineString","coordinates":[[7.13336,49.44296],[7.12678,49.43932]]},"properties":{"d":"33338","load":11,"rf":0}},{"type":"Feature","geometry":{"type":"LineString","coordinates":[[7.13336,49.44296],[7.16089,49.4582]]},"properties":{"d":"33338","load":57,"rf":0}},{"type":"Feature","geometry":{"type":"LineString","coordinates":[[7.1357,49.48029],[7.13923,49.47807]]},"properties":{"d":"33338","load":7,"rf":0}},{"type":"Feature","geometry":{"type":"LineString","coordinates":[[7.1357,49.48029],[7.1335,49.48168]]},"properties":{"d":"33338","load":7,"rf":0}},{"type":"Feature","geometry":{"type":"LineString","coordinates":[[7.16615,49.46111],[7.13923,49.47807]]},"properties":{"d":"33338","load":7,"rf":0}},{"type":"Feature","geometry":{"type":"LineString","coordinates":[[7.16615,49.46111],[7.16164,49.42097]]},"properties":{"d":"33338","load":5,"rf":0}},{"type":"Feature","geometry":{"type":"LineString","coordinates":[[7.16757,49.4317],[7.16735,49.44461]]},"properties":{"d":"33338","load":2,"rf":0}},{"type":"Feature","geometry":{"type":"LineString","coordinates":[[7.1698,49.41089],[7.16757,49.4317]]},"properties":{"d":"33338","load":2,"rf":0}},{"type":"Feature","geometry":{"type":"LineString","coordinates":[[7.16615,49.46111],[7.16735,49.44461]]},"properties":{"d":"33338","load":2,"rf":0}},{"type":"Feature","geometry":{"type":"LineString","coordinates":[[7.16615,49.46111],[7.17776,49.44558]]},"properties":{"d":"33338","load":52,"rf":0}},{"type":"Feature","geometry":{"type":"LineString","coordinates":[[7.16069,49.41245],[7.16164,49.42097]]},"properties":{"d":"33338","load":4,"rf":0}},{"type":"Feature","geometry":{"type":"LineString","coordinates":[[7.18075,49.41383],[7.18165,49.41374]]},"properties":{"d":"33338","load":0,"rf":0}},{"type":"Feature","geometry":{"type":"LineString","coordinates":[[7.18075,49.41383],[7.11737,49.41765]]},"properties":{"d":"33338","load":0,"rf":0}},{"type":"Feature","geometry":{"type":"LineString","coordinates":[[7.16615,49.46111],[7.18827,49.45085]]},"properties":{"d":"33338","load":48,"rf":0}},{"type":"Feature","geometry":{"type":"LineString","coordinates":[[7.18569,49.45336],[7.23113,49.43531]]},"properties":{"d":"33338","load":10,"rf":0}},{"type":"Feature","geometry":{"type":"LineString","coordinates":[[7.16615,49.46111],[7.18569,49.45336]]},"properties":{"d":"33338","load":10,"rf":0}},{"type":"Feature","geometry":{"type":"LineString","coordinates":[[7.19615,49.42097],[7.1964,49.42064]]},"properties":{"d":"33338","load":40,"rf":0}},{"type":"Feature","geometry":{"type":"LineString","coordinates":[[7.1964,49.42064],[7.20218,49.4129]]},"properties":{"d":"33338","load":3,"rf":0}},{"type":"Feature","geometry":{"type":"LineString","coordinates":[[7.20053,49.47234],[7.19441,49.47034]]},"properties":{"d":"33338","load":44,"rf":0}},{"type":"Feature","geometry":{"type":"LineString","coordinates":[[7.20053,49.47234],[7.21144,49.4759]]},"properties":{"d":"33338","load":42,"rf":0}},{"type":"Feature","geometry":{"type":"LineString","coordinates":[[7.21745,49.49137],[7.23885,49.4893]]},"properties":{"d":"33338","load":7,"rf":0}},{"type":"Feature","geometry":{"type":"LineString","coordinates":[[7.22962,49.43165],[7.2359,49.42873]]},"properties":{"d":"33338","load":7,"rf":0}},{"type":"Feature","geometry":{"type":"LineString","coordinates":[[7.25766,49.41861],[7.2359,49.42873]]},"properties":{"d":"33338","load":2,"rf":0}},{"type":"Feature","geometry":{"type":"LineString","coordinates":[[7.24569,49.44372],[7.25402,49.43977]]},"properties":{"d":"33338","load":2,"rf":0}},{"type":"Feature","geometry":{"type":"LineString","coordinates":[[7.25402,49.43977],[7.25888,49.43747]]},"properties":{"d":"33338","load":2,"rf":0}},{"type":"Feature","geometry":{"type":"LineString","coordinates":[[7.2531,49.48088],[7.266,49.47114]]},"properties":{"d":"33338","load":2,"rf":0}},{"type":"Feature","geometry":{"type":"LineString","coordinates":[[7.25888,49.43747],[7.26198,49.44025]]},"properties":{"d":"33338","load":0,"rf":0}},{"type":"Feature","geometry":{"type":"LineString","coordinates":[[7.27734,49.45467],[7.28503,49.45422]]},"properties":{"d":"33338","load":1,"rf":0}},{"type":"Feature","geometry":{"type":"LineString","coordinates":[[7.16615,49.46111],[7.27734,49.45467]]},"properties":{"d":"33338","load":1,"rf":0}},{"type":"Feature","geometry":{"type":"LineString","coordinates":[[7.27447,49.49413],[7.27779,49.49426]]},"properties":{"d":"33338","load":1,"rf":0}},{"type":"Feature","geometry":{"type":"LineString","coordinates":[[7.2912,49.46537],[7.18513,49.46177]]},"properties":{"d":"33338","load":41,"rf":0}},{"type":"Feature","geometry":{"type":"LineString","coordinates":[[7.2912,49.46537],[7.29077,49.47089]]},"properties":{"d":"33338","load":21,"rf":0}},{"type":"Feature","geometry":{"type":"LineString","coordinates":[[7.35724,49.45824],[7.36892,49.47449]]},"properties":{"d":"33338","load":0,"rf":0}},{"type":"Feature","geometry":{"type":"LineString","coordinates":[[7.16131,49.43327],[7.16419,49.43491]]},"properties":{"d":"33338","load":94,"rf":0}},{"type":"Feature","geometry":{"type":"LineString","coordinates":[[7.16615,49.46111],[7.16419,49.43491]]},"properties":{"d":"33338","load":72,"rf":1}},{"type":"Feature","geometry":{"type":"LineString","coordinates":[[7.20819,49.40599],[7.21037,49.40676]]},"properties":{"d":"33338","load":1,"rf":0}},{"type":"Feature","geometry":{"type":"LineString","coordinates":[[7.23209,49.43493],[7.23113,49.43531]]},"properties":{"d":"33338","load":7,"rf":0}},{"type":"Feature","geometry":{"type":"LineString","coordinates":[[7.16615,49.46111],[7.23042,49.45078]]},"properties":{"d":"33338","load":1,"rf":0}},{"type":"Feature","geometry":{"type":"LineString","coordinates":[[7.25289,49.46899],[7.2517,49.46673]]},"properties":{"d":"33338","load":2,"rf":0}},{"type":"Feature","geometry":{"type":"LineString","coordinates":[[7.2499,49.46702],[7.24078,49.46616]]},"properties":{"d":"33338","load":7,"rf":0}},{"type":"Feature","geometry":{"type":"LineString","coordinates":[[7.16615,49.46111],[7.19136,49.48042]]},"properties":{"d":"33338","load":19,"rf":0}},{"type":"Feature","geometry":{"type":"LineString","coordinates":[[7.16615,49.46111],[7.19441,49.47034]]},"properties":{"d":"33338","load":45,"rf":0}},{"type":"Feature","geometry":{"type":"LineString","coordinates":[[7.16615,49.46111],[7.18513,49.46177]]},"properties":{"d":"33338","load":41,"rf":0}},{"type":"Feature","geometry":{"type":"LineString","coordinates":[[7.16615,49.46111],[7.16089,49.4582]]},"properties":{"d":"33338","load":57,"rf":0}},{"type":"Feature","geometry":{"type":"LineString","coordinates":[[7.29064,49.47254],[7.28606,49.47239]]},"properties":{"d":"33338","load":12,"rf":0}},{"type":"Feature","geometry":{"type":"LineString","coordinates":[[7.29064,49.47254],[7.29077,49.47089]]},"properties":{"d":"33338","load":15,"rf":0}},{"type":"Feature","geometry":{"type":"LineString","coordinates":[[7.16615,49.46111],[7.29758,49.46643]]},"properties":{"d":"33338","load":26,"rf":0}},{"type":"Feature","geometry":{"type":"LineString","coordinates":[[7.21144,49.4759],[7.22151,49.47918]]},"properties":{"d":"33338","load":34,"rf":0}},{"type":"Feature","geometry":{"type":"LineString","coordinates":[[7.22151,49.47918],[7.22426,49.47559]]},"properties":{"d":"33338","load":36,"rf":0}},{"type":"Feature","geometry":{"type":"LineString","coordinates":[[7.36743,49.48277],[7.36167,49.49215]]},"properties":{"d":"33338","load":32,"rf":0}},{"type":"Feature","geometry":{"type":"LineString","coordinates":[[7.19398,49.33338],[7.16984,49.33853]]},"properties":{"d":"33364","load":27,"rf":0}},{"type":"Feature","geometry":{"type":"LineString","coordinates":[[7.22734,49.34395],[7.22734,49.34395]]},"properties":{"d":"33364","load":1,"rf":0}},{"type":"Feature","geometry":{"type":"LineString","coordinates":[[7.22734,49.34395],[7.22925,49.34444]]},"properties":{"d":"33364","load":2,"rf":0}},{"type":"Feature","geometry":{"type":"LineString","coordinates":[[7.18579,49.34843],[7.18561,49.34838]]},"properties":{"d":"33364","load":2,"rf":0}},{"type":"Feature","geometry":{"type":"LineString","coordinates":[[7.18469,49.35279],[7.18333,49.35247]]},"properties":{"d":"33364","load":7,"rf":0}},{"type":"Feature","geometry":{"type":"LineString","coordinates":[[7.23156,49.35938],[7.23466,49.3586]]},"properties":{"d":"33364","load":12,"rf":0}},{"type":"Feature","geometry":{"type":"LineString","coordinates":[[7.23466,49.3586],[7.23637,49.3589]]},"properties":{"d":"33364","load":61,"rf":0}},{"type":"Feature","geometry":{"type":"LineString","coordinates":[[7.20883,49.38235],[7.20595,49.38358]]},"properties":{"d":"33364","load":0,"rf":0}},{"type":"Feature","geometry":{"type":"LineString","coordinates":[[7.18175,49.35274],[7.18061,49.3523]]},"properties":{"d":"33364","load":0,"rf":0}},{"type":"Feature","geometry":{"type":"LineString","coordinates":[[7.17493,49.34889],[7.17478,49.34888]]},"properties":{"d":"33364","load":0,"rf":0}},{"type":"Feature","geometry":{"type":"LineString","coordinates":[[7.2189,49.34451],[7.21897,49.34449]]},"properties":{"d":"33364","load":0,"rf":0}},{"type":"Feature","geometry":{"type":"LineString","coordinates":[[7.19564,49.34111],[7.19585,49.34083]]},"properties":{"d":"33364","load":0,"rf":0}},{"type":"Feature","geometry":{"type":"LineString","coordinates":[[7.20762,49.37521],[7.2067,49.37533]]},"properties":{"d":"33364","load":0,"rf":0}},{"type":"Feature","geometry":{"type":"LineString","coordinates":[[7.18604,49.36656],[7.1859,49.3666]]},"properties":{"d":"33364","load":0,"rf":0}},{"type":"Feature","geometry":{"type":"LineString","coordinates":[[7.17451,49.34967],[7.17464,49.34967]]},"properties":{"d":"33364","load":0,"rf":0}},{"type":"Feature","geometry":{"type":"LineString","coordinates":[[7.19398,49.33338],[7.1769,49.37271]]},"properties":{"d":"33364","load":1,"rf":0}},{"type":"Feature","geometry":{"type":"LineString","coordinates":[[7.19398,49.33338],[7.18232,49.37291]]},"properties":{"d":"33364","load":1,"rf":0}},{"type":"Feature","geometry":{"type":"LineString","coordinates":[[7.22176,49.34248],[7.21846,49.34386]]},"properties":{"d":"33364","load":1,"rf":0}},{"type":"Feature","geometry":{"type":"LineString","coordinates":[[7.22176,49.34248],[7.21683,49.34004]]},"properties":{"d":"33364","load":2,"rf":0}},{"type":"Feature","geometry":{"type":"LineString","coordinates":[[7.19398,49.33338],[7.21295,49.3437]]},"properties":{"d":"33364","load":1,"rf":0}},{"type":"Feature","geometry":{"type":"LineString","coordinates":[[7.21782,49.34688],[7.19674,49.34112]]},"properties":{"d":"33364","load":1,"rf":0}},{"type":"Feature","geometry":{"type":"LineString","coordinates":[[7.236,49.35981],[7.23637,49.3589]]},"properties":{"d":"33364","load":0,"rf":0}},{"type":"Feature","geometry":{"type":"LineString","coordinates":[[7.20135,49.36785],[7.19828,49.36826]]},"properties":{"d":"33364","load":1,"rf":0}},{"type":"Feature","geometry":{"type":"LineString","coordinates":[[7.20135,49.36785],[7.19398,49.33338]]},"properties":{"d":"33364","load":2,"rf":0}},{"type":"Feature","geometry":{"type":"LineString","coordinates":[[7.17231,49.37478],[7.17761,49.37403]]},"properties":{"d":"33364","load":0,"rf":0}},{"type":"Feature","geometry":{"type":"LineString","coordinates":[[7.17231,49.37478],[7.18996,49.37346]]},"properties":{"d":"33364","load":0,"rf":0}},{"type":"Feature","geometry":{"type":"LineString","coordinates":[[7.17899,49.35195],[7.17458,49.35005]]},"properties":{"d":"33364","load":2,"rf":0}},{"type":"Feature","geometry":{"type":"LineString","coordinates":[[7.17899,49.35195],[7.17387,49.35127]]},"properties":{"d":"33364","load":0,"rf":0}},{"type":"Feature","geometry":{"type":"LineString","coordinates":[[7.21295,49.3437],[7.20434,49.34247]]},"properties":{"d":"33364","load":0,"rf":0}},{"type":"Feature","geometry":{"type":"LineString","coordinates":[[7.19398,49.33338],[7.17013,49.35938]]},"properties":{"d":"33364","load":1,"rf":0}},{"type":"Feature","geometry":{"type":"LineString","coordinates":[[7.17034,49.35612],[7.17109,49.34767]]},"properties":{"d":"33364","load":1,"rf":0}},{"type":"Feature","geometry":{"type":"LineString","coordinates":[[7.20011,49.34562],[7.20434,49.34247]]},"properties":{"d":"33364","load":0,"rf":0}},{"type":"Feature","geometry":{"type":"LineString","coordinates":[[7.20011,49.34562],[7.20093,49.34277]]},"properties":{"d":"33364","load":1,"rf":0}},{"type":"Feature","geometry":{"type":"LineString","coordinates":[[7.19398,49.33338],[7.18227,49.37638]]},"properties":{"d":"33364","load":2,"rf":0}},{"type":"Feature","geometry":{"type":"LineString","coordinates":[[7.17563,49.38032],[7.18532,49.37243]]},"properties":{"d":"33364","load":0,"rf":0}},{"type":"Feature","geometry":{"type":"LineString","coordinates":[[7.17563,49.38032],[7.18205,49.38641]]},"properties":{"d":"33364","load":0,"rf":0}},{"type":"Feature","geometry":{"type":"LineString","coordinates":[[7.18335,49.34843],[7.18797,49.34674]]},"properties":{"d":"33364","load":1,"rf":0}},{"type":"Feature","geometry":{"type":"LineString","coordinates":[[7.18335,49.34843],[7.17886,49.34783]]},"properties":{"d":"33364","load":0,"rf":0}},{"type":"Feature","geometry":{"type":"LineString","coordinates":[[7.19535,49.35074],[7.20031,49.35243]]},"properties":{"d":"33364","load":1,"rf":0}},{"type":"Feature","geometry":{"type":"LineString","coordinates":[[7.19398,49.33338],[7.19535,49.35074]]},"properties":{"d":"33364","load":0,"rf":0}},{"type":"Feature","geometry":{"type":"LineString","coordinates":[[7.18488,49.36484],[7.18652,49.36773]]},"properties":{"d":"33364","load":0,"rf":0}},{"type":"Feature","geometry":{"type":"LineString","coordinates":[[7.18488,49.36484],[7.18056,49.36098]]},"properties":{"d":"33364","load":1,"rf":0}},{"type":"Feature","geometry":{"type":"LineString","coordinates":[[7.22177,49.35542],[7.21657,49.35492]]},"properties":{"d":"33364","load":0,"rf":0}},{"type":"Feature","geometry":{"type":"LineString","coordinates":[[7.18602,49.34513],[7.18797,49.34674]]},"properties":{"d":"33364","load":2,"rf":0}},{"type":"Feature","geometry":{"type":"LineString","coordinates":[[7.19398,49.33338],[7.18602,49.34513]]},"properties":{"d":"33364","load":0,"rf":0}},{"type":"Feature","geometry":{"type":"LineString","coordinates":[[7.17048,49.33275],[7.1703,49.32937]]},"properties":{"d":"33364","load":0,"rf":0}},{"type":"Feature","geometry":{"type":"LineString","coordinates":[[7.17048,49.33275],[7.1737,49.33502]]},"properties":{"d":"33364","load":0,"rf":0}},{"type":"Feature","geometry":{"type":"LineString","coordinates":[[7.18014,49.34026],[7.17594,49.33699]]},"properties":{"d":"33364","load":4,"rf":0}},{"type":"Feature","geometry":{"type":"LineString","coordinates":[[7.18014,49.34026],[7.18069,49.34154]]},"properties":{"d":"33364","load":14,"rf":0}},{"type":"Feature","geometry":{"type":"LineString","coordinates":[[7.1703,49.32937],[7.17513,49.33157]]},"properties":{"d":"33364","load":3,"rf":0}},{"type":"Feature","geometry":{"type":"LineString","coordinates":[[7.18175,49.35274],[7.19081,49.36593]]},"properties":{"d":"33364","load":1,"rf":0}},{"type":"Feature","geometry":{"type":"LineString","coordinates":[[7.18175,49.35274],[7.18277,49.35155]]},"properties":{"d":"33364","load":1,"rf":0}},{"type":"Feature","geometry":{"type":"LineString","coordinates":[[7.1921,49.35341],[7.19477,49.3526]]},"properties":{"d":"33364","load":0,"rf":0}},{"type":"Feature","geometry":{"type":"LineString","coordinates":[[7.19398,49.33338],[7.1852,49.35557]]},"properties":{"d":"33364","load":1,"rf":0}},{"type":"Feature","geometry":{"type":"LineString","coordinates":[[7.19211,49.37738],[7.18227,49.37638]]},"properties":{"d":"33364","load":2,"rf":0}},{"type":"Feature","geometry":{"type":"LineString","coordinates":[[7.19211,49.37738],[7.1895,49.37799]]},"properties":{"d":"33364","load":2,"rf":0}},{"type":"Feature","geometry":{"type":"LineString","coordinates":[[7.21634,49.3436],[7.21683,49.34004]]},"properties":{"d":"33364","load":2,"rf":0}},{"type":"Feature","geometry":{"type":"LineString","coordinates":[[7.19398,49.33338],[7.21634,49.3436]]},"properties":{"d":"33364","load":1,"rf":0}},{"type":"Feature","geometry":{"type":"LineString","coordinates":[[7.23731,49.35104],[7.23927,49.34839]]},"properties":{"d":"33364","load":2,"rf":0}},{"type":"Feature","geometry":{"type":"LineString","coordinates":[[7.23639,49.35243],[7.23731,49.35104]]},"properties":{"d":"33364","load":1,"rf":0}},{"type":"Feature","geometry":{"type":"LineString","coordinates":[[7.23731,49.35104],[7.23788,49.35524]]},"properties":{"d":"33364","load":0,"rf":0}},{"type":"Feature","geometry":{"type":"LineString","coordinates":[[7.20369,49.34957],[7.19368,49.34635]]},"properties":{"d":"33364","load":2,"rf":0}},{"type":"Feature","geometry":{"type":"LineString","coordinates":[[7.20369,49.34957],[7.19606,49.34852]]},"properties":{"d":"33364","load":2,"rf":0}},{"type":"Feature","geometry":{"type":"LineString","coordinates":[[7.22116,49.34721],[7.22104,49.35066]]},"properties":{"d":"33364","load":1,"rf":0}},{"type":"Feature","geometry":{"type":"LineString","coordinates":[[7.22116,49.34721],[7.19398,49.33338]]},"properties":{"d":"33364","load":1,"rf":0}},{"type":"Feature","geometry":{"type":"LineString","coordinates":[[7.19398,49.33338],[7.19368,49.34635]]},"properties":{"d":"33364","load":2,"rf":0}},{"type":"Feature","geometry":{"type":"LineString","coordinates":[[7.23459,49.35567],[7.23245,49.35567]]},"properties":{"d":"33364","load":58,"rf":0}},{"type":"Feature","geometry":{"type":"LineString","coordinates":[[7.23245,49.35567],[7.19398,49.33338]]},"properties":{"d":"33364","load":4,"rf":0}},{"type":"Feature","geometry":{"type":"LineString","coordinates":[[7.17753,49.34532],[7.18011,49.34415]]},"properties":{"d":"33364","load":1,"rf":0}},{"type":"Feature","geometry":{"type":"LineString","coordinates":[[7.17753,49.34532],[7.17456,49.34484]]},"properties":{"d":"33364","load":0,"rf":0}},{"type":"Feature","geometry":{"type":"LineString","coordinates":[[7.18011,49.34415],[7.18271,49.34399]]},"properties":{"d":"33364","load":1,"rf":0}},{"type":"Feature","geometry":{"type":"LineString","coordinates":[[7.19037,49.36921],[7.18803,49.36959]]},"properties":{"d":"33364","load":3,"rf":0}},{"type":"Feature","geometry":{"type":"LineString","coordinates":[[7.19037,49.36921],[7.19303,49.37039]]},"properties":{"d":"33364","load":2,"rf":0}},{"type":"Feature","geometry":{"type":"LineString","coordinates":[[7.19828,49.36826],[7.19303,49.37039]]},"properties":{"d":"33364","load":1,"rf":0}},{"type":"Feature","geometry":{"type":"LineString","coordinates":[[7.18588,49.37576],[7.19491,49.37537]]},"properties":{"d":"33364","load":1,"rf":0}},{"type":"Feature","geometry":{"type":"LineString","coordinates":[[7.18588,49.37576],[7.1895,49.37799]]},"properties":{"d":"33364","load":2,"rf":0}},{"type":"Feature","geometry":{"type":"LineString","coordinates":[[7.2005,49.35221],[7.20031,49.35243]]},"properties":{"d":"33364","load":1,"rf":0}},{"type":"Feature","geometry":{"type":"LineString","coordinates":[[7.19491,49.37537],[7.18996,49.37346]]},"properties":{"d":"33364","load":0,"rf":0}},{"type":"Feature","geometry":{"type":"LineString","coordinates":[[7.18532,49.37243],[7.18513,49.36565]]},"properties":{"d":"33364","load":1,"rf":0}},{"type":"Feature","geometry":{"type":"LineString","coordinates":[[7.19674,49.34112],[7.19585,49.34083]]},"properties":{"d":"33364","load":1,"rf":0}},{"type":"Feature","geometry":{"type":"LineString","coordinates":[[7.19275,49.33983],[7.19585,49.34083]]},"properties":{"d":"33364","load":1,"rf":0}},{"type":"Feature","geometry":{"type":"LineString","coordinates":[[7.19398,49.33338],[7.19275,49.33983]]},"properties":{"d":"33364","load":2,"rf":0}},{"type":"Feature","geometry":{"type":"LineString","coordinates":[[7.19398,49.33338],[7.18271,49.34399]]},"properties":{"d":"33364","load":1,"rf":0}},{"type":"Feature","geometry":{"type":"LineString","coordinates":[[7.18652,49.36773],[7.19031,49.36742]]},"properties":{"d":"33364","load":1,"rf":0}},{"type":"Feature","geometry":{"type":"LineString","coordinates":[[7.17279,49.36966],[7.1769,49.37271]]},"properties":{"d":"33364","load":2,"rf":0}},{"type":"Feature","geometry":{"type":"LineString","coordinates":[[7.17279,49.36966],[7.17307,49.36958]]},"properties":{"d":"33364","load":1,"rf":0}},{"type":"Feature","geometry":{"type":"LineString","coordinates":[[7.17618,49.32903],[7.17629,49.32894]]},"properties":{"d":"33364","load":0,"rf":0}},{"type":"Feature","geometry":{"type":"LineString","coordinates":[[7.18782,49.33321],[7.17514,49.34675]]},"properties":{"d":"33364","load":1,"rf":0}},{"type":"Feature","geometry":{"type":"LineString","coordinates":[[7.19398,49.33338],[7.18782,49.33321]]},"properties":{"d":"33364","load":1,"rf":0}},{"type":"Feature","geometry":{"type":"LineString","coordinates":[[7.17761,49.37403],[7.17307,49.36958]]},"properties":{"d":"33364","load":1,"rf":0}},{"type":"Feature","geometry":{"type":"LineString","coordinates":[[7.18551,49.34098],[7.18107,49.34581]]},"properties":{"d":"33364","load":1,"rf":0}},{"type":"Feature","geometry":{"type":"LineString","coordinates":[[7.19398,49.33338],[7.18551,49.34098]]},"properties":{"d":"33364","load":1,"rf":0}},{"type":"Feature","geometry":{"type":"LineString","coordinates":[[7.18567,49.33445],[7.18372,49.33675]]},"properties":{"d":"33364","load":1,"rf":0}},{"type":"Feature","geometry":{"type":"LineString","coordinates":[[7.18567,49.33445],[7.19398,49.33338]]},"properties":{"d":"33364","load":1,"rf":0}},{"type":"Feature","geometry":{"type":"LineString","coordinates":[[7.18372,49.33675],[7.17778,49.33876]]},"properties":{"d":"33364","load":0,"rf":0}},{"type":"Feature","geometry":{"type":"LineString","coordinates":[[7.19105,49.33144],[7.1889,49.33618]]},"properties":{"d":"33364","load":4,"rf":0}},{"type":"Feature","geometry":{"type":"LineString","coordinates":[[7.19398,49.33338],[7.19105,49.33144]]},"properties":{"d":"33364","load":1,"rf":0}},{"type":"Feature","geometry":{"type":"LineString","coordinates":[[7.18056,49.36098],[7.18251,49.36032]]},"properties":{"d":"33364","load":2,"rf":0}},{"type":"Feature","geometry":{"type":"LineString","coordinates":[[7.18357,49.32908],[7.18041,49.33227]]},"properties":{"d":"33364","load":1,"rf":0}},{"type":"Feature","geometry":{"type":"LineString","coordinates":[[7.19398,49.33338],[7.18357,49.32908]]},"properties":{"d":"33364","load":0,"rf":0}},{"type":"Feature","geometry":{"type":"LineString","coordinates":[[7.17458,49.35005],[7.17464,49.34967]]},"properties":{"d":"33364","load":0,"rf":0}},{"type":"Feature","geometry":{"type":"LineString","coordinates":[[7.21532,49.35381],[7.20649,49.35374]]},"properties":{"d":"33364","load":4,"rf":0}},{"type":"Feature","geometry":{"type":"LineString","coordinates":[[7.21532,49.35381],[7.21657,49.35492]]},"properties":{"d":"33364","load":2,"rf":0}},{"type":"Feature","geometry":{"type":"LineString","coordinates":[[7.22104,49.35066],[7.21827,49.3518]]},"properties":{"d":"33364","load":0,"rf":0}},{"type":"Feature","geometry":{"type":"LineString","coordinates":[[7.18041,49.33227],[7.17397,49.32894]]},"properties":{"d":"33364","load":0,"rf":0}},{"type":"Feature","geometry":{"type":"LineString","coordinates":[[7.17594,49.33699],[7.17436,49.3326]]},"properties":{"d":"33364","load":4,"rf":0}},{"type":"Feature","geometry":{"type":"LineString","coordinates":[[7.2326,49.34981],[7.19398,49.33338]]},"properties":{"d":"33364","load":2,"rf":0}},{"type":"Feature","geometry":{"type":"LineString","coordinates":[[7.2326,49.34981],[7.2327,49.34895]]},"properties":{"d":"33364","load":7,"rf":0}},{"type":"Feature","geometry":{"type":"LineString","coordinates":[[7.17402,49.35095],[7.17387,49.35127]]},"properties":{"d":"33364","load":2,"rf":0}},{"type":"Feature","geometry":{"type":"LineString","coordinates":[[7.22903,49.35479],[7.22638,49.35057]]},"properties":{"d":"33364","load":1,"rf":0}},{"type":"Feature","geometry":{"type":"LineString","coordinates":[[7.18251,49.36032],[7.18188,49.35656]]},"properties":{"d":"33364","load":3,"rf":0}},{"type":"Feature","geometry":{"type":"LineString","coordinates":[[7.21846,49.34386],[7.21897,49.34449]]},"properties":{"d":"33364","load":0,"rf":0}},{"type":"Feature","geometry":{"type":"LineString","coordinates":[[7.19189,49.34886],[7.18277,49.35155]]},"properties":{"d":"33364","load":1,"rf":0}},{"type":"Feature","geometry":{"type":"LineString","coordinates":[[7.19398,49.33338],[7.19189,49.34886]]},"properties":{"d":"33364","load":1,"rf":0}},{"type":"Feature","geometry":{"type":"LineString","coordinates":[[7.20649,49.35374],[7.19398,49.33338]]},"properties":{"d":"33364","load":1,"rf":0}},{"type":"Feature","geometry":{"type":"LineString","coordinates":[[7.19388,49.38359],[7.19337,49.38294]]},"properties":{"d":"33364","load":0,"rf":0}},{"type":"Feature","geometry":{"type":"LineString","coordinates":[[7.18687,49.35289],[7.19977,49.35049]]},"properties":{"d":"33364","load":0,"rf":0}},{"type":"Feature","geometry":{"type":"LineString","coordinates":[[7.18687,49.35289],[7.18914,49.35205]]},"properties":{"d":"33364","load":1,"rf":0}},{"type":"Feature","geometry":{"type":"LineString","coordinates":[[7.19606,49.34852],[7.19977,49.35049]]},"properties":{"d":"33364","load":0,"rf":0}},{"type":"Feature","geometry":{"type":"LineString","coordinates":[[7.18069,49.34154],[7.18478,49.33788]]},"properties":{"d":"33364","load":14,"rf":0}},{"type":"Feature","geometry":{"type":"LineString","coordinates":[[7.19745,49.34294],[7.19071,49.34052]]},"properties":{"d":"33364","load":2,"rf":0}},{"type":"Feature","geometry":{"type":"LineString","coordinates":[[7.19745,49.34294],[7.20093,49.34277]]},"properties":{"d":"33364","load":1,"rf":0}},{"type":"Feature","geometry":{"type":"LineString","coordinates":[[7.1737,49.33502],[7.17778,49.33876]]},"properties":{"d":"33364","load":0,"rf":0}},{"type":"Feature","geometry":{"type":"LineString","coordinates":[[7.19759,49.35309],[7.19477,49.3526]]},"properties":{"d":"33364","load":1,"rf":0}},{"type":"Feature","geometry":{"type":"LineString","coordinates":[[7.19398,49.33338],[7.19477,49.3526]]},"properties":{"d":"33364","load":0,"rf":0}},{"type":"Feature","geometry":{"type":"LineString","coordinates":[[7.2058,49.35082],[7.20953,49.35024]]},"properties":{"d":"33364","load":0,"rf":0}},{"type":"Feature","geometry":{"type":"LineString","coordinates":[[7.2058,49.35082],[7.20556,49.35095]]},"properties":{"d":"33364","load":0,"rf":0}},{"type":"Feature","geometry":{"type":"LineString","coordinates":[[7.1852,49.35557],[7.17945,49.35503]]},"properties":{"d":"33364","load":3,"rf":0}},{"type":"Feature","geometry":{"type":"LineString","coordinates":[[7.19071,49.34052],[7.1889,49.33618]]},"properties":{"d":"33364","load":3,"rf":0}},{"type":"Feature","geometry":{"type":"LineString","coordinates":[[7.18803,49.36959],[7.19398,49.33338]]},"properties":{"d":"33364","load":1,"rf":0}},{"type":"Feature","geometry":{"type":"LineString","coordinates":[[7.19081,49.36593],[7.19071,49.36689]]},"properties":{"d":"33364","load":2,"rf":0}},{"type":"Feature","geometry":{"type":"LineString","coordinates":[[7.22651,49.34895],[7.23102,49.35137]]},"properties":{"d":"33364","load":0,"rf":0}},{"type":"Feature","geometry":{"type":"LineString","coordinates":[[7.22651,49.34895],[7.22638,49.35057]]},"properties":{"d":"33364","load":1,"rf":0}},{"type":"Feature","geometry":{"type":"LineString","coordinates":[[7.22651,49.34895],[7.22925,49.34444]]},"properties":{"d":"33364","load":1,"rf":0}},{"type":"Feature","geometry":{"type":"LineString","coordinates":[[7.22651,49.34895],[7.23215,49.34409]]},"properties":{"d":"33364","load":7,"rf":0}},{"type":"Feature","geometry":{"type":"LineString","coordinates":[[7.19398,49.33338],[7.22651,49.34895]]},"properties":{"d":"33364","load":2,"rf":0}},{"type":"Feature","geometry":{"type":"LineString","coordinates":[[7.17862,49.34281],[7.17001,49.33811]]},"properties":{"d":"33364","load":0,"rf":0}},{"type":"Feature","geometry":{"type":"LineString","coordinates":[[7.19398,49.33338],[7.17862,49.34281]]},"properties":{"d":"33364","load":0,"rf":0}},{"type":"Feature","geometry":{"type":"LineString","coordinates":[[7.19398,49.33338],[7.18478,49.33788]]},"properties":{"d":"33364","load":4,"rf":0}},{"type":"Feature","geometry":{"type":"LineString","coordinates":[[7.17013,49.35938],[7.17387,49.35127]]},"properties":{"d":"33364","load":2,"rf":0}},{"type":"Feature","geometry":{"type":"LineString","coordinates":[[7.17886,49.34783],[7.18107,49.34581]]},"properties":{"d":"33364","load":1,"rf":0}},{"type":"Feature","geometry":{"type":"LineString","coordinates":[[7.17513,49.33157],[7.17436,49.3326]]},"properties":{"d":"33364","load":4,"rf":0}},{"type":"Feature","geometry":{"type":"LineString","coordinates":[[7.22261,49.35404],[7.21827,49.3518]]},"properties":{"d":"33364","load":1,"rf":0}},{"type":"Feature","geometry":{"type":"LineString","coordinates":[[7.22225,49.35302],[7.22261,49.35404]]},"properties":{"d":"33364","load":0,"rf":0}},{"type":"Feature","geometry":{"type":"LineString","coordinates":[[7.20769,49.35589],[7.20955,49.35462]]},"properties":{"d":"33364","load":0,"rf":0}},{"type":"Feature","geometry":{"type":"LineString","coordinates":[[7.17514,49.34675],[7.17478,49.34888]]},"properties":{"d":"33364","load":0,"rf":0}},{"type":"Feature","geometry":{"type":"LineString","coordinates":[[7.22971,49.34368],[7.22925,49.34444]]},"properties":{"d":"33364","load":0,"rf":0}},{"type":"Feature","geometry":{"type":"LineString","coordinates":[[7.23927,49.34839],[7.2327,49.34895]]},"properties":{"d":"33364","load":2,"rf":0}},{"type":"Feature","geometry":{"type":"LineString","coordinates":[[7.20953,49.35024],[7.23303,49.35543]]},"properties":{"d":"33364","load":0,"rf":0}},{"type":"Feature","geometry":{"type":"LineString","coordinates":[[7.17259,49.34061],[7.19398,49.33338]]},"properties":{"d":"33364","load":1,"rf":0}},{"type":"Feature","geometry":{"type":"LineString","coordinates":[[7.17339,49.34698],[7.17259,49.34061]]},"properties":{"d":"33364","load":4,"rf":0}},{"type":"Feature","geometry":{"type":"LineString","coordinates":[[7.19214,49.35095],[7.18914,49.35205]]},"properties":{"d":"33364","load":1,"rf":0}},{"type":"Feature","geometry":{"type":"LineString","coordinates":[[7.19398,49.33338],[7.19214,49.35095]]},"properties":{"d":"33364","load":1,"rf":0}},{"type":"Feature","geometry":{"type":"LineString","coordinates":[[7.17945,49.35503],[7.18188,49.35656]]},"properties":{"d":"33364","load":3,"rf":0}},{"type":"Feature","geometry":{"type":"LineString","coordinates":[[7.23338,49.34237],[7.23282,49.34384]]},"properties":{"d":"33364","load":1,"rf":0}},{"type":"Feature","geometry":{"type":"LineString","coordinates":[[7.23282,49.34384],[7.23215,49.34409]]},"properties":{"d":"33364","load":7,"rf":0}},{"type":"Feature","geometry":{"type":"LineString","coordinates":[[7.17339,49.34698],[7.17456,49.34484]]},"properties":{"d":"33364","load":1,"rf":0}},{"type":"Feature","geometry":{"type":"LineString","coordinates":[[7.23409,49.34569],[7.2327,49.34895]]},"properties":{"d":"33364","load":9,"rf":0}},{"type":"Feature","geometry":{"type":"LineString","coordinates":[[7.18003,49.35837],[7.18333,49.35247]]},"properties":{"d":"33364","load":0,"rf":0}},{"type":"Feature","geometry":{"type":"LineString","coordinates":[[7.18003,49.35837],[7.1859,49.3666]]},"properties":{"d":"33364","load":0,"rf":0}},{"type":"Feature","geometry":{"type":"LineString","coordinates":[[7.19291,49.36685],[7.19071,49.36689]]},"properties":{"d":"33364","load":0,"rf":0}},{"type":"Feature","geometry":{"type":"LineString","coordinates":[[7.18254,49.36482],[7.18513,49.36565]]},"properties":{"d":"33364","load":0,"rf":0}},{"type":"Feature","geometry":{"type":"LineString","coordinates":[[7.17665,49.33454],[7.17436,49.3326]]},"properties":{"d":"33364","load":0,"rf":0}},{"type":"Feature","geometry":{"type":"LineString","coordinates":[[7.17224,49.3683],[7.17307,49.36958]]},"properties":{"d":"33364","load":0,"rf":0}},{"type":"Feature","geometry":{"type":"LineString","coordinates":[[7.17397,49.32894],[7.17629,49.32894]]},"properties":{"d":"33364","load":0,"rf":0}},{"type":"Feature","geometry":{"type":"LineString","coordinates":[[7.19398,49.33338],[7.17109,49.34767]]},"properties":{"d":"33364","load":1,"rf":0}},{"type":"Feature","geometry":{"type":"LineString","coordinates":[[7.19031,49.36742],[7.19071,49.36689]]},"properties":{"d":"33364","load":1,"rf":0}},{"type":"Feature","geometry":{"type":"LineString","coordinates":[[7.20883,49.38235],[7.21062,49.38258]]},"properties":{"d":"33364","load":2,"rf":0}},{"type":"Feature","geometry":{"type":"LineString","coordinates":[[7.20883,49.38235],[7.19398,49.33338]]},"properties":{"d":"33364","load":2,"rf":0}},{"type":"Feature","geometry":{"type":"LineString","coordinates":[[7.21528,49.38106],[7.21471,49.38342]]},"properties":{"d":"33364","load":1,"rf":0}},{"type":"Feature","geometry":{"type":"LineString","coordinates":[[7.21528,49.38106],[7.21483,49.38109]]},"properties":{"d":"33364","load":0,"rf":0}},{"type":"Feature","geometry":{"type":"LineString","coordinates":[[7.2078,49.37772],[7.21161,49.38138]]},"properties":{"d":"33364","load":0,"rf":0}},{"type":"Feature","geometry":{"type":"LineString","coordinates":[[7.21507,49.37788],[7.21483,49.38109]]},"properties":{"d":"33364","load":1,"rf":0}},{"type":"Feature","geometry":{"type":"LineString","coordinates":[[7.20887,49.38483],[7.21062,49.38258]]},"properties":{"d":"33364","load":1,"rf":0}},{"type":"Feature","geometry":{"type":"LineString","coordinates":[[7.21007,49.38896],[7.21471,49.38342]]},"properties":{"d":"33364","load":0,"rf":0}},{"type":"Feature","geometry":{"type":"LineString","coordinates":[[7.19274,49.3086],[7.2028,49.31024]]},"properties":{"d":"33364","load":0,"rf":0}},{"type":"Feature","geometry":{"type":"LineString","coordinates":[[7.18799,49.38473],[7.19337,49.38294]]},"properties":{"d":"33364","load":0,"rf":0}},{"type":"Feature","geometry":{"type":"LineString","coordinates":[[7.20658,49.3003],[7.20658,49.3003]]},"properties":{"d":"33364","load":1,"rf":0}},{"type":"Feature","geometry":{"type":"LineString","coordinates":[[7.20658,49.3003],[7.2028,49.31024]]},"properties":{"d":"33364","load":0,"rf":0}},{"type":"Feature","geometry":{"type":"LineString","coordinates":[[7.20778,49.32305],[7.20304,49.32723]]},"properties":{"d":"33364","load":2,"rf":0}},{"type":"Feature","geometry":{"type":"LineString","coordinates":[[7.19398,49.33338],[7.20304,49.32723]]},"properties":{"d":"33364","load":4,"rf":0}},{"type":"Feature","geometry":{"type":"LineString","coordinates":[[7.20622,49.36321],[7.20836,49.36334]]},"properties":{"d":"33364","load":0,"rf":0}},{"type":"Feature","geometry":{"type":"LineString","coordinates":[[7.22722,49.38308],[7.22396,49.38732]]},"properties":{"d":"33364","load":0,"rf":0}},{"type":"Feature","geometry":{"type":"LineString","coordinates":[[7.23873,49.32459],[7.22961,49.32521]]},"properties":{"d":"33364","load":1,"rf":0}},{"type":"Feature","geometry":{"type":"LineString","coordinates":[[7.23873,49.32459],[7.2421,49.32497]]},"properties":{"d":"33364","load":0,"rf":0}},{"type":"Feature","geometry":{"type":"LineString","coordinates":[[7.2301,49.31893],[7.23253,49.31665]]},"properties":{"d":"33364","load":1,"rf":0}},{"type":"Feature","geometry":{"type":"LineString","coordinates":[[7.2301,49.31893],[7.21713,49.32275]]},"properties":{"d":"33364","load":2,"rf":0}},{"type":"Feature","geometry":{"type":"LineString","coordinates":[[7.23253,49.31665],[7.23183,49.31863]]},"properties":{"d":"33364","load":0,"rf":0}},{"type":"Feature","geometry":{"type":"LineString","coordinates":[[7.22347,49.3296],[7.22013,49.32516]]},"properties":{"d":"33364","load":4,"rf":0}},{"type":"Feature","geometry":{"type":"LineString","coordinates":[[7.22347,49.3296],[7.22905,49.32873]]},"properties":{"d":"33364","load":1,"rf":0}},{"type":"Feature","geometry":{"type":"LineString","coordinates":[[7.22347,49.3296],[7.22232,49.33058]]},"properties":{"d":"33364","load":2,"rf":0}},{"type":"Feature","geometry":{"type":"LineString","coordinates":[[7.21759,49.32306],[7.22249,49.32341]]},"properties":{"d":"33364","load":4,"rf":0}},{"type":"Feature","geometry":{"type":"LineString","coordinates":[[7.21759,49.32306],[7.21713,49.32275]]},"properties":{"d":"33364","load":2,"rf":0}},{"type":"Feature","geometry":{"type":"LineString","coordinates":[[7.2397,49.32159],[7.24564,49.32324]]},"properties":{"d":"33364","load":1,"rf":0}},{"type":"Feature","geometry":{"type":"LineString","coordinates":[[7.2397,49.32159],[7.2421,49.32497]]},"properties":{"d":"33364","load":0,"rf":0}},{"type":"Feature","geometry":{"type":"LineString","coordinates":[[7.2095,49.32125],[7.21285,49.32477]]},"properties":{"d":"33364","load":0,"rf":0}},{"type":"Feature","geometry":{"type":"LineString","coordinates":[[7.2095,49.32125],[7.20778,49.32305]]},"properties":{"d":"33364","load":1,"rf":0}},{"type":"Feature","geometry":{"type":"LineString","coordinates":[[7.22247,49.32567],[7.19398,49.33338]]},"properties":{"d":"33364","load":3,"rf":0}},{"type":"Feature","geometry":{"type":"LineString","coordinates":[[7.22247,49.32567],[7.22624,49.32492]]},"properties":{"d":"33364","load":2,"rf":0}},{"type":"Feature","geometry":{"type":"LineString","coordinates":[[7.19398,49.33338],[7.22249,49.32341]]},"properties":{"d":"33364","load":4,"rf":0}},{"type":"Feature","geometry":{"type":"LineString","coordinates":[[7.21285,49.32477],[7.20881,49.32603]]},"properties":{"d":"33364","load":1,"rf":0}},{"type":"Feature","geometry":{"type":"LineString","coordinates":[[7.22235,49.33081],[7.2201,49.33037]]},"properties":{"d":"33364","load":1,"rf":0}},{"type":"Feature","geometry":{"type":"LineString","coordinates":[[7.22235,49.33081],[7.22232,49.33058]]},"properties":{"d":"33364","load":1,"rf":0}},{"type":"Feature","geometry":{"type":"LineString","coordinates":[[7.22013,49.32516],[7.2166,49.32654]]},"properties":{"d":"33364","load":1,"rf":0}},{"type":"Feature","geometry":{"type":"LineString","coordinates":[[7.22338,49.32189],[7.21713,49.32275]]},"properties":{"d":"33364","load":1,"rf":0}},{"type":"Feature","geometry":{"type":"LineString","coordinates":[[7.19398,49.33338],[7.20881,49.32603]]},"properties":{"d":"33364","load":3,"rf":0}},{"type":"Feature","geometry":{"type":"LineString","coordinates":[[7.24305,49.31622],[7.23928,49.32027]]},"properties":{"d":"33364","load":0,"rf":0}},{"type":"Feature","geometry":{"type":"LineString","coordinates":[[7.19398,49.33338],[7.2166,49.32654]]},"properties":{"d":"33364","load":4,"rf":0}},{"type":"Feature","geometry":{"type":"LineString","coordinates":[[7.22911,49.3302],[7.22232,49.33058]]},"properties":{"d":"33364","load":1,"rf":0}},{"type":"Feature","geometry":{"type":"LineString","coordinates":[[7.21295,49.32745],[7.19398,49.33338]]},"properties":{"d":"33364","load":2,"rf":0}},{"type":"Feature","geometry":{"type":"LineString","coordinates":[[7.23505,49.32015],[7.23928,49.32027]]},"properties":{"d":"33364","load":2,"rf":0}},{"type":"Feature","geometry":{"type":"LineString","coordinates":[[7.23505,49.32015],[7.19398,49.33338]]},"properties":{"d":"33364","load":3,"rf":0}},{"type":"Feature","geometry":{"type":"LineString","coordinates":[[7.24564,49.32324],[7.24195,49.32106]]},"properties":{"d":"33364","load":2,"rf":0}},{"type":"Feature","geometry":{"type":"LineString","coordinates":[[7.22961,49.32521],[7.22624,49.32492]]},"properties":{"d":"33364","load":1,"rf":0}},{"type":"Feature","geometry":{"type":"LineString","coordinates":[[7.21176,49.32732],[7.19398,49.33338]]},"properties":{"d":"33364","load":2,"rf":0}},{"type":"Feature","geometry":{"type":"LineString","coordinates":[[7.24195,49.32106],[7.23928,49.32027]]},"properties":{"d":"33364","load":2,"rf":0}},{"type":"Feature","geometry":{"type":"LineString","coordinates":[[7.23943,49.39316],[7.24347,49.39408]]},"properties":{"d":"33364","load":1,"rf":0}},{"type":"Feature","geometry":{"type":"LineString","coordinates":[[7.24359,49.4039],[7.24549,49.39439]]},"properties":{"d":"33364","load":0,"rf":0}},{"type":"Feature","geometry":{"type":"LineString","coordinates":[[7.24549,49.39439],[7.19398,49.33338]]},"properties":{"d":"33364","load":2,"rf":0}},{"type":"Feature","geometry":{"type":"LineString","coordinates":[[7.24549,49.39439],[7.24543,49.39444]]},"properties":{"d":"33364","load":2,"rf":0}},{"type":"Feature","geometry":{"type":"LineString","coordinates":[[7.2445,49.39854],[7.24543,49.39444]]},"properties":{"d":"33364","load":1,"rf":0}},{"type":"Feature","geometry":{"type":"LineString","coordinates":[[7.19398,49.33338],[7.20717,49.37094]]},"properties":{"d":"33364","load":2,"rf":0}},{"type":"Feature","geometry":{"type":"LineString","coordinates":[[7.20732,49.37092],[7.19398,49.33338]]},"properties":{"d":"33364","load":1,"rf":0}},{"type":"Feature","geometry":{"type":"LineString","coordinates":[[7.19398,49.33338],[7.17132,49.35952]]},"properties":{"d":"33364","load":1,"rf":0}},{"type":"Feature","geometry":{"type":"LineString","coordinates":[[7.19398,49.33338],[7.17132,49.35952]]},"properties":{"d":"33364","load":1,"rf":0}},{"type":"Feature","geometry":{"type":"LineString","coordinates":[[7.22225,49.35302],[7.22083,49.35449]]},"properties":{"d":"33364","load":2,"rf":0}},{"type":"Feature","geometry":{"type":"LineString","coordinates":[[7.23459,49.35567],[7.23788,49.35524]]},"properties":{"d":"33364","load":61,"rf":0}},{"type":"Feature","geometry":{"type":"LineString","coordinates":[[7.18904,49.35118],[7.18914,49.35205]]},"properties":{"d":"33364","load":1,"rf":0}},{"type":"Feature","geometry":{"type":"LineString","coordinates":[[7.20522,49.35097],[7.20556,49.35095]]},"properties":{"d":"33364","load":1,"rf":0}},{"type":"Feature","geometry":{"type":"LineString","coordinates":[[7.17368,49.35718],[7.17282,49.3572]]},"properties":{"d":"33364","load":1,"rf":0}},{"type":"Feature","geometry":{"type":"LineString","coordinates":[[7.17426,49.35584],[7.19398,49.33338]]},"properties":{"d":"33364","load":1,"rf":0}},{"type":"Feature","geometry":{"type":"LineString","coordinates":[[7.23141,49.34326],[7.23215,49.34409]]},"properties":{"d":"33364","load":1,"rf":0}},{"type":"Feature","geometry":{"type":"LineString","coordinates":[[7.21905,49.35368],[7.22083,49.35449]]},"properties":{"d":"33364","load":1,"rf":0}},{"type":"Feature","geometry":{"type":"LineString","coordinates":[[7.20802,49.37162],[7.19398,49.33338]]},"properties":{"d":"33364","load":12,"rf":0}},{"type":"Feature","geometry":{"type":"LineString","coordinates":[[7.23243,49.3549],[7.23303,49.35543]]},"properties":{"d":"33364","load":0,"rf":0}},{"type":"Feature","geometry":{"type":"LineString","coordinates":[[7.21657,49.35492],[7.22083,49.35449]]},"properties":{"d":"33364","load":2,"rf":0}},{"type":"Feature","geometry":{"type":"LineString","coordinates":[[7.19398,49.33338],[7.20556,49.35095]]},"properties":{"d":"33364","load":0,"rf":0}},{"type":"Feature","geometry":{"type":"LineString","coordinates":[[7.19398,49.33338],[7.17282,49.3572]]},"properties":{"d":"33364","load":1,"rf":0}},{"type":"Feature","geometry":{"type":"LineString","coordinates":[[7.19398,49.33338],[7.17282,49.3572]]},"properties":{"d":"33364","load":1,"rf":0}},{"type":"Feature","geometry":{"type":"LineString","coordinates":[[7.19398,49.33338],[7.17238,49.35861]]},"properties":{"d":"33364","load":1,"rf":0}},{"type":"Feature","geometry":{"type":"LineString","coordinates":[[7.19398,49.33338],[7.20658,49.3003]]},"properties":{"d":"33364","load":1,"rf":0}},{"type":"Feature","geometry":{"type":"LineString","coordinates":[[7.21471,49.38342],[7.22396,49.38732]]},"properties":{"d":"33364","load":1,"rf":0}},{"type":"Feature","geometry":{"type":"LineString","coordinates":[[7.19398,49.33338],[7.2028,49.31024]]},"properties":{"d":"33364","load":0,"rf":0}},{"type":"Feature","geometry":{"type":"LineString","coordinates":[[7.1895,49.37799],[7.19337,49.38294]]},"properties":{"d":"33364","load":0,"rf":0}},{"type":"Feature","geometry":{"type":"LineString","coordinates":[[7.20955,49.35462],[7.20836,49.36334]]},"properties":{"d":"33364","load":0,"rf":0}},{"type":"Feature","geometry":{"type":"LineString","coordinates":[[7.19398,49.33338],[7.20955,49.35462]]},"properties":{"d":"33364","load":0,"rf":0}},{"type":"Feature","geometry":{"type":"LineString","coordinates":[[7.22396,49.38732],[7.24543,49.39444]]},"properties":{"d":"33364","load":1,"rf":0}},{"type":"Feature","geometry":{"type":"LineString","coordinates":[[7.21161,49.38138],[7.21483,49.38109]]},"properties":{"d":"33364","load":1,"rf":0}},{"type":"Feature","geometry":{"type":"LineString","coordinates":[[7.21161,49.38138],[7.21062,49.38258]]},"properties":{"d":"33364","load":1,"rf":0}},{"type":"Feature","geometry":{"type":"LineString","coordinates":[[7.19398,49.33338],[7.24347,49.39408]]},"properties":{"d":"33364","load":1,"rf":0}},{"type":"Feature","geometry":{"type":"LineString","coordinates":[[7.18561,49.34838],[7.18333,49.35247]]},"properties":{"d":"33364","load":6,"rf":0}},{"type":"Feature","geometry":{"type":"LineString","coordinates":[[7.19398,49.33338],[7.18561,49.34838]]},"properties":{"d":"33364","load":8,"rf":0}},{"type":"Feature","geometry":{"type":"LineString","coordinates":[[7.23788,49.35524],[7.23637,49.3589]]},"properties":{"d":"33364","load":61,"rf":0}},{"type":"Feature","geometry":{"type":"LineString","coordinates":[[7.17478,49.34888],[7.17464,49.34967]]},"properties":{"d":"33364","load":0,"rf":0}},{"type":"Feature","geometry":{"type":"LineString","coordinates":[[7.19398,49.33338],[7.2067,49.37533]]},"properties":{"d":"33364","load":0,"rf":0}},{"type":"Feature","geometry":{"type":"LineString","coordinates":[[7.19398,49.33338],[7.18513,49.36565]]},"properties":{"d":"33364","load":1,"rf":0}},{"type":"Feature","geometry":{"type":"LineString","coordinates":[[6.90689,49.31376],[6.90659,49.31445]]},"properties":{"d":"33369","load":4,"rf":0}},{"type":"Feature","geometry":{"type":"LineString","coordinates":[[6.91506,49.29643],[6.91227,49.29673]]},"properties":{"d":"33369","load":0,"rf":0}},{"type":"Feature","geometry":{"type":"LineString","coordinates":[[6.88286,49.31757],[6.89406,49.3191]]},"properties":{"d":"33369","load":0,"rf":0}},{"type":"Feature","geometry":{"type":"LineString","coordinates":[[6.90065,49.32198],[6.9012,49.31834]]},"properties":{"d":"33369","load":0,"rf":0}},{"type":"Feature","geometry":{"type":"LineString","coordinates":[[6.90614,49.297],[6.89834,49.30059]]},"properties":{"d":"33369","load":10,"rf":0}},{"type":"Feature","geometry":{"type":"LineString","coordinates":[[6.91313,49.29491],[6.90614,49.297]]},"properties":{"d":"33369","load":4,"rf":0}},{"type":"Feature","geometry":{"type":"LineString","coordinates":[[6.89844,49.30522],[6.89834,49.30059]]},"properties":{"d":"33369","load":5,"rf":0}},{"type":"Feature","geometry":{"type":"LineString","coordinates":[[6.89844,49.30522],[6.90148,49.31264]]},"properties":{"d":"33369","load":3,"rf":0}},{"type":"Feature","geometry":{"type":"LineString","coordinates":[[6.91243,49.29733],[6.90181,49.30459]]},"properties":{"d":"33369","load":16,"rf":0}},{"type":"Feature","geometry":{"type":"LineString","coordinates":[[6.91243,49.29733],[6.91227,49.29673]]},"properties":{"d":"33369","load":20,"rf":0}},{"type":"Feature","geometry":{"type":"LineString","coordinates":[[6.90181,49.30459],[6.9074,49.30886]]},"properties":{"d":"33369","load":13,"rf":0}},{"type":"Feature","geometry":{"type":"LineString","coordinates":[[6.90894,49.29283],[6.91405,49.28911]]},"properties":{"d":"33369","load":0,"rf":0}},{"type":"Feature","geometry":{"type":"LineString","coordinates":[[6.90894,49.29283],[6.91163,49.29416]]},"properties":{"d":"33369","load":0,"rf":0}},{"type":"Feature","geometry":{"type":"LineString","coordinates":[[6.9012,49.31834],[6.90148,49.31264]]},"properties":{"d":"33369","load":1,"rf":0}},{"type":"Feature","geometry":{"type":"LineString","coordinates":[[6.91314,49.31087],[6.919,49.30911]]},"properties":{"d":"33369","load":0,"rf":0}},{"type":"Feature","geometry":{"type":"LineString","coordinates":[[6.91314,49.31087],[6.9074,49.30886]]},"properties":{"d":"33369","load":5,"rf":0}},{"type":"Feature","geometry":{"type":"LineString","coordinates":[[6.90689,49.31376],[6.9074,49.30886]]},"properties":{"d":"33369","load":9,"rf":0}},{"type":"Feature","geometry":{"type":"LineString","coordinates":[[6.91471,49.31308],[6.91313,49.29491]]},"properties":{"d":"33369","load":3,"rf":0}},{"type":"Feature","geometry":{"type":"LineString","coordinates":[[6.91471,49.31308],[6.919,49.30911]]},"properties":{"d":"33369","load":1,"rf":0}},{"type":"Feature","geometry":{"type":"LineString","coordinates":[[6.90148,49.31264],[6.89406,49.3191]]},"properties":{"d":"33369","load":1,"rf":0}},{"type":"Feature","geometry":{"type":"LineString","coordinates":[[6.92575,49.29182],[6.91405,49.28911]]},"properties":{"d":"33369","load":1,"rf":0}},{"type":"Feature","geometry":{"type":"LineString","coordinates":[[6.91416,49.28208],[6.91416,49.28208]]},"properties":{"d":"33369","load":0,"rf":0}},{"type":"Feature","geometry":{"type":"LineString","coordinates":[[6.91313,49.29491],[6.91416,49.28208]]},"properties":{"d":"33369","load":1,"rf":0}},{"type":"Feature","geometry":{"type":"LineString","coordinates":[[6.92644,49.29166],[6.92747,49.29138]]},"properties":{"d":"33369","load":5,"rf":0}},{"type":"Feature","geometry":{"type":"LineString","coordinates":[[6.91313,49.29491],[6.92747,49.29138]]},"properties":{"d":"33369","load":1,"rf":0}},{"type":"Feature","geometry":{"type":"LineString","coordinates":[[6.92575,49.29182],[6.92774,49.29171]]},"properties":{"d":"33369","load":0,"rf":0}},{"type":"Feature","geometry":{"type":"LineString","coordinates":[[6.91163,49.29416],[6.91227,49.29673]]},"properties":{"d":"33369","load":20,"rf":0}},{"type":"Feature","geometry":{"type":"LineString","coordinates":[[6.91313,49.29491],[6.91163,49.29416]]},"properties":{"d":"33369","load":1,"rf":0}},{"type":"Feature","geometry":{"type":"LineString","coordinates":[[6.91313,49.29491],[6.91416,49.28208]]},"properties":{"d":"33369","load":0,"rf":0}},{"type":"Feature","geometry":{"type":"LineString","coordinates":[[6.73969,49.31553],[6.73878,49.31318]]},"properties":{"d":"33378","load":17,"rf":0}},{"type":"Feature","geometry":{"type":"LineString","coordinates":[[6.76257,49.32611],[6.76267,49.32644]]},"properties":{"d":"33378","load":11,"rf":0}},{"type":"Feature","geometry":{"type":"LineString","coordinates":[[6.75275,49.31629],[6.75271,49.31631]]},"properties":{"d":"33378","load":6,"rf":0}},{"type":"Feature","geometry":{"type":"LineString","coordinates":[[6.75235,49.34054],[6.75025,49.34163]]},"properties":{"d":"33378","load":11,"rf":0}},{"type":"Feature","geometry":{"type":"LineString","coordinates":[[6.75235,49.34054],[6.75529,49.34063]]},"properties":{"d":"33378","load":17,"rf":0}},{"type":"Feature","geometry":{"type":"LineString","coordinates":[[6.76006,49.33237],[6.75962,49.33256]]},"properties":{"d":"33378","load":0,"rf":0}},{"type":"Feature","geometry":{"type":"LineString","coordinates":[[6.76819,49.33082],[6.7685,49.33054]]},"properties":{"d":"33378","load":0,"rf":0}},{"type":"Feature","geometry":{"type":"LineString","coordinates":[[6.74335,49.33677],[6.74364,49.3368]]},"properties":{"d":"33378","load":0,"rf":0}},{"type":"Feature","geometry":{"type":"LineString","coordinates":[[6.75544,49.31048],[6.75541,49.31041]]},"properties":{"d":"33378","load":0,"rf":0}},{"type":"Feature","geometry":{"type":"LineString","coordinates":[[6.74267,49.30827],[6.74091,49.30867]]},"properties":{"d":"33378","load":0,"rf":0}},{"type":"Feature","geometry":{"type":"LineString","coordinates":[[6.71859,49.31413],[6.71074,49.31872]]},"properties":{"d":"33378","load":0,"rf":0}},{"type":"Feature","geometry":{"type":"LineString","coordinates":[[6.75366,49.29713],[6.74651,49.30014]]},"properties":{"d":"33378","load":2,"rf":0}},{"type":"Feature","geometry":{"type":"LineString","coordinates":[[6.75366,49.29713],[6.76008,49.29752]]},"properties":{"d":"33378","load":3,"rf":0}},{"type":"Feature","geometry":{"type":"LineString","coordinates":[[6.71859,49.31413],[6.71784,49.31254]]},"properties":{"d":"33378","load":0,"rf":0}},{"type":"Feature","geometry":{"type":"LineString","coordinates":[[6.76106,49.33396],[6.76258,49.33181]]},"properties":{"d":"33378","load":13,"rf":0}},{"type":"Feature","geometry":{"type":"LineString","coordinates":[[6.76106,49.33396],[6.75741,49.31008]]},"properties":{"d":"33378","load":4,"rf":0}},{"type":"Feature","geometry":{"type":"LineString","coordinates":[[6.76257,49.29594],[6.76008,49.29752]]},"properties":{"d":"33378","load":0,"rf":0}},{"type":"Feature","geometry":{"type":"LineString","coordinates":[[6.75776,49.33572],[6.75265,49.33225]]},"properties":{"d":"33378","load":1,"rf":0}},{"type":"Feature","geometry":{"type":"LineString","coordinates":[[6.75741,49.31008],[6.76773,49.3506]]},"properties":{"d":"33378","load":2,"rf":0}},{"type":"Feature","geometry":{"type":"LineString","coordinates":[[6.74158,49.31329],[6.73993,49.31152]]},"properties":{"d":"33378","load":1,"rf":0}},{"type":"Feature","geometry":{"type":"LineString","coordinates":[[6.74158,49.31329],[6.74493,49.31091]]},"properties":{"d":"33378","load":1,"rf":0}},{"type":"Feature","geometry":{"type":"LineString","coordinates":[[6.74026,49.31922],[6.74511,49.32193]]},"properties":{"d":"33378","load":6,"rf":0}},{"type":"Feature","geometry":{"type":"LineString","coordinates":[[6.74026,49.31922],[6.73544,49.31952]]},"properties":{"d":"33378","load":6,"rf":0}},{"type":"Feature","geometry":{"type":"LineString","coordinates":[[6.75529,49.30554],[6.75866,49.30271]]},"properties":{"d":"33378","load":0,"rf":0}},{"type":"Feature","geometry":{"type":"LineString","coordinates":[[6.72547,49.31946],[6.71868,49.31203]]},"properties":{"d":"33378","load":1,"rf":0}},{"type":"Feature","geometry":{"type":"LineString","coordinates":[[6.72547,49.31946],[6.724,49.32247]]},"properties":{"d":"33378","load":1,"rf":0}},{"type":"Feature","geometry":{"type":"LineString","coordinates":[[6.74869,49.29973],[6.73936,49.30471]]},"properties":{"d":"33378","load":0,"rf":0}},{"type":"Feature","geometry":{"type":"LineString","coordinates":[[6.75541,49.32214],[6.74457,49.3334]]},"properties":{"d":"33378","load":0,"rf":0}},{"type":"Feature","geometry":{"type":"LineString","coordinates":[[6.75741,49.31008],[6.75541,49.32214]]},"properties":{"d":"33378","load":0,"rf":0}},{"type":"Feature","geometry":{"type":"LineString","coordinates":[[6.77931,49.32643],[6.77621,49.32569]]},"properties":{"d":"33378","load":0,"rf":0}},{"type":"Feature","geometry":{"type":"LineString","coordinates":[[6.77828,49.32445],[6.77437,49.32505]]},"properties":{"d":"33378","load":3,"rf":0}},{"type":"Feature","geometry":{"type":"LineString","coordinates":[[6.77828,49.32445],[6.75741,49.31008]]},"properties":{"d":"33378","load":1,"rf":0}},{"type":"Feature","geometry":{"type":"LineString","coordinates":[[6.7434,49.3482],[6.74044,49.34605]]},"properties":{"d":"33378","load":2,"rf":0}},{"type":"Feature","geometry":{"type":"LineString","coordinates":[[6.7434,49.3482],[6.75741,49.31008]]},"properties":{"d":"33378","load":1,"rf":0}},{"type":"Feature","geometry":{"type":"LineString","coordinates":[[6.74511,49.32193],[6.74671,49.32013]]},"properties":{"d":"33378","load":7,"rf":0}},{"type":"Feature","geometry":{"type":"LineString","coordinates":[[6.75985,49.30463],[6.75866,49.30271]]},"properties":{"d":"33378","load":1,"rf":0}},{"type":"Feature","geometry":{"type":"LineString","coordinates":[[6.75741,49.31008],[6.75985,49.30463]]},"properties":{"d":"33378","load":2,"rf":0}},{"type":"Feature","geometry":{"type":"LineString","coordinates":[[6.7678,49.32703],[6.77426,49.32565]]},"properties":{"d":"33378","load":1,"rf":0}},{"type":"Feature","geometry":{"type":"LineString","coordinates":[[6.7678,49.32703],[6.75715,49.324]]},"properties":{"d":"33378","load":2,"rf":0}},{"type":"Feature","geometry":{"type":"LineString","coordinates":[[6.77437,49.33452],[6.77828,49.33471]]},"properties":{"d":"33378","load":3,"rf":0}},{"type":"Feature","geometry":{"type":"LineString","coordinates":[[6.77437,49.33452],[6.75741,49.31008]]},"properties":{"d":"33378","load":1,"rf":0}},{"type":"Feature","geometry":{"type":"LineString","coordinates":[[6.77462,49.32188],[6.76914,49.32377]]},"properties":{"d":"33378","load":1,"rf":0}},{"type":"Feature","geometry":{"type":"LineString","coordinates":[[6.77462,49.32188],[6.77437,49.32505]]},"properties":{"d":"33378","load":1,"rf":0}},{"type":"Feature","geometry":{"type":"LineString","coordinates":[[6.77888,49.33593],[6.77828,49.33471]]},"properties":{"d":"33378","load":1,"rf":0}},{"type":"Feature","geometry":{"type":"LineString","coordinates":[[6.73202,49.31607],[6.7345,49.31554]]},"properties":{"d":"33378","load":0,"rf":0}},{"type":"Feature","geometry":{"type":"LineString","coordinates":[[6.73202,49.31607],[6.7321,49.31391]]},"properties":{"d":"33378","load":2,"rf":0}},{"type":"Feature","geometry":{"type":"LineString","coordinates":[[6.76121,49.33739],[6.75543,49.34435]]},"properties":{"d":"33378","load":0,"rf":0}},{"type":"Feature","geometry":{"type":"LineString","coordinates":[[6.76121,49.33739],[6.74835,49.32891]]},"properties":{"d":"33378","load":0,"rf":0}},{"type":"Feature","geometry":{"type":"LineString","coordinates":[[6.74483,49.34718],[6.74407,49.34403]]},"properties":{"d":"33378","load":0,"rf":0}},{"type":"Feature","geometry":{"type":"LineString","coordinates":[[6.74483,49.34718],[6.74843,49.34961]]},"properties":{"d":"33378","load":1,"rf":0}},{"type":"Feature","geometry":{"type":"LineString","coordinates":[[6.75124,49.32643],[6.75081,49.32517]]},"properties":{"d":"33378","load":3,"rf":0}},{"type":"Feature","geometry":{"type":"LineString","coordinates":[[6.75741,49.31008],[6.75124,49.32643]]},"properties":{"d":"33378","load":3,"rf":0}},{"type":"Feature","geometry":{"type":"LineString","coordinates":[[6.76471,49.32618],[6.76914,49.32377]]},"properties":{"d":"33378","load":0,"rf":0}},{"type":"Feature","geometry":{"type":"LineString","coordinates":[[6.76471,49.32618],[6.76267,49.32644]]},"properties":{"d":"33378","load":1,"rf":0}},{"type":"Feature","geometry":{"type":"LineString","coordinates":[[6.77116,49.33527],[6.77828,49.33471]]},"properties":{"d":"33378","load":2,"rf":0}},{"type":"Feature","geometry":{"type":"LineString","coordinates":[[6.77116,49.33527],[6.769,49.33585]]},"properties":{"d":"33378","load":2,"rf":0}},{"type":"Feature","geometry":{"type":"LineString","coordinates":[[6.74777,49.34405],[6.74407,49.34403]]},"properties":{"d":"33378","load":0,"rf":0}},{"type":"Feature","geometry":{"type":"LineString","coordinates":[[6.78492,49.33477],[6.79386,49.3321]]},"properties":{"d":"33378","load":2,"rf":0}},{"type":"Feature","geometry":{"type":"LineString","coordinates":[[6.78492,49.33477],[6.78247,49.33844]]},"properties":{"d":"33378","load":2,"rf":0}},{"type":"Feature","geometry":{"type":"LineString","coordinates":[[6.75324,49.30556],[6.74795,49.31025]]},"properties":{"d":"33378","load":1,"rf":0}},{"type":"Feature","geometry":{"type":"LineString","coordinates":[[6.75741,49.31008],[6.75324,49.30556]]},"properties":{"d":"33378","load":1,"rf":0}},{"type":"Feature","geometry":{"type":"LineString","coordinates":[[6.75741,49.31008],[6.73368,49.31233]]},"properties":{"d":"33378","load":1,"rf":0}},{"type":"Feature","geometry":{"type":"LineString","coordinates":[[6.74044,49.34605],[6.7431,49.3394]]},"properties":{"d":"33378","load":2,"rf":0}},{"type":"Feature","geometry":{"type":"LineString","coordinates":[[6.76511,49.32949],[6.76789,49.33025]]},"properties":{"d":"33378","load":1,"rf":0}},{"type":"Feature","geometry":{"type":"LineString","coordinates":[[6.75741,49.31008],[6.76511,49.32949]]},"properties":{"d":"33378","load":1,"rf":0}},{"type":"Feature","geometry":{"type":"LineString","coordinates":[[6.72966,49.32334],[6.73109,49.32601]]},"properties":{"d":"33378","load":2,"rf":0}},{"type":"Feature","geometry":{"type":"LineString","coordinates":[[6.72966,49.32334],[6.72953,49.322]]},"properties":{"d":"33378","load":2,"rf":0}},{"type":"Feature","geometry":{"type":"LineString","coordinates":[[6.77862,49.33077],[6.78368,49.33155]]},"properties":{"d":"33378","load":1,"rf":0}},{"type":"Feature","geometry":{"type":"LineString","coordinates":[[6.77862,49.33077],[6.77909,49.32989]]},"properties":{"d":"33378","load":1,"rf":0}},{"type":"Feature","geometry":{"type":"LineString","coordinates":[[6.79386,49.3321],[6.75741,49.31008]]},"properties":{"d":"33378","load":1,"rf":0}},{"type":"Feature","geometry":{"type":"LineString","coordinates":[[6.77258,49.32794],[6.77909,49.32989]]},"properties":{"d":"33378","load":2,"rf":0}},{"type":"Feature","geometry":{"type":"LineString","coordinates":[[6.75741,49.31008],[6.77258,49.32794]]},"properties":{"d":"33378","load":1,"rf":0}},{"type":"Feature","geometry":{"type":"LineString","coordinates":[[6.75173,49.3384],[6.75751,49.33808]]},"properties":{"d":"33378","load":4,"rf":0}},{"type":"Feature","geometry":{"type":"LineString","coordinates":[[6.75173,49.3384],[6.75056,49.33614]]},"properties":{"d":"33378","load":3,"rf":0}},{"type":"Feature","geometry":{"type":"LineString","coordinates":[[6.75239,49.31191],[6.75503,49.31082]]},"properties":{"d":"33378","load":8,"rf":0}},{"type":"Feature","geometry":{"type":"LineString","coordinates":[[6.75239,49.31191],[6.74827,49.31457]]},"properties":{"d":"33378","load":8,"rf":0}},{"type":"Feature","geometry":{"type":"LineString","coordinates":[[6.74897,49.30428],[6.74381,49.30486]]},"properties":{"d":"33378","load":1,"rf":0}},{"type":"Feature","geometry":{"type":"LineString","coordinates":[[6.74897,49.30428],[6.74795,49.31025]]},"properties":{"d":"33378","load":2,"rf":0}},{"type":"Feature","geometry":{"type":"LineString","coordinates":[[6.73756,49.30775],[6.73559,49.30938]]},"properties":{"d":"33378","load":1,"rf":0}},{"type":"Feature","geometry":{"type":"LineString","coordinates":[[6.73756,49.30775],[6.73927,49.30662]]},"properties":{"d":"33378","load":0,"rf":0}},{"type":"Feature","geometry":{"type":"LineString","coordinates":[[6.73757,49.30291],[6.73335,49.30041]]},"properties":{"d":"33378","load":0,"rf":0}},{"type":"Feature","geometry":{"type":"LineString","coordinates":[[6.73757,49.30291],[6.73749,49.30346]]},"properties":{"d":"33378","load":0,"rf":0}},{"type":"Feature","geometry":{"type":"LineString","coordinates":[[6.71868,49.31203],[6.71784,49.31254]]},"properties":{"d":"33378","load":0,"rf":0}},{"type":"Feature","geometry":{"type":"LineString","coordinates":[[6.73368,49.31233],[6.7321,49.31391]]},"properties":{"d":"33378","load":1,"rf":0}},{"type":"Feature","geometry":{"type":"LineString","coordinates":[[6.75267,49.3346],[6.75751,49.33808]]},"properties":{"d":"33378","load":5,"rf":0}},{"type":"Feature","geometry":{"type":"LineString","coordinates":[[6.75267,49.3346],[6.75741,49.31008]]},"properties":{"d":"33378","load":2,"rf":0}},{"type":"Feature","geometry":{"type":"LineString","coordinates":[[6.73592,49.30486],[6.73749,49.30346]]},"properties":{"d":"33378","load":0,"rf":0}},{"type":"Feature","geometry":{"type":"LineString","coordinates":[[6.73643,49.29869],[6.74239,49.29958]]},"properties":{"d":"33378","load":1,"rf":0}},{"type":"Feature","geometry":{"type":"LineString","coordinates":[[6.73643,49.29869],[6.73335,49.30041]]},"properties":{"d":"33378","load":1,"rf":0}},{"type":"Feature","geometry":{"type":"LineString","coordinates":[[6.77314,49.35051],[6.77171,49.34659]]},"properties":{"d":"33378","load":21,"rf":0}},{"type":"Feature","geometry":{"type":"LineString","coordinates":[[6.77314,49.35051],[6.76773,49.3506]]},"properties":{"d":"33378","load":21,"rf":0}},{"type":"Feature","geometry":{"type":"LineString","coordinates":[[6.77426,49.32565],[6.77621,49.32569]]},"properties":{"d":"33378","load":0,"rf":0}},{"type":"Feature","geometry":{"type":"LineString","coordinates":[[6.74493,49.31091],[6.74267,49.30827]]},"properties":{"d":"33378","load":0,"rf":0}},{"type":"Feature","geometry":{"type":"LineString","coordinates":[[6.74944,49.33418],[6.75056,49.33614]]},"properties":{"d":"33378","load":2,"rf":0}},{"type":"Feature","geometry":{"type":"LineString","coordinates":[[6.74944,49.33418],[6.74389,49.33559]]},"properties":{"d":"33378","load":0,"rf":0}},{"type":"Feature","geometry":{"type":"LineString","coordinates":[[6.78368,49.33155],[6.78944,49.33307]]},"properties":{"d":"33378","load":0,"rf":0}},{"type":"Feature","geometry":{"type":"LineString","coordinates":[[6.73559,49.30938],[6.75741,49.31008]]},"properties":{"d":"33378","load":1,"rf":0}},{"type":"Feature","geometry":{"type":"LineString","coordinates":[[6.74407,49.34403],[6.75741,49.31008]]},"properties":{"d":"33378","load":1,"rf":0}},{"type":"Feature","geometry":{"type":"LineString","coordinates":[[6.75962,49.32682],[6.76258,49.33181]]},"properties":{"d":"33378","load":12,"rf":0}},{"type":"Feature","geometry":{"type":"LineString","coordinates":[[6.75962,49.32682],[6.76267,49.32644]]},"properties":{"d":"33378","load":12,"rf":0}},{"type":"Feature","geometry":{"type":"LineString","coordinates":[[6.75543,49.34435],[6.7596,49.34432]]},"properties":{"d":"33378","load":0,"rf":0}},{"type":"Feature","geometry":{"type":"LineString","coordinates":[[6.75081,49.32517],[6.74785,49.32603]]},"properties":{"d":"33378","load":1,"rf":0}},{"type":"Feature","geometry":{"type":"LineString","coordinates":[[6.75741,49.31008],[6.75265,49.33225]]},"properties":{"d":"33378","load":2,"rf":0}},{"type":"Feature","geometry":{"type":"LineString","coordinates":[[6.73927,49.30662],[6.73936,49.30471]]},"properties":{"d":"33378","load":0,"rf":0}},{"type":"Feature","geometry":{"type":"LineString","coordinates":[[6.74239,49.29958],[6.74651,49.30014]]},"properties":{"d":"33378","load":2,"rf":0}},{"type":"Feature","geometry":{"type":"LineString","coordinates":[[6.7431,49.3394],[6.74364,49.3368]]},"properties":{"d":"33378","load":1,"rf":0}},{"type":"Feature","geometry":{"type":"LineString","coordinates":[[6.76721,49.33382],[6.769,49.33585]]},"properties":{"d":"33378","load":1,"rf":0}},{"type":"Feature","geometry":{"type":"LineString","coordinates":[[6.77171,49.34659],[6.7643,49.34765]]},"properties":{"d":"33378","load":0,"rf":0}},{"type":"Feature","geometry":{"type":"LineString","coordinates":[[6.77074,49.34857],[6.77171,49.34659]]},"properties":{"d":"33378","load":1,"rf":0}},{"type":"Feature","geometry":{"type":"LineString","coordinates":[[6.75933,49.34472],[6.75741,49.31008]]},"properties":{"d":"33378","load":2,"rf":0}},{"type":"Feature","geometry":{"type":"LineString","coordinates":[[6.75933,49.34472],[6.76122,49.34793]]},"properties":{"d":"33378","load":5,"rf":0}},{"type":"Feature","geometry":{"type":"LineString","coordinates":[[6.7648,49.32409],[6.75611,49.31382]]},"properties":{"d":"33378","load":2,"rf":0}},{"type":"Feature","geometry":{"type":"LineString","coordinates":[[6.75741,49.31008],[6.75611,49.31382]]},"properties":{"d":"33378","load":5,"rf":0}},{"type":"Feature","geometry":{"type":"LineString","coordinates":[[6.74389,49.33559],[6.74364,49.3368]]},"properties":{"d":"33378","load":1,"rf":0}},{"type":"Feature","geometry":{"type":"LineString","coordinates":[[6.76145,49.30085],[6.75866,49.30271]]},"properties":{"d":"33378","load":4,"rf":0}},{"type":"Feature","geometry":{"type":"LineString","coordinates":[[6.76145,49.30085],[6.76032,49.29826]]},"properties":{"d":"33378","load":3,"rf":0}},{"type":"Feature","geometry":{"type":"LineString","coordinates":[[6.75422,49.3176],[6.75741,49.31008]]},"properties":{"d":"33378","load":8,"rf":0}},{"type":"Feature","geometry":{"type":"LineString","coordinates":[[6.75422,49.3176],[6.75271,49.31631]]},"properties":{"d":"33378","load":6,"rf":0}},{"type":"Feature","geometry":{"type":"LineString","coordinates":[[6.74267,49.30827],[6.75847,49.30605]]},"properties":{"d":"33378","load":0,"rf":0}},{"type":"Feature","geometry":{"type":"LineString","coordinates":[[6.77953,49.33979],[6.77494,49.3381]]},"properties":{"d":"33378","load":1,"rf":0}},{"type":"Feature","geometry":{"type":"LineString","coordinates":[[6.77953,49.33979],[6.78247,49.33844]]},"properties":{"d":"33378","load":1,"rf":0}},{"type":"Feature","geometry":{"type":"LineString","coordinates":[[6.77494,49.3381],[6.77122,49.33681]]},"properties":{"d":"33378","load":0,"rf":0}},{"type":"Feature","geometry":{"type":"LineString","coordinates":[[6.75741,49.31008],[6.74875,49.33095]]},"properties":{"d":"33378","load":0,"rf":0}},{"type":"Feature","geometry":{"type":"LineString","coordinates":[[6.77122,49.33681],[6.769,49.33585]]},"properties":{"d":"33378","load":1,"rf":0}},{"type":"Feature","geometry":{"type":"LineString","coordinates":[[6.73544,49.31952],[6.72953,49.322]]},"properties":{"d":"33378","load":5,"rf":0}},{"type":"Feature","geometry":{"type":"LineString","coordinates":[[6.76789,49.33025],[6.7685,49.33054]]},"properties":{"d":"33378","load":0,"rf":0}},{"type":"Feature","geometry":{"type":"LineString","coordinates":[[6.74428,49.32939],[6.75369,49.32837]]},"properties":{"d":"33378","load":1,"rf":0}},{"type":"Feature","geometry":{"type":"LineString","coordinates":[[6.74428,49.32939],[6.74785,49.32603]]},"properties":{"d":"33378","load":2,"rf":0}},{"type":"Feature","geometry":{"type":"LineString","coordinates":[[6.77206,49.33224],[6.7685,49.33054]]},"properties":{"d":"33378","load":0,"rf":0}},{"type":"Feature","geometry":{"type":"LineString","coordinates":[[6.76032,49.29826],[6.76008,49.29752]]},"properties":{"d":"33378","load":3,"rf":0}},{"type":"Feature","geometry":{"type":"LineString","coordinates":[[6.75369,49.32837],[6.75691,49.32993]]},"properties":{"d":"33378","load":1,"rf":0}},{"type":"Feature","geometry":{"type":"LineString","coordinates":[[6.724,49.32247],[6.72953,49.322]]},"properties":{"d":"33378","load":5,"rf":0}},{"type":"Feature","geometry":{"type":"LineString","coordinates":[[6.75741,49.31008],[6.75847,49.30605]]},"properties":{"d":"33378","load":1,"rf":0}},{"type":"Feature","geometry":{"type":"LineString","coordinates":[[6.75741,49.31008],[6.74835,49.32891]]},"properties":{"d":"33378","load":0,"rf":0}},{"type":"Feature","geometry":{"type":"LineString","coordinates":[[6.75741,49.31008],[6.74671,49.32013]]},"properties":{"d":"33378","load":12,"rf":0}},{"type":"Feature","geometry":{"type":"LineString","coordinates":[[6.72371,49.3104],[6.72203,49.31447]]},"properties":{"d":"33378","load":0,"rf":0}},{"type":"Feature","geometry":{"type":"LineString","coordinates":[[6.72371,49.3104],[6.7345,49.31554]]},"properties":{"d":"33378","load":0,"rf":0}},{"type":"Feature","geometry":{"type":"LineString","coordinates":[[6.72203,49.31447],[6.75741,49.31008]]},"properties":{"d":"33378","load":1,"rf":0}},{"type":"Feature","geometry":{"type":"LineString","coordinates":[[6.7648,49.32409],[6.76191,49.32434]]},"properties":{"d":"33378","load":2,"rf":0}},{"type":"Feature","geometry":{"type":"LineString","coordinates":[[6.75691,49.32993],[6.75962,49.33256]]},"properties":{"d":"33378","load":0,"rf":0}},{"type":"Feature","geometry":{"type":"LineString","coordinates":[[6.75741,49.31008],[6.75503,49.31082]]},"properties":{"d":"33378","load":2,"rf":0}},{"type":"Feature","geometry":{"type":"LineString","coordinates":[[6.75741,49.31008],[6.75715,49.324]]},"properties":{"d":"33378","load":1,"rf":0}},{"type":"Feature","geometry":{"type":"LineString","coordinates":[[6.74827,49.31457],[6.75175,49.3155]]},"properties":{"d":"33378","load":2,"rf":0}},{"type":"Feature","geometry":{"type":"LineString","coordinates":[[6.75175,49.3155],[6.75271,49.31631]]},"properties":{"d":"33378","load":0,"rf":0}},{"type":"Feature","geometry":{"type":"LineString","coordinates":[[6.7643,49.34765],[6.76278,49.34779]]},"properties":{"d":"33378","load":4,"rf":0}},{"type":"Feature","geometry":{"type":"LineString","coordinates":[[6.75741,49.31008],[6.72629,49.33732]]},"properties":{"d":"33378","load":1,"rf":0}},{"type":"Feature","geometry":{"type":"LineString","coordinates":[[6.75741,49.31008],[6.72629,49.33732]]},"properties":{"d":"33378","load":0,"rf":0}},{"type":"Feature","geometry":{"type":"LineString","coordinates":[[6.73319,49.3141],[6.73319,49.3141]]},"properties":{"d":"33378","load":0,"rf":0}},{"type":"Feature","geometry":{"type":"LineString","coordinates":[[6.73319,49.3141],[6.73878,49.31318]]},"properties":{"d":"33378","load":1,"rf":0}},{"type":"Feature","geometry":{"type":"LineString","coordinates":[[6.75741,49.31008],[6.76567,49.35055]]},"properties":{"d":"33378","load":2,"rf":0}},{"type":"Feature","geometry":{"type":"LineString","coordinates":[[6.75741,49.31008],[6.76567,49.35055]]},"properties":{"d":"33378","load":2,"rf":0}},{"type":"Feature","geometry":{"type":"LineString","coordinates":[[6.72861,49.33978],[6.75741,49.31008]]},"properties":{"d":"33378","load":1,"rf":0}},{"type":"Feature","geometry":{"type":"LineString","coordinates":[[6.75416,49.32612],[6.75243,49.32577]]},"properties":{"d":"33378","load":0,"rf":0}},{"type":"Feature","geometry":{"type":"LineString","coordinates":[[6.76183,49.34497],[6.7596,49.34432]]},"properties":{"d":"33378","load":1,"rf":0}},{"type":"Feature","geometry":{"type":"LineString","coordinates":[[6.75414,49.35717],[6.75741,49.31008]]},"properties":{"d":"33378","load":1,"rf":0}},{"type":"Feature","geometry":{"type":"LineString","coordinates":[[6.75741,49.31008],[6.75414,49.35717]]},"properties":{"d":"33378","load":1,"rf":0}},{"type":"Feature","geometry":{"type":"LineString","coordinates":[[6.75741,49.31008],[6.74358,49.34781]]},"properties":{"d":"33378","load":1,"rf":0}},{"type":"Feature","geometry":{"type":"LineString","coordinates":[[6.75741,49.31008],[6.74358,49.34781]]},"properties":{"d":"33378","load":1,"rf":0}},{"type":"Feature","geometry":{"type":"LineString","coordinates":[[6.73139,49.31387],[6.7321,49.31391]]},"properties":{"d":"33378","load":1,"rf":0}},{"type":"Feature","geometry":{"type":"LineString","coordinates":[[6.7634,49.34791],[6.76278,49.34779]]},"properties":{"d":"33378","load":0,"rf":0}},{"type":"Feature","geometry":{"type":"LineString","coordinates":[[6.76141,49.34818],[6.76122,49.34793]]},"properties":{"d":"33378","load":1,"rf":0}},{"type":"Feature","geometry":{"type":"LineString","coordinates":[[6.73936,49.30471],[6.73749,49.30346]]},"properties":{"d":"33378","load":0,"rf":0}},{"type":"Feature","geometry":{"type":"LineString","coordinates":[[6.76122,49.34793],[6.76278,49.34779]]},"properties":{"d":"33378","load":4,"rf":0}},{"type":"Feature","geometry":{"type":"LineString","coordinates":[[6.75741,49.31008],[6.72861,49.33978]]},"properties":{"d":"33378","load":1,"rf":0}},{"type":"Feature","geometry":{"type":"LineString","coordinates":[[6.75741,49.31008],[6.73878,49.31318]]},"properties":{"d":"33378","load":0,"rf":0}},{"type":"Feature","geometry":{"type":"LineString","coordinates":[[6.73319,49.3141],[6.75541,49.31041]]},"properties":{"d":"33378","load":0,"rf":0}},{"type":"Feature","geometry":{"type":"LineString","coordinates":[[6.75741,49.31008],[6.75529,49.34063]]},"properties":{"d":"33378","load":1,"rf":0}},{"type":"Feature","geometry":{"type":"LineString","coordinates":[[6.75741,49.31008],[6.75541,49.31041]]},"properties":{"d":"33378","load":0,"rf":0}},{"type":"Feature","geometry":{"type":"LineString","coordinates":[[6.75741,49.31008],[6.75243,49.32577]]},"properties":{"d":"33378","load":3,"rf":0}},{"type":"Feature","geometry":{"type":"LineString","coordinates":[[6.75741,49.31008],[6.75414,49.35717]]},"properties":{"d":"33378","load":0,"rf":0}},{"type":"Feature","geometry":{"type":"LineString","coordinates":[[6.75741,49.31008],[6.74358,49.34781]]},"properties":{"d":"33378","load":0,"rf":0}},{"type":"Feature","geometry":{"type":"LineString","coordinates":[[6.75741,49.31008],[6.75243,49.32577]]},"properties":{"d":"33378","load":0,"rf":0}},{"type":"Feature","geometry":{"type":"LineString","coordinates":[[7.16304,49.37043],[7.16301,49.37044]]},"properties":{"d":"33386","load":8,"rf":0}},{"type":"Feature","geometry":{"type":"LineString","coordinates":[[7.14412,49.33351],[7.14451,49.3335]]},"properties":{"d":"33386","load":20,"rf":0}},{"type":"Feature","geometry":{"type":"LineString","coordinates":[[7.16419,49.38555],[7.1543,49.38733]]},"properties":{"d":"33386","load":68,"rf":0}},{"type":"Feature","geometry":{"type":"LineString","coordinates":[[7.1543,49.38733],[7.15247,49.38394]]},"properties":{"d":"33386","load":59,"rf":0}},{"type":"Feature","geometry":{"type":"LineString","coordinates":[[7.15045,49.38021],[7.15247,49.38394]]},"properties":{"d":"33386","load":30,"rf":0}},{"type":"Feature","geometry":{"type":"LineString","coordinates":[[7.15212,49.38402],[7.15247,49.38394]]},"properties":{"d":"33386","load":30,"rf":0}},{"type":"Feature","geometry":{"type":"LineString","coordinates":[[7.16168,49.34009],[7.16104,49.34633]]},"properties":{"d":"33386","load":2,"rf":0}},{"type":"Feature","geometry":{"type":"LineString","coordinates":[[7.16576,49.35188],[7.16104,49.34633]]},"properties":{"d":"33386","load":19,"rf":0}},{"type":"Feature","geometry":{"type":"LineString","coordinates":[[7.14444,49.35179],[7.1497,49.35706]]},"properties":{"d":"33386","load":78,"rf":0}},{"type":"Feature","geometry":{"type":"LineString","coordinates":[[7.14457,49.33464],[7.14444,49.35179]]},"properties":{"d":"33386","load":78,"rf":0}},{"type":"Feature","geometry":{"type":"LineString","coordinates":[[7.14031,49.36106],[7.1497,49.35706]]},"properties":{"d":"33386","load":0,"rf":0}},{"type":"Feature","geometry":{"type":"LineString","coordinates":[[7.16788,49.32866],[7.16258,49.33014]]},"properties":{"d":"33386","load":2,"rf":0}},{"type":"Feature","geometry":{"type":"LineString","coordinates":[[7.16788,49.32866],[7.16651,49.338]]},"properties":{"d":"33386","load":2,"rf":0}},{"type":"Feature","geometry":{"type":"LineString","coordinates":[[7.14457,49.33464],[7.16258,49.33014]]},"properties":{"d":"33386","load":2,"rf":0}},{"type":"Feature","geometry":{"type":"LineString","coordinates":[[7.14457,49.33464],[7.16765,49.34022]]},"properties":{"d":"33386","load":24,"rf":0}},{"type":"Feature","geometry":{"type":"LineString","coordinates":[[7.16651,49.338],[7.16395,49.33476]]},"properties":{"d":"33386","load":2,"rf":0}},{"type":"Feature","geometry":{"type":"LineString","coordinates":[[7.1687,49.34334],[7.16765,49.34022]]},"properties":{"d":"33386","load":1,"rf":0}},{"type":"Feature","geometry":{"type":"LineString","coordinates":[[7.16168,49.34009],[7.16395,49.33476]]},"properties":{"d":"33386","load":2,"rf":0}},{"type":"Feature","geometry":{"type":"LineString","coordinates":[[7.1687,49.34334],[7.16763,49.3422]]},"properties":{"d":"33386","load":1,"rf":0}},{"type":"Feature","geometry":{"type":"LineString","coordinates":[[7.16387,49.35113],[7.16698,49.35281]]},"properties":{"d":"33386","load":4,"rf":0}},{"type":"Feature","geometry":{"type":"LineString","coordinates":[[7.16966,49.35813],[7.14457,49.33464]]},"properties":{"d":"33386","load":2,"rf":0}},{"type":"Feature","geometry":{"type":"LineString","coordinates":[[7.16966,49.35813],[7.16698,49.35281]]},"properties":{"d":"33386","load":17,"rf":0}},{"type":"Feature","geometry":{"type":"LineString","coordinates":[[7.1692,49.36829],[7.16639,49.37124]]},"properties":{"d":"33386","load":1,"rf":0}},{"type":"Feature","geometry":{"type":"LineString","coordinates":[[7.16728,49.37464],[7.17013,49.37622]]},"properties":{"d":"33386","load":68,"rf":0}},{"type":"Feature","geometry":{"type":"LineString","coordinates":[[7.16728,49.37464],[7.16639,49.37124]]},"properties":{"d":"33386","load":69,"rf":0}},{"type":"Feature","geometry":{"type":"LineString","coordinates":[[7.15808,49.37015],[7.16348,49.37091]]},"properties":{"d":"33386","load":2,"rf":0}},{"type":"Feature","geometry":{"type":"LineString","coordinates":[[7.17013,49.37622],[7.16785,49.38547]]},"properties":{"d":"33386","load":68,"rf":0}},{"type":"Feature","geometry":{"type":"LineString","coordinates":[[7.15638,49.32285],[7.14295,49.32053]]},"properties":{"d":"33386","load":0,"rf":0}},{"type":"Feature","geometry":{"type":"LineString","coordinates":[[7.13512,49.32246],[7.14295,49.32053]]},"properties":{"d":"33386","load":0,"rf":0}},{"type":"Feature","geometry":{"type":"LineString","coordinates":[[7.14295,49.32053],[7.14423,49.32812]]},"properties":{"d":"33386","load":0,"rf":0}},{"type":"Feature","geometry":{"type":"LineString","coordinates":[[7.14295,49.32053],[7.14852,49.33412]]},"properties":{"d":"33386","load":1,"rf":0}},{"type":"Feature","geometry":{"type":"LineString","coordinates":[[7.14423,49.32812],[7.14451,49.3335]]},"properties":{"d":"33386","load":1,"rf":0}},{"type":"Feature","geometry":{"type":"LineString","coordinates":[[7.13516,49.3298],[7.12724,49.32496]]},"properties":{"d":"33386","load":0,"rf":0}},{"type":"Feature","geometry":{"type":"LineString","coordinates":[[7.13516,49.3298],[7.14549,49.33286]]},"properties":{"d":"33386","load":0,"rf":0}},{"type":"Feature","geometry":{"type":"LineString","coordinates":[[7.14852,49.33412],[7.14549,49.33286]]},"properties":{"d":"33386","load":1,"rf":0}},{"type":"Feature","geometry":{"type":"LineString","coordinates":[[7.1504,49.36346],[7.1544,49.36176]]},"properties":{"d":"33386","load":0,"rf":0}},{"type":"Feature","geometry":{"type":"LineString","coordinates":[[7.16822,49.39264],[7.16785,49.38547]]},"properties":{"d":"33386","load":0,"rf":0}},{"type":"Feature","geometry":{"type":"LineString","coordinates":[[7.16419,49.38555],[7.16785,49.38547]]},"properties":{"d":"33386","load":68,"rf":0}},{"type":"Feature","geometry":{"type":"LineString","coordinates":[[7.16576,49.35188],[7.16619,49.35333]]},"properties":{"d":"33386","load":18,"rf":0}},{"type":"Feature","geometry":{"type":"LineString","coordinates":[[7.16619,49.35333],[7.16613,49.35282]]},"properties":{"d":"33386","load":17,"rf":0}},{"type":"Feature","geometry":{"type":"LineString","coordinates":[[7.16613,49.35282],[7.16698,49.35281]]},"properties":{"d":"33386","load":15,"rf":0}},{"type":"Feature","geometry":{"type":"LineString","coordinates":[[7.1497,49.35706],[7.1544,49.36176]]},"properties":{"d":"33386","load":78,"rf":0}},{"type":"Feature","geometry":{"type":"LineString","coordinates":[[7.1544,49.36176],[7.16301,49.37044]]},"properties":{"d":"33386","load":78,"rf":0}},{"type":"Feature","geometry":{"type":"LineString","coordinates":[[7.16639,49.37124],[7.16348,49.37091]]},"properties":{"d":"33386","load":70,"rf":0}},{"type":"Feature","geometry":{"type":"LineString","coordinates":[[7.16348,49.37091],[7.16301,49.37044]]},"properties":{"d":"33386","load":71,"rf":0}},{"type":"Feature","geometry":{"type":"LineString","coordinates":[[7.14457,49.33464],[7.14549,49.33286]]},"properties":{"d":"33386","load":1,"rf":0}},{"type":"Feature","geometry":{"type":"LineString","coordinates":[[7.14457,49.33464],[7.14451,49.3335]]},"properties":{"d":"33386","load":20,"rf":0}},{"type":"Feature","geometry":{"type":"LineString","coordinates":[[7.02521,49.30008],[7.02569,49.30012]]},"properties":{"d":"33410","load":43,"rf":0}},{"type":"Feature","geometry":{"type":"LineString","coordinates":[[7.03887,49.3125],[7.03462,49.30876]]},"properties":{"d":"33410","load":0,"rf":0}},{"type":"Feature","geometry":{"type":"LineString","coordinates":[[7.00955,49.28695],[7.02075,49.29549]]},"properties":{"d":"33410","load":0,"rf":0}},{"type":"Feature","geometry":{"type":"LineString","coordinates":[[7.02516,49.30308],[7.03173,49.30554]]},"properties":{"d":"33410","load":0,"rf":0}},{"type":"Feature","geometry":{"type":"LineString","coordinates":[[7.02516,49.30308],[7.02375,49.30571]]},"properties":{"d":"33410","load":1,"rf":0}},{"type":"Feature","geometry":{"type":"LineString","coordinates":[[7.02516,49.30308],[7.02569,49.30012]]},"properties":{"d":"33410","load":2,"rf":0}},{"type":"Feature","geometry":{"type":"LineString","coordinates":[[7.03106,49.31105],[7.03008,49.30858]]},"properties":{"d":"33410","load":1,"rf":0}},{"type":"Feature","geometry":{"type":"LineString","coordinates":[[7.03173,49.30554],[7.0317,49.30558]]},"properties":{"d":"33410","load":5,"rf":0}},{"type":"Feature","geometry":{"type":"LineString","coordinates":[[7.03173,49.30554],[7.03263,49.30578]]},"properties":{"d":"33410","load":4,"rf":0}},{"type":"Feature","geometry":{"type":"LineString","coordinates":[[7.03357,49.30239],[7.03263,49.30578]]},"properties":{"d":"33410","load":1,"rf":0}},{"type":"Feature","geometry":{"type":"LineString","coordinates":[[7.02328,49.29891],[7.0259,49.2989]]},"properties":{"d":"33410","load":1,"rf":0}},{"type":"Feature","geometry":{"type":"LineString","coordinates":[[7.02328,49.29891],[7.02075,49.29549]]},"properties":{"d":"33410","load":0,"rf":0}},{"type":"Feature","geometry":{"type":"LineString","coordinates":[[7.03008,49.30858],[7.02443,49.30845]]},"properties":{"d":"33410","load":1,"rf":0}},{"type":"Feature","geometry":{"type":"LineString","coordinates":[[7.03008,49.30858],[7.03462,49.30876]]},"properties":{"d":"33410","load":2,"rf":0}},{"type":"Feature","geometry":{"type":"LineString","coordinates":[[7.0173,49.29743],[7.02075,49.29549]]},"properties":{"d":"33410","load":0,"rf":0}},{"type":"Feature","geometry":{"type":"LineString","coordinates":[[7.02552,49.29913],[7.0317,49.30558]]},"properties":{"d":"33410","load":5,"rf":0}},{"type":"Feature","geometry":{"type":"LineString","coordinates":[[7.0259,49.2989],[7.02569,49.30012]]},"properties":{"d":"33410","load":45,"rf":0}},{"type":"Feature","geometry":{"type":"LineString","coordinates":[[7.02552,49.29913],[7.0259,49.2989]]},"properties":{"d":"33410","load":46,"rf":0}},{"type":"Feature","geometry":{"type":"LineString","coordinates":[[7.03462,49.30876],[7.03263,49.30578]]},"properties":{"d":"33410","load":3,"rf":0}},{"type":"Feature","geometry":{"type":"LineString","coordinates":[[7.1093,49.27588],[7.10906,49.27571]]},"properties":{"d":"33476","load":32,"rf":0}},{"type":"Feature","geometry":{"type":"LineString","coordinates":[[7.0677,49.3078],[7.066,49.306]]},"properties":{"d":"33476","load":24,"rf":0}},{"type":"Feature","geometry":{"type":"LineString","coordinates":[[7.0677,49.3078],[7.0697,49.31096]]},"properties":{"d":"33476","load":51,"rf":0}},{"type":"Feature","geometry":{"type":"LineString","coordinates":[[7.07465,49.30888],[7.07804,49.30823]]},"properties":{"d":"33476","load":28,"rf":0}},{"type":"Feature","geometry":{"type":"LineString","coordinates":[[7.10856,49.27698],[7.10871,49.27677]]},"properties":{"d":"33476","load":0,"rf":0}},{"type":"Feature","geometry":{"type":"LineString","coordinates":[[7.11772,49.27889],[7.11817,49.28]]},"properties":{"d":"33476","load":0,"rf":0}},{"type":"Feature","geometry":{"type":"LineString","coordinates":[[7.11486,49.26625],[7.1147,49.26617]]},"properties":{"d":"33476","load":0,"rf":0}},{"type":"Feature","geometry":{"type":"LineString","coordinates":[[7.10396,49.26185],[7.10509,49.2627]]},"properties":{"d":"33476","load":0,"rf":0}},{"type":"Feature","geometry":{"type":"LineString","coordinates":[[7.12495,49.26921],[7.12534,49.26901]]},"properties":{"d":"33476","load":0,"rf":0}},{"type":"Feature","geometry":{"type":"LineString","coordinates":[[7.10189,49.27492],[7.10184,49.275]]},"properties":{"d":"33476","load":0,"rf":0}},{"type":"Feature","geometry":{"type":"LineString","coordinates":[[7.05923,49.30393],[7.06013,49.30377]]},"properties":{"d":"33476","load":0,"rf":0}},{"type":"Feature","geometry":{"type":"LineString","coordinates":[[7.05717,49.31322],[7.05523,49.31409]]},"properties":{"d":"33476","load":52,"rf":0}},{"type":"Feature","geometry":{"type":"LineString","coordinates":[[7.05717,49.31322],[7.05712,49.31229]]},"properties":{"d":"33476","load":52,"rf":0}},{"type":"Feature","geometry":{"type":"LineString","coordinates":[[7.05196,49.30075],[7.04567,49.29797]]},"properties":{"d":"33476","load":0,"rf":0}},{"type":"Feature","geometry":{"type":"LineString","coordinates":[[7.05196,49.30075],[7.04857,49.29926]]},"properties":{"d":"33476","load":0,"rf":0}},{"type":"Feature","geometry":{"type":"LineString","coordinates":[[7.05196,49.30075],[7.0549,49.30412]]},"properties":{"d":"33476","load":1,"rf":0}},{"type":"Feature","geometry":{"type":"LineString","coordinates":[[7.06083,49.30008],[7.05741,49.29913]]},"properties":{"d":"33476","load":6,"rf":0}},{"type":"Feature","geometry":{"type":"LineString","coordinates":[[7.10302,49.27719],[7.06083,49.30008]]},"properties":{"d":"33476","load":2,"rf":0}},{"type":"Feature","geometry":{"type":"LineString","coordinates":[[7.04705,49.30018],[7.04567,49.29797]]},"properties":{"d":"33476","load":1,"rf":0}},{"type":"Feature","geometry":{"type":"LineString","coordinates":[[7.04705,49.30018],[7.05216,49.30265]]},"properties":{"d":"33476","load":0,"rf":0}},{"type":"Feature","geometry":{"type":"LineString","coordinates":[[7.10302,49.27719],[7.08482,49.31862]]},"properties":{"d":"33476","load":2,"rf":0}},{"type":"Feature","geometry":{"type":"LineString","coordinates":[[7.08388,49.32226],[7.08326,49.31768]]},"properties":{"d":"33476","load":0,"rf":0}},{"type":"Feature","geometry":{"type":"LineString","coordinates":[[7.08025,49.31075],[7.08518,49.3139]]},"properties":{"d":"33476","load":1,"rf":0}},{"type":"Feature","geometry":{"type":"LineString","coordinates":[[7.08025,49.31075],[7.08552,49.30299]]},"properties":{"d":"33476","load":2,"rf":0}},{"type":"Feature","geometry":{"type":"LineString","coordinates":[[7.07555,49.31407],[7.07607,49.31155]]},"properties":{"d":"33476","load":1,"rf":0}},{"type":"Feature","geometry":{"type":"LineString","coordinates":[[7.07555,49.31407],[7.08482,49.31862]]},"properties":{"d":"33476","load":2,"rf":0}},{"type":"Feature","geometry":{"type":"LineString","coordinates":[[7.07555,49.31407],[7.08827,49.31488]]},"properties":{"d":"33476","load":0,"rf":0}},{"type":"Feature","geometry":{"type":"LineString","coordinates":[[7.05164,49.29726],[7.04567,49.29797]]},"properties":{"d":"33476","load":1,"rf":0}},{"type":"Feature","geometry":{"type":"LineString","coordinates":[[7.05164,49.29726],[7.10302,49.27719]]},"properties":{"d":"33476","load":1,"rf":0}},{"type":"Feature","geometry":{"type":"LineString","coordinates":[[7.07725,49.30647],[7.07413,49.3045]]},"properties":{"d":"33476","load":1,"rf":0}},{"type":"Feature","geometry":{"type":"LineString","coordinates":[[7.07725,49.30647],[7.07804,49.30823]]},"properties":{"d":"33476","load":0,"rf":0}},{"type":"Feature","geometry":{"type":"LineString","coordinates":[[7.05523,49.31409],[7.0601,49.31122]]},"properties":{"d":"33476","load":53,"rf":0}},{"type":"Feature","geometry":{"type":"LineString","coordinates":[[7.05523,49.31409],[7.04905,49.31217]]},"properties":{"d":"33476","load":1,"rf":0}},{"type":"Feature","geometry":{"type":"LineString","coordinates":[[7.07814,49.30845],[7.08112,49.30833]]},"properties":{"d":"33476","load":29,"rf":0}},{"type":"Feature","geometry":{"type":"LineString","coordinates":[[7.07814,49.30845],[7.07804,49.30823]]},"properties":{"d":"33476","load":28,"rf":0}},{"type":"Feature","geometry":{"type":"LineString","coordinates":[[7.07272,49.31226],[7.07607,49.31155]]},"properties":{"d":"33476","load":1,"rf":0}},{"type":"Feature","geometry":{"type":"LineString","coordinates":[[7.07272,49.31226],[7.0706,49.31072]]},"properties":{"d":"33476","load":0,"rf":0}},{"type":"Feature","geometry":{"type":"LineString","coordinates":[[7.08112,49.30833],[7.08332,49.30731]]},"properties":{"d":"33476","load":30,"rf":0}},{"type":"Feature","geometry":{"type":"LineString","coordinates":[[7.05741,49.29913],[7.05639,49.30127]]},"properties":{"d":"33476","load":6,"rf":0}},{"type":"Feature","geometry":{"type":"LineString","coordinates":[[7.04567,49.29797],[7.04322,49.29907]]},"properties":{"d":"33476","load":0,"rf":0}},{"type":"Feature","geometry":{"type":"LineString","coordinates":[[7.06268,49.30395],[7.0569,49.30547]]},"properties":{"d":"33476","load":0,"rf":0}},{"type":"Feature","geometry":{"type":"LineString","coordinates":[[7.06268,49.30395],[7.05639,49.30127]]},"properties":{"d":"33476","load":2,"rf":0}},{"type":"Feature","geometry":{"type":"LineString","coordinates":[[7.06709,49.31167],[7.06282,49.31156]]},"properties":{"d":"33476","load":51,"rf":0}},{"type":"Feature","geometry":{"type":"LineString","coordinates":[[7.06709,49.31167],[7.0697,49.31096]]},"properties":{"d":"33476","load":51,"rf":0}},{"type":"Feature","geometry":{"type":"LineString","coordinates":[[7.04768,49.3042],[7.0549,49.30412]]},"properties":{"d":"33476","load":2,"rf":0}},{"type":"Feature","geometry":{"type":"LineString","coordinates":[[7.06965,49.30304],[7.06542,49.30056]]},"properties":{"d":"33476","load":1,"rf":0}},{"type":"Feature","geometry":{"type":"LineString","coordinates":[[7.06965,49.30304],[7.07413,49.3045]]},"properties":{"d":"33476","load":1,"rf":0}},{"type":"Feature","geometry":{"type":"LineString","coordinates":[[7.10302,49.27719],[7.06261,49.30907]]},"properties":{"d":"33476","load":2,"rf":0}},{"type":"Feature","geometry":{"type":"LineString","coordinates":[[7.0601,49.31122],[7.10302,49.27719]]},"properties":{"d":"33476","load":10,"rf":0}},{"type":"Feature","geometry":{"type":"LineString","coordinates":[[7.08304,49.3072],[7.07962,49.30589]]},"properties":{"d":"33476","load":32,"rf":0}},{"type":"Feature","geometry":{"type":"LineString","coordinates":[[7.08304,49.3072],[7.08332,49.30731]]},"properties":{"d":"33476","load":32,"rf":0}},{"type":"Feature","geometry":{"type":"LineString","coordinates":[[7.06304,49.30069],[7.0522,49.29415]]},"properties":{"d":"33476","load":1,"rf":0}},{"type":"Feature","geometry":{"type":"LineString","coordinates":[[7.10302,49.27719],[7.06304,49.30069]]},"properties":{"d":"33476","load":1,"rf":0}},{"type":"Feature","geometry":{"type":"LineString","coordinates":[[7.06689,49.29864],[7.07177,49.30208]]},"properties":{"d":"33476","load":0,"rf":0}},{"type":"Feature","geometry":{"type":"LineString","coordinates":[[7.10302,49.27719],[7.06689,49.29864]]},"properties":{"d":"33476","load":0,"rf":0}},{"type":"Feature","geometry":{"type":"LineString","coordinates":[[7.07048,49.30102],[7.07177,49.30208]]},"properties":{"d":"33476","load":0,"rf":0}},{"type":"Feature","geometry":{"type":"LineString","coordinates":[[7.04905,49.31217],[7.04914,49.30962]]},"properties":{"d":"33476","load":0,"rf":0}},{"type":"Feature","geometry":{"type":"LineString","coordinates":[[7.10302,49.27719],[7.06542,49.30056]]},"properties":{"d":"33476","load":1,"rf":0}},{"type":"Feature","geometry":{"type":"LineString","coordinates":[[7.06165,49.29582],[7.06054,49.29409]]},"properties":{"d":"33476","load":0,"rf":0}},{"type":"Feature","geometry":{"type":"LineString","coordinates":[[7.10302,49.27719],[7.06165,49.29582]]},"properties":{"d":"33476","load":0,"rf":0}},{"type":"Feature","geometry":{"type":"LineString","coordinates":[[7.04408,49.29417],[7.05086,49.29674]]},"properties":{"d":"33476","load":0,"rf":0}},{"type":"Feature","geometry":{"type":"LineString","coordinates":[[7.06057,49.3097],[7.05658,49.30787]]},"properties":{"d":"33476","load":0,"rf":0}},{"type":"Feature","geometry":{"type":"LineString","coordinates":[[7.07962,49.30589],[7.10302,49.27719]]},"properties":{"d":"33476","load":32,"rf":0}},{"type":"Feature","geometry":{"type":"LineString","coordinates":[[7.0782,49.3176],[7.08326,49.31768]]},"properties":{"d":"33476","load":1,"rf":0}},{"type":"Feature","geometry":{"type":"LineString","coordinates":[[7.0522,49.29415],[7.0575,49.29495]]},"properties":{"d":"33476","load":0,"rf":0}},{"type":"Feature","geometry":{"type":"LineString","coordinates":[[7.0522,49.29415],[7.05086,49.29674]]},"properties":{"d":"33476","load":0,"rf":0}},{"type":"Feature","geometry":{"type":"LineString","coordinates":[[7.08156,49.31421],[7.08518,49.3139]]},"properties":{"d":"33476","load":1,"rf":0}},{"type":"Feature","geometry":{"type":"LineString","coordinates":[[7.08156,49.31421],[7.08326,49.31768]]},"properties":{"d":"33476","load":1,"rf":0}},{"type":"Feature","geometry":{"type":"LineString","coordinates":[[7.04217,49.29812],[7.03229,49.29727]]},"properties":{"d":"33476","load":0,"rf":0}},{"type":"Feature","geometry":{"type":"LineString","coordinates":[[7.04217,49.29812],[7.04322,49.29907]]},"properties":{"d":"33476","load":0,"rf":0}},{"type":"Feature","geometry":{"type":"LineString","coordinates":[[7.0706,49.31072],[7.0697,49.31096]]},"properties":{"d":"33476","load":0,"rf":0}},{"type":"Feature","geometry":{"type":"LineString","coordinates":[[7.06261,49.30907],[7.0549,49.30412]]},"properties":{"d":"33476","load":3,"rf":0}},{"type":"Feature","geometry":{"type":"LineString","coordinates":[[7.05658,49.30787],[7.05779,49.30363]]},"properties":{"d":"33476","load":0,"rf":0}},{"type":"Feature","geometry":{"type":"LineString","coordinates":[[7.0891,49.31601],[7.08915,49.31609]]},"properties":{"d":"33476","load":0,"rf":0}},{"type":"Feature","geometry":{"type":"LineString","coordinates":[[7.05923,49.30393],[7.05779,49.30363]]},"properties":{"d":"33476","load":0,"rf":0}},{"type":"Feature","geometry":{"type":"LineString","coordinates":[[7.07369,49.30466],[7.07413,49.3045]]},"properties":{"d":"33476","load":0,"rf":0}},{"type":"Feature","geometry":{"type":"LineString","coordinates":[[7.04302,49.29967],[7.04322,49.29907]]},"properties":{"d":"33476","load":0,"rf":0}},{"type":"Feature","geometry":{"type":"LineString","coordinates":[[7.08697,49.30654],[7.08332,49.30731]]},"properties":{"d":"33476","load":0,"rf":0}},{"type":"Feature","geometry":{"type":"LineString","coordinates":[[7.06282,49.31156],[7.05712,49.31229]]},"properties":{"d":"33476","load":52,"rf":0}},{"type":"Feature","geometry":{"type":"LineString","coordinates":[[7.08518,49.3139],[7.08915,49.31609]]},"properties":{"d":"33476","load":0,"rf":0}},{"type":"Feature","geometry":{"type":"LineString","coordinates":[[7.09918,49.3158],[7.08915,49.31609]]},"properties":{"d":"33476","load":0,"rf":0}},{"type":"Feature","geometry":{"type":"LineString","coordinates":[[7.06259,49.28288],[7.06403,49.28376]]},"properties":{"d":"33476","load":0,"rf":0}},{"type":"Feature","geometry":{"type":"LineString","coordinates":[[7.07038,49.2833],[7.07397,49.28456]]},"properties":{"d":"33476","load":1,"rf":0}},{"type":"Feature","geometry":{"type":"LineString","coordinates":[[7.07038,49.2833],[7.06975,49.28441]]},"properties":{"d":"33476","load":0,"rf":0}},{"type":"Feature","geometry":{"type":"LineString","coordinates":[[7.06413,49.28112],[7.06129,49.28318]]},"properties":{"d":"33476","load":1,"rf":0}},{"type":"Feature","geometry":{"type":"LineString","coordinates":[[7.06413,49.28112],[7.10302,49.27719]]},"properties":{"d":"33476","load":1,"rf":0}},{"type":"Feature","geometry":{"type":"LineString","coordinates":[[7.10302,49.27719],[7.07121,49.28942]]},"properties":{"d":"33476","load":2,"rf":0}},{"type":"Feature","geometry":{"type":"LineString","coordinates":[[7.07871,49.28943],[7.08225,49.29162]]},"properties":{"d":"33476","load":2,"rf":0}},{"type":"Feature","geometry":{"type":"LineString","coordinates":[[7.07397,49.28456],[7.07233,49.28669]]},"properties":{"d":"33476","load":1,"rf":0}},{"type":"Feature","geometry":{"type":"LineString","coordinates":[[7.06129,49.28318],[7.06403,49.28376]]},"properties":{"d":"33476","load":1,"rf":0}},{"type":"Feature","geometry":{"type":"LineString","coordinates":[[7.07121,49.28942],[7.07233,49.28669]]},"properties":{"d":"33476","load":2,"rf":0}},{"type":"Feature","geometry":{"type":"LineString","coordinates":[[7.07705,49.28633],[7.07318,49.28144]]},"properties":{"d":"33476","load":2,"rf":0}},{"type":"Feature","geometry":{"type":"LineString","coordinates":[[7.10302,49.27719],[7.07705,49.28633]]},"properties":{"d":"33476","load":1,"rf":0}},{"type":"Feature","geometry":{"type":"LineString","coordinates":[[7.07318,49.28144],[7.06857,49.28013]]},"properties":{"d":"33476","load":1,"rf":0}},{"type":"Feature","geometry":{"type":"LineString","coordinates":[[7.06838,49.28582],[7.06975,49.28441]]},"properties":{"d":"33476","load":0,"rf":0}},{"type":"Feature","geometry":{"type":"LineString","coordinates":[[7.10302,49.27719],[7.08225,49.29162]]},"properties":{"d":"33476","load":5,"rf":0}},{"type":"Feature","geometry":{"type":"LineString","coordinates":[[7.11784,49.28006],[7.11799,49.28055]]},"properties":{"d":"33476","load":4,"rf":0}},{"type":"Feature","geometry":{"type":"LineString","coordinates":[[7.11784,49.28006],[7.11817,49.28]]},"properties":{"d":"33476","load":2,"rf":0}},{"type":"Feature","geometry":{"type":"LineString","coordinates":[[7.10538,49.28499],[7.10483,49.28223]]},"properties":{"d":"33476","load":3,"rf":0}},{"type":"Feature","geometry":{"type":"LineString","coordinates":[[7.10538,49.28499],[7.10021,49.28884]]},"properties":{"d":"33476","load":1,"rf":0}},{"type":"Feature","geometry":{"type":"LineString","coordinates":[[7.09152,49.28272],[7.10302,49.27719]]},"properties":{"d":"33476","load":2,"rf":0}},{"type":"Feature","geometry":{"type":"LineString","coordinates":[[7.09152,49.28272],[7.08951,49.285]]},"properties":{"d":"33476","load":2,"rf":0}},{"type":"Feature","geometry":{"type":"LineString","coordinates":[[7.10892,49.26815],[7.10638,49.26717]]},"properties":{"d":"33476","load":1,"rf":0}},{"type":"Feature","geometry":{"type":"LineString","coordinates":[[7.11907,49.27727],[7.12149,49.27644]]},"properties":{"d":"33476","load":2,"rf":0}},{"type":"Feature","geometry":{"type":"LineString","coordinates":[[7.10302,49.27719],[7.11907,49.27727]]},"properties":{"d":"33476","load":3,"rf":0}},{"type":"Feature","geometry":{"type":"LineString","coordinates":[[7.12432,49.26817],[7.12534,49.26901]]},"properties":{"d":"33476","load":3,"rf":0}},{"type":"Feature","geometry":{"type":"LineString","coordinates":[[7.12432,49.26817],[7.12437,49.26788]]},"properties":{"d":"33476","load":4,"rf":0}},{"type":"Feature","geometry":{"type":"LineString","coordinates":[[7.10638,49.26717],[7.10591,49.2636]]},"properties":{"d":"33476","load":0,"rf":0}},{"type":"Feature","geometry":{"type":"LineString","coordinates":[[7.10638,49.26717],[7.11066,49.26424]]},"properties":{"d":"33476","load":1,"rf":0}},{"type":"Feature","geometry":{"type":"LineString","coordinates":[[7.10638,49.26717],[7.10754,49.26977]]},"properties":{"d":"33476","load":3,"rf":0}},{"type":"Feature","geometry":{"type":"LineString","coordinates":[[7.10638,49.26717],[7.10275,49.26405]]},"properties":{"d":"33476","load":2,"rf":0}},{"type":"Feature","geometry":{"type":"LineString","coordinates":[[7.12383,49.27628],[7.11511,49.27459]]},"properties":{"d":"33476","load":0,"rf":0}},{"type":"Feature","geometry":{"type":"LineString","coordinates":[[7.12383,49.27628],[7.12573,49.27931]]},"properties":{"d":"33476","load":1,"rf":0}},{"type":"Feature","geometry":{"type":"LineString","coordinates":[[7.092,49.27554],[7.09518,49.27731]]},"properties":{"d":"33476","load":7,"rf":0}},{"type":"Feature","geometry":{"type":"LineString","coordinates":[[7.11765,49.27367],[7.12133,49.27173]]},"properties":{"d":"33476","load":3,"rf":0}},{"type":"Feature","geometry":{"type":"LineString","coordinates":[[7.11765,49.27367],[7.10302,49.27719]]},"properties":{"d":"33476","load":4,"rf":0}},{"type":"Feature","geometry":{"type":"LineString","coordinates":[[7.1098,49.27528],[7.09739,49.27207]]},"properties":{"d":"33476","load":3,"rf":0}},{"type":"Feature","geometry":{"type":"LineString","coordinates":[[7.1098,49.27528],[7.11321,49.27681]]},"properties":{"d":"33476","load":32,"rf":0}},{"type":"Feature","geometry":{"type":"LineString","coordinates":[[7.1098,49.27528],[7.10906,49.27571]]},"properties":{"d":"33476","load":32,"rf":0}},{"type":"Feature","geometry":{"type":"LineString","coordinates":[[7.12133,49.27173],[7.11911,49.26878]]},"properties":{"d":"33476","load":1,"rf":0}},{"type":"Feature","geometry":{"type":"LineString","coordinates":[[7.11551,49.28957],[7.11938,49.2908]]},"properties":{"d":"33476","load":2,"rf":0}},{"type":"Feature","geometry":{"type":"LineString","coordinates":[[7.11551,49.28957],[7.11317,49.2894]]},"properties":{"d":"33476","load":6,"rf":0}},{"type":"Feature","geometry":{"type":"LineString","coordinates":[[7.10764,49.27957],[7.10483,49.28223]]},"properties":{"d":"33476","load":1,"rf":0}},{"type":"Feature","geometry":{"type":"LineString","coordinates":[[7.10302,49.27719],[7.10764,49.27957]]},"properties":{"d":"33476","load":1,"rf":0}},{"type":"Feature","geometry":{"type":"LineString","coordinates":[[7.08363,49.26757],[7.07845,49.2624]]},"properties":{"d":"33476","load":0,"rf":0}},{"type":"Feature","geometry":{"type":"LineString","coordinates":[[7.08363,49.26757],[7.07733,49.26832]]},"properties":{"d":"33476","load":0,"rf":0}},{"type":"Feature","geometry":{"type":"LineString","coordinates":[[7.08363,49.26757],[7.08644,49.26684]]},"properties":{"d":"33476","load":1,"rf":0}},{"type":"Feature","geometry":{"type":"LineString","coordinates":[[7.09604,49.28297],[7.09933,49.28365]]},"properties":{"d":"33476","load":0,"rf":0}},{"type":"Feature","geometry":{"type":"LineString","coordinates":[[7.09866,49.27042],[7.10392,49.2699]]},"properties":{"d":"33476","load":2,"rf":0}},{"type":"Feature","geometry":{"type":"LineString","coordinates":[[7.09866,49.27042],[7.10566,49.27567]]},"properties":{"d":"33476","load":2,"rf":0}},{"type":"Feature","geometry":{"type":"LineString","coordinates":[[7.10239,49.27343],[7.10049,49.2746]]},"properties":{"d":"33476","load":2,"rf":0}},{"type":"Feature","geometry":{"type":"LineString","coordinates":[[7.10239,49.27343],[7.08644,49.26684]]},"properties":{"d":"33476","load":1,"rf":0}},{"type":"Feature","geometry":{"type":"LineString","coordinates":[[7.08636,49.26459],[7.08584,49.26179]]},"properties":{"d":"33476","load":1,"rf":0}},{"type":"Feature","geometry":{"type":"LineString","coordinates":[[7.08636,49.26459],[7.08576,49.26779]]},"properties":{"d":"33476","load":1,"rf":0}},{"type":"Feature","geometry":{"type":"LineString","coordinates":[[7.11763,49.28718],[7.12035,49.28782]]},"properties":{"d":"33476","load":2,"rf":0}},{"type":"Feature","geometry":{"type":"LineString","coordinates":[[7.11763,49.28718],[7.11216,49.28539]]},"properties":{"d":"33476","load":3,"rf":0}},{"type":"Feature","geometry":{"type":"LineString","coordinates":[[7.11759,49.27048],[7.11392,49.26681]]},"properties":{"d":"33476","load":1,"rf":0}},{"type":"Feature","geometry":{"type":"LineString","coordinates":[[7.07691,49.26034],[7.07845,49.2624]]},"properties":{"d":"33476","load":0,"rf":0}},{"type":"Feature","geometry":{"type":"LineString","coordinates":[[7.10302,49.27719],[7.08224,49.26157]]},"properties":{"d":"33476","load":1,"rf":0}},{"type":"Feature","geometry":{"type":"LineString","coordinates":[[7.09518,49.27731],[7.10153,49.27653]]},"properties":{"d":"33476","load":1,"rf":0}},{"type":"Feature","geometry":{"type":"LineString","coordinates":[[7.09518,49.27731],[7.09699,49.27836]]},"properties":{"d":"33476","load":1,"rf":0}},{"type":"Feature","geometry":{"type":"LineString","coordinates":[[7.12149,49.27644],[7.12249,49.27459]]},"properties":{"d":"33476","load":2,"rf":0}},{"type":"Feature","geometry":{"type":"LineString","coordinates":[[7.12278,49.28151],[7.11799,49.28055]]},"properties":{"d":"33476","load":5,"rf":0}},{"type":"Feature","geometry":{"type":"LineString","coordinates":[[7.09972,49.28181],[7.09933,49.28365]]},"properties":{"d":"33476","load":1,"rf":0}},{"type":"Feature","geometry":{"type":"LineString","coordinates":[[7.09972,49.28181],[7.09699,49.27836]]},"properties":{"d":"33476","load":1,"rf":0}},{"type":"Feature","geometry":{"type":"LineString","coordinates":[[7.12493,49.27882],[7.11817,49.28]]},"properties":{"d":"33476","load":2,"rf":0}},{"type":"Feature","geometry":{"type":"LineString","coordinates":[[7.12493,49.27882],[7.12573,49.27931]]},"properties":{"d":"33476","load":2,"rf":0}},{"type":"Feature","geometry":{"type":"LineString","coordinates":[[7.12035,49.28782],[7.11938,49.2908]]},"properties":{"d":"33476","load":0,"rf":0}},{"type":"Feature","geometry":{"type":"LineString","coordinates":[[7.11511,49.27459],[7.11099,49.27204]]},"properties":{"d":"33476","load":1,"rf":0}},{"type":"Feature","geometry":{"type":"LineString","coordinates":[[7.09303,49.28501],[7.08951,49.285]]},"properties":{"d":"33476","load":2,"rf":0}},{"type":"Feature","geometry":{"type":"LineString","coordinates":[[7.09303,49.28501],[7.09757,49.28512]]},"properties":{"d":"33476","load":2,"rf":0}},{"type":"Feature","geometry":{"type":"LineString","coordinates":[[7.11099,49.27204],[7.10754,49.26977]]},"properties":{"d":"33476","load":2,"rf":0}},{"type":"Feature","geometry":{"type":"LineString","coordinates":[[7.11557,49.27212],[7.11318,49.2702]]},"properties":{"d":"33476","load":3,"rf":0}},{"type":"Feature","geometry":{"type":"LineString","coordinates":[[7.11557,49.27212],[7.11233,49.27473]]},"properties":{"d":"33476","load":4,"rf":0}},{"type":"Feature","geometry":{"type":"LineString","coordinates":[[7.10617,49.26208],[7.10509,49.2627]]},"properties":{"d":"33476","load":0,"rf":0}},{"type":"Feature","geometry":{"type":"LineString","coordinates":[[7.12444,49.2725],[7.12698,49.27037]]},"properties":{"d":"33476","load":5,"rf":0}},{"type":"Feature","geometry":{"type":"LineString","coordinates":[[7.12444,49.2725],[7.12249,49.27459]]},"properties":{"d":"33476","load":6,"rf":0}},{"type":"Feature","geometry":{"type":"LineString","coordinates":[[7.08474,49.26857],[7.08576,49.26779]]},"properties":{"d":"33476","load":0,"rf":0}},{"type":"Feature","geometry":{"type":"LineString","coordinates":[[7.08584,49.26179],[7.08224,49.26157]]},"properties":{"d":"33476","load":1,"rf":0}},{"type":"Feature","geometry":{"type":"LineString","coordinates":[[7.08584,49.26179],[7.08422,49.26034]]},"properties":{"d":"33476","load":0,"rf":0}},{"type":"Feature","geometry":{"type":"LineString","coordinates":[[7.1207,49.26701],[7.1181,49.26732]]},"properties":{"d":"33476","load":1,"rf":0}},{"type":"Feature","geometry":{"type":"LineString","coordinates":[[7.1207,49.26701],[7.12437,49.26788]]},"properties":{"d":"33476","load":0,"rf":0}},{"type":"Feature","geometry":{"type":"LineString","coordinates":[[7.09738,49.28763],[7.10019,49.28721]]},"properties":{"d":"33476","load":0,"rf":0}},{"type":"Feature","geometry":{"type":"LineString","coordinates":[[7.0971,49.28528],[7.09757,49.28512]]},"properties":{"d":"33476","load":0,"rf":0}},{"type":"Feature","geometry":{"type":"LineString","coordinates":[[7.11392,49.26681],[7.1128,49.26618]]},"properties":{"d":"33476","load":3,"rf":0}},{"type":"Feature","geometry":{"type":"LineString","coordinates":[[7.11353,49.28125],[7.11188,49.28048]]},"properties":{"d":"33476","load":9,"rf":0}},{"type":"Feature","geometry":{"type":"LineString","coordinates":[[7.11353,49.28125],[7.11405,49.28305]]},"properties":{"d":"33476","load":9,"rf":0}},{"type":"Feature","geometry":{"type":"LineString","coordinates":[[7.11188,49.28048],[7.10617,49.27887]]},"properties":{"d":"33476","load":2,"rf":0}},{"type":"Feature","geometry":{"type":"LineString","coordinates":[[7.10392,49.2699],[7.10305,49.26808]]},"properties":{"d":"33476","load":6,"rf":0}},{"type":"Feature","geometry":{"type":"LineString","coordinates":[[7.12252,49.28481],[7.11629,49.2823]]},"properties":{"d":"33476","load":9,"rf":0}},{"type":"Feature","geometry":{"type":"LineString","coordinates":[[7.12252,49.28481],[7.12248,49.28707]]},"properties":{"d":"33476","load":3,"rf":0}},{"type":"Feature","geometry":{"type":"LineString","coordinates":[[7.09383,49.27157],[7.09246,49.27097]]},"properties":{"d":"33476","load":1,"rf":0}},{"type":"Feature","geometry":{"type":"LineString","coordinates":[[7.0992,49.27746],[7.10153,49.27653]]},"properties":{"d":"33476","load":0,"rf":0}},{"type":"Feature","geometry":{"type":"LineString","coordinates":[[7.11216,49.28539],[7.10935,49.28621]]},"properties":{"d":"33476","load":6,"rf":0}},{"type":"Feature","geometry":{"type":"LineString","coordinates":[[7.10305,49.26808],[7.1021,49.26569]]},"properties":{"d":"33476","load":2,"rf":0}},{"type":"Feature","geometry":{"type":"LineString","coordinates":[[7.11209,49.27779],[7.11553,49.2781]]},"properties":{"d":"33476","load":8,"rf":0}},{"type":"Feature","geometry":{"type":"LineString","coordinates":[[7.11209,49.27779],[7.10871,49.27677]]},"properties":{"d":"33476","load":7,"rf":0}},{"type":"Feature","geometry":{"type":"LineString","coordinates":[[7.10049,49.2746],[7.10184,49.275]]},"properties":{"d":"33476","load":0,"rf":0}},{"type":"Feature","geometry":{"type":"LineString","coordinates":[[7.10593,49.27912],[7.10617,49.27887]]},"properties":{"d":"33476","load":6,"rf":0}},{"type":"Feature","geometry":{"type":"LineString","coordinates":[[7.11553,49.2781],[7.11321,49.27681]]},"properties":{"d":"33476","load":8,"rf":0}},{"type":"Feature","geometry":{"type":"LineString","coordinates":[[7.09739,49.27207],[7.09609,49.27169]]},"properties":{"d":"33476","load":2,"rf":0}},{"type":"Feature","geometry":{"type":"LineString","coordinates":[[7.10021,49.28884],[7.09732,49.29013]]},"properties":{"d":"33476","load":1,"rf":0}},{"type":"Feature","geometry":{"type":"LineString","coordinates":[[7.11405,49.28305],[7.11317,49.2894]]},"properties":{"d":"33476","load":8,"rf":0}},{"type":"Feature","geometry":{"type":"LineString","coordinates":[[7.10753,49.28637],[7.10764,49.28506]]},"properties":{"d":"33476","load":1,"rf":0}},{"type":"Feature","geometry":{"type":"LineString","coordinates":[[7.09732,49.29013],[7.10054,49.28761]]},"properties":{"d":"33476","load":1,"rf":0}},{"type":"Feature","geometry":{"type":"LineString","coordinates":[[7.09979,49.26265],[7.10235,49.26288]]},"properties":{"d":"33476","load":1,"rf":0}},{"type":"Feature","geometry":{"type":"LineString","coordinates":[[7.11125,49.27431],[7.11233,49.27473]]},"properties":{"d":"33476","load":0,"rf":0}},{"type":"Feature","geometry":{"type":"LineString","coordinates":[[7.11629,49.2823],[7.11799,49.28055]]},"properties":{"d":"33476","load":8,"rf":0}},{"type":"Feature","geometry":{"type":"LineString","coordinates":[[7.1255,49.2814],[7.12569,49.28086]]},"properties":{"d":"33476","load":0,"rf":0}},{"type":"Feature","geometry":{"type":"LineString","coordinates":[[7.10935,49.28621],[7.10764,49.28506]]},"properties":{"d":"33476","load":6,"rf":0}},{"type":"Feature","geometry":{"type":"LineString","coordinates":[[7.12698,49.27037],[7.12534,49.26901]]},"properties":{"d":"33476","load":3,"rf":0}},{"type":"Feature","geometry":{"type":"LineString","coordinates":[[7.1021,49.26569],[7.10275,49.26405]]},"properties":{"d":"33476","load":2,"rf":0}},{"type":"Feature","geometry":{"type":"LineString","coordinates":[[7.1181,49.26732],[7.11911,49.26878]]},"properties":{"d":"33476","load":1,"rf":0}},{"type":"Feature","geometry":{"type":"LineString","coordinates":[[7.11317,49.2894],[7.1091,49.29937]]},"properties":{"d":"33476","load":0,"rf":0}},{"type":"Feature","geometry":{"type":"LineString","coordinates":[[7.12248,49.28707],[7.11821,49.28353]]},"properties":{"d":"33476","load":3,"rf":0}},{"type":"Feature","geometry":{"type":"LineString","coordinates":[[7.10203,49.26129],[7.10235,49.26288]]},"properties":{"d":"33476","load":0,"rf":0}},{"type":"Feature","geometry":{"type":"LineString","coordinates":[[7.10855,49.27629],[7.10843,49.27669]]},"properties":{"d":"33476","load":1,"rf":0}},{"type":"Feature","geometry":{"type":"LineString","coordinates":[[7.10843,49.27669],[7.10871,49.27677]]},"properties":{"d":"33476","load":7,"rf":0}},{"type":"Feature","geometry":{"type":"LineString","coordinates":[[7.10302,49.27719],[7.10843,49.27669]]},"properties":{"d":"33476","load":6,"rf":0}},{"type":"Feature","geometry":{"type":"LineString","coordinates":[[7.1082,49.28201],[7.10927,49.28325]]},"properties":{"d":"33476","load":8,"rf":0}},{"type":"Feature","geometry":{"type":"LineString","coordinates":[[7.10302,49.27719],[7.1082,49.28201]]},"properties":{"d":"33476","load":8,"rf":0}},{"type":"Feature","geometry":{"type":"LineString","coordinates":[[7.10302,49.27719],[7.11821,49.28353]]},"properties":{"d":"33476","load":3,"rf":0}},{"type":"Feature","geometry":{"type":"LineString","coordinates":[[7.09708,49.27853],[7.09699,49.27836]]},"properties":{"d":"33476","load":0,"rf":0}},{"type":"Feature","geometry":{"type":"LineString","coordinates":[[7.10158,49.28721],[7.10025,49.28511]]},"properties":{"d":"33476","load":0,"rf":0}},{"type":"Feature","geometry":{"type":"LineString","coordinates":[[7.10158,49.28721],[7.10054,49.28761]]},"properties":{"d":"33476","load":1,"rf":0}},{"type":"Feature","geometry":{"type":"LineString","coordinates":[[7.11318,49.2702],[7.1128,49.26618]]},"properties":{"d":"33476","load":3,"rf":0}},{"type":"Feature","geometry":{"type":"LineString","coordinates":[[7.10019,49.28721],[7.10054,49.28761]]},"properties":{"d":"33476","load":0,"rf":0}},{"type":"Feature","geometry":{"type":"LineString","coordinates":[[7.10927,49.28325],[7.10764,49.28506]]},"properties":{"d":"33476","load":7,"rf":0}},{"type":"Feature","geometry":{"type":"LineString","coordinates":[[7.10302,49.27719],[7.10566,49.27567]]},"properties":{"d":"33476","load":3,"rf":0}},{"type":"Feature","geometry":{"type":"LineString","coordinates":[[7.10842,49.26413],[7.1128,49.26618]]},"properties":{"d":"33476","load":0,"rf":0}},{"type":"Feature","geometry":{"type":"LineString","coordinates":[[7.10025,49.28511],[7.09757,49.28512]]},"properties":{"d":"33476","load":1,"rf":0}},{"type":"Feature","geometry":{"type":"LineString","coordinates":[[7.10275,49.26405],[7.10235,49.26288]]},"properties":{"d":"33476","load":1,"rf":0}},{"type":"Feature","geometry":{"type":"LineString","coordinates":[[7.10275,49.26405],[7.10509,49.2627]]},"properties":{"d":"33476","load":0,"rf":0}},{"type":"Feature","geometry":{"type":"LineString","coordinates":[[7.08824,49.26915],[7.08576,49.26779]]},"properties":{"d":"33476","load":0,"rf":0}},{"type":"Feature","geometry":{"type":"LineString","coordinates":[[7.08824,49.26915],[7.09246,49.27097]]},"properties":{"d":"33476","load":0,"rf":0}},{"type":"Feature","geometry":{"type":"LineString","coordinates":[[7.08175,49.3019],[7.08552,49.30299]]},"properties":{"d":"33476","load":0,"rf":0}},{"type":"Feature","geometry":{"type":"LineString","coordinates":[[7.0848,49.29719],[7.08869,49.29832]]},"properties":{"d":"33476","load":0,"rf":0}},{"type":"Feature","geometry":{"type":"LineString","coordinates":[[7.09282,49.29639],[7.09046,49.29571]]},"properties":{"d":"33476","load":0,"rf":0}},{"type":"Feature","geometry":{"type":"LineString","coordinates":[[7.12728,49.25428],[7.09923,49.25548]]},"properties":{"d":"33476","load":0,"rf":0}},{"type":"Feature","geometry":{"type":"LineString","coordinates":[[7.10302,49.27719],[7.09923,49.25548]]},"properties":{"d":"33476","load":1,"rf":0}},{"type":"Feature","geometry":{"type":"LineString","coordinates":[[7.12728,49.25428],[7.13113,49.24898]]},"properties":{"d":"33476","load":0,"rf":0}},{"type":"Feature","geometry":{"type":"LineString","coordinates":[[7.12728,49.25428],[7.1147,49.26617]]},"properties":{"d":"33476","load":2,"rf":0}},{"type":"Feature","geometry":{"type":"LineString","coordinates":[[7.0958,49.27201],[7.09609,49.27169]]},"properties":{"d":"33476","load":1,"rf":0}},{"type":"Feature","geometry":{"type":"LineString","coordinates":[[7.09567,49.27255],[7.09609,49.27169]]},"properties":{"d":"33476","load":1,"rf":0}},{"type":"Feature","geometry":{"type":"LineString","coordinates":[[7.10368,49.27509],[7.10354,49.27549]]},"properties":{"d":"33476","load":1,"rf":0}},{"type":"Feature","geometry":{"type":"LineString","coordinates":[[7.10416,49.27852],[7.10459,49.27826]]},"properties":{"d":"33476","load":7,"rf":0}},{"type":"Feature","geometry":{"type":"LineString","coordinates":[[7.10895,49.27577],[7.10906,49.27571]]},"properties":{"d":"33476","load":1,"rf":0}},{"type":"Feature","geometry":{"type":"LineString","coordinates":[[7.12792,49.26682],[7.12437,49.26788]]},"properties":{"d":"33476","load":4,"rf":0}},{"type":"Feature","geometry":{"type":"LineString","coordinates":[[7.10503,49.27854],[7.10459,49.27826]]},"properties":{"d":"33476","load":7,"rf":0}},{"type":"Feature","geometry":{"type":"LineString","coordinates":[[7.10503,49.27854],[7.10503,49.27854]]},"properties":{"d":"33476","load":0,"rf":0}},{"type":"Feature","geometry":{"type":"LineString","coordinates":[[7.09246,49.27097],[7.09609,49.27169]]},"properties":{"d":"33476","load":1,"rf":0}},{"type":"Feature","geometry":{"type":"LineString","coordinates":[[7.10302,49.27719],[7.10153,49.27653]]},"properties":{"d":"33476","load":1,"rf":0}},{"type":"Feature","geometry":{"type":"LineString","coordinates":[[7.10302,49.27719],[7.10617,49.27887]]},"properties":{"d":"33476","load":4,"rf":0}},{"type":"Feature","geometry":{"type":"LineString","coordinates":[[7.10302,49.27719],[7.10459,49.27826]]},"properties":{"d":"33476","load":1,"rf":0}},{"type":"Feature","geometry":{"type":"LineString","coordinates":[[7.06975,49.28441],[7.06403,49.28376]]},"properties":{"d":"33476","load":0,"rf":0}},{"type":"Feature","geometry":{"type":"LineString","coordinates":[[7.10354,49.27549],[7.10184,49.275]]},"properties":{"d":"33476","load":0,"rf":0}},{"type":"Feature","geometry":{"type":"LineString","coordinates":[[7.10302,49.27719],[7.10354,49.27549]]},"properties":{"d":"33476","load":0,"rf":0}},{"type":"Feature","geometry":{"type":"LineString","coordinates":[[7.10302,49.27719],[7.05779,49.30363]]},"properties":{"d":"33476","load":0,"rf":0}},{"type":"Feature","geometry":{"type":"LineString","coordinates":[[7.08552,49.30299],[7.08869,49.29832]]},"properties":{"d":"33476","load":2,"rf":0}},{"type":"Feature","geometry":{"type":"LineString","coordinates":[[7.08869,49.29832],[7.09046,49.29571]]},"properties":{"d":"33476","load":2,"rf":0}},{"type":"Feature","geometry":{"type":"LineString","coordinates":[[7.10302,49.27719],[7.09046,49.29571]]},"properties":{"d":"33476","load":2,"rf":0}},{"type":"Feature","geometry":{"type":"LineString","coordinates":[[7.10302,49.27719],[7.1147,49.26617]]},"properties":{"d":"33476","load":2,"rf":0}},{"type":"Feature","geometry":{"type":"LineString","coordinates":[[7.10302,49.27719],[7.10503,49.27854]]},"properties":{"d":"33476","load":0,"rf":0}},{"type":"Feature","geometry":{"type":"LineString","coordinates":[[7.12573,49.27931],[7.12569,49.28086]]},"properties":{"d":"33476","load":0,"rf":0}},{"type":"Feature","geometry":{"type":"LineString","coordinates":[[7.10302,49.27719],[7.11233,49.27473]]},"properties":{"d":"33476","load":4,"rf":0}},{"type":"Feature","geometry":{"type":"LineString","coordinates":[[7.2666,49.23579],[7.2698,49.23486]]},"properties":{"d":"33561","load":3,"rf":0}},{"type":"Feature","geometry":{"type":"LineString","coordinates":[[7.34591,49.25033],[7.34571,49.2501]]},"properties":{"d":"33561","load":2,"rf":0}},{"type":"Feature","geometry":{"type":"LineString","coordinates":[[7.33663,49.25343],[7.33583,49.25332]]},"properties":{"d":"33561","load":3,"rf":0}},{"type":"Feature","geometry":{"type":"LineString","coordinates":[[7.27243,49.24134],[7.27312,49.2424]]},"properties":{"d":"33561","load":0,"rf":0}},{"type":"Feature","geometry":{"type":"LineString","coordinates":[[7.30989,49.24822],[7.30982,49.24849]]},"properties":{"d":"33561","load":0,"rf":0}},{"type":"Feature","geometry":{"type":"LineString","coordinates":[[7.24222,49.19782],[7.24107,49.19869]]},"properties":{"d":"33561","load":3,"rf":0}},{"type":"Feature","geometry":{"type":"LineString","coordinates":[[7.29082,49.25107],[7.29002,49.25324]]},"properties":{"d":"33561","load":17,"rf":0}},{"type":"Feature","geometry":{"type":"LineString","coordinates":[[7.29082,49.25107],[7.29108,49.24899]]},"properties":{"d":"33561","load":33,"rf":0}},{"type":"Feature","geometry":{"type":"LineString","coordinates":[[7.29388,49.2464],[7.29385,49.24652]]},"properties":{"d":"33561","load":17,"rf":0}},{"type":"Feature","geometry":{"type":"LineString","coordinates":[[7.3079,49.13908],[7.31005,49.13474]]},"properties":{"d":"33561","load":2,"rf":0}},{"type":"Feature","geometry":{"type":"LineString","coordinates":[[7.27085,49.23775],[7.26697,49.24008]]},"properties":{"d":"33561","load":4,"rf":0}},{"type":"Feature","geometry":{"type":"LineString","coordinates":[[7.26697,49.24008],[7.25908,49.24564]]},"properties":{"d":"33561","load":2,"rf":0}},{"type":"Feature","geometry":{"type":"LineString","coordinates":[[7.33353,49.25128],[7.1856,49.22883]]},"properties":{"d":"33561","load":12,"rf":0}},{"type":"Feature","geometry":{"type":"LineString","coordinates":[[7.1856,49.22883],[7.18506,49.22407]]},"properties":{"d":"33561","load":10,"rf":0}},{"type":"Feature","geometry":{"type":"LineString","coordinates":[[7.184,49.21457],[7.18997,49.21674]]},"properties":{"d":"33561","load":4,"rf":0}},{"type":"Feature","geometry":{"type":"LineString","coordinates":[[7.20151,49.21818],[7.184,49.21457]]},"properties":{"d":"33561","load":1,"rf":0}},{"type":"Feature","geometry":{"type":"LineString","coordinates":[[7.18997,49.21674],[7.18536,49.21805]]},"properties":{"d":"33561","load":6,"rf":0}},{"type":"Feature","geometry":{"type":"LineString","coordinates":[[7.18536,49.21805],[7.18488,49.22244]]},"properties":{"d":"33561","load":8,"rf":0}},{"type":"Feature","geometry":{"type":"LineString","coordinates":[[7.18368,49.22414],[7.18506,49.22407]]},"properties":{"d":"33561","load":0,"rf":0}},{"type":"Feature","geometry":{"type":"LineString","coordinates":[[7.18984,49.2222],[7.18488,49.22244]]},"properties":{"d":"33561","load":1,"rf":0}},{"type":"Feature","geometry":{"type":"LineString","coordinates":[[7.19225,49.24744],[7.19532,49.24619]]},"properties":{"d":"33561","load":1,"rf":0}},{"type":"Feature","geometry":{"type":"LineString","coordinates":[[7.19359,49.24254],[7.19309,49.24286]]},"properties":{"d":"33561","load":1,"rf":0}},{"type":"Feature","geometry":{"type":"LineString","coordinates":[[7.20586,49.24853],[7.20303,49.24593]]},"properties":{"d":"33561","load":2,"rf":0}},{"type":"Feature","geometry":{"type":"LineString","coordinates":[[7.2108,49.24268],[7.20497,49.24428]]},"properties":{"d":"33561","load":2,"rf":0}},{"type":"Feature","geometry":{"type":"LineString","coordinates":[[7.22388,49.2217],[7.2108,49.24268]]},"properties":{"d":"33561","load":0,"rf":0}},{"type":"Feature","geometry":{"type":"LineString","coordinates":[[7.20497,49.24428],[7.20303,49.24593]]},"properties":{"d":"33561","load":4,"rf":0}},{"type":"Feature","geometry":{"type":"LineString","coordinates":[[7.20497,49.24428],[7.33353,49.25128]]},"properties":{"d":"33561","load":4,"rf":0}},{"type":"Feature","geometry":{"type":"LineString","coordinates":[[7.21385,49.24478],[7.21011,49.24476]]},"properties":{"d":"33561","load":1,"rf":0}},{"type":"Feature","geometry":{"type":"LineString","coordinates":[[7.18812,49.24113],[7.19309,49.24286]]},"properties":{"d":"33561","load":0,"rf":0}},{"type":"Feature","geometry":{"type":"LineString","coordinates":[[7.19859,49.2471],[7.19532,49.24619]]},"properties":{"d":"33561","load":2,"rf":0}},{"type":"Feature","geometry":{"type":"LineString","coordinates":[[7.19859,49.2471],[7.20303,49.24593]]},"properties":{"d":"33561","load":2,"rf":0}},{"type":"Feature","geometry":{"type":"LineString","coordinates":[[7.20151,49.21818],[7.20345,49.2206]]},"properties":{"d":"33561","load":0,"rf":0}},{"type":"Feature","geometry":{"type":"LineString","coordinates":[[7.21108,49.22169],[7.20567,49.21994]]},"properties":{"d":"33561","load":1,"rf":0}},{"type":"Feature","geometry":{"type":"LineString","coordinates":[[7.20345,49.2206],[7.20567,49.21994]]},"properties":{"d":"33561","load":1,"rf":0}},{"type":"Feature","geometry":{"type":"LineString","coordinates":[[7.20879,49.25724],[7.21011,49.24476]]},"properties":{"d":"33561","load":0,"rf":0}},{"type":"Feature","geometry":{"type":"LineString","coordinates":[[7.2112,49.20587],[7.21645,49.20432]]},"properties":{"d":"33561","load":2,"rf":0}},{"type":"Feature","geometry":{"type":"LineString","coordinates":[[7.21567,49.20319],[7.21645,49.20432]]},"properties":{"d":"33561","load":5,"rf":0}},{"type":"Feature","geometry":{"type":"LineString","coordinates":[[7.21567,49.20319],[7.22849,49.19179]]},"properties":{"d":"33561","load":6,"rf":0}},{"type":"Feature","geometry":{"type":"LineString","coordinates":[[7.20719,49.21311],[7.21131,49.21715]]},"properties":{"d":"33561","load":0,"rf":0}},{"type":"Feature","geometry":{"type":"LineString","coordinates":[[7.22205,49.21245],[7.21645,49.20432]]},"properties":{"d":"33561","load":3,"rf":0}},{"type":"Feature","geometry":{"type":"LineString","coordinates":[[7.22205,49.21245],[7.21131,49.21715]]},"properties":{"d":"33561","load":3,"rf":0}},{"type":"Feature","geometry":{"type":"LineString","coordinates":[[7.2187,49.251],[7.21945,49.24507]]},"properties":{"d":"33561","load":0,"rf":0}},{"type":"Feature","geometry":{"type":"LineString","coordinates":[[7.22868,49.19162],[7.23194,49.19348]]},"properties":{"d":"33561","load":8,"rf":0}},{"type":"Feature","geometry":{"type":"LineString","coordinates":[[7.22868,49.19162],[7.22849,49.19179]]},"properties":{"d":"33561","load":6,"rf":0}},{"type":"Feature","geometry":{"type":"LineString","coordinates":[[7.22388,49.18956],[7.22849,49.19179]]},"properties":{"d":"33561","load":1,"rf":0}},{"type":"Feature","geometry":{"type":"LineString","coordinates":[[7.22388,49.2217],[7.24606,49.19704]]},"properties":{"d":"33561","load":0,"rf":0}},{"type":"Feature","geometry":{"type":"LineString","coordinates":[[7.22823,49.24821],[7.22856,49.24557]]},"properties":{"d":"33561","load":0,"rf":0}},{"type":"Feature","geometry":{"type":"LineString","coordinates":[[7.23744,49.23044],[7.23501,49.23846]]},"properties":{"d":"33561","load":0,"rf":0}},{"type":"Feature","geometry":{"type":"LineString","coordinates":[[7.25182,49.21284],[7.24798,49.21324]]},"properties":{"d":"33561","load":1,"rf":0}},{"type":"Feature","geometry":{"type":"LineString","coordinates":[[7.25182,49.21284],[7.24834,49.21103]]},"properties":{"d":"33561","load":5,"rf":0}},{"type":"Feature","geometry":{"type":"LineString","coordinates":[[7.25182,49.21284],[7.25503,49.21633]]},"properties":{"d":"33561","load":8,"rf":0}},{"type":"Feature","geometry":{"type":"LineString","coordinates":[[7.24834,49.21103],[7.24716,49.2012]]},"properties":{"d":"33561","load":5,"rf":0}},{"type":"Feature","geometry":{"type":"LineString","coordinates":[[7.25503,49.21633],[7.31581,49.2423]]},"properties":{"d":"33561","load":11,"rf":0}},{"type":"Feature","geometry":{"type":"LineString","coordinates":[[7.24335,49.18487],[7.23194,49.19348]]},"properties":{"d":"33561","load":0,"rf":0}},{"type":"Feature","geometry":{"type":"LineString","coordinates":[[7.24606,49.19704],[7.24716,49.2012]]},"properties":{"d":"33561","load":3,"rf":0}},{"type":"Feature","geometry":{"type":"LineString","coordinates":[[7.24606,49.19704],[7.24955,49.19531]]},"properties":{"d":"33561","load":1,"rf":0}},{"type":"Feature","geometry":{"type":"LineString","coordinates":[[7.24606,49.19704],[7.25774,49.18659]]},"properties":{"d":"33561","load":0,"rf":0}},{"type":"Feature","geometry":{"type":"LineString","coordinates":[[7.24268,49.24777],[7.24286,49.24636]]},"properties":{"d":"33561","load":0,"rf":0}},{"type":"Feature","geometry":{"type":"LineString","coordinates":[[7.23916,49.23976],[7.23501,49.23846]]},"properties":{"d":"33561","load":1,"rf":0}},{"type":"Feature","geometry":{"type":"LineString","coordinates":[[7.23916,49.23976],[7.29385,49.24652]]},"properties":{"d":"33561","load":2,"rf":0}},{"type":"Feature","geometry":{"type":"LineString","coordinates":[[7.23385,49.2383],[7.23501,49.23846]]},"properties":{"d":"33561","load":1,"rf":0}},{"type":"Feature","geometry":{"type":"LineString","coordinates":[[7.2544,49.24167],[7.33353,49.25128]]},"properties":{"d":"33561","load":12,"rf":0}},{"type":"Feature","geometry":{"type":"LineString","coordinates":[[7.2544,49.24167],[7.25364,49.23732]]},"properties":{"d":"33561","load":9,"rf":0}},{"type":"Feature","geometry":{"type":"LineString","coordinates":[[7.24586,49.23739],[7.25371,49.23601]]},"properties":{"d":"33561","load":4,"rf":0}},{"type":"Feature","geometry":{"type":"LineString","coordinates":[[7.24586,49.23739],[7.24973,49.23749]]},"properties":{"d":"33561","load":2,"rf":0}},{"type":"Feature","geometry":{"type":"LineString","coordinates":[[7.24882,49.25491],[7.25311,49.25489]]},"properties":{"d":"33561","load":3,"rf":0}},{"type":"Feature","geometry":{"type":"LineString","coordinates":[[7.24882,49.25491],[7.2463,49.25325]]},"properties":{"d":"33561","load":0,"rf":0}},{"type":"Feature","geometry":{"type":"LineString","coordinates":[[7.25731,49.24859],[7.25579,49.25126]]},"properties":{"d":"33561","load":2,"rf":0}},{"type":"Feature","geometry":{"type":"LineString","coordinates":[[7.25731,49.24859],[7.25908,49.24564]]},"properties":{"d":"33561","load":0,"rf":0}},{"type":"Feature","geometry":{"type":"LineString","coordinates":[[7.25731,49.24859],[7.25414,49.25426]]},"properties":{"d":"33561","load":6,"rf":0}},{"type":"Feature","geometry":{"type":"LineString","coordinates":[[7.25731,49.24859],[7.28455,49.26274]]},"properties":{"d":"33561","load":13,"rf":0}},{"type":"Feature","geometry":{"type":"LineString","coordinates":[[7.25819,49.23778],[7.25639,49.23322]]},"properties":{"d":"33561","load":1,"rf":0}},{"type":"Feature","geometry":{"type":"LineString","coordinates":[[7.25819,49.23778],[7.25364,49.23732]]},"properties":{"d":"33561","load":3,"rf":0}},{"type":"Feature","geometry":{"type":"LineString","coordinates":[[7.25311,49.25489],[7.25414,49.25426]]},"properties":{"d":"33561","load":4,"rf":0}},{"type":"Feature","geometry":{"type":"LineString","coordinates":[[7.25561,49.25906],[7.25414,49.25426]]},"properties":{"d":"33561","load":1,"rf":0}},{"type":"Feature","geometry":{"type":"LineString","coordinates":[[7.25561,49.25906],[7.25014,49.2594]]},"properties":{"d":"33561","load":1,"rf":0}},{"type":"Feature","geometry":{"type":"LineString","coordinates":[[7.25371,49.23601],[7.25364,49.23732]]},"properties":{"d":"33561","load":5,"rf":0}},{"type":"Feature","geometry":{"type":"LineString","coordinates":[[7.2496,49.26098],[7.25014,49.2594]]},"properties":{"d":"33561","load":0,"rf":0}},{"type":"Feature","geometry":{"type":"LineString","coordinates":[[7.24228,49.26212],[7.25014,49.2594]]},"properties":{"d":"33561","load":0,"rf":0}},{"type":"Feature","geometry":{"type":"LineString","coordinates":[[7.27085,49.23775],[7.27364,49.23825]]},"properties":{"d":"33561","load":6,"rf":0}},{"type":"Feature","geometry":{"type":"LineString","coordinates":[[7.27152,49.22813],[7.26618,49.2272]]},"properties":{"d":"33561","load":2,"rf":0}},{"type":"Feature","geometry":{"type":"LineString","coordinates":[[7.26767,49.23173],[7.26618,49.2272]]},"properties":{"d":"33561","load":3,"rf":0}},{"type":"Feature","geometry":{"type":"LineString","coordinates":[[7.26767,49.23173],[7.2698,49.23486]]},"properties":{"d":"33561","load":7,"rf":0}},{"type":"Feature","geometry":{"type":"LineString","coordinates":[[7.27712,49.24063],[7.30124,49.24432]]},"properties":{"d":"33561","load":36,"rf":0}},{"type":"Feature","geometry":{"type":"LineString","coordinates":[[7.27712,49.24063],[7.27377,49.23907]]},"properties":{"d":"33561","load":30,"rf":0}},{"type":"Feature","geometry":{"type":"LineString","coordinates":[[7.27349,49.23125],[7.27009,49.23528]]},"properties":{"d":"33561","load":10,"rf":0}},{"type":"Feature","geometry":{"type":"LineString","coordinates":[[7.27243,49.24134],[7.27377,49.23907]]},"properties":{"d":"33561","load":2,"rf":0}},{"type":"Feature","geometry":{"type":"LineString","coordinates":[[7.27654,49.21194],[7.2713,49.2159]]},"properties":{"d":"33561","load":0,"rf":0}},{"type":"Feature","geometry":{"type":"LineString","coordinates":[[7.2776,49.19153],[7.295,49.18793]]},"properties":{"d":"33561","load":0,"rf":0}},{"type":"Feature","geometry":{"type":"LineString","coordinates":[[7.3079,49.13908],[7.28749,49.16776]]},"properties":{"d":"33561","load":2,"rf":0}},{"type":"Feature","geometry":{"type":"LineString","coordinates":[[7.33353,49.25128],[7.28749,49.16776]]},"properties":{"d":"33561","load":5,"rf":0}},{"type":"Feature","geometry":{"type":"LineString","coordinates":[[7.28023,49.19923],[7.29861,49.19543]]},"properties":{"d":"33561","load":1,"rf":0}},{"type":"Feature","geometry":{"type":"LineString","coordinates":[[7.28315,49.20334],[7.30068,49.19972]]},"properties":{"d":"33561","load":0,"rf":0}},{"type":"Feature","geometry":{"type":"LineString","coordinates":[[7.29319,49.26507],[7.29068,49.26526]]},"properties":{"d":"33561","load":15,"rf":0}},{"type":"Feature","geometry":{"type":"LineString","coordinates":[[7.29068,49.26526],[7.28455,49.26274]]},"properties":{"d":"33561","load":14,"rf":0}},{"type":"Feature","geometry":{"type":"LineString","coordinates":[[7.27616,49.26583],[7.27925,49.26548]]},"properties":{"d":"33561","load":1,"rf":0}},{"type":"Feature","geometry":{"type":"LineString","coordinates":[[7.28169,49.2628],[7.28455,49.26274]]},"properties":{"d":"33561","load":1,"rf":0}},{"type":"Feature","geometry":{"type":"LineString","coordinates":[[7.28508,49.26371],[7.28455,49.26274]]},"properties":{"d":"33561","load":1,"rf":0}},{"type":"Feature","geometry":{"type":"LineString","coordinates":[[7.27539,49.26799],[7.27925,49.26548]]},"properties":{"d":"33561","load":0,"rf":0}},{"type":"Feature","geometry":{"type":"LineString","coordinates":[[7.28788,49.21984],[7.28373,49.22297]]},"properties":{"d":"33561","load":0,"rf":0}},{"type":"Feature","geometry":{"type":"LineString","coordinates":[[7.2922,49.18213],[7.33353,49.25128]]},"properties":{"d":"33561","load":5,"rf":0}},{"type":"Feature","geometry":{"type":"LineString","coordinates":[[7.2922,49.18213],[7.30472,49.17667]]},"properties":{"d":"33561","load":3,"rf":0}},{"type":"Feature","geometry":{"type":"LineString","coordinates":[[7.29537,49.20926],[7.30438,49.20739]]},"properties":{"d":"33561","load":0,"rf":0}},{"type":"Feature","geometry":{"type":"LineString","coordinates":[[7.30254,49.24173],[7.30124,49.24432]]},"properties":{"d":"33561","load":0,"rf":0}},{"type":"Feature","geometry":{"type":"LineString","coordinates":[[7.30216,49.22774],[7.30111,49.23166]]},"properties":{"d":"33561","load":0,"rf":0}},{"type":"Feature","geometry":{"type":"LineString","coordinates":[[7.30111,49.23166],[7.3002,49.23234]]},"properties":{"d":"33561","load":0,"rf":0}},{"type":"Feature","geometry":{"type":"LineString","coordinates":[[7.3079,49.13908],[7.33485,49.15166]]},"properties":{"d":"33561","load":0,"rf":0}},{"type":"Feature","geometry":{"type":"LineString","coordinates":[[7.30286,49.17484],[7.30472,49.17667]]},"properties":{"d":"33561","load":0,"rf":0}},{"type":"Feature","geometry":{"type":"LineString","coordinates":[[7.31295,49.17308],[7.31221,49.1712]]},"properties":{"d":"33561","load":1,"rf":0}},{"type":"Feature","geometry":{"type":"LineString","coordinates":[[7.31295,49.17308],[7.30472,49.17667]]},"properties":{"d":"33561","load":3,"rf":0}},{"type":"Feature","geometry":{"type":"LineString","coordinates":[[7.31823,49.23604],[7.31115,49.23714]]},"properties":{"d":"33561","load":0,"rf":0}},{"type":"Feature","geometry":{"type":"LineString","coordinates":[[7.3162,49.22998],[7.31823,49.23604]]},"properties":{"d":"33561","load":1,"rf":0}},{"type":"Feature","geometry":{"type":"LineString","coordinates":[[7.33353,49.25128],[7.31823,49.23604]]},"properties":{"d":"33561","load":0,"rf":0}},{"type":"Feature","geometry":{"type":"LineString","coordinates":[[7.3159,49.2019],[7.30302,49.20457]]},"properties":{"d":"33561","load":0,"rf":0}},{"type":"Feature","geometry":{"type":"LineString","coordinates":[[7.30954,49.24846],[7.30982,49.24849]]},"properties":{"d":"33561","load":17,"rf":0}},{"type":"Feature","geometry":{"type":"LineString","coordinates":[[7.30954,49.24846],[7.29385,49.24652]]},"properties":{"d":"33561","load":17,"rf":0}},{"type":"Feature","geometry":{"type":"LineString","coordinates":[[7.34353,49.21431],[7.33908,49.21336]]},"properties":{"d":"33561","load":0,"rf":0}},{"type":"Feature","geometry":{"type":"LineString","coordinates":[[7.34353,49.21431],[7.34293,49.2123]]},"properties":{"d":"33561","load":0,"rf":0}},{"type":"Feature","geometry":{"type":"LineString","coordinates":[[7.32135,49.21465],[7.33041,49.21076]]},"properties":{"d":"33561","load":0,"rf":0}},{"type":"Feature","geometry":{"type":"LineString","coordinates":[[7.33719,49.22061],[7.33908,49.21336]]},"properties":{"d":"33561","load":1,"rf":0}},{"type":"Feature","geometry":{"type":"LineString","coordinates":[[7.33908,49.21336],[7.33041,49.21076]]},"properties":{"d":"33561","load":0,"rf":0}},{"type":"Feature","geometry":{"type":"LineString","coordinates":[[7.3281,49.21205],[7.33041,49.21076]]},"properties":{"d":"33561","load":0,"rf":0}},{"type":"Feature","geometry":{"type":"LineString","coordinates":[[7.3162,49.22998],[7.30438,49.20739]]},"properties":{"d":"33561","load":1,"rf":0}},{"type":"Feature","geometry":{"type":"LineString","coordinates":[[7.31989,49.19091],[7.29861,49.19543]]},"properties":{"d":"33561","load":0,"rf":0}},{"type":"Feature","geometry":{"type":"LineString","coordinates":[[7.33353,49.25128],[7.31581,49.2423]]},"properties":{"d":"33561","load":11,"rf":0}},{"type":"Feature","geometry":{"type":"LineString","coordinates":[[7.33485,49.15166],[7.36048,49.15209]]},"properties":{"d":"33561","load":1,"rf":0}},{"type":"Feature","geometry":{"type":"LineString","coordinates":[[7.32544,49.19408],[7.30068,49.19972]]},"properties":{"d":"33561","load":0,"rf":0}},{"type":"Feature","geometry":{"type":"LineString","coordinates":[[7.32505,49.20864],[7.32831,49.20974]]},"properties":{"d":"33561","load":0,"rf":0}},{"type":"Feature","geometry":{"type":"LineString","coordinates":[[7.3256,49.22369],[7.33746,49.22444]]},"properties":{"d":"33561","load":0,"rf":0}},{"type":"Feature","geometry":{"type":"LineString","coordinates":[[7.33107,49.20621],[7.32831,49.20974]]},"properties":{"d":"33561","load":0,"rf":0}},{"type":"Feature","geometry":{"type":"LineString","coordinates":[[7.35554,49.25192],[7.33969,49.25673]]},"properties":{"d":"33561","load":0,"rf":0}},{"type":"Feature","geometry":{"type":"LineString","coordinates":[[7.33353,49.25128],[7.35554,49.25192]]},"properties":{"d":"33561","load":1,"rf":0}},{"type":"Feature","geometry":{"type":"LineString","coordinates":[[7.34867,49.24385],[7.35047,49.2348]]},"properties":{"d":"33561","load":1,"rf":0}},{"type":"Feature","geometry":{"type":"LineString","coordinates":[[7.33353,49.25128],[7.34867,49.24385]]},"properties":{"d":"33561","load":2,"rf":0}},{"type":"Feature","geometry":{"type":"LineString","coordinates":[[7.3567,49.23453],[7.35448,49.22779]]},"properties":{"d":"33561","load":1,"rf":0}},{"type":"Feature","geometry":{"type":"LineString","coordinates":[[7.3567,49.23453],[7.35699,49.23705]]},"properties":{"d":"33561","load":1,"rf":0}},{"type":"Feature","geometry":{"type":"LineString","coordinates":[[7.34561,49.23581],[7.35047,49.2348]]},"properties":{"d":"33561","load":1,"rf":0}},{"type":"Feature","geometry":{"type":"LineString","coordinates":[[7.34561,49.23581],[7.35448,49.23225]]},"properties":{"d":"33561","load":0,"rf":0}},{"type":"Feature","geometry":{"type":"LineString","coordinates":[[7.34504,49.25616],[7.3469,49.25824]]},"properties":{"d":"33561","load":1,"rf":0}},{"type":"Feature","geometry":{"type":"LineString","coordinates":[[7.34504,49.25616],[7.34478,49.25381]]},"properties":{"d":"33561","load":1,"rf":0}},{"type":"Feature","geometry":{"type":"LineString","coordinates":[[7.34802,49.24654],[7.3559,49.24493]]},"properties":{"d":"33561","load":1,"rf":0}},{"type":"Feature","geometry":{"type":"LineString","coordinates":[[7.34415,49.2462],[7.34802,49.24654]]},"properties":{"d":"33561","load":1,"rf":0}},{"type":"Feature","geometry":{"type":"LineString","coordinates":[[7.33243,49.2608],[7.33699,49.25841]]},"properties":{"d":"33561","load":0,"rf":0}},{"type":"Feature","geometry":{"type":"LineString","coordinates":[[7.33243,49.2608],[7.33353,49.25128]]},"properties":{"d":"33561","load":1,"rf":0}},{"type":"Feature","geometry":{"type":"LineString","coordinates":[[7.35652,49.24248],[7.3559,49.24493]]},"properties":{"d":"33561","load":0,"rf":0}},{"type":"Feature","geometry":{"type":"LineString","coordinates":[[7.35652,49.24248],[7.35699,49.23705]]},"properties":{"d":"33561","load":0,"rf":0}},{"type":"Feature","geometry":{"type":"LineString","coordinates":[[7.35652,49.24248],[7.35018,49.23992]]},"properties":{"d":"33561","load":0,"rf":0}},{"type":"Feature","geometry":{"type":"LineString","coordinates":[[7.3469,49.25824],[7.34187,49.2597]]},"properties":{"d":"33561","load":0,"rf":0}},{"type":"Feature","geometry":{"type":"LineString","coordinates":[[7.33969,49.25673],[7.33699,49.25841]]},"properties":{"d":"33561","load":1,"rf":0}},{"type":"Feature","geometry":{"type":"LineString","coordinates":[[7.35006,49.24852],[7.35582,49.24899]]},"properties":{"d":"33561","load":0,"rf":0}},{"type":"Feature","geometry":{"type":"LineString","coordinates":[[7.35006,49.24852],[7.34571,49.2501]]},"properties":{"d":"33561","load":1,"rf":0}},{"type":"Feature","geometry":{"type":"LineString","coordinates":[[7.33353,49.25128],[7.35006,49.24852]]},"properties":{"d":"33561","load":1,"rf":0}},{"type":"Feature","geometry":{"type":"LineString","coordinates":[[7.34223,49.24845],[7.33765,49.25037]]},"properties":{"d":"33561","load":3,"rf":0}},{"type":"Feature","geometry":{"type":"LineString","coordinates":[[7.34223,49.24845],[7.34168,49.24585]]},"properties":{"d":"33561","load":3,"rf":0}},{"type":"Feature","geometry":{"type":"LineString","coordinates":[[7.34491,49.25374],[7.3437,49.25083]]},"properties":{"d":"33561","load":2,"rf":0}},{"type":"Feature","geometry":{"type":"LineString","coordinates":[[7.34491,49.25374],[7.34478,49.25381]]},"properties":{"d":"33561","load":1,"rf":0}},{"type":"Feature","geometry":{"type":"LineString","coordinates":[[7.35448,49.22779],[7.33353,49.25128]]},"properties":{"d":"33561","load":2,"rf":0}},{"type":"Feature","geometry":{"type":"LineString","coordinates":[[7.3437,49.25083],[7.34571,49.2501]]},"properties":{"d":"33561","load":2,"rf":0}},{"type":"Feature","geometry":{"type":"LineString","coordinates":[[7.34187,49.2597],[7.33785,49.26017]]},"properties":{"d":"33561","load":0,"rf":0}},{"type":"Feature","geometry":{"type":"LineString","coordinates":[[7.33765,49.25037],[7.33603,49.25272]]},"properties":{"d":"33561","load":4,"rf":0}},{"type":"Feature","geometry":{"type":"LineString","coordinates":[[7.34415,49.2462],[7.34168,49.24585]]},"properties":{"d":"33561","load":3,"rf":0}},{"type":"Feature","geometry":{"type":"LineString","coordinates":[[7.34685,49.26423],[7.35238,49.26017]]},"properties":{"d":"33561","load":0,"rf":0}},{"type":"Feature","geometry":{"type":"LineString","coordinates":[[7.35238,49.26017],[7.34478,49.25381]]},"properties":{"d":"33561","load":0,"rf":0}},{"type":"Feature","geometry":{"type":"LineString","coordinates":[[7.33449,49.19913],[7.34293,49.2123]]},"properties":{"d":"33561","load":0,"rf":0}},{"type":"Feature","geometry":{"type":"LineString","coordinates":[[7.33719,49.22061],[7.33746,49.22444]]},"properties":{"d":"33561","load":1,"rf":0}},{"type":"Feature","geometry":{"type":"LineString","coordinates":[[7.34116,49.17676],[7.36717,49.17323]]},"properties":{"d":"33561","load":0,"rf":0}},{"type":"Feature","geometry":{"type":"LineString","coordinates":[[7.34288,49.17995],[7.36821,49.17652]]},"properties":{"d":"33561","load":0,"rf":0}},{"type":"Feature","geometry":{"type":"LineString","coordinates":[[7.34258,49.27759],[7.33785,49.26017]]},"properties":{"d":"33561","load":0,"rf":0}},{"type":"Feature","geometry":{"type":"LineString","coordinates":[[7.34962,49.20228],[7.35987,49.20478]]},"properties":{"d":"33561","load":0,"rf":0}},{"type":"Feature","geometry":{"type":"LineString","coordinates":[[7.35635,49.19143],[7.36608,49.1938]]},"properties":{"d":"33561","load":0,"rf":0}},{"type":"Feature","geometry":{"type":"LineString","coordinates":[[7.36606,49.18617],[7.37028,49.18773]]},"properties":{"d":"33561","load":0,"rf":0}},{"type":"Feature","geometry":{"type":"LineString","coordinates":[[7.37362,49.19031],[7.36608,49.1938]]},"properties":{"d":"33561","load":1,"rf":0}},{"type":"Feature","geometry":{"type":"LineString","coordinates":[[7.37362,49.19031],[7.37028,49.18773]]},"properties":{"d":"33561","load":0,"rf":0}},{"type":"Feature","geometry":{"type":"LineString","coordinates":[[7.36951,49.1792],[7.37096,49.18519]]},"properties":{"d":"33561","load":0,"rf":0}},{"type":"Feature","geometry":{"type":"LineString","coordinates":[[7.36951,49.1792],[7.36821,49.17652]]},"properties":{"d":"33561","load":0,"rf":0}},{"type":"Feature","geometry":{"type":"LineString","coordinates":[[7.37096,49.18519],[7.33353,49.25128]]},"properties":{"d":"33561","load":3,"rf":0}},{"type":"Feature","geometry":{"type":"LineString","coordinates":[[7.3638,49.15894],[7.36048,49.15209]]},"properties":{"d":"33561","load":1,"rf":0}},{"type":"Feature","geometry":{"type":"LineString","coordinates":[[7.3638,49.15894],[7.33353,49.25128]]},"properties":{"d":"33561","load":4,"rf":0}},{"type":"Feature","geometry":{"type":"LineString","coordinates":[[7.3732,49.20479],[7.37691,49.20296]]},"properties":{"d":"33561","load":0,"rf":0}},{"type":"Feature","geometry":{"type":"LineString","coordinates":[[7.3732,49.20479],[7.34293,49.2123]]},"properties":{"d":"33561","load":0,"rf":0}},{"type":"Feature","geometry":{"type":"LineString","coordinates":[[7.37691,49.20296],[7.37858,49.20125]]},"properties":{"d":"33561","load":0,"rf":0}},{"type":"Feature","geometry":{"type":"LineString","coordinates":[[7.37302,49.19892],[7.37858,49.20125]]},"properties":{"d":"33561","load":0,"rf":0}},{"type":"Feature","geometry":{"type":"LineString","coordinates":[[7.41414,49.18863],[7.39368,49.18578]]},"properties":{"d":"33561","load":1,"rf":0}},{"type":"Feature","geometry":{"type":"LineString","coordinates":[[7.39368,49.18578],[7.38339,49.19632]]},"properties":{"d":"33561","load":1,"rf":0}},{"type":"Feature","geometry":{"type":"LineString","coordinates":[[7.3924,49.20935],[7.38955,49.20777]]},"properties":{"d":"33561","load":0,"rf":0}},{"type":"Feature","geometry":{"type":"LineString","coordinates":[[7.38995,49.19908],[7.38339,49.19632]]},"properties":{"d":"33561","load":0,"rf":0}},{"type":"Feature","geometry":{"type":"LineString","coordinates":[[7.41318,49.20379],[7.40235,49.19781]]},"properties":{"d":"33561","load":0,"rf":0}},{"type":"Feature","geometry":{"type":"LineString","coordinates":[[7.41184,49.19636],[7.40737,49.1939]]},"properties":{"d":"33561","load":1,"rf":0}},{"type":"Feature","geometry":{"type":"LineString","coordinates":[[7.41414,49.18863],[7.44555,49.18456]]},"properties":{"d":"33561","load":0,"rf":0}},{"type":"Feature","geometry":{"type":"LineString","coordinates":[[7.41414,49.18863],[7.33353,49.25128]]},"properties":{"d":"33561","load":3,"rf":0}},{"type":"Feature","geometry":{"type":"LineString","coordinates":[[7.42027,49.19275],[7.41358,49.18906]]},"properties":{"d":"33561","load":0,"rf":0}},{"type":"Feature","geometry":{"type":"LineString","coordinates":[[7.42838,49.20679],[7.4064,49.19466]]},"properties":{"d":"33561","load":0,"rf":0}},{"type":"Feature","geometry":{"type":"LineString","coordinates":[[7.43641,49.20478],[7.41124,49.19089]]},"properties":{"d":"33561","load":0,"rf":0}},{"type":"Feature","geometry":{"type":"LineString","coordinates":[[7.33353,49.25128],[7.29319,49.26507]]},"properties":{"d":"33561","load":4,"rf":0}},{"type":"Feature","geometry":{"type":"LineString","coordinates":[[7.33142,49.25879],[7.33142,49.25879]]},"properties":{"d":"33561","load":0,"rf":0}},{"type":"Feature","geometry":{"type":"LineString","coordinates":[[7.33353,49.25128],[7.33142,49.25879]]},"properties":{"d":"33561","load":3,"rf":0}},{"type":"Feature","geometry":{"type":"LineString","coordinates":[[7.33353,49.25128],[7.35344,49.25183]]},"properties":{"d":"33561","load":5,"rf":0}},{"type":"Feature","geometry":{"type":"LineString","coordinates":[[7.33564,49.25386],[7.33583,49.25332]]},"properties":{"d":"33561","load":0,"rf":0}},{"type":"Feature","geometry":{"type":"LineString","coordinates":[[7.23194,49.19348],[7.24107,49.19869]]},"properties":{"d":"33561","load":8,"rf":0}},{"type":"Feature","geometry":{"type":"LineString","coordinates":[[7.24286,49.24636],[7.29108,49.24899]]},"properties":{"d":"33561","load":3,"rf":0}},{"type":"Feature","geometry":{"type":"LineString","coordinates":[[7.22856,49.24557],[7.24286,49.24636]]},"properties":{"d":"33561","load":3,"rf":0}},{"type":"Feature","geometry":{"type":"LineString","coordinates":[[7.2713,49.2159],[7.28373,49.22297]]},"properties":{"d":"33561","load":10,"rf":0}},{"type":"Feature","geometry":{"type":"LineString","coordinates":[[7.2713,49.2159],[7.24107,49.19869]]},"properties":{"d":"33561","load":10,"rf":0}},{"type":"Feature","geometry":{"type":"LineString","coordinates":[[7.295,49.18793],[7.29861,49.19543]]},"properties":{"d":"33561","load":0,"rf":0}},{"type":"Feature","geometry":{"type":"LineString","coordinates":[[7.29861,49.19543],[7.30068,49.19972]]},"properties":{"d":"33561","load":1,"rf":0}},{"type":"Feature","geometry":{"type":"LineString","coordinates":[[7.30068,49.19972],[7.30302,49.20457]]},"properties":{"d":"33561","load":1,"rf":0}},{"type":"Feature","geometry":{"type":"LineString","coordinates":[[7.28373,49.22297],[7.3002,49.23234]]},"properties":{"d":"33561","load":10,"rf":0}},{"type":"Feature","geometry":{"type":"LineString","coordinates":[[7.30438,49.20739],[7.30302,49.20457]]},"properties":{"d":"33561","load":1,"rf":0}},{"type":"Feature","geometry":{"type":"LineString","coordinates":[[7.33353,49.25128],[7.30124,49.24432]]},"properties":{"d":"33561","load":36,"rf":0}},{"type":"Feature","geometry":{"type":"LineString","coordinates":[[7.33353,49.25128],[7.33142,49.25879]]},"properties":{"d":"33561","load":0,"rf":0}},{"type":"Feature","geometry":{"type":"LineString","coordinates":[[7.33353,49.25128],[7.3002,49.23234]]},"properties":{"d":"33561","load":10,"rf":0}},{"type":"Feature","geometry":{"type":"LineString","coordinates":[[7.33353,49.25128],[7.33746,49.22444]]},"properties":{"d":"33561","load":1,"rf":0}},{"type":"Feature","geometry":{"type":"LineString","coordinates":[[7.32831,49.20974],[7.33041,49.21076]]},"properties":{"d":"33561","load":0,"rf":0}},{"type":"Feature","geometry":{"type":"LineString","coordinates":[[7.36717,49.17323],[7.36821,49.17652]]},"properties":{"d":"33561","load":0,"rf":0}},{"type":"Feature","geometry":{"type":"LineString","coordinates":[[7.35987,49.20478],[7.36608,49.1938]]},"properties":{"d":"33561","load":1,"rf":0}},{"type":"Feature","geometry":{"type":"LineString","coordinates":[[7.33353,49.25128],[7.35987,49.20478]]},"properties":{"d":"33561","load":1,"rf":0}},{"type":"Feature","geometry":{"type":"LineString","coordinates":[[7.37858,49.20125],[7.38339,49.19632]]},"properties":{"d":"33561","load":1,"rf":0}},{"type":"Feature","geometry":{"type":"LineString","coordinates":[[7.38955,49.20777],[7.40235,49.19781]]},"properties":{"d":"33561","load":1,"rf":0}},{"type":"Feature","geometry":{"type":"LineString","coordinates":[[7.33353,49.25128],[7.38955,49.20777]]},"properties":{"d":"33561","load":0,"rf":0}},{"type":"Feature","geometry":{"type":"LineString","coordinates":[[7.40235,49.19781],[7.4064,49.19466]]},"properties":{"d":"33561","load":1,"rf":0}},{"type":"Feature","geometry":{"type":"LineString","coordinates":[[7.40737,49.1939],[7.4064,49.19466]]},"properties":{"d":"33561","load":1,"rf":0}},{"type":"Feature","geometry":{"type":"LineString","coordinates":[[7.40737,49.1939],[7.41124,49.19089]]},"properties":{"d":"33561","load":0,"rf":0}},{"type":"Feature","geometry":{"type":"LineString","coordinates":[[7.41358,49.18906],[7.41124,49.19089]]},"properties":{"d":"33561","load":0,"rf":0}},{"type":"Feature","geometry":{"type":"LineString","coordinates":[[7.19532,49.24619],[7.19309,49.24286]]},"properties":{"d":"33561","load":1,"rf":0}},{"type":"Feature","geometry":{"type":"LineString","coordinates":[[7.33603,49.25272],[7.33583,49.25332]]},"properties":{"d":"33561","load":3,"rf":0}},{"type":"Feature","geometry":{"type":"LineString","coordinates":[[7.33353,49.25128],[7.33603,49.25272]]},"properties":{"d":"33561","load":2,"rf":0}},{"type":"Feature","geometry":{"type":"LineString","coordinates":[[7.21131,49.21715],[7.20567,49.21994]]},"properties":{"d":"33561","load":3,"rf":0}},{"type":"Feature","geometry":{"type":"LineString","coordinates":[[7.27364,49.23825],[7.27009,49.23528]]},"properties":{"d":"33561","load":22,"rf":0}},{"type":"Feature","geometry":{"type":"LineString","coordinates":[[7.27364,49.23825],[7.27377,49.23907]]},"properties":{"d":"33561","load":29,"rf":0}},{"type":"Feature","geometry":{"type":"LineString","coordinates":[[7.18506,49.22407],[7.18488,49.22244]]},"properties":{"d":"33561","load":10,"rf":0}},{"type":"Feature","geometry":{"type":"LineString","coordinates":[[7.27009,49.23528],[7.2698,49.23486]]},"properties":{"d":"33561","load":13,"rf":0}},{"type":"Feature","geometry":{"type":"LineString","coordinates":[[7.28455,49.26274],[7.27925,49.26548]]},"properties":{"d":"33561","load":2,"rf":0}},{"type":"Feature","geometry":{"type":"LineString","coordinates":[[7.33353,49.25128],[7.30982,49.24849]]},"properties":{"d":"33561","load":17,"rf":0}},{"type":"Feature","geometry":{"type":"LineString","coordinates":[[7.33353,49.25128],[7.29108,49.24899]]},"properties":{"d":"33561","load":31,"rf":0}},{"type":"Feature","geometry":{"type":"LineString","coordinates":[[7.21011,49.24476],[7.21945,49.24507]]},"properties":{"d":"33561","load":1,"rf":0}},{"type":"Feature","geometry":{"type":"LineString","coordinates":[[7.21945,49.24507],[7.22856,49.24557]]},"properties":{"d":"33561","load":3,"rf":0}},{"type":"Feature","geometry":{"type":"LineString","coordinates":[[6.78809,49.28337],[6.78787,49.28326]]},"properties":{"d":"33622","load":5,"rf":0}},{"type":"Feature","geometry":{"type":"LineString","coordinates":[[6.79553,49.2777],[6.79623,49.27865]]},"properties":{"d":"33622","load":0,"rf":0}},{"type":"Feature","geometry":{"type":"LineString","coordinates":[[6.79022,49.27832],[6.79015,49.27841]]},"properties":{"d":"33622","load":0,"rf":0}},{"type":"Feature","geometry":{"type":"LineString","coordinates":[[6.80805,49.2752],[6.8043,49.2755]]},"properties":{"d":"33622","load":2,"rf":0}},{"type":"Feature","geometry":{"type":"LineString","coordinates":[[6.80805,49.2752],[6.80909,49.27534]]},"properties":{"d":"33622","load":1,"rf":0}},{"type":"Feature","geometry":{"type":"LineString","coordinates":[[6.81015,49.27656],[6.80812,49.27919]]},"properties":{"d":"33622","load":0,"rf":0}},{"type":"Feature","geometry":{"type":"LineString","coordinates":[[6.81015,49.27656],[6.80909,49.27534]]},"properties":{"d":"33622","load":1,"rf":0}},{"type":"Feature","geometry":{"type":"LineString","coordinates":[[6.80529,49.27986],[6.80416,49.27839]]},"properties":{"d":"33622","load":0,"rf":0}},{"type":"Feature","geometry":{"type":"LineString","coordinates":[[6.80529,49.27986],[6.80745,49.2799]]},"properties":{"d":"33622","load":0,"rf":0}},{"type":"Feature","geometry":{"type":"LineString","coordinates":[[6.78625,49.28476],[6.78651,49.28449]]},"properties":{"d":"33622","load":1,"rf":0}},{"type":"Feature","geometry":{"type":"LineString","coordinates":[[6.81382,49.27353],[6.80909,49.27534]]},"properties":{"d":"33622","load":0,"rf":0}},{"type":"Feature","geometry":{"type":"LineString","coordinates":[[6.80812,49.27919],[6.81293,49.27998]]},"properties":{"d":"33622","load":0,"rf":0}},{"type":"Feature","geometry":{"type":"LineString","coordinates":[[6.78396,49.28461],[6.78899,49.28057]]},"properties":{"d":"33622","load":18,"rf":0}},{"type":"Feature","geometry":{"type":"LineString","coordinates":[[6.78396,49.28461],[6.78707,49.28265]]},"properties":{"d":"33622","load":19,"rf":0}},{"type":"Feature","geometry":{"type":"LineString","coordinates":[[6.79706,49.27839],[6.79884,49.28009]]},"properties":{"d":"33622","load":1,"rf":0}},{"type":"Feature","geometry":{"type":"LineString","coordinates":[[6.79706,49.27839],[6.79623,49.27865]]},"properties":{"d":"33622","load":1,"rf":0}},{"type":"Feature","geometry":{"type":"LineString","coordinates":[[6.80416,49.27839],[6.8006,49.2771]]},"properties":{"d":"33622","load":1,"rf":0}},{"type":"Feature","geometry":{"type":"LineString","coordinates":[[6.8006,49.2771],[6.79773,49.27587]]},"properties":{"d":"33622","load":1,"rf":0}},{"type":"Feature","geometry":{"type":"LineString","coordinates":[[6.79773,49.27587],[6.78642,49.27656]]},"properties":{"d":"33622","load":1,"rf":0}},{"type":"Feature","geometry":{"type":"LineString","coordinates":[[6.78212,49.27556],[6.78899,49.28057]]},"properties":{"d":"33622","load":4,"rf":0}},{"type":"Feature","geometry":{"type":"LineString","coordinates":[[6.80085,49.27427],[6.80939,49.2716]]},"properties":{"d":"33622","load":0,"rf":0}},{"type":"Feature","geometry":{"type":"LineString","coordinates":[[6.80085,49.27427],[6.8043,49.2755]]},"properties":{"d":"33622","load":2,"rf":0}},{"type":"Feature","geometry":{"type":"LineString","coordinates":[[6.78212,49.27556],[6.80085,49.27427]]},"properties":{"d":"33622","load":1,"rf":0}},{"type":"Feature","geometry":{"type":"LineString","coordinates":[[6.79082,49.27865],[6.79295,49.27968]]},"properties":{"d":"33622","load":2,"rf":0}},{"type":"Feature","geometry":{"type":"LineString","coordinates":[[6.79082,49.27865],[6.79015,49.27841]]},"properties":{"d":"33622","load":2,"rf":0}},{"type":"Feature","geometry":{"type":"LineString","coordinates":[[6.79884,49.28009],[6.79634,49.28091]]},"properties":{"d":"33622","load":0,"rf":0}},{"type":"Feature","geometry":{"type":"LineString","coordinates":[[6.78198,49.27818],[6.78388,49.27729]]},"properties":{"d":"33622","load":1,"rf":0}},{"type":"Feature","geometry":{"type":"LineString","coordinates":[[6.78642,49.27656],[6.79084,49.2749]]},"properties":{"d":"33622","load":1,"rf":0}},{"type":"Feature","geometry":{"type":"LineString","coordinates":[[6.79634,49.28091],[6.79483,49.28253]]},"properties":{"d":"33622","load":0,"rf":0}},{"type":"Feature","geometry":{"type":"LineString","coordinates":[[6.78962,49.28268],[6.79483,49.28253]]},"properties":{"d":"33622","load":0,"rf":0}},{"type":"Feature","geometry":{"type":"LineString","coordinates":[[6.78962,49.28268],[6.78832,49.28286]]},"properties":{"d":"33622","load":3,"rf":0}},{"type":"Feature","geometry":{"type":"LineString","coordinates":[[6.79084,49.2749],[6.79344,49.27658]]},"properties":{"d":"33622","load":1,"rf":0}},{"type":"Feature","geometry":{"type":"LineString","coordinates":[[6.78212,49.27556],[6.79344,49.27658]]},"properties":{"d":"33622","load":1,"rf":0}},{"type":"Feature","geometry":{"type":"LineString","coordinates":[[6.81293,49.27998],[6.80745,49.2799]]},"properties":{"d":"33622","load":0,"rf":0}},{"type":"Feature","geometry":{"type":"LineString","coordinates":[[6.79295,49.27968],[6.79623,49.27865]]},"properties":{"d":"33622","load":1,"rf":0}},{"type":"Feature","geometry":{"type":"LineString","coordinates":[[6.8073,49.28417],[6.80745,49.2799]]},"properties":{"d":"33622","load":0,"rf":0}},{"type":"Feature","geometry":{"type":"LineString","coordinates":[[6.78574,49.28303],[6.78707,49.28265]]},"properties":{"d":"33622","load":1,"rf":0}},{"type":"Feature","geometry":{"type":"LineString","coordinates":[[6.78811,49.28496],[6.78651,49.28449]]},"properties":{"d":"33622","load":12,"rf":0}},{"type":"Feature","geometry":{"type":"LineString","coordinates":[[6.79474,49.27418],[6.79474,49.27418]]},"properties":{"d":"33622","load":0,"rf":0}},{"type":"Feature","geometry":{"type":"LineString","coordinates":[[6.78212,49.27556],[6.79474,49.27418]]},"properties":{"d":"33622","load":1,"rf":0}},{"type":"Feature","geometry":{"type":"LineString","coordinates":[[6.78369,49.27743],[6.78369,49.27743]]},"properties":{"d":"33622","load":0,"rf":0}},{"type":"Feature","geometry":{"type":"LineString","coordinates":[[6.78212,49.27556],[6.78369,49.27743]]},"properties":{"d":"33622","load":1,"rf":0}},{"type":"Feature","geometry":{"type":"LineString","coordinates":[[6.78212,49.27556],[6.79015,49.27841]]},"properties":{"d":"33622","load":2,"rf":0}},{"type":"Feature","geometry":{"type":"LineString","coordinates":[[6.78212,49.27556],[6.79474,49.27418]]},"properties":{"d":"33622","load":0,"rf":0}},{"type":"Feature","geometry":{"type":"LineString","coordinates":[[6.78369,49.27743],[6.78388,49.27729]]},"properties":{"d":"33622","load":0,"rf":0}},{"type":"Feature","geometry":{"type":"LineString","coordinates":[[6.78832,49.28286],[6.78707,49.28265]]},"properties":{"d":"33622","load":18,"rf":0}},{"type":"Feature","geometry":{"type":"LineString","coordinates":[[6.78832,49.28286],[6.78787,49.28326]]},"properties":{"d":"33622","load":15,"rf":0}},{"type":"Feature","geometry":{"type":"LineString","coordinates":[[6.78651,49.28449],[6.78787,49.28326]]},"properties":{"d":"33622","load":11,"rf":0}},{"type":"Feature","geometry":{"type":"LineString","coordinates":[[6.78212,49.27556],[6.78388,49.27729]]},"properties":{"d":"33622","load":1,"rf":0}},{"type":"Feature","geometry":{"type":"LineString","coordinates":[[6.81253,49.25703],[6.81172,49.25698]]},"properties":{"d":"33630","load":0,"rf":0}},{"type":"Feature","geometry":{"type":"LineString","coordinates":[[6.75108,49.24087],[6.74267,49.24259]]},"properties":{"d":"33630","load":1,"rf":0}},{"type":"Feature","geometry":{"type":"LineString","coordinates":[[6.75108,49.24087],[6.75108,49.24087]]},"properties":{"d":"33630","load":0,"rf":0}},{"type":"Feature","geometry":{"type":"LineString","coordinates":[[6.79675,49.25775],[6.75108,49.24087]]},"properties":{"d":"33630","load":6,"rf":0}},{"type":"Feature","geometry":{"type":"LineString","coordinates":[[6.77873,49.24179],[6.77857,49.24215]]},"properties":{"d":"33630","load":8,"rf":0}},{"type":"Feature","geometry":{"type":"LineString","coordinates":[[6.77873,49.24179],[6.77713,49.24005]]},"properties":{"d":"33630","load":9,"rf":0}},{"type":"Feature","geometry":{"type":"LineString","coordinates":[[6.77873,49.24179],[6.77868,49.24359]]},"properties":{"d":"33630","load":22,"rf":0}},{"type":"Feature","geometry":{"type":"LineString","coordinates":[[6.77926,49.2441],[6.77857,49.24215]]},"properties":{"d":"33630","load":4,"rf":0}},{"type":"Feature","geometry":{"type":"LineString","coordinates":[[6.7729,49.24321],[6.76397,49.24687]]},"properties":{"d":"33630","load":1,"rf":0}},{"type":"Feature","geometry":{"type":"LineString","coordinates":[[6.7729,49.24321],[6.77857,49.24215]]},"properties":{"d":"33630","load":5,"rf":0}},{"type":"Feature","geometry":{"type":"LineString","coordinates":[[6.7967,49.2442],[6.79632,49.24067]]},"properties":{"d":"33630","load":2,"rf":0}},{"type":"Feature","geometry":{"type":"LineString","coordinates":[[6.7967,49.2442],[6.79141,49.24969]]},"properties":{"d":"33630","load":7,"rf":0}},{"type":"Feature","geometry":{"type":"LineString","coordinates":[[6.77911,49.23667],[6.77713,49.24005]]},"properties":{"d":"33630","load":3,"rf":0}},{"type":"Feature","geometry":{"type":"LineString","coordinates":[[6.77445,49.23793],[6.77713,49.24005]]},"properties":{"d":"33630","load":5,"rf":0}},{"type":"Feature","geometry":{"type":"LineString","coordinates":[[6.77529,49.24569],[6.77908,49.24416]]},"properties":{"d":"33630","load":1,"rf":0}},{"type":"Feature","geometry":{"type":"LineString","coordinates":[[6.77472,49.24538],[6.77868,49.24359]]},"properties":{"d":"33630","load":1,"rf":0}},{"type":"Feature","geometry":{"type":"LineString","coordinates":[[6.79296,49.2492],[6.79141,49.24969]]},"properties":{"d":"33630","load":1,"rf":0}},{"type":"Feature","geometry":{"type":"LineString","coordinates":[[6.80681,49.25971],[6.79706,49.2674]]},"properties":{"d":"33630","load":2,"rf":0}},{"type":"Feature","geometry":{"type":"LineString","coordinates":[[6.80681,49.25971],[6.80796,49.25775]]},"properties":{"d":"33630","load":2,"rf":0}},{"type":"Feature","geometry":{"type":"LineString","coordinates":[[6.79126,49.268],[6.79126,49.26372]]},"properties":{"d":"33630","load":1,"rf":0}},{"type":"Feature","geometry":{"type":"LineString","coordinates":[[6.79126,49.268],[6.7822,49.2659]]},"properties":{"d":"33630","load":0,"rf":0}},{"type":"Feature","geometry":{"type":"LineString","coordinates":[[6.79126,49.26372],[6.79745,49.2612]]},"properties":{"d":"33630","load":3,"rf":0}},{"type":"Feature","geometry":{"type":"LineString","coordinates":[[6.80346,49.26652],[6.81991,49.26491]]},"properties":{"d":"33630","load":2,"rf":0}},{"type":"Feature","geometry":{"type":"LineString","coordinates":[[6.80346,49.26652],[6.7975,49.26472]]},"properties":{"d":"33630","load":2,"rf":0}},{"type":"Feature","geometry":{"type":"LineString","coordinates":[[6.78553,49.26524],[6.78898,49.26176]]},"properties":{"d":"33630","load":5,"rf":0}},{"type":"Feature","geometry":{"type":"LineString","coordinates":[[6.78553,49.26524],[6.7822,49.2659]]},"properties":{"d":"33630","load":1,"rf":0}},{"type":"Feature","geometry":{"type":"LineString","coordinates":[[6.81991,49.26491],[6.82578,49.26491]]},"properties":{"d":"33630","load":1,"rf":0}},{"type":"Feature","geometry":{"type":"LineString","coordinates":[[6.80522,49.25443],[6.79675,49.25775]]},"properties":{"d":"33630","load":9,"rf":0}},{"type":"Feature","geometry":{"type":"LineString","coordinates":[[6.80522,49.25443],[6.80888,49.25187]]},"properties":{"d":"33630","load":5,"rf":0}},{"type":"Feature","geometry":{"type":"LineString","coordinates":[[6.81147,49.25909],[6.81229,49.26119]]},"properties":{"d":"33630","load":1,"rf":0}},{"type":"Feature","geometry":{"type":"LineString","coordinates":[[6.81147,49.25909],[6.81172,49.25698]]},"properties":{"d":"33630","load":2,"rf":0}},{"type":"Feature","geometry":{"type":"LineString","coordinates":[[6.78898,49.26176],[6.79432,49.25885]]},"properties":{"d":"33630","load":9,"rf":0}},{"type":"Feature","geometry":{"type":"LineString","coordinates":[[6.79675,49.25775],[6.79745,49.2612]]},"properties":{"d":"33630","load":4,"rf":0}},{"type":"Feature","geometry":{"type":"LineString","coordinates":[[6.79675,49.25775],[6.81579,49.25695]]},"properties":{"d":"33630","load":1,"rf":0}},{"type":"Feature","geometry":{"type":"LineString","coordinates":[[6.81189,49.25553],[6.81172,49.25698]]},"properties":{"d":"33630","load":2,"rf":0}},{"type":"Feature","geometry":{"type":"LineString","coordinates":[[6.81395,49.2648],[6.81635,49.26374]]},"properties":{"d":"33630","load":0,"rf":0}},{"type":"Feature","geometry":{"type":"LineString","coordinates":[[6.79675,49.25775],[6.81395,49.2648]]},"properties":{"d":"33630","load":0,"rf":0}},{"type":"Feature","geometry":{"type":"LineString","coordinates":[[6.81613,49.25452],[6.81262,49.25084]]},"properties":{"d":"33630","load":0,"rf":0}},{"type":"Feature","geometry":{"type":"LineString","coordinates":[[6.81613,49.25452],[6.81583,49.2521]]},"properties":{"d":"33630","load":1,"rf":0}},{"type":"Feature","geometry":{"type":"LineString","coordinates":[[6.79675,49.25775],[6.79706,49.2674]]},"properties":{"d":"33630","load":2,"rf":0}},{"type":"Feature","geometry":{"type":"LineString","coordinates":[[6.81974,49.25975],[6.81635,49.26374]]},"properties":{"d":"33630","load":0,"rf":0}},{"type":"Feature","geometry":{"type":"LineString","coordinates":[[6.79675,49.25775],[6.8251,49.26064]]},"properties":{"d":"33630","load":1,"rf":0}},{"type":"Feature","geometry":{"type":"LineString","coordinates":[[6.82578,49.26491],[6.8253,49.26191]]},"properties":{"d":"33630","load":0,"rf":0}},{"type":"Feature","geometry":{"type":"LineString","coordinates":[[6.80888,49.25187],[6.81262,49.25084]]},"properties":{"d":"33630","load":2,"rf":0}},{"type":"Feature","geometry":{"type":"LineString","coordinates":[[6.81386,49.24881],[6.81583,49.2521]]},"properties":{"d":"33630","load":1,"rf":0}},{"type":"Feature","geometry":{"type":"LineString","coordinates":[[6.79675,49.25775],[6.79432,49.25885]]},"properties":{"d":"33630","load":10,"rf":0}},{"type":"Feature","geometry":{"type":"LineString","coordinates":[[6.81579,49.25695],[6.81583,49.2521]]},"properties":{"d":"33630","load":4,"rf":0}},{"type":"Feature","geometry":{"type":"LineString","coordinates":[[6.80663,49.26385],[6.81229,49.26119]]},"properties":{"d":"33630","load":1,"rf":0}},{"type":"Feature","geometry":{"type":"LineString","coordinates":[[6.79675,49.25775],[6.80663,49.26385]]},"properties":{"d":"33630","load":1,"rf":0}},{"type":"Feature","geometry":{"type":"LineString","coordinates":[[6.79675,49.25775],[6.7975,49.26472]]},"properties":{"d":"33630","load":2,"rf":0}},{"type":"Feature","geometry":{"type":"LineString","coordinates":[[6.8251,49.26064],[6.8253,49.26191]]},"properties":{"d":"33630","load":4,"rf":0}},{"type":"Feature","geometry":{"type":"LineString","coordinates":[[6.83367,49.25805],[6.83326,49.26138]]},"properties":{"d":"33630","load":4,"rf":0}},{"type":"Feature","geometry":{"type":"LineString","coordinates":[[6.83326,49.26138],[6.8253,49.26191]]},"properties":{"d":"33630","load":4,"rf":0}},{"type":"Feature","geometry":{"type":"LineString","coordinates":[[6.83367,49.25805],[6.83534,49.25712]]},"properties":{"d":"33630","load":8,"rf":0}},{"type":"Feature","geometry":{"type":"LineString","coordinates":[[6.7864,49.24588],[6.78703,49.24496]]},"properties":{"d":"33630","load":6,"rf":0}},{"type":"Feature","geometry":{"type":"LineString","coordinates":[[6.7864,49.24588],[6.78751,49.24431]]},"properties":{"d":"33630","load":0,"rf":0}},{"type":"Feature","geometry":{"type":"LineString","coordinates":[[6.79675,49.25775],[6.75108,49.24087]]},"properties":{"d":"33630","load":0,"rf":0}},{"type":"Feature","geometry":{"type":"LineString","coordinates":[[6.78703,49.24496],[6.79141,49.24969]]},"properties":{"d":"33630","load":6,"rf":0}},{"type":"Feature","geometry":{"type":"LineString","coordinates":[[6.78751,49.24431],[6.77908,49.24416]]},"properties":{"d":"33630","load":21,"rf":0}},{"type":"Feature","geometry":{"type":"LineString","coordinates":[[6.79675,49.25775],[6.78751,49.24431]]},"properties":{"d":"33630","load":5,"rf":0}},{"type":"Feature","geometry":{"type":"LineString","coordinates":[[6.79675,49.25775],[6.79141,49.24969]]},"properties":{"d":"33630","load":1,"rf":0}},{"type":"Feature","geometry":{"type":"LineString","coordinates":[[6.77908,49.24416],[6.77868,49.24359]]},"properties":{"d":"33630","load":23,"rf":0}},{"type":"Feature","geometry":{"type":"LineString","coordinates":[[7.05998,49.48279],[7.06256,49.4845]]},"properties":{"d":"33737","load":66,"rf":0}},{"type":"Feature","geometry":{"type":"LineString","coordinates":[[7.06027,49.46976],[7.06389,49.46824]]},"properties":{"d":"33737","load":11,"rf":0}},{"type":"Feature","geometry":{"type":"LineString","coordinates":[[7.05718,49.48459],[7.05976,49.4863]]},"properties":{"d":"33737","load":82,"rf":0}},{"type":"Feature","geometry":{"type":"LineString","coordinates":[[7.02935,49.48034],[7.02934,49.48022]]},"properties":{"d":"33737","load":0,"rf":0}},{"type":"Feature","geometry":{"type":"LineString","coordinates":[[7.06097,49.45398],[7.06148,49.45388]]},"properties":{"d":"33737","load":0,"rf":0}},{"type":"Feature","geometry":{"type":"LineString","coordinates":[[6.97279,49.50017],[6.97194,49.50249]]},"properties":{"d":"33737","load":0,"rf":0}},{"type":"Feature","geometry":{"type":"LineString","coordinates":[[7.02752,49.50313],[7.02743,49.50322]]},"properties":{"d":"33737","load":0,"rf":0}},{"type":"Feature","geometry":{"type":"LineString","coordinates":[[6.99506,49.47253],[6.99292,49.47171]]},"properties":{"d":"33737","load":25,"rf":0}},{"type":"Feature","geometry":{"type":"LineString","coordinates":[[6.99892,49.46317],[6.99882,49.46329]]},"properties":{"d":"33737","load":0,"rf":0}},{"type":"Feature","geometry":{"type":"LineString","coordinates":[[7.05455,49.44755],[7.05574,49.44564]]},"properties":{"d":"33737","load":0,"rf":0}},{"type":"Feature","geometry":{"type":"LineString","coordinates":[[7.03639,49.47651],[7.03655,49.47644]]},"properties":{"d":"33737","load":0,"rf":0}},{"type":"Feature","geometry":{"type":"LineString","coordinates":[[7.00287,49.44303],[6.99817,49.43965]]},"properties":{"d":"33737","load":23,"rf":0}},{"type":"Feature","geometry":{"type":"LineString","coordinates":[[7.07186,49.49235],[7.06847,49.4901]]},"properties":{"d":"33737","load":31,"rf":0}},{"type":"Feature","geometry":{"type":"LineString","coordinates":[[7.07048,49.48881],[7.06847,49.4901]]},"properties":{"d":"33737","load":31,"rf":0}},{"type":"Feature","geometry":{"type":"LineString","coordinates":[[7.08667,49.47626],[7.08326,49.48326]]},"properties":{"d":"33737","load":52,"rf":0}},{"type":"Feature","geometry":{"type":"LineString","coordinates":[[7.00796,49.4457],[7.00476,49.44228]]},"properties":{"d":"33737","load":14,"rf":0}},{"type":"Feature","geometry":{"type":"LineString","coordinates":[[7.01496,49.44492],[7.01723,49.44326]]},"properties":{"d":"33737","load":14,"rf":0}},{"type":"Feature","geometry":{"type":"LineString","coordinates":[[7.01496,49.44492],[7.01732,49.44732]]},"properties":{"d":"33737","load":27,"rf":0}},{"type":"Feature","geometry":{"type":"LineString","coordinates":[[6.92332,49.48253],[6.92656,49.49355]]},"properties":{"d":"33737","load":0,"rf":0}},{"type":"Feature","geometry":{"type":"LineString","coordinates":[[6.92332,49.48253],[6.94009,49.48534]]},"properties":{"d":"33737","load":1,"rf":0}},{"type":"Feature","geometry":{"type":"LineString","coordinates":[[6.9404,49.49895],[6.92656,49.49355]]},"properties":{"d":"33737","load":1,"rf":0}},{"type":"Feature","geometry":{"type":"LineString","coordinates":[[6.94009,49.48534],[7.07324,49.47767]]},"properties":{"d":"33737","load":3,"rf":0}},{"type":"Feature","geometry":{"type":"LineString","coordinates":[[6.94273,49.48947],[6.94216,49.48522]]},"properties":{"d":"33737","load":1,"rf":0}},{"type":"Feature","geometry":{"type":"LineString","coordinates":[[6.9404,49.49895],[6.94606,49.49845]]},"properties":{"d":"33737","load":5,"rf":0}},{"type":"Feature","geometry":{"type":"LineString","coordinates":[[6.94606,49.49845],[7.07324,49.47767]]},"properties":{"d":"33737","load":3,"rf":0}},{"type":"Feature","geometry":{"type":"LineString","coordinates":[[6.96656,49.50329],[6.96713,49.50174]]},"properties":{"d":"33737","load":0,"rf":0}},{"type":"Feature","geometry":{"type":"LineString","coordinates":[[6.98228,49.48822],[6.97792,49.49166]]},"properties":{"d":"33737","load":6,"rf":0}},{"type":"Feature","geometry":{"type":"LineString","coordinates":[[6.97455,49.48986],[6.97982,49.493]]},"properties":{"d":"33737","load":2,"rf":0}},{"type":"Feature","geometry":{"type":"LineString","coordinates":[[7.00157,49.46989],[6.97455,49.48986]]},"properties":{"d":"33737","load":2,"rf":0}},{"type":"Feature","geometry":{"type":"LineString","coordinates":[[6.97302,49.49472],[6.97067,49.49784]]},"properties":{"d":"33737","load":2,"rf":0}},{"type":"Feature","geometry":{"type":"LineString","coordinates":[[6.97302,49.49472],[6.97792,49.49166]]},"properties":{"d":"33737","load":3,"rf":0}},{"type":"Feature","geometry":{"type":"LineString","coordinates":[[6.98024,49.49615],[6.97982,49.493]]},"properties":{"d":"33737","load":3,"rf":0}},{"type":"Feature","geometry":{"type":"LineString","coordinates":[[6.97982,49.493],[6.98027,49.49229]]},"properties":{"d":"33737","load":7,"rf":0}},{"type":"Feature","geometry":{"type":"LineString","coordinates":[[6.97782,49.45568],[6.99148,49.46067]]},"properties":{"d":"33737","load":1,"rf":0}},{"type":"Feature","geometry":{"type":"LineString","coordinates":[[7.02875,49.43275],[7.03385,49.43284]]},"properties":{"d":"33737","load":37,"rf":0}},{"type":"Feature","geometry":{"type":"LineString","coordinates":[[7.02875,49.43275],[7.02491,49.43007]]},"properties":{"d":"33737","load":0,"rf":0}},{"type":"Feature","geometry":{"type":"LineString","coordinates":[[7.02875,49.43275],[7.06872,49.43208]]},"properties":{"d":"33737","load":0,"rf":0}},{"type":"Feature","geometry":{"type":"LineString","coordinates":[[7.02875,49.43275],[7.00476,49.44228]]},"properties":{"d":"33737","load":36,"rf":0}},{"type":"Feature","geometry":{"type":"LineString","coordinates":[[7.03385,49.43284],[7.03557,49.43964]]},"properties":{"d":"33737","load":38,"rf":0}},{"type":"Feature","geometry":{"type":"LineString","coordinates":[[6.99149,49.4812],[6.99165,49.48239]]},"properties":{"d":"33737","load":0,"rf":0}},{"type":"Feature","geometry":{"type":"LineString","coordinates":[[6.99095,49.48897],[6.99176,49.49105]]},"properties":{"d":"33737","load":0,"rf":0}},{"type":"Feature","geometry":{"type":"LineString","coordinates":[[6.99397,49.45769],[6.99148,49.46067]]},"properties":{"d":"33737","load":0,"rf":0}},{"type":"Feature","geometry":{"type":"LineString","coordinates":[[7.00287,49.44303],[7.00476,49.44228]]},"properties":{"d":"33737","load":23,"rf":0}},{"type":"Feature","geometry":{"type":"LineString","coordinates":[[7.00107,49.46409],[6.9975,49.46331]]},"properties":{"d":"33737","load":22,"rf":0}},{"type":"Feature","geometry":{"type":"LineString","coordinates":[[7.00107,49.46409],[7.03326,49.47016]]},"properties":{"d":"33737","load":56,"rf":0}},{"type":"Feature","geometry":{"type":"LineString","coordinates":[[7.00107,49.46409],[6.99882,49.46329]]},"properties":{"d":"33737","load":34,"rf":0}},{"type":"Feature","geometry":{"type":"LineString","coordinates":[[7.00157,49.46989],[7.07324,49.47767]]},"properties":{"d":"33737","load":2,"rf":0}},{"type":"Feature","geometry":{"type":"LineString","coordinates":[[6.99186,49.46082],[6.99148,49.46067]]},"properties":{"d":"33737","load":1,"rf":0}},{"type":"Feature","geometry":{"type":"LineString","coordinates":[[6.99506,49.47253],[7.00081,49.46909]]},"properties":{"d":"33737","load":21,"rf":0}},{"type":"Feature","geometry":{"type":"LineString","coordinates":[[6.9975,49.46331],[7.00081,49.46909]]},"properties":{"d":"33737","load":21,"rf":0}},{"type":"Feature","geometry":{"type":"LineString","coordinates":[[7.00021,49.48929],[7.07324,49.47767]]},"properties":{"d":"33737","load":2,"rf":0}},{"type":"Feature","geometry":{"type":"LineString","coordinates":[[7.00021,49.48929],[6.99176,49.49105]]},"properties":{"d":"33737","load":15,"rf":0}},{"type":"Feature","geometry":{"type":"LineString","coordinates":[[7.01534,49.44815],[7.01732,49.44732]]},"properties":{"d":"33737","load":0,"rf":0}},{"type":"Feature","geometry":{"type":"LineString","coordinates":[[7.02954,49.50404],[7.03378,49.49975]]},"properties":{"d":"33737","load":4,"rf":0}},{"type":"Feature","geometry":{"type":"LineString","coordinates":[[7.02954,49.50404],[7.02743,49.50322]]},"properties":{"d":"33737","load":0,"rf":0}},{"type":"Feature","geometry":{"type":"LineString","coordinates":[[7.03919,49.48622],[7.03734,49.48406]]},"properties":{"d":"33737","load":2,"rf":0}},{"type":"Feature","geometry":{"type":"LineString","coordinates":[[7.0268,49.47909],[7.03213,49.48211]]},"properties":{"d":"33737","load":3,"rf":0}},{"type":"Feature","geometry":{"type":"LineString","coordinates":[[7.07324,49.47767],[7.03436,49.49485]]},"properties":{"d":"33737","load":3,"rf":0}},{"type":"Feature","geometry":{"type":"LineString","coordinates":[[7.07324,49.47767],[7.01914,49.49977]]},"properties":{"d":"33737","load":3,"rf":0}},{"type":"Feature","geometry":{"type":"LineString","coordinates":[[7.02869,49.49807],[7.03734,49.48406]]},"properties":{"d":"33737","load":4,"rf":0}},{"type":"Feature","geometry":{"type":"LineString","coordinates":[[7.01914,49.49977],[7.0093,49.50613]]},"properties":{"d":"33737","load":8,"rf":0}},{"type":"Feature","geometry":{"type":"LineString","coordinates":[[7.02246,49.50131],[7.0093,49.50613]]},"properties":{"d":"33737","load":5,"rf":0}},{"type":"Feature","geometry":{"type":"LineString","coordinates":[[7.02246,49.50131],[7.02743,49.50322]]},"properties":{"d":"33737","load":0,"rf":0}},{"type":"Feature","geometry":{"type":"LineString","coordinates":[[7.03378,49.49975],[7.03436,49.49485]]},"properties":{"d":"33737","load":6,"rf":0}},{"type":"Feature","geometry":{"type":"LineString","coordinates":[[7.03213,49.48211],[7.03975,49.47952]]},"properties":{"d":"33737","load":4,"rf":0}},{"type":"Feature","geometry":{"type":"LineString","coordinates":[[7.03983,49.47989],[7.03975,49.47952]]},"properties":{"d":"33737","load":5,"rf":0}},{"type":"Feature","geometry":{"type":"LineString","coordinates":[[7.07324,49.47767],[7.03983,49.47989]]},"properties":{"d":"33737","load":6,"rf":0}},{"type":"Feature","geometry":{"type":"LineString","coordinates":[[7.03614,49.47604],[7.03655,49.47644]]},"properties":{"d":"33737","load":2,"rf":0}},{"type":"Feature","geometry":{"type":"LineString","coordinates":[[7.01079,49.47482],[7.01167,49.48124]]},"properties":{"d":"33737","load":0,"rf":0}},{"type":"Feature","geometry":{"type":"LineString","coordinates":[[7.02134,49.44733],[7.02015,49.44613]]},"properties":{"d":"33737","load":0,"rf":0}},{"type":"Feature","geometry":{"type":"LineString","coordinates":[[7.07324,49.47767],[7.02398,49.4864]]},"properties":{"d":"33737","load":0,"rf":0}},{"type":"Feature","geometry":{"type":"LineString","coordinates":[[7.02218,49.51032],[7.04224,49.4975]]},"properties":{"d":"33737","load":2,"rf":0}},{"type":"Feature","geometry":{"type":"LineString","coordinates":[[7.02218,49.51032],[6.97194,49.50249]]},"properties":{"d":"33737","load":0,"rf":0}},{"type":"Feature","geometry":{"type":"LineString","coordinates":[[7.03456,49.44894],[7.04177,49.44591]]},"properties":{"d":"33737","load":1,"rf":0}},{"type":"Feature","geometry":{"type":"LineString","coordinates":[[7.03638,49.4631],[7.03326,49.47016]]},"properties":{"d":"33737","load":0,"rf":0}},{"type":"Feature","geometry":{"type":"LineString","coordinates":[[7.04135,49.45502],[7.04801,49.45222]]},"properties":{"d":"33737","load":0,"rf":0}},{"type":"Feature","geometry":{"type":"LineString","coordinates":[[7.05444,49.45167],[7.04661,49.44804]]},"properties":{"d":"33737","load":0,"rf":0}},{"type":"Feature","geometry":{"type":"LineString","coordinates":[[7.05444,49.45167],[7.05458,49.45282]]},"properties":{"d":"33737","load":2,"rf":0}},{"type":"Feature","geometry":{"type":"LineString","coordinates":[[7.05444,49.45167],[7.05689,49.4513]]},"properties":{"d":"33737","load":5,"rf":0}},{"type":"Feature","geometry":{"type":"LineString","coordinates":[[7.06355,49.45808],[7.06269,49.4545]]},"properties":{"d":"33737","load":6,"rf":0}},{"type":"Feature","geometry":{"type":"LineString","coordinates":[[7.06028,49.45173],[7.05689,49.4513]]},"properties":{"d":"33737","load":10,"rf":0}},{"type":"Feature","geometry":{"type":"LineString","coordinates":[[7.06028,49.45173],[7.06075,49.45167]]},"properties":{"d":"33737","load":0,"rf":0}},{"type":"Feature","geometry":{"type":"LineString","coordinates":[[7.06028,49.45173],[7.07324,49.47767]]},"properties":{"d":"33737","load":1,"rf":0}},{"type":"Feature","geometry":{"type":"LineString","coordinates":[[7.05258,49.45377],[7.05458,49.45282]]},"properties":{"d":"33737","load":1,"rf":0}},{"type":"Feature","geometry":{"type":"LineString","coordinates":[[7.05239,49.45583],[7.05458,49.45282]]},"properties":{"d":"33737","load":2,"rf":0}},{"type":"Feature","geometry":{"type":"LineString","coordinates":[[7.05547,49.44557],[7.05574,49.44564]]},"properties":{"d":"33737","load":2,"rf":0}},{"type":"Feature","geometry":{"type":"LineString","coordinates":[[7.0656,49.45289],[7.06269,49.4545]]},"properties":{"d":"33737","load":1,"rf":0}},{"type":"Feature","geometry":{"type":"LineString","coordinates":[[7.05778,49.44928],[7.05948,49.44664]]},"properties":{"d":"33737","load":3,"rf":0}},{"type":"Feature","geometry":{"type":"LineString","coordinates":[[7.05778,49.44928],[7.05689,49.4513]]},"properties":{"d":"33737","load":5,"rf":0}},{"type":"Feature","geometry":{"type":"LineString","coordinates":[[7.06306,49.44906],[7.06075,49.45167]]},"properties":{"d":"33737","load":2,"rf":0}},{"type":"Feature","geometry":{"type":"LineString","coordinates":[[7.05948,49.44664],[7.05574,49.44564]]},"properties":{"d":"33737","load":2,"rf":0}},{"type":"Feature","geometry":{"type":"LineString","coordinates":[[7.08124,49.42804],[7.07953,49.42679]]},"properties":{"d":"33737","load":5,"rf":0}},{"type":"Feature","geometry":{"type":"LineString","coordinates":[[7.07086,49.43211],[7.07527,49.43189]]},"properties":{"d":"33737","load":1,"rf":0}},{"type":"Feature","geometry":{"type":"LineString","coordinates":[[7.07086,49.43211],[7.06872,49.43208]]},"properties":{"d":"33737","load":0,"rf":0}},{"type":"Feature","geometry":{"type":"LineString","coordinates":[[7.07708,49.42633],[7.07527,49.43189]]},"properties":{"d":"33737","load":6,"rf":0}},{"type":"Feature","geometry":{"type":"LineString","coordinates":[[7.07708,49.42633],[7.07953,49.42679]]},"properties":{"d":"33737","load":5,"rf":0}},{"type":"Feature","geometry":{"type":"LineString","coordinates":[[7.07718,49.43337],[7.07601,49.43248]]},"properties":{"d":"33737","load":1,"rf":0}},{"type":"Feature","geometry":{"type":"LineString","coordinates":[[7.07563,49.43548],[7.07601,49.43248]]},"properties":{"d":"33737","load":0,"rf":0}},{"type":"Feature","geometry":{"type":"LineString","coordinates":[[7.07527,49.43189],[7.07324,49.47767]]},"properties":{"d":"33737","load":2,"rf":0}},{"type":"Feature","geometry":{"type":"LineString","coordinates":[[7.07527,49.43189],[7.07601,49.43248]]},"properties":{"d":"33737","load":1,"rf":0}},{"type":"Feature","geometry":{"type":"LineString","coordinates":[[7.07729,49.41987],[7.07953,49.42679]]},"properties":{"d":"33737","load":0,"rf":0}},{"type":"Feature","geometry":{"type":"LineString","coordinates":[[7.045,49.49933],[7.04224,49.4975]]},"properties":{"d":"33737","load":2,"rf":0}},{"type":"Feature","geometry":{"type":"LineString","coordinates":[[7.06733,49.47042],[7.06806,49.47126]]},"properties":{"d":"33737","load":0,"rf":0}},{"type":"Feature","geometry":{"type":"LineString","coordinates":[[7.06733,49.47042],[7.06745,49.47051]]},"properties":{"d":"33737","load":7,"rf":0}},{"type":"Feature","geometry":{"type":"LineString","coordinates":[[7.06457,49.47292],[7.06806,49.47126]]},"properties":{"d":"33737","load":1,"rf":0}},{"type":"Feature","geometry":{"type":"LineString","coordinates":[[7.07078,49.47049],[7.07036,49.47374]]},"properties":{"d":"33737","load":3,"rf":0}},{"type":"Feature","geometry":{"type":"LineString","coordinates":[[7.07078,49.47049],[7.06899,49.466]]},"properties":{"d":"33737","load":1,"rf":0}},{"type":"Feature","geometry":{"type":"LineString","coordinates":[[7.07078,49.47049],[7.06806,49.47126]]},"properties":{"d":"33737","load":1,"rf":0}},{"type":"Feature","geometry":{"type":"LineString","coordinates":[[7.07036,49.47374],[7.06457,49.47744]]},"properties":{"d":"33737","load":0,"rf":0}},{"type":"Feature","geometry":{"type":"LineString","coordinates":[[7.07324,49.47767],[7.07036,49.47374]]},"properties":{"d":"33737","load":5,"rf":0}},{"type":"Feature","geometry":{"type":"LineString","coordinates":[[7.06851,49.43715],[7.06872,49.43208]]},"properties":{"d":"33737","load":0,"rf":0}},{"type":"Feature","geometry":{"type":"LineString","coordinates":[[7.07627,49.45096],[7.06192,49.45394]]},"properties":{"d":"33737","load":0,"rf":0}},{"type":"Feature","geometry":{"type":"LineString","coordinates":[[7.08307,49.451],[7.09286,49.45219]]},"properties":{"d":"33737","load":0,"rf":0}},{"type":"Feature","geometry":{"type":"LineString","coordinates":[[7.08921,49.41493],[7.08019,49.43326]]},"properties":{"d":"33737","load":0,"rf":0}},{"type":"Feature","geometry":{"type":"LineString","coordinates":[[7.08658,49.46607],[7.08434,49.46523]]},"properties":{"d":"33737","load":1,"rf":0}},{"type":"Feature","geometry":{"type":"LineString","coordinates":[[7.08667,49.47626],[7.07757,49.47281]]},"properties":{"d":"33737","load":52,"rf":0}},{"type":"Feature","geometry":{"type":"LineString","coordinates":[[7.09748,49.43603],[7.09286,49.45219]]},"properties":{"d":"33737","load":0,"rf":0}},{"type":"Feature","geometry":{"type":"LineString","coordinates":[[7.09748,49.43603],[7.08019,49.43326]]},"properties":{"d":"33737","load":0,"rf":0}},{"type":"Feature","geometry":{"type":"LineString","coordinates":[[7.09139,49.45732],[7.09286,49.45219]]},"properties":{"d":"33737","load":0,"rf":0}},{"type":"Feature","geometry":{"type":"LineString","coordinates":[[7.09139,49.45732],[7.08434,49.46523]]},"properties":{"d":"33737","load":1,"rf":0}},{"type":"Feature","geometry":{"type":"LineString","coordinates":[[7.01167,49.48124],[7.02934,49.48022]]},"properties":{"d":"33737","load":1,"rf":0}},{"type":"Feature","geometry":{"type":"LineString","coordinates":[[6.99165,49.48239],[7.01167,49.48124]]},"properties":{"d":"33737","load":1,"rf":0}},{"type":"Feature","geometry":{"type":"LineString","coordinates":[[7.02015,49.44613],[7.01732,49.44732]]},"properties":{"d":"33737","load":27,"rf":0}},{"type":"Feature","geometry":{"type":"LineString","coordinates":[[7.03557,49.43964],[7.02015,49.44613]]},"properties":{"d":"33737","load":27,"rf":0}},{"type":"Feature","geometry":{"type":"LineString","coordinates":[[7.04177,49.44591],[7.04801,49.45222]]},"properties":{"d":"33737","load":66,"rf":0}},{"type":"Feature","geometry":{"type":"LineString","coordinates":[[7.03557,49.43964],[7.04177,49.44591]]},"properties":{"d":"33737","load":65,"rf":0}},{"type":"Feature","geometry":{"type":"LineString","coordinates":[[7.07324,49.47767],[7.03326,49.47016]]},"properties":{"d":"33737","load":56,"rf":0}},{"type":"Feature","geometry":{"type":"LineString","coordinates":[[7.04801,49.45222],[7.06389,49.46824]]},"properties":{"d":"33737","load":66,"rf":0}},{"type":"Feature","geometry":{"type":"LineString","coordinates":[[7.04224,49.4975],[7.05976,49.4863]]},"properties":{"d":"33737","load":4,"rf":0}},{"type":"Feature","geometry":{"type":"LineString","coordinates":[[7.06192,49.45394],[7.06269,49.4545]]},"properties":{"d":"33737","load":10,"rf":0}},{"type":"Feature","geometry":{"type":"LineString","coordinates":[[7.07324,49.47767],[7.06192,49.45394]]},"properties":{"d":"33737","load":10,"rf":0}},{"type":"Feature","geometry":{"type":"LineString","coordinates":[[7.07324,49.47767],[7.03734,49.48406]]},"properties":{"d":"33737","load":6,"rf":0}},{"type":"Feature","geometry":{"type":"LineString","coordinates":[[7.08434,49.46523],[7.07757,49.47281]]},"properties":{"d":"33737","load":1,"rf":0}},{"type":"Feature","geometry":{"type":"LineString","coordinates":[[7.07324,49.47767],[7.07757,49.47281]]},"properties":{"d":"33737","load":32,"rf":0}},{"type":"Feature","geometry":{"type":"LineString","coordinates":[[6.99165,49.48239],[6.94216,49.48522]]},"properties":{"d":"33737","load":1,"rf":0}},{"type":"Feature","geometry":{"type":"LineString","coordinates":[[6.98027,49.49229],[6.97792,49.49166]]},"properties":{"d":"33737","load":9,"rf":0}},{"type":"Feature","geometry":{"type":"LineString","coordinates":[[6.99176,49.49105],[6.98027,49.49229]]},"properties":{"d":"33737","load":15,"rf":0}},{"type":"Feature","geometry":{"type":"LineString","coordinates":[[7.06269,49.4545],[7.06075,49.45167]]},"properties":{"d":"33737","load":2,"rf":0}},{"type":"Feature","geometry":{"type":"LineString","coordinates":[[7.03975,49.47952],[7.03655,49.47644]]},"properties":{"d":"33737","load":2,"rf":0}},{"type":"Feature","geometry":{"type":"LineString","coordinates":[[7.06256,49.4845],[7.06127,49.48533]]},"properties":{"d":"33737","load":37,"rf":0}},{"type":"Feature","geometry":{"type":"LineString","coordinates":[[7.07324,49.47767],[7.06256,49.4845]]},"properties":{"d":"33737","load":15,"rf":0}},{"type":"Feature","geometry":{"type":"LineString","coordinates":[[7.07324,49.47767],[7.06389,49.46824]]},"properties":{"d":"33737","load":73,"rf":0}},{"type":"Feature","geometry":{"type":"LineString","coordinates":[[7.05976,49.4863],[7.06127,49.48533]]},"properties":{"d":"33737","load":86,"rf":0}},{"type":"Feature","geometry":{"type":"LineString","coordinates":[[7.07324,49.47767],[7.02934,49.48022]]},"properties":{"d":"33737","load":1,"rf":0}},{"type":"Feature","geometry":{"type":"LineString","coordinates":[[7.07324,49.47767],[7.06148,49.45388]]},"properties":{"d":"33737","load":0,"rf":0}},{"type":"Feature","geometry":{"type":"LineString","coordinates":[[6.96713,49.50174],[6.97194,49.50249]]},"properties":{"d":"33737","load":0,"rf":0}},{"type":"Feature","geometry":{"type":"LineString","coordinates":[[7.06041,49.45171],[7.06148,49.45388]]},"properties":{"d":"33737","load":0,"rf":0}},{"type":"Feature","geometry":{"type":"LineString","coordinates":[[6.99148,49.46067],[6.99882,49.46329]]},"properties":{"d":"33737","load":34,"rf":0}},{"type":"Feature","geometry":{"type":"LineString","coordinates":[[7.06127,49.48533],[7.06847,49.4901]]},"properties":{"d":"33737","load":61,"rf":0}},{"type":"Feature","geometry":{"type":"LineString","coordinates":[[7.07324,49.47767],[7.06745,49.47051]]},"properties":{"d":"33737","load":7,"rf":0}},{"type":"Feature","geometry":{"type":"LineString","coordinates":[[6.89715,49.40312],[6.89594,49.40265]]},"properties":{"d":"33741","load":10,"rf":0}},{"type":"Feature","geometry":{"type":"LineString","coordinates":[[6.93099,49.41187],[6.93094,49.41211]]},"properties":{"d":"33741","load":36,"rf":0}},{"type":"Feature","geometry":{"type":"LineString","coordinates":[[7.00099,49.41489],[7.00073,49.41451]]},"properties":{"d":"33741","load":3,"rf":0}},{"type":"Feature","geometry":{"type":"LineString","coordinates":[[7.00099,49.41489],[7.00094,49.41522]]},"properties":{"d":"33741","load":6,"rf":0}},{"type":"Feature","geometry":{"type":"LineString","coordinates":[[6.99841,49.41395],[6.99709,49.41369]]},"properties":{"d":"33741","load":6,"rf":0}},{"type":"Feature","geometry":{"type":"LineString","coordinates":[[6.99841,49.41395],[6.99825,49.41506]]},"properties":{"d":"33741","load":13,"rf":0}},{"type":"Feature","geometry":{"type":"LineString","coordinates":[[6.96212,49.41001],[6.9627,49.41007]]},"properties":{"d":"33741","load":0,"rf":0}},{"type":"Feature","geometry":{"type":"LineString","coordinates":[[6.87009,49.39872],[6.8699,49.39898]]},"properties":{"d":"33741","load":0,"rf":0}},{"type":"Feature","geometry":{"type":"LineString","coordinates":[[6.96582,49.47251],[6.96576,49.47246]]},"properties":{"d":"33741","load":0,"rf":0}},{"type":"Feature","geometry":{"type":"LineString","coordinates":[[6.89494,49.3789],[6.89121,49.37759]]},"properties":{"d":"33741","load":0,"rf":1}},{"type":"Feature","geometry":{"type":"LineString","coordinates":[[6.97078,49.37188],[6.97083,49.3721]]},"properties":{"d":"33741","load":0,"rf":0}},{"type":"Feature","geometry":{"type":"LineString","coordinates":[[6.91899,49.39838],[6.92035,49.3995]]},"properties":{"d":"33741","load":0,"rf":0}},{"type":"Feature","geometry":{"type":"LineString","coordinates":[[7.01176,49.41522],[7.01155,49.41584]]},"properties":{"d":"33741","load":0,"rf":0}},{"type":"Feature","geometry":{"type":"LineString","coordinates":[[6.96211,49.47227],[6.96312,49.47124]]},"properties":{"d":"33741","load":0,"rf":0}},{"type":"Feature","geometry":{"type":"LineString","coordinates":[[6.91963,49.37413],[6.9088,49.37539]]},"properties":{"d":"33741","load":28,"rf":0}},{"type":"Feature","geometry":{"type":"LineString","coordinates":[[6.91963,49.37413],[6.92777,49.37616]]},"properties":{"d":"33741","load":55,"rf":0}},{"type":"Feature","geometry":{"type":"LineString","coordinates":[[6.99989,49.4002],[6.99967,49.40154]]},"properties":{"d":"33741","load":21,"rf":0}},{"type":"Feature","geometry":{"type":"LineString","coordinates":[[6.99202,49.39586],[6.99989,49.4002]]},"properties":{"d":"33741","load":29,"rf":0}},{"type":"Feature","geometry":{"type":"LineString","coordinates":[[6.97539,49.43252],[6.97641,49.43125]]},"properties":{"d":"33741","load":61,"rf":0}},{"type":"Feature","geometry":{"type":"LineString","coordinates":[[6.97539,49.43252],[6.97521,49.43267]]},"properties":{"d":"33741","load":69,"rf":0}},{"type":"Feature","geometry":{"type":"LineString","coordinates":[[6.93074,49.44077],[6.93265,49.43993]]},"properties":{"d":"33741","load":32,"rf":0}},{"type":"Feature","geometry":{"type":"LineString","coordinates":[[6.93317,49.44423],[6.93585,49.44306]]},"properties":{"d":"33741","load":31,"rf":0}},{"type":"Feature","geometry":{"type":"LineString","coordinates":[[6.92911,49.44657],[6.93001,49.44922]]},"properties":{"d":"33741","load":28,"rf":0}},{"type":"Feature","geometry":{"type":"LineString","coordinates":[[6.978,49.42927],[6.97769,49.42594]]},"properties":{"d":"33741","load":27,"rf":0}},{"type":"Feature","geometry":{"type":"LineString","coordinates":[[6.978,49.42927],[6.97641,49.43125]]},"properties":{"d":"33741","load":54,"rf":0}},{"type":"Feature","geometry":{"type":"LineString","coordinates":[[7.02167,49.42337],[7.0105,49.4294]]},"properties":{"d":"33741","load":16,"rf":0}},{"type":"Feature","geometry":{"type":"LineString","coordinates":[[6.97586,49.43105],[6.97641,49.43125]]},"properties":{"d":"33741","load":7,"rf":0}},{"type":"Feature","geometry":{"type":"LineString","coordinates":[[6.97294,49.43153],[6.97521,49.43267]]},"properties":{"d":"33741","load":7,"rf":0}},{"type":"Feature","geometry":{"type":"LineString","coordinates":[[6.8878,49.43348],[6.89033,49.43124]]},"properties":{"d":"33741","load":28,"rf":0}},{"type":"Feature","geometry":{"type":"LineString","coordinates":[[6.88586,49.42909],[6.88003,49.43178]]},"properties":{"d":"33741","load":28,"rf":0}},{"type":"Feature","geometry":{"type":"LineString","coordinates":[[6.88586,49.42909],[6.89033,49.43124]]},"properties":{"d":"33741","load":56,"rf":0}},{"type":"Feature","geometry":{"type":"LineString","coordinates":[[6.84921,49.39199],[6.86001,49.3839]]},"properties":{"d":"33741","load":0,"rf":0}},{"type":"Feature","geometry":{"type":"LineString","coordinates":[[6.86001,49.3839],[6.87718,49.3821]]},"properties":{"d":"33741","load":0,"rf":0}},{"type":"Feature","geometry":{"type":"LineString","coordinates":[[6.90814,49.4249],[6.90447,49.4252]]},"properties":{"d":"33741","load":0,"rf":0}},{"type":"Feature","geometry":{"type":"LineString","coordinates":[[6.9799,49.41098],[6.97421,49.40529]]},"properties":{"d":"33741","load":0,"rf":0}},{"type":"Feature","geometry":{"type":"LineString","coordinates":[[6.9799,49.41098],[6.97032,49.40788]]},"properties":{"d":"33741","load":4,"rf":0}},{"type":"Feature","geometry":{"type":"LineString","coordinates":[[6.971,49.40179],[6.97255,49.4036]]},"properties":{"d":"33741","load":3,"rf":0}},{"type":"Feature","geometry":{"type":"LineString","coordinates":[[6.971,49.40179],[6.96596,49.4041]]},"properties":{"d":"33741","load":5,"rf":0}},{"type":"Feature","geometry":{"type":"LineString","coordinates":[[6.95443,49.41113],[6.90136,49.40932]]},"properties":{"d":"33741","load":1,"rf":0}},{"type":"Feature","geometry":{"type":"LineString","coordinates":[[6.95443,49.41113],[6.96295,49.40906]]},"properties":{"d":"33741","load":4,"rf":0}},{"type":"Feature","geometry":{"type":"LineString","coordinates":[[6.94677,49.41007],[6.9402,49.40742]]},"properties":{"d":"33741","load":6,"rf":0}},{"type":"Feature","geometry":{"type":"LineString","coordinates":[[6.94677,49.41007],[6.94266,49.4113]]},"properties":{"d":"33741","load":0,"rf":0}},{"type":"Feature","geometry":{"type":"LineString","coordinates":[[6.90136,49.40932],[6.9658,49.40433]]},"properties":{"d":"33741","load":2,"rf":0}},{"type":"Feature","geometry":{"type":"LineString","coordinates":[[6.95677,49.40445],[6.94969,49.40687]]},"properties":{"d":"33741","load":3,"rf":0}},{"type":"Feature","geometry":{"type":"LineString","coordinates":[[6.97421,49.40529],[6.97255,49.4036]]},"properties":{"d":"33741","load":2,"rf":0}},{"type":"Feature","geometry":{"type":"LineString","coordinates":[[6.96244,49.41106],[6.9627,49.41007]]},"properties":{"d":"33741","load":2,"rf":0}},{"type":"Feature","geometry":{"type":"LineString","coordinates":[[6.95142,49.41404],[6.95329,49.41881]]},"properties":{"d":"33741","load":6,"rf":0}},{"type":"Feature","geometry":{"type":"LineString","coordinates":[[6.95142,49.41404],[6.93094,49.41211]]},"properties":{"d":"33741","load":2,"rf":0}},{"type":"Feature","geometry":{"type":"LineString","coordinates":[[6.96458,49.40905],[6.9653,49.40852]]},"properties":{"d":"33741","load":11,"rf":0}},{"type":"Feature","geometry":{"type":"LineString","coordinates":[[6.96458,49.40905],[6.96295,49.40906]]},"properties":{"d":"33741","load":14,"rf":0}},{"type":"Feature","geometry":{"type":"LineString","coordinates":[[6.96773,49.40692],[6.97032,49.40788]]},"properties":{"d":"33741","load":6,"rf":0}},{"type":"Feature","geometry":{"type":"LineString","coordinates":[[6.96773,49.40692],[6.9653,49.40852]]},"properties":{"d":"33741","load":8,"rf":0}},{"type":"Feature","geometry":{"type":"LineString","coordinates":[[6.96265,49.39745],[6.96596,49.4041]]},"properties":{"d":"33741","load":1,"rf":0}},{"type":"Feature","geometry":{"type":"LineString","coordinates":[[6.9658,49.40433],[6.96596,49.4041]]},"properties":{"d":"33741","load":6,"rf":0}},{"type":"Feature","geometry":{"type":"LineString","coordinates":[[6.94112,49.41228],[6.94266,49.4113]]},"properties":{"d":"33741","load":3,"rf":0}},{"type":"Feature","geometry":{"type":"LineString","coordinates":[[6.95683,49.42256],[6.9565,49.42264]]},"properties":{"d":"33741","load":2,"rf":0}},{"type":"Feature","geometry":{"type":"LineString","coordinates":[[6.90136,49.40932],[6.94969,49.40687]]},"properties":{"d":"33741","load":5,"rf":0}},{"type":"Feature","geometry":{"type":"LineString","coordinates":[[6.95329,49.41881],[6.9565,49.42264]]},"properties":{"d":"33741","load":2,"rf":0}},{"type":"Feature","geometry":{"type":"LineString","coordinates":[[6.90136,49.40932],[6.9402,49.40742]]},"properties":{"d":"33741","load":9,"rf":0}},{"type":"Feature","geometry":{"type":"LineString","coordinates":[[6.84921,49.39199],[6.86949,49.39884]]},"properties":{"d":"33741","load":0,"rf":0}},{"type":"Feature","geometry":{"type":"LineString","coordinates":[[6.86949,49.39884],[6.8699,49.39898]]},"properties":{"d":"33741","load":0,"rf":0}},{"type":"Feature","geometry":{"type":"LineString","coordinates":[[6.87467,49.37199],[6.87369,49.37215]]},"properties":{"d":"33741","load":8,"rf":0}},{"type":"Feature","geometry":{"type":"LineString","coordinates":[[6.87369,49.37215],[6.90136,49.40932]]},"properties":{"d":"33741","load":2,"rf":0}},{"type":"Feature","geometry":{"type":"LineString","coordinates":[[6.87626,49.42576],[6.88971,49.42276]]},"properties":{"d":"33741","load":0,"rf":0}},{"type":"Feature","geometry":{"type":"LineString","coordinates":[[6.89505,49.40464],[6.88908,49.40461]]},"properties":{"d":"33741","load":11,"rf":0}},{"type":"Feature","geometry":{"type":"LineString","coordinates":[[6.89505,49.40464],[6.90035,49.40377]]},"properties":{"d":"33741","load":9,"rf":0}},{"type":"Feature","geometry":{"type":"LineString","coordinates":[[6.91189,49.40646],[6.9121,49.40074]]},"properties":{"d":"33741","load":13,"rf":0}},{"type":"Feature","geometry":{"type":"LineString","coordinates":[[6.90963,49.40772],[6.91189,49.40646]]},"properties":{"d":"33741","load":1,"rf":0}},{"type":"Feature","geometry":{"type":"LineString","coordinates":[[6.91189,49.40646],[6.9121,49.40808]]},"properties":{"d":"33741","load":17,"rf":0}},{"type":"Feature","geometry":{"type":"LineString","coordinates":[[6.91803,49.41773],[6.91394,49.41442]]},"properties":{"d":"33741","load":13,"rf":0}},{"type":"Feature","geometry":{"type":"LineString","coordinates":[[6.91803,49.41773],[6.92928,49.41429]]},"properties":{"d":"33741","load":0,"rf":0}},{"type":"Feature","geometry":{"type":"LineString","coordinates":[[6.91803,49.41773],[6.91968,49.42389]]},"properties":{"d":"33741","load":6,"rf":0}},{"type":"Feature","geometry":{"type":"LineString","coordinates":[[6.9121,49.40074],[6.91407,49.39816]]},"properties":{"d":"33741","load":8,"rf":0}},{"type":"Feature","geometry":{"type":"LineString","coordinates":[[6.91044,49.41004],[6.90318,49.40933]]},"properties":{"d":"33741","load":19,"rf":0}},{"type":"Feature","geometry":{"type":"LineString","coordinates":[[6.91044,49.41004],[6.91394,49.41442]]},"properties":{"d":"33741","load":15,"rf":0}},{"type":"Feature","geometry":{"type":"LineString","coordinates":[[6.90664,49.41232],[6.90255,49.41372]]},"properties":{"d":"33741","load":24,"rf":0}},{"type":"Feature","geometry":{"type":"LineString","coordinates":[[6.90136,49.40932],[6.90664,49.41232]]},"properties":{"d":"33741","load":25,"rf":0}},{"type":"Feature","geometry":{"type":"LineString","coordinates":[[6.90249,49.40645],[6.91596,49.40167]]},"properties":{"d":"33741","load":0,"rf":0}},{"type":"Feature","geometry":{"type":"LineString","coordinates":[[6.90249,49.40645],[6.90348,49.40263]]},"properties":{"d":"33741","load":11,"rf":0}},{"type":"Feature","geometry":{"type":"LineString","coordinates":[[6.91736,49.42687],[6.91968,49.42389]]},"properties":{"d":"33741","load":2,"rf":0}},{"type":"Feature","geometry":{"type":"LineString","coordinates":[[6.91567,49.40863],[6.9121,49.40808]]},"properties":{"d":"33741","load":2,"rf":0}},{"type":"Feature","geometry":{"type":"LineString","coordinates":[[6.90456,49.41608],[6.92928,49.41429]]},"properties":{"d":"33741","load":1,"rf":0}},{"type":"Feature","geometry":{"type":"LineString","coordinates":[[6.90456,49.41608],[6.9001,49.42044]]},"properties":{"d":"33741","load":4,"rf":0}},{"type":"Feature","geometry":{"type":"LineString","coordinates":[[6.8944,49.41132],[6.88908,49.40461]]},"properties":{"d":"33741","load":16,"rf":0}},{"type":"Feature","geometry":{"type":"LineString","coordinates":[[6.8944,49.41132],[6.89013,49.41119]]},"properties":{"d":"33741","load":8,"rf":0}},{"type":"Feature","geometry":{"type":"LineString","coordinates":[[6.90136,49.40932],[6.90318,49.40933]]},"properties":{"d":"33741","load":5,"rf":0}},{"type":"Feature","geometry":{"type":"LineString","coordinates":[[6.91596,49.40167],[6.91407,49.39816]]},"properties":{"d":"33741","load":6,"rf":0}},{"type":"Feature","geometry":{"type":"LineString","coordinates":[[6.90255,49.41372],[6.9001,49.42044]]},"properties":{"d":"33741","load":23,"rf":0}},{"type":"Feature","geometry":{"type":"LineString","coordinates":[[6.90348,49.40263],[6.90136,49.40932]]},"properties":{"d":"33741","load":4,"rf":0}},{"type":"Feature","geometry":{"type":"LineString","coordinates":[[6.89013,49.41119],[6.88375,49.4153]]},"properties":{"d":"33741","load":0,"rf":0}},{"type":"Feature","geometry":{"type":"LineString","coordinates":[[6.90136,49.40932],[6.89013,49.41119]]},"properties":{"d":"33741","load":11,"rf":0}},{"type":"Feature","geometry":{"type":"LineString","coordinates":[[6.9001,49.42044],[6.89101,49.42247]]},"properties":{"d":"33741","load":23,"rf":0}},{"type":"Feature","geometry":{"type":"LineString","coordinates":[[6.88914,49.41892],[6.89101,49.42247]]},"properties":{"d":"33741","load":7,"rf":0}},{"type":"Feature","geometry":{"type":"LineString","coordinates":[[6.88884,49.39103],[6.90411,49.38832]]},"properties":{"d":"33741","load":0,"rf":0}},{"type":"Feature","geometry":{"type":"LineString","coordinates":[[6.90411,49.38832],[6.90527,49.38834]]},"properties":{"d":"33741","load":3,"rf":0}},{"type":"Feature","geometry":{"type":"LineString","coordinates":[[6.90513,49.3914],[6.90527,49.38834]]},"properties":{"d":"33741","load":2,"rf":0}},{"type":"Feature","geometry":{"type":"LineString","coordinates":[[7.00485,49.39363],[6.99806,49.39029]]},"properties":{"d":"33741","load":3,"rf":0}},{"type":"Feature","geometry":{"type":"LineString","coordinates":[[6.99806,49.39029],[6.99602,49.38679]]},"properties":{"d":"33741","load":1,"rf":0}},{"type":"Feature","geometry":{"type":"LineString","coordinates":[[6.99806,49.39029],[6.90136,49.40932]]},"properties":{"d":"33741","load":8,"rf":0}},{"type":"Feature","geometry":{"type":"LineString","coordinates":[[6.99806,49.39029],[6.99716,49.39186]]},"properties":{"d":"33741","load":34,"rf":0}},{"type":"Feature","geometry":{"type":"LineString","coordinates":[[6.98696,49.39844],[6.99202,49.39586]]},"properties":{"d":"33741","load":29,"rf":0}},{"type":"Feature","geometry":{"type":"LineString","coordinates":[[6.98696,49.39844],[6.99716,49.39186]]},"properties":{"d":"33741","load":31,"rf":0}},{"type":"Feature","geometry":{"type":"LineString","coordinates":[[6.90136,49.40932],[6.99141,49.38995]]},"properties":{"d":"33741","load":1,"rf":0}},{"type":"Feature","geometry":{"type":"LineString","coordinates":[[6.88017,49.4077],[6.88345,49.40344]]},"properties":{"d":"33741","load":0,"rf":0}},{"type":"Feature","geometry":{"type":"LineString","coordinates":[[6.89231,49.37624],[6.89121,49.37759]]},"properties":{"d":"33741","load":57,"rf":1}},{"type":"Feature","geometry":{"type":"LineString","coordinates":[[6.88884,49.39103],[6.88847,49.38091]]},"properties":{"d":"33741","load":0,"rf":1}},{"type":"Feature","geometry":{"type":"LineString","coordinates":[[6.88847,49.38091],[6.90136,49.40932]]},"properties":{"d":"33741","load":75,"rf":1}},{"type":"Feature","geometry":{"type":"LineString","coordinates":[[6.88847,49.38091],[6.89121,49.37759]]},"properties":{"d":"33741","load":57,"rf":1}},{"type":"Feature","geometry":{"type":"LineString","coordinates":[[6.88764,49.44476],[6.90506,49.44676]]},"properties":{"d":"33741","load":0,"rf":0}},{"type":"Feature","geometry":{"type":"LineString","coordinates":[[6.90335,49.4531],[6.90506,49.44676]]},"properties":{"d":"33741","load":35,"rf":0}},{"type":"Feature","geometry":{"type":"LineString","coordinates":[[6.90335,49.4531],[6.92625,49.44976]]},"properties":{"d":"33741","load":28,"rf":0}},{"type":"Feature","geometry":{"type":"LineString","coordinates":[[6.90335,49.4531],[6.9017,49.45319]]},"properties":{"d":"33741","load":4,"rf":0}},{"type":"Feature","geometry":{"type":"LineString","coordinates":[[6.89509,49.45069],[6.89724,49.45175]]},"properties":{"d":"33741","load":1,"rf":0}},{"type":"Feature","geometry":{"type":"LineString","coordinates":[[6.89949,49.447],[6.89724,49.45175]]},"properties":{"d":"33741","load":2,"rf":0}},{"type":"Feature","geometry":{"type":"LineString","coordinates":[[6.90424,49.45738],[6.9017,49.45319]]},"properties":{"d":"33741","load":1,"rf":0}},{"type":"Feature","geometry":{"type":"LineString","coordinates":[[6.89295,49.42892],[6.88971,49.42276]]},"properties":{"d":"33741","load":83,"rf":0}},{"type":"Feature","geometry":{"type":"LineString","coordinates":[[6.89295,49.42892],[6.89033,49.43124]]},"properties":{"d":"33741","load":83,"rf":0}},{"type":"Feature","geometry":{"type":"LineString","coordinates":[[6.90202,49.46276],[6.9017,49.45319]]},"properties":{"d":"33741","load":0,"rf":0}},{"type":"Feature","geometry":{"type":"LineString","coordinates":[[6.90716,49.43891],[6.90447,49.4252]]},"properties":{"d":"33741","load":35,"rf":0}},{"type":"Feature","geometry":{"type":"LineString","coordinates":[[6.90716,49.43891],[6.90506,49.44676]]},"properties":{"d":"33741","load":35,"rf":0}},{"type":"Feature","geometry":{"type":"LineString","coordinates":[[6.92533,49.38035],[6.92502,49.38604]]},"properties":{"d":"33741","load":56,"rf":0}},{"type":"Feature","geometry":{"type":"LineString","coordinates":[[6.92533,49.38035],[6.92777,49.37616]]},"properties":{"d":"33741","load":56,"rf":0}},{"type":"Feature","geometry":{"type":"LineString","coordinates":[[6.92104,49.38574],[6.92502,49.38604]]},"properties":{"d":"33741","load":2,"rf":0}},{"type":"Feature","geometry":{"type":"LineString","coordinates":[[6.92541,49.38873],[6.92178,49.3925]]},"properties":{"d":"33741","load":4,"rf":0}},{"type":"Feature","geometry":{"type":"LineString","coordinates":[[6.92541,49.38873],[6.9285,49.39152]]},"properties":{"d":"33741","load":3,"rf":0}},{"type":"Feature","geometry":{"type":"LineString","coordinates":[[6.92541,49.38873],[6.90527,49.38834]]},"properties":{"d":"33741","load":5,"rf":0}},{"type":"Feature","geometry":{"type":"LineString","coordinates":[[6.92541,49.38873],[6.92502,49.38604]]},"properties":{"d":"33741","load":58,"rf":0}},{"type":"Feature","geometry":{"type":"LineString","coordinates":[[6.90136,49.40932],[6.92541,49.38873]]},"properties":{"d":"33741","load":69,"rf":0}},{"type":"Feature","geometry":{"type":"LineString","coordinates":[[6.92808,49.37563],[6.92777,49.37616]]},"properties":{"d":"33741","load":1,"rf":0}},{"type":"Feature","geometry":{"type":"LineString","coordinates":[[6.93026,49.46137],[6.92625,49.44976]]},"properties":{"d":"33741","load":0,"rf":0}},{"type":"Feature","geometry":{"type":"LineString","coordinates":[[6.93818,49.43408],[6.93354,49.43643]]},"properties":{"d":"33741","load":0,"rf":0}},{"type":"Feature","geometry":{"type":"LineString","coordinates":[[6.94069,49.42454],[6.94751,49.43076]]},"properties":{"d":"33741","load":8,"rf":0}},{"type":"Feature","geometry":{"type":"LineString","coordinates":[[6.90136,49.40932],[6.94069,49.42454]]},"properties":{"d":"33741","load":8,"rf":0}},{"type":"Feature","geometry":{"type":"LineString","coordinates":[[6.94238,49.4443],[6.93354,49.43643]]},"properties":{"d":"33741","load":5,"rf":0}},{"type":"Feature","geometry":{"type":"LineString","coordinates":[[6.94238,49.4443],[6.95741,49.46035]]},"properties":{"d":"33741","load":5,"rf":0}},{"type":"Feature","geometry":{"type":"LineString","coordinates":[[6.90136,49.40932],[6.96188,49.44454]]},"properties":{"d":"33741","load":35,"rf":0}},{"type":"Feature","geometry":{"type":"LineString","coordinates":[[6.95121,49.43076],[6.94975,49.43392]]},"properties":{"d":"33741","load":4,"rf":0}},{"type":"Feature","geometry":{"type":"LineString","coordinates":[[6.96188,49.44454],[6.96443,49.44176]]},"properties":{"d":"33741","load":78,"rf":0}},{"type":"Feature","geometry":{"type":"LineString","coordinates":[[6.96188,49.44454],[6.96196,49.44462]]},"properties":{"d":"33741","load":0,"rf":0}},{"type":"Feature","geometry":{"type":"LineString","coordinates":[[6.94975,49.43392],[6.95499,49.43698]]},"properties":{"d":"33741","load":1,"rf":0}},{"type":"Feature","geometry":{"type":"LineString","coordinates":[[6.94975,49.43392],[6.94751,49.43076]]},"properties":{"d":"33741","load":7,"rf":0}},{"type":"Feature","geometry":{"type":"LineString","coordinates":[[6.96793,49.45061],[6.96399,49.44823]]},"properties":{"d":"33741","load":2,"rf":0}},{"type":"Feature","geometry":{"type":"LineString","coordinates":[[6.94534,49.43281],[6.94751,49.43076]]},"properties":{"d":"33741","load":1,"rf":0}},{"type":"Feature","geometry":{"type":"LineString","coordinates":[[6.96443,49.44176],[6.97521,49.43267]]},"properties":{"d":"33741","load":76,"rf":0}},{"type":"Feature","geometry":{"type":"LineString","coordinates":[[6.96399,49.44823],[6.90136,49.40932]]},"properties":{"d":"33741","load":3,"rf":0}},{"type":"Feature","geometry":{"type":"LineString","coordinates":[[6.9633,49.38155],[6.96146,49.37994]]},"properties":{"d":"33741","load":0,"rf":0}},{"type":"Feature","geometry":{"type":"LineString","coordinates":[[6.95274,49.38274],[6.95958,49.38487]]},"properties":{"d":"33741","load":1,"rf":0}},{"type":"Feature","geometry":{"type":"LineString","coordinates":[[6.95274,49.38274],[6.92035,49.3995]]},"properties":{"d":"33741","load":5,"rf":0}},{"type":"Feature","geometry":{"type":"LineString","coordinates":[[6.95958,49.38487],[6.98584,49.38825]]},"properties":{"d":"33741","load":0,"rf":0}},{"type":"Feature","geometry":{"type":"LineString","coordinates":[[6.94576,49.47169],[6.95919,49.46585]]},"properties":{"d":"33741","load":0,"rf":0}},{"type":"Feature","geometry":{"type":"LineString","coordinates":[[6.96161,49.37314],[6.96654,49.37762]]},"properties":{"d":"33741","load":0,"rf":0}},{"type":"Feature","geometry":{"type":"LineString","coordinates":[[6.95545,49.4602],[6.96459,49.45935]]},"properties":{"d":"33741","load":1,"rf":0}},{"type":"Feature","geometry":{"type":"LineString","coordinates":[[6.95545,49.4602],[6.95741,49.46035]]},"properties":{"d":"33741","load":4,"rf":0}},{"type":"Feature","geometry":{"type":"LineString","coordinates":[[6.96459,49.45935],[6.96278,49.46101]]},"properties":{"d":"33741","load":0,"rf":0}},{"type":"Feature","geometry":{"type":"LineString","coordinates":[[6.95605,49.46411],[6.95741,49.46035]]},"properties":{"d":"33741","load":1,"rf":0}},{"type":"Feature","geometry":{"type":"LineString","coordinates":[[6.96589,49.4724],[6.96278,49.46101]]},"properties":{"d":"33741","load":4,"rf":0}},{"type":"Feature","geometry":{"type":"LineString","coordinates":[[6.96622,49.47991],[6.96603,49.47551]]},"properties":{"d":"33741","load":2,"rf":0}},{"type":"Feature","geometry":{"type":"LineString","coordinates":[[6.95193,49.47576],[6.96603,49.47551]]},"properties":{"d":"33741","load":0,"rf":0}},{"type":"Feature","geometry":{"type":"LineString","coordinates":[[6.96099,49.47471],[6.96603,49.47551]]},"properties":{"d":"33741","load":2,"rf":0}},{"type":"Feature","geometry":{"type":"LineString","coordinates":[[6.96099,49.47471],[6.96576,49.47246]]},"properties":{"d":"33741","load":3,"rf":0}},{"type":"Feature","geometry":{"type":"LineString","coordinates":[[6.96589,49.4724],[6.96576,49.47246]]},"properties":{"d":"33741","load":3,"rf":0}},{"type":"Feature","geometry":{"type":"LineString","coordinates":[[6.96589,49.4724],[6.96312,49.47124]]},"properties":{"d":"33741","load":7,"rf":0}},{"type":"Feature","geometry":{"type":"LineString","coordinates":[[6.96128,49.47048],[6.90136,49.40932]]},"properties":{"d":"33741","load":2,"rf":0}},{"type":"Feature","geometry":{"type":"LineString","coordinates":[[6.96128,49.47048],[6.96312,49.47124]]},"properties":{"d":"33741","load":7,"rf":0}},{"type":"Feature","geometry":{"type":"LineString","coordinates":[[7.01156,49.41596],[7.02167,49.42337]]},"properties":{"d":"33741","load":14,"rf":0}},{"type":"Feature","geometry":{"type":"LineString","coordinates":[[6.98858,49.38122],[6.98584,49.38825]]},"properties":{"d":"33741","load":4,"rf":0}},{"type":"Feature","geometry":{"type":"LineString","coordinates":[[7.01129,49.41904],[7.01156,49.41596]]},"properties":{"d":"33741","load":8,"rf":0}},{"type":"Feature","geometry":{"type":"LineString","coordinates":[[7.01129,49.41904],[7.01124,49.41883]]},"properties":{"d":"33741","load":5,"rf":0}},{"type":"Feature","geometry":{"type":"LineString","coordinates":[[7.01487,49.4134],[7.01889,49.41027]]},"properties":{"d":"33741","load":1,"rf":0}},{"type":"Feature","geometry":{"type":"LineString","coordinates":[[7.01487,49.4134],[7.01343,49.40818]]},"properties":{"d":"33741","load":0,"rf":0}},{"type":"Feature","geometry":{"type":"LineString","coordinates":[[7.03132,49.40181],[7.01487,49.4134]]},"properties":{"d":"33741","load":0,"rf":0}},{"type":"Feature","geometry":{"type":"LineString","coordinates":[[7.01487,49.4134],[7.01124,49.41883]]},"properties":{"d":"33741","load":3,"rf":0}},{"type":"Feature","geometry":{"type":"LineString","coordinates":[[7.00569,49.42024],[7.01124,49.41883]]},"properties":{"d":"33741","load":2,"rf":0}},{"type":"Feature","geometry":{"type":"LineString","coordinates":[[7.01953,49.41818],[7.01156,49.41596]]},"properties":{"d":"33741","load":4,"rf":0}},{"type":"Feature","geometry":{"type":"LineString","coordinates":[[7.01953,49.41818],[7.03848,49.40929]]},"properties":{"d":"33741","load":1,"rf":0}},{"type":"Feature","geometry":{"type":"LineString","coordinates":[[7.02715,49.42173],[7.01156,49.41596]]},"properties":{"d":"33741","load":0,"rf":0}},{"type":"Feature","geometry":{"type":"LineString","coordinates":[[7.01156,49.41596],[7.01155,49.41584]]},"properties":{"d":"33741","load":0,"rf":0}},{"type":"Feature","geometry":{"type":"LineString","coordinates":[[6.90136,49.40932],[7.01156,49.41596]]},"properties":{"d":"33741","load":2,"rf":0}},{"type":"Feature","geometry":{"type":"LineString","coordinates":[[6.97924,49.37124],[6.98585,49.37231]]},"properties":{"d":"33741","load":10,"rf":0}},{"type":"Feature","geometry":{"type":"LineString","coordinates":[[6.97924,49.37124],[6.97911,49.37117]]},"properties":{"d":"33741","load":0,"rf":0}},{"type":"Feature","geometry":{"type":"LineString","coordinates":[[6.97924,49.37124],[6.90136,49.40932]]},"properties":{"d":"33741","load":2,"rf":0}},{"type":"Feature","geometry":{"type":"LineString","coordinates":[[6.97969,49.35892],[6.98364,49.36478]]},"properties":{"d":"33741","load":2,"rf":0}},{"type":"Feature","geometry":{"type":"LineString","coordinates":[[6.97969,49.35892],[6.90136,49.40932]]},"properties":{"d":"33741","load":5,"rf":0}},{"type":"Feature","geometry":{"type":"LineString","coordinates":[[6.97079,49.37211],[6.97083,49.3721]]},"properties":{"d":"33741","load":4,"rf":0}},{"type":"Feature","geometry":{"type":"LineString","coordinates":[[6.98611,49.36912],[6.98585,49.37231]]},"properties":{"d":"33741","load":3,"rf":0}},{"type":"Feature","geometry":{"type":"LineString","coordinates":[[6.9672,49.36806],[6.97362,49.37042]]},"properties":{"d":"33741","load":1,"rf":0}},{"type":"Feature","geometry":{"type":"LineString","coordinates":[[6.9746,49.37458],[6.90136,49.40932]]},"properties":{"d":"33741","load":3,"rf":0}},{"type":"Feature","geometry":{"type":"LineString","coordinates":[[6.96904,49.3767],[6.96654,49.37762]]},"properties":{"d":"33741","load":2,"rf":0}},{"type":"Feature","geometry":{"type":"LineString","coordinates":[[6.84921,49.39199],[6.85353,49.39447]]},"properties":{"d":"33741","load":0,"rf":0}},{"type":"Feature","geometry":{"type":"LineString","coordinates":[[6.84921,49.39199],[6.84602,49.39351]]},"properties":{"d":"33741","load":0,"rf":0}},{"type":"Feature","geometry":{"type":"LineString","coordinates":[[6.91403,49.41066],[6.91181,49.40889]]},"properties":{"d":"33741","load":2,"rf":0}},{"type":"Feature","geometry":{"type":"LineString","coordinates":[[6.89715,49.40312],[6.90035,49.40377]]},"properties":{"d":"33741","load":9,"rf":0}},{"type":"Feature","geometry":{"type":"LineString","coordinates":[[6.96293,49.40801],[6.9653,49.40852]]},"properties":{"d":"33741","load":3,"rf":0}},{"type":"Feature","geometry":{"type":"LineString","coordinates":[[6.97911,49.37117],[6.96654,49.37762]]},"properties":{"d":"33741","load":4,"rf":0}},{"type":"Feature","geometry":{"type":"LineString","coordinates":[[6.97911,49.37117],[6.97866,49.37067]]},"properties":{"d":"33741","load":4,"rf":0}},{"type":"Feature","geometry":{"type":"LineString","coordinates":[[6.90136,49.40932],[6.90447,49.4252]]},"properties":{"d":"33741","load":35,"rf":0}},{"type":"Feature","geometry":{"type":"LineString","coordinates":[[6.89101,49.42247],[6.88971,49.42276]]},"properties":{"d":"33741","load":83,"rf":0}},{"type":"Feature","geometry":{"type":"LineString","coordinates":[[6.88345,49.40344],[6.8699,49.39898]]},"properties":{"d":"33741","load":0,"rf":0}},{"type":"Feature","geometry":{"type":"LineString","coordinates":[[6.90136,49.40932],[6.88345,49.40344]]},"properties":{"d":"33741","load":0,"rf":0}},{"type":"Feature","geometry":{"type":"LineString","coordinates":[[6.92625,49.44976],[6.93001,49.44922]]},"properties":{"d":"33741","load":28,"rf":0}},{"type":"Feature","geometry":{"type":"LineString","coordinates":[[6.90136,49.40932],[6.93354,49.43643]]},"properties":{"d":"33741","load":5,"rf":0}},{"type":"Feature","geometry":{"type":"LineString","coordinates":[[6.90136,49.40932],[6.96146,49.37994]]},"properties":{"d":"33741","load":0,"rf":0}},{"type":"Feature","geometry":{"type":"LineString","coordinates":[[6.9121,49.40808],[6.91181,49.40889]]},"properties":{"d":"33741","load":5,"rf":0}},{"type":"Feature","geometry":{"type":"LineString","coordinates":[[6.95919,49.46585],[6.93585,49.44306]]},"properties":{"d":"33741","load":0,"rf":0}},{"type":"Feature","geometry":{"type":"LineString","coordinates":[[6.90136,49.40932],[6.96654,49.37762]]},"properties":{"d":"33741","load":6,"rf":0}},{"type":"Feature","geometry":{"type":"LineString","coordinates":[[6.98584,49.38825],[6.99716,49.39186]]},"properties":{"d":"33741","load":4,"rf":0}},{"type":"Feature","geometry":{"type":"LineString","coordinates":[[6.9017,49.45319],[6.89724,49.45175]]},"properties":{"d":"33741","load":3,"rf":0}},{"type":"Feature","geometry":{"type":"LineString","coordinates":[[6.96196,49.44462],[6.93001,49.44922]]},"properties":{"d":"33741","load":0,"rf":0}},{"type":"Feature","geometry":{"type":"LineString","coordinates":[[6.90136,49.40932],[6.91181,49.40889]]},"properties":{"d":"33741","load":4,"rf":0}},{"type":"Feature","geometry":{"type":"LineString","coordinates":[[6.97866,49.37067],[6.97362,49.37042]]},"properties":{"d":"33741","load":4,"rf":0}},{"type":"Feature","geometry":{"type":"LineString","coordinates":[[6.97362,49.37042],[6.97155,49.37203]]},"properties":{"d":"33741","load":4,"rf":0}},{"type":"Feature","geometry":{"type":"LineString","coordinates":[[6.97155,49.37203],[6.97083,49.3721]]},"properties":{"d":"33741","load":4,"rf":0}},{"type":"Feature","geometry":{"type":"LineString","coordinates":[[6.90136,49.40932],[6.93094,49.41211]]},"properties":{"d":"33741","load":28,"rf":0}},{"type":"Feature","geometry":{"type":"LineString","coordinates":[[7.00094,49.41522],[6.99825,49.41506]]},"properties":{"d":"33741","load":6,"rf":0}},{"type":"Feature","geometry":{"type":"LineString","coordinates":[[7.01155,49.41584],[7.00094,49.41522]]},"properties":{"d":"33741","load":0,"rf":0}},{"type":"Feature","geometry":{"type":"LineString","coordinates":[[6.90136,49.40932],[6.99825,49.41506]]},"properties":{"d":"33741","load":19,"rf":0}},{"type":"Feature","geometry":{"type":"LineString","coordinates":[[6.96295,49.40906],[6.9627,49.41007]]},"properties":{"d":"33741","load":2,"rf":0}},{"type":"Feature","geometry":{"type":"LineString","coordinates":[[6.90136,49.40932],[6.92035,49.3995]]},"properties":{"d":"33741","load":5,"rf":0}},{"type":"Feature","geometry":{"type":"LineString","coordinates":[[6.93265,49.43993],[6.93585,49.44306]]},"properties":{"d":"33741","load":28,"rf":0}},{"type":"Feature","geometry":{"type":"LineString","coordinates":[[6.90136,49.40932],[6.93265,49.43993]]},"properties":{"d":"33741","load":55,"rf":0}},{"type":"Feature","geometry":{"type":"LineString","coordinates":[[6.90136,49.40932],[6.94266,49.4113]]},"properties":{"d":"33741","load":3,"rf":0}},{"type":"Feature","geometry":{"type":"LineString","coordinates":[[7.34961,49.30475],[7.35183,49.3077]]},"properties":{"d":"34076","load":55,"rf":0}},{"type":"Feature","geometry":{"type":"LineString","coordinates":[[7.31424,49.29856],[7.31423,49.29855]]},"properties":{"d":"34076","load":2,"rf":0}},{"type":"Feature","geometry":{"type":"LineString","coordinates":[[7.31519,49.29959],[7.31424,49.29856]]},"properties":{"d":"34076","load":3,"rf":0}},{"type":"Feature","geometry":{"type":"LineString","coordinates":[[7.30221,49.27735],[7.28579,49.28206]]},"properties":{"d":"34076","load":0,"rf":0}},{"type":"Feature","geometry":{"type":"LineString","coordinates":[[7.31659,49.32598],[7.31577,49.32717]]},"properties":{"d":"34076","load":26,"rf":0}},{"type":"Feature","geometry":{"type":"LineString","coordinates":[[7.31874,49.31742],[7.31949,49.31719]]},"properties":{"d":"34076","load":0,"rf":0}},{"type":"Feature","geometry":{"type":"LineString","coordinates":[[7.33471,49.31269],[7.33619,49.31302]]},"properties":{"d":"34076","load":0,"rf":0}},{"type":"Feature","geometry":{"type":"LineString","coordinates":[[7.32267,49.37728],[7.32304,49.37691]]},"properties":{"d":"34076","load":0,"rf":0}},{"type":"Feature","geometry":{"type":"LineString","coordinates":[[7.31151,49.30735],[7.31149,49.30736]]},"properties":{"d":"34076","load":0,"rf":0}},{"type":"Feature","geometry":{"type":"LineString","coordinates":[[7.32101,49.33491],[7.32185,49.33488]]},"properties":{"d":"34076","load":0,"rf":0}},{"type":"Feature","geometry":{"type":"LineString","coordinates":[[7.32176,49.33381],[7.32176,49.33381]]},"properties":{"d":"34076","load":0,"rf":0}},{"type":"Feature","geometry":{"type":"LineString","coordinates":[[7.34162,49.31656],[7.34115,49.3163]]},"properties":{"d":"34076","load":0,"rf":0}},{"type":"Feature","geometry":{"type":"LineString","coordinates":[[7.31519,49.30746],[7.3163,49.30742]]},"properties":{"d":"34076","load":0,"rf":0}},{"type":"Feature","geometry":{"type":"LineString","coordinates":[[7.32578,49.31741],[7.32543,49.3175]]},"properties":{"d":"34076","load":0,"rf":0}},{"type":"Feature","geometry":{"type":"LineString","coordinates":[[7.321,49.2973],[7.31951,49.29728]]},"properties":{"d":"34076","load":0,"rf":0}},{"type":"Feature","geometry":{"type":"LineString","coordinates":[[7.27831,49.37898],[7.30308,49.33418]]},"properties":{"d":"34076","load":2,"rf":0}},{"type":"Feature","geometry":{"type":"LineString","coordinates":[[7.27831,49.37898],[7.27995,49.37921]]},"properties":{"d":"34076","load":0,"rf":0}},{"type":"Feature","geometry":{"type":"LineString","coordinates":[[7.2898,49.37465],[7.29714,49.37563]]},"properties":{"d":"34076","load":0,"rf":0}},{"type":"Feature","geometry":{"type":"LineString","coordinates":[[7.30953,49.28333],[7.30221,49.27735]]},"properties":{"d":"34076","load":0,"rf":0}},{"type":"Feature","geometry":{"type":"LineString","coordinates":[[7.30953,49.28333],[7.30385,49.28659]]},"properties":{"d":"34076","load":0,"rf":0}},{"type":"Feature","geometry":{"type":"LineString","coordinates":[[7.31554,49.37778],[7.3203,49.37572]]},"properties":{"d":"34076","load":0,"rf":0}},{"type":"Feature","geometry":{"type":"LineString","coordinates":[[7.29536,49.38134],[7.29714,49.37563]]},"properties":{"d":"34076","load":2,"rf":0}},{"type":"Feature","geometry":{"type":"LineString","coordinates":[[7.29536,49.38134],[7.27995,49.37921]]},"properties":{"d":"34076","load":0,"rf":0}},{"type":"Feature","geometry":{"type":"LineString","coordinates":[[7.31519,49.29959],[7.31921,49.29957]]},"properties":{"d":"34076","load":3,"rf":0}},{"type":"Feature","geometry":{"type":"LineString","coordinates":[[7.31363,49.25957],[7.32324,49.26667]]},"properties":{"d":"34076","load":0,"rf":0}},{"type":"Feature","geometry":{"type":"LineString","coordinates":[[7.31886,49.25509],[7.32736,49.26472]]},"properties":{"d":"34076","load":0,"rf":0}},{"type":"Feature","geometry":{"type":"LineString","coordinates":[[7.31832,49.37412],[7.32437,49.37228]]},"properties":{"d":"34076","load":1,"rf":0}},{"type":"Feature","geometry":{"type":"LineString","coordinates":[[7.31832,49.37412],[7.3203,49.37572]]},"properties":{"d":"34076","load":1,"rf":0}},{"type":"Feature","geometry":{"type":"LineString","coordinates":[[7.32437,49.37228],[7.32767,49.3733]]},"properties":{"d":"34076","load":1,"rf":0}},{"type":"Feature","geometry":{"type":"LineString","coordinates":[[7.32437,49.37228],[7.33719,49.38005]]},"properties":{"d":"34076","load":4,"rf":0}},{"type":"Feature","geometry":{"type":"LineString","coordinates":[[7.32767,49.3733],[7.32862,49.37016]]},"properties":{"d":"34076","load":0,"rf":0}},{"type":"Feature","geometry":{"type":"LineString","coordinates":[[7.319,49.36611],[7.31929,49.30482]]},"properties":{"d":"34076","load":2,"rf":0}},{"type":"Feature","geometry":{"type":"LineString","coordinates":[[7.32479,49.36819],[7.32468,49.36795]]},"properties":{"d":"34076","load":2,"rf":0}},{"type":"Feature","geometry":{"type":"LineString","coordinates":[[7.32368,49.37719],[7.32304,49.37691]]},"properties":{"d":"34076","load":1,"rf":0}},{"type":"Feature","geometry":{"type":"LineString","coordinates":[[7.32862,49.37016],[7.32468,49.36795]]},"properties":{"d":"34076","load":1,"rf":0}},{"type":"Feature","geometry":{"type":"LineString","coordinates":[[7.33183,49.26303],[7.32579,49.25177]]},"properties":{"d":"34076","load":0,"rf":0}},{"type":"Feature","geometry":{"type":"LineString","coordinates":[[7.31929,49.30482],[7.33719,49.38005]]},"properties":{"d":"34076","load":2,"rf":0}},{"type":"Feature","geometry":{"type":"LineString","coordinates":[[7.30607,49.33489],[7.30308,49.33418]]},"properties":{"d":"34076","load":2,"rf":0}},{"type":"Feature","geometry":{"type":"LineString","coordinates":[[7.31885,49.33327],[7.31965,49.33684]]},"properties":{"d":"34076","load":2,"rf":0}},{"type":"Feature","geometry":{"type":"LineString","coordinates":[[7.31885,49.33327],[7.32214,49.3326]]},"properties":{"d":"34076","load":4,"rf":0}},{"type":"Feature","geometry":{"type":"LineString","coordinates":[[7.33819,49.31824],[7.33682,49.32106]]},"properties":{"d":"34076","load":1,"rf":0}},{"type":"Feature","geometry":{"type":"LineString","coordinates":[[7.33819,49.31824],[7.34024,49.31702]]},"properties":{"d":"34076","load":0,"rf":0}},{"type":"Feature","geometry":{"type":"LineString","coordinates":[[7.31168,49.30464],[7.30777,49.30448]]},"properties":{"d":"34076","load":1,"rf":0}},{"type":"Feature","geometry":{"type":"LineString","coordinates":[[7.31918,49.30447],[7.31168,49.30464]]},"properties":{"d":"34076","load":3,"rf":0}},{"type":"Feature","geometry":{"type":"LineString","coordinates":[[7.31929,49.30482],[7.33993,49.30414]]},"properties":{"d":"34076","load":83,"rf":0}},{"type":"Feature","geometry":{"type":"LineString","coordinates":[[7.33553,49.30946],[7.33419,49.30719]]},"properties":{"d":"34076","load":2,"rf":0}},{"type":"Feature","geometry":{"type":"LineString","coordinates":[[7.3165,49.31003],[7.31266,49.30827]]},"properties":{"d":"34076","load":2,"rf":0}},{"type":"Feature","geometry":{"type":"LineString","coordinates":[[7.3165,49.31003],[7.3163,49.30742]]},"properties":{"d":"34076","load":5,"rf":0}},{"type":"Feature","geometry":{"type":"LineString","coordinates":[[7.31266,49.30827],[7.31149,49.30736]]},"properties":{"d":"34076","load":0,"rf":0}},{"type":"Feature","geometry":{"type":"LineString","coordinates":[[7.32519,49.33043],[7.32363,49.33442]]},"properties":{"d":"34076","load":2,"rf":0}},{"type":"Feature","geometry":{"type":"LineString","coordinates":[[7.32519,49.33043],[7.31929,49.30482]]},"properties":{"d":"34076","load":4,"rf":0}},{"type":"Feature","geometry":{"type":"LineString","coordinates":[[7.3311,49.31276],[7.33718,49.30531]]},"properties":{"d":"34076","load":0,"rf":0}},{"type":"Feature","geometry":{"type":"LineString","coordinates":[[7.3311,49.31276],[7.32506,49.31406]]},"properties":{"d":"34076","load":2,"rf":0}},{"type":"Feature","geometry":{"type":"LineString","coordinates":[[7.32893,49.32048],[7.32956,49.32435]]},"properties":{"d":"34076","load":1,"rf":0}},{"type":"Feature","geometry":{"type":"LineString","coordinates":[[7.31929,49.30482],[7.32893,49.32048]]},"properties":{"d":"34076","load":3,"rf":0}},{"type":"Feature","geometry":{"type":"LineString","coordinates":[[7.33682,49.32106],[7.33587,49.32144]]},"properties":{"d":"34076","load":1,"rf":0}},{"type":"Feature","geometry":{"type":"LineString","coordinates":[[7.31625,49.30679],[7.31907,49.30424]]},"properties":{"d":"34076","load":12,"rf":0}},{"type":"Feature","geometry":{"type":"LineString","coordinates":[[7.31625,49.30679],[7.3163,49.30742]]},"properties":{"d":"34076","load":11,"rf":0}},{"type":"Feature","geometry":{"type":"LineString","coordinates":[[7.31929,49.30482],[7.34128,49.31368]]},"properties":{"d":"34076","load":4,"rf":0}},{"type":"Feature","geometry":{"type":"LineString","coordinates":[[7.33652,49.31239],[7.33619,49.31302]]},"properties":{"d":"34076","load":1,"rf":0}},{"type":"Feature","geometry":{"type":"LineString","coordinates":[[7.33718,49.30531],[7.34257,49.30753]]},"properties":{"d":"34076","load":0,"rf":0}},{"type":"Feature","geometry":{"type":"LineString","coordinates":[[7.34024,49.31702],[7.34115,49.3163]]},"properties":{"d":"34076","load":1,"rf":0}},{"type":"Feature","geometry":{"type":"LineString","coordinates":[[7.33308,49.30398],[7.33419,49.30719]]},"properties":{"d":"34076","load":3,"rf":0}},{"type":"Feature","geometry":{"type":"LineString","coordinates":[[7.33308,49.30398],[7.33,49.30301]]},"properties":{"d":"34076","load":5,"rf":0}},{"type":"Feature","geometry":{"type":"LineString","coordinates":[[7.32172,49.31185],[7.32506,49.31406]]},"properties":{"d":"34076","load":3,"rf":0}},{"type":"Feature","geometry":{"type":"LineString","coordinates":[[7.31929,49.30482],[7.32172,49.31185]]},"properties":{"d":"34076","load":2,"rf":0}},{"type":"Feature","geometry":{"type":"LineString","coordinates":[[7.30777,49.30448],[7.31149,49.30736]]},"properties":{"d":"34076","load":0,"rf":0}},{"type":"Feature","geometry":{"type":"LineString","coordinates":[[7.34128,49.31368],[7.34483,49.31281]]},"properties":{"d":"34076","load":2,"rf":0}},{"type":"Feature","geometry":{"type":"LineString","coordinates":[[7.31467,49.33853],[7.31801,49.33967]]},"properties":{"d":"34076","load":0,"rf":0}},{"type":"Feature","geometry":{"type":"LineString","coordinates":[[7.31467,49.33853],[7.31965,49.33684]]},"properties":{"d":"34076","load":1,"rf":0}},{"type":"Feature","geometry":{"type":"LineString","coordinates":[[7.33464,49.31601],[7.33619,49.31302]]},"properties":{"d":"34076","load":1,"rf":0}},{"type":"Feature","geometry":{"type":"LineString","coordinates":[[7.31929,49.30482],[7.33464,49.31601]]},"properties":{"d":"34076","load":11,"rf":0}},{"type":"Feature","geometry":{"type":"LineString","coordinates":[[7.34257,49.30753],[7.3423,49.30718]]},"properties":{"d":"34076","load":0,"rf":0}},{"type":"Feature","geometry":{"type":"LineString","coordinates":[[7.32578,49.31741],[7.33276,49.32094]]},"properties":{"d":"34076","load":2,"rf":0}},{"type":"Feature","geometry":{"type":"LineString","coordinates":[[7.31929,49.30482],[7.32578,49.31741]]},"properties":{"d":"34076","load":1,"rf":0}},{"type":"Feature","geometry":{"type":"LineString","coordinates":[[7.31801,49.33967],[7.32116,49.33855]]},"properties":{"d":"34076","load":0,"rf":0}},{"type":"Feature","geometry":{"type":"LineString","coordinates":[[7.32363,49.33442],[7.32116,49.33855]]},"properties":{"d":"34076","load":0,"rf":0}},{"type":"Feature","geometry":{"type":"LineString","coordinates":[[7.32947,49.32908],[7.32956,49.32435]]},"properties":{"d":"34076","load":1,"rf":0}},{"type":"Feature","geometry":{"type":"LineString","coordinates":[[7.3148,49.32688],[7.31577,49.32717]]},"properties":{"d":"34076","load":1,"rf":0}},{"type":"Feature","geometry":{"type":"LineString","coordinates":[[7.316,49.31186],[7.31906,49.31659]]},"properties":{"d":"34076","load":6,"rf":0}},{"type":"Feature","geometry":{"type":"LineString","coordinates":[[7.31929,49.30482],[7.316,49.31186]]},"properties":{"d":"34076","load":5,"rf":0}},{"type":"Feature","geometry":{"type":"LineString","coordinates":[[7.32598,49.32158],[7.32956,49.32435]]},"properties":{"d":"34076","load":1,"rf":0}},{"type":"Feature","geometry":{"type":"LineString","coordinates":[[7.32605,49.32625],[7.32598,49.32649]]},"properties":{"d":"34076","load":8,"rf":0}},{"type":"Feature","geometry":{"type":"LineString","coordinates":[[7.33993,49.30414],[7.34056,49.30495]]},"properties":{"d":"34076","load":83,"rf":0}},{"type":"Feature","geometry":{"type":"LineString","coordinates":[[7.32079,49.30051],[7.31907,49.30424]]},"properties":{"d":"34076","load":0,"rf":0}},{"type":"Feature","geometry":{"type":"LineString","coordinates":[[7.32728,49.30492],[7.32909,49.30607]]},"properties":{"d":"34076","load":0,"rf":0}},{"type":"Feature","geometry":{"type":"LineString","coordinates":[[7.34303,49.31482],[7.34483,49.31281]]},"properties":{"d":"34076","load":2,"rf":0}},{"type":"Feature","geometry":{"type":"LineString","coordinates":[[7.34303,49.31482],[7.34115,49.3163]]},"properties":{"d":"34076","load":1,"rf":0}},{"type":"Feature","geometry":{"type":"LineString","coordinates":[[7.3203,49.32745],[7.32055,49.32863]]},"properties":{"d":"34076","load":1,"rf":0}},{"type":"Feature","geometry":{"type":"LineString","coordinates":[[7.31803,49.32919],[7.31923,49.32818]]},"properties":{"d":"34076","load":0,"rf":0}},{"type":"Feature","geometry":{"type":"LineString","coordinates":[[7.31803,49.32919],[7.32055,49.32863]]},"properties":{"d":"34076","load":1,"rf":0}},{"type":"Feature","geometry":{"type":"LineString","coordinates":[[7.33276,49.32094],[7.33461,49.32327]]},"properties":{"d":"34076","load":1,"rf":0}},{"type":"Feature","geometry":{"type":"LineString","coordinates":[[7.32743,49.3238],[7.32956,49.32435]]},"properties":{"d":"34076","load":1,"rf":0}},{"type":"Feature","geometry":{"type":"LineString","coordinates":[[7.32585,49.32802],[7.32055,49.32863]]},"properties":{"d":"34076","load":1,"rf":0}},{"type":"Feature","geometry":{"type":"LineString","coordinates":[[7.32214,49.3326],[7.31929,49.30482]]},"properties":{"d":"34076","load":1,"rf":0}},{"type":"Feature","geometry":{"type":"LineString","coordinates":[[7.33461,49.32327],[7.33587,49.32144]]},"properties":{"d":"34076","load":1,"rf":0}},{"type":"Feature","geometry":{"type":"LineString","coordinates":[[7.31906,49.31659],[7.31949,49.31719]]},"properties":{"d":"34076","load":6,"rf":0}},{"type":"Feature","geometry":{"type":"LineString","coordinates":[[7.33,49.30301],[7.32909,49.30607]]},"properties":{"d":"34076","load":5,"rf":0}},{"type":"Feature","geometry":{"type":"LineString","coordinates":[[7.31367,49.27222],[7.31279,49.27268]]},"properties":{"d":"34076","load":0,"rf":0}},{"type":"Feature","geometry":{"type":"LineString","coordinates":[[7.31367,49.27222],[7.32324,49.26667]]},"properties":{"d":"34076","load":2,"rf":0}},{"type":"Feature","geometry":{"type":"LineString","coordinates":[[7.31844,49.28924],[7.32542,49.29184]]},"properties":{"d":"34076","load":10,"rf":0}},{"type":"Feature","geometry":{"type":"LineString","coordinates":[[7.31844,49.28924],[7.31664,49.28604]]},"properties":{"d":"34076","load":5,"rf":0}},{"type":"Feature","geometry":{"type":"LineString","coordinates":[[7.32187,49.26946],[7.32194,49.27289]]},"properties":{"d":"34076","load":1,"rf":0}},{"type":"Feature","geometry":{"type":"LineString","coordinates":[[7.32187,49.26946],[7.32979,49.26627]]},"properties":{"d":"34076","load":0,"rf":0}},{"type":"Feature","geometry":{"type":"LineString","coordinates":[[7.32517,49.26555],[7.32324,49.26667]]},"properties":{"d":"34076","load":3,"rf":0}},{"type":"Feature","geometry":{"type":"LineString","coordinates":[[7.32517,49.26555],[7.32736,49.26472]]},"properties":{"d":"34076","load":4,"rf":0}},{"type":"Feature","geometry":{"type":"LineString","coordinates":[[7.32542,49.29184],[7.31913,49.29388]]},"properties":{"d":"34076","load":11,"rf":0}},{"type":"Feature","geometry":{"type":"LineString","coordinates":[[7.30953,49.28333],[7.31578,49.28373]]},"properties":{"d":"34076","load":1,"rf":0}},{"type":"Feature","geometry":{"type":"LineString","coordinates":[[7.32012,49.27711],[7.32194,49.27289]]},"properties":{"d":"34076","load":1,"rf":0}},{"type":"Feature","geometry":{"type":"LineString","coordinates":[[7.32012,49.27711],[7.31951,49.29728]]},"properties":{"d":"34076","load":1,"rf":0}},{"type":"Feature","geometry":{"type":"LineString","coordinates":[[7.33183,49.26303],[7.31929,49.30482]]},"properties":{"d":"34076","load":1,"rf":0}},{"type":"Feature","geometry":{"type":"LineString","coordinates":[[7.33521,49.26336],[7.33183,49.26303]]},"properties":{"d":"34076","load":5,"rf":0}},{"type":"Feature","geometry":{"type":"LineString","coordinates":[[7.33183,49.26303],[7.32736,49.26472]]},"properties":{"d":"34076","load":4,"rf":0}},{"type":"Feature","geometry":{"type":"LineString","coordinates":[[7.31885,49.28429],[7.31664,49.28604]]},"properties":{"d":"34076","load":4,"rf":0}},{"type":"Feature","geometry":{"type":"LineString","coordinates":[[7.31885,49.28429],[7.31578,49.28373]]},"properties":{"d":"34076","load":3,"rf":0}},{"type":"Feature","geometry":{"type":"LineString","coordinates":[[7.31891,49.29569],[7.31913,49.29388]]},"properties":{"d":"34076","load":2,"rf":0}},{"type":"Feature","geometry":{"type":"LineString","coordinates":[[7.31574,49.28063],[7.31279,49.27268]]},"properties":{"d":"34076","load":3,"rf":0}},{"type":"Feature","geometry":{"type":"LineString","coordinates":[[7.31574,49.28063],[7.31578,49.28373]]},"properties":{"d":"34076","load":3,"rf":0}},{"type":"Feature","geometry":{"type":"LineString","coordinates":[[7.30904,49.27107],[7.31279,49.27268]]},"properties":{"d":"34076","load":1,"rf":0}},{"type":"Feature","geometry":{"type":"LineString","coordinates":[[7.32878,49.28936],[7.31664,49.28604]]},"properties":{"d":"34076","load":2,"rf":0}},{"type":"Feature","geometry":{"type":"LineString","coordinates":[[7.32878,49.28936],[7.34341,49.28547]]},"properties":{"d":"34076","load":2,"rf":0}},{"type":"Feature","geometry":{"type":"LineString","coordinates":[[7.34611,49.28476],[7.34341,49.28547]]},"properties":{"d":"34076","load":2,"rf":0}},{"type":"Feature","geometry":{"type":"LineString","coordinates":[[7.34826,49.29327],[7.34341,49.28547]]},"properties":{"d":"34076","load":0,"rf":0}},{"type":"Feature","geometry":{"type":"LineString","coordinates":[[7.34961,49.30475],[7.3423,49.30718]]},"properties":{"d":"34076","load":55,"rf":0}},{"type":"Feature","geometry":{"type":"LineString","coordinates":[[7.35987,49.29852],[7.31929,49.30482]]},"properties":{"d":"34076","load":1,"rf":0}},{"type":"Feature","geometry":{"type":"LineString","coordinates":[[7.27819,49.38466],[7.27995,49.37921]]},"properties":{"d":"34076","load":0,"rf":0}},{"type":"Feature","geometry":{"type":"LineString","coordinates":[[7.33683,49.32144],[7.33587,49.32144]]},"properties":{"d":"34076","load":1,"rf":0}},{"type":"Feature","geometry":{"type":"LineString","coordinates":[[7.32129,49.32682],[7.32055,49.32863]]},"properties":{"d":"34076","load":1,"rf":0}},{"type":"Feature","geometry":{"type":"LineString","coordinates":[[7.32272,49.32441],[7.32598,49.32649]]},"properties":{"d":"34076","load":1,"rf":0}},{"type":"Feature","geometry":{"type":"LineString","coordinates":[[7.32425,49.32836],[7.32291,49.32873]]},"properties":{"d":"34076","load":1,"rf":0}},{"type":"Feature","geometry":{"type":"LineString","coordinates":[[7.31929,49.30482],[7.31918,49.30447]]},"properties":{"d":"34076","load":2,"rf":0}},{"type":"Feature","geometry":{"type":"LineString","coordinates":[[7.31913,49.29388],[7.31921,49.29957]]},"properties":{"d":"34076","load":13,"rf":0}},{"type":"Feature","geometry":{"type":"LineString","coordinates":[[7.31929,49.30482],[7.29714,49.37563]]},"properties":{"d":"34076","load":2,"rf":0}},{"type":"Feature","geometry":{"type":"LineString","coordinates":[[7.31929,49.30482],[7.31921,49.29957]]},"properties":{"d":"34076","load":15,"rf":0}},{"type":"Feature","geometry":{"type":"LineString","coordinates":[[7.31929,49.30482],[7.30308,49.33418]]},"properties":{"d":"34076","load":6,"rf":0}},{"type":"Feature","geometry":{"type":"LineString","coordinates":[[7.31923,49.32818],[7.31577,49.32717]]},"properties":{"d":"34076","load":26,"rf":0}},{"type":"Feature","geometry":{"type":"LineString","coordinates":[[7.31923,49.32818],[7.32291,49.32873]]},"properties":{"d":"34076","load":7,"rf":0}},{"type":"Feature","geometry":{"type":"LineString","coordinates":[[7.3423,49.30718],[7.34056,49.30495]]},"properties":{"d":"34076","load":83,"rf":0}},{"type":"Feature","geometry":{"type":"LineString","coordinates":[[7.32468,49.36795],[7.32185,49.33488]]},"properties":{"d":"34076","load":2,"rf":0}},{"type":"Feature","geometry":{"type":"LineString","coordinates":[[7.3203,49.37572],[7.32304,49.37691]]},"properties":{"d":"34076","load":1,"rf":0}},{"type":"Feature","geometry":{"type":"LineString","coordinates":[[7.32624,49.32667],[7.31949,49.31719]]},"properties":{"d":"34076","load":6,"rf":0}},{"type":"Feature","geometry":{"type":"LineString","coordinates":[[7.31929,49.30482],[7.31907,49.30424]]},"properties":{"d":"34076","load":13,"rf":0}},{"type":"Feature","geometry":{"type":"LineString","coordinates":[[7.32185,49.33488],[7.32176,49.33381]]},"properties":{"d":"34076","load":2,"rf":0}},{"type":"Feature","geometry":{"type":"LineString","coordinates":[[7.31929,49.30482],[7.32176,49.33381]]},"properties":{"d":"34076","load":2,"rf":0}},{"type":"Feature","geometry":{"type":"LineString","coordinates":[[7.31929,49.30482],[7.31951,49.29728]]},"properties":{"d":"34076","load":1,"rf":0}},{"type":"Feature","geometry":{"type":"LineString","coordinates":[[7.32624,49.32667],[7.32598,49.32649]]},"properties":{"d":"34076","load":7,"rf":0}},{"type":"Feature","geometry":{"type":"LineString","coordinates":[[7.32624,49.32667],[7.32291,49.32873]]},"properties":{"d":"34076","load":6,"rf":0}},{"type":"Feature","geometry":{"type":"LineString","coordinates":[[7.31929,49.30482],[7.32909,49.30607]]},"properties":{"d":"34076","load":6,"rf":0}},{"type":"Feature","geometry":{"type":"LineString","coordinates":[[7.25568,49.34461],[7.25593,49.34291]]},"properties":{"d":"34078","load":28,"rf":0}},{"type":"Feature","geometry":{"type":"LineString","coordinates":[[7.29281,49.32602],[7.29388,49.32609]]},"properties":{"d":"34078","load":0,"rf":0}},{"type":"Feature","geometry":{"type":"LineString","coordinates":[[7.26199,49.33192],[7.26261,49.33149]]},"properties":{"d":"34078","load":0,"rf":0}},{"type":"Feature","geometry":{"type":"LineString","coordinates":[[7.26456,49.31455],[7.26682,49.31521]]},"properties":{"d":"34078","load":0,"rf":0}},{"type":"Feature","geometry":{"type":"LineString","coordinates":[[7.28946,49.30736],[7.29041,49.30667]]},"properties":{"d":"34078","load":0,"rf":0}},{"type":"Feature","geometry":{"type":"LineString","coordinates":[[7.23257,49.28014],[7.2324,49.27901]]},"properties":{"d":"34078","load":0,"rf":0}},{"type":"Feature","geometry":{"type":"LineString","coordinates":[[7.23626,49.28921],[7.23672,49.2886]]},"properties":{"d":"34078","load":0,"rf":0}},{"type":"Feature","geometry":{"type":"LineString","coordinates":[[7.29425,49.33793],[7.29381,49.33233]]},"properties":{"d":"34078","load":32,"rf":0}},{"type":"Feature","geometry":{"type":"LineString","coordinates":[[7.24849,49.34243],[7.23823,49.34112]]},"properties":{"d":"34078","load":30,"rf":0}},{"type":"Feature","geometry":{"type":"LineString","coordinates":[[7.24849,49.34243],[7.25593,49.34291]]},"properties":{"d":"34078","load":29,"rf":0}},{"type":"Feature","geometry":{"type":"LineString","coordinates":[[7.2542,49.332],[7.26199,49.33192]]},"properties":{"d":"34078","load":3,"rf":0}},{"type":"Feature","geometry":{"type":"LineString","coordinates":[[7.2542,49.332],[7.23823,49.34112]]},"properties":{"d":"34078","load":5,"rf":0}},{"type":"Feature","geometry":{"type":"LineString","coordinates":[[7.26162,49.34327],[7.25593,49.34291]]},"properties":{"d":"34078","load":1,"rf":0}},{"type":"Feature","geometry":{"type":"LineString","coordinates":[[7.26199,49.33192],[7.26523,49.33397]]},"properties":{"d":"34078","load":1,"rf":0}},{"type":"Feature","geometry":{"type":"LineString","coordinates":[[7.23923,49.34385],[7.23823,49.34112]]},"properties":{"d":"34078","load":3,"rf":0}},{"type":"Feature","geometry":{"type":"LineString","coordinates":[[7.24549,49.34464],[7.24429,49.34786]]},"properties":{"d":"34078","load":4,"rf":0}},{"type":"Feature","geometry":{"type":"LineString","coordinates":[[7.21303,49.28043],[7.24685,49.31524]]},"properties":{"d":"34078","load":0,"rf":0}},{"type":"Feature","geometry":{"type":"LineString","coordinates":[[7.23633,49.34251],[7.21303,49.28043]]},"properties":{"d":"34078","load":1,"rf":0}},{"type":"Feature","geometry":{"type":"LineString","coordinates":[[7.23084,49.27911],[7.22716,49.27996]]},"properties":{"d":"34078","load":2,"rf":0}},{"type":"Feature","geometry":{"type":"LineString","coordinates":[[7.23084,49.27911],[7.2324,49.27901]]},"properties":{"d":"34078","load":2,"rf":0}},{"type":"Feature","geometry":{"type":"LineString","coordinates":[[7.21935,49.28916],[7.22228,49.28315]]},"properties":{"d":"34078","load":5,"rf":0}},{"type":"Feature","geometry":{"type":"LineString","coordinates":[[7.23364,49.27894],[7.23827,49.28136]]},"properties":{"d":"34078","load":0,"rf":0}},{"type":"Feature","geometry":{"type":"LineString","coordinates":[[7.23364,49.27894],[7.2324,49.27901]]},"properties":{"d":"34078","load":2,"rf":0}},{"type":"Feature","geometry":{"type":"LineString","coordinates":[[7.23633,49.34251],[7.24154,49.286]]},"properties":{"d":"34078","load":2,"rf":0}},{"type":"Feature","geometry":{"type":"LineString","coordinates":[[7.23633,49.34251],[7.23748,49.28863]]},"properties":{"d":"34078","load":2,"rf":0}},{"type":"Feature","geometry":{"type":"LineString","coordinates":[[7.24154,49.286],[7.23727,49.28502]]},"properties":{"d":"34078","load":5,"rf":0}},{"type":"Feature","geometry":{"type":"LineString","coordinates":[[7.22228,49.28315],[7.22716,49.27996]]},"properties":{"d":"34078","load":2,"rf":0}},{"type":"Feature","geometry":{"type":"LineString","coordinates":[[7.22228,49.28315],[7.22657,49.28469]]},"properties":{"d":"34078","load":8,"rf":0}},{"type":"Feature","geometry":{"type":"LineString","coordinates":[[7.23827,49.28136],[7.24165,49.28197]]},"properties":{"d":"34078","load":2,"rf":0}},{"type":"Feature","geometry":{"type":"LineString","coordinates":[[7.24164,49.29022],[7.23672,49.2886]]},"properties":{"d":"34078","load":0,"rf":0}},{"type":"Feature","geometry":{"type":"LineString","coordinates":[[7.24164,49.29022],[7.24122,49.29429]]},"properties":{"d":"34078","load":1,"rf":0}},{"type":"Feature","geometry":{"type":"LineString","coordinates":[[7.22462,49.28869],[7.23196,49.28704]]},"properties":{"d":"34078","load":2,"rf":0}},{"type":"Feature","geometry":{"type":"LineString","coordinates":[[7.23677,49.28283],[7.24165,49.28197]]},"properties":{"d":"34078","load":2,"rf":0}},{"type":"Feature","geometry":{"type":"LineString","coordinates":[[7.23677,49.28283],[7.2335,49.28482]]},"properties":{"d":"34078","load":3,"rf":0}},{"type":"Feature","geometry":{"type":"LineString","coordinates":[[7.22657,49.28469],[7.23196,49.28704]]},"properties":{"d":"34078","load":9,"rf":0}},{"type":"Feature","geometry":{"type":"LineString","coordinates":[[7.23196,49.28704],[7.23633,49.34251]]},"properties":{"d":"34078","load":2,"rf":0}},{"type":"Feature","geometry":{"type":"LineString","coordinates":[[7.23727,49.28502],[7.2335,49.28482]]},"properties":{"d":"34078","load":5,"rf":0}},{"type":"Feature","geometry":{"type":"LineString","coordinates":[[7.23633,49.34251],[7.24685,49.31524]]},"properties":{"d":"34078","load":1,"rf":0}},{"type":"Feature","geometry":{"type":"LineString","coordinates":[[7.24665,49.29453],[7.24122,49.29429]]},"properties":{"d":"34078","load":0,"rf":0}},{"type":"Feature","geometry":{"type":"LineString","coordinates":[[7.28367,49.31956],[7.27276,49.31615]]},"properties":{"d":"34078","load":3,"rf":0}},{"type":"Feature","geometry":{"type":"LineString","coordinates":[[7.28367,49.31956],[7.28989,49.32049]]},"properties":{"d":"34078","load":1,"rf":0}},{"type":"Feature","geometry":{"type":"LineString","coordinates":[[7.27837,49.3133],[7.28071,49.31609]]},"properties":{"d":"34078","load":0,"rf":0}},{"type":"Feature","geometry":{"type":"LineString","coordinates":[[7.23633,49.34251],[7.27837,49.3133]]},"properties":{"d":"34078","load":5,"rf":0}},{"type":"Feature","geometry":{"type":"LineString","coordinates":[[7.26802,49.31166],[7.23633,49.34251]]},"properties":{"d":"34078","load":1,"rf":0}},{"type":"Feature","geometry":{"type":"LineString","coordinates":[[7.26802,49.31166],[7.27134,49.30815]]},"properties":{"d":"34078","load":5,"rf":0}},{"type":"Feature","geometry":{"type":"LineString","coordinates":[[7.28696,49.31723],[7.30779,49.31689]]},"properties":{"d":"34078","load":0,"rf":0}},{"type":"Feature","geometry":{"type":"LineString","coordinates":[[7.28696,49.31723],[7.2898,49.32322]]},"properties":{"d":"34078","load":2,"rf":0}},{"type":"Feature","geometry":{"type":"LineString","coordinates":[[7.23633,49.34251],[7.27276,49.31615]]},"properties":{"d":"34078","load":5,"rf":0}},{"type":"Feature","geometry":{"type":"LineString","coordinates":[[7.27939,49.31045],[7.27651,49.30849]]},"properties":{"d":"34078","load":0,"rf":0}},{"type":"Feature","geometry":{"type":"LineString","coordinates":[[7.27939,49.31045],[7.28254,49.309]]},"properties":{"d":"34078","load":3,"rf":0}},{"type":"Feature","geometry":{"type":"LineString","coordinates":[[7.2662,49.30251],[7.26979,49.30622]]},"properties":{"d":"34078","load":6,"rf":0}},{"type":"Feature","geometry":{"type":"LineString","coordinates":[[7.28946,49.30736],[7.28709,49.30825]]},"properties":{"d":"34078","load":9,"rf":0}},{"type":"Feature","geometry":{"type":"LineString","coordinates":[[7.28946,49.30736],[7.28254,49.309]]},"properties":{"d":"34078","load":4,"rf":0}},{"type":"Feature","geometry":{"type":"LineString","coordinates":[[7.26356,49.31379],[7.26456,49.31455]]},"properties":{"d":"34078","load":1,"rf":0}},{"type":"Feature","geometry":{"type":"LineString","coordinates":[[7.23633,49.34251],[7.26456,49.31455]]},"properties":{"d":"34078","load":2,"rf":0}},{"type":"Feature","geometry":{"type":"LineString","coordinates":[[7.27651,49.30849],[7.27669,49.30434]]},"properties":{"d":"34078","load":1,"rf":0}},{"type":"Feature","geometry":{"type":"LineString","coordinates":[[7.28716,49.32417],[7.2898,49.32322]]},"properties":{"d":"34078","load":1,"rf":0}},{"type":"Feature","geometry":{"type":"LineString","coordinates":[[7.29034,49.32361],[7.28989,49.32049]]},"properties":{"d":"34078","load":1,"rf":0}},{"type":"Feature","geometry":{"type":"LineString","coordinates":[[7.23633,49.34251],[7.29281,49.32602]]},"properties":{"d":"34078","load":20,"rf":0}},{"type":"Feature","geometry":{"type":"LineString","coordinates":[[7.23633,49.34251],[7.28344,49.3122]]},"properties":{"d":"34078","load":5,"rf":0}},{"type":"Feature","geometry":{"type":"LineString","coordinates":[[7.28818,49.32672],[7.29153,49.33241]]},"properties":{"d":"34078","load":43,"rf":0}},{"type":"Feature","geometry":{"type":"LineString","coordinates":[[7.28818,49.32672],[7.29108,49.32482]]},"properties":{"d":"34078","load":44,"rf":0}},{"type":"Feature","geometry":{"type":"LineString","coordinates":[[7.28344,49.3122],[7.28709,49.30825]]},"properties":{"d":"34078","load":13,"rf":0}},{"type":"Feature","geometry":{"type":"LineString","coordinates":[[7.27165,49.3079],[7.26979,49.30622]]},"properties":{"d":"34078","load":6,"rf":0}},{"type":"Feature","geometry":{"type":"LineString","coordinates":[[7.27165,49.3079],[7.27134,49.30815]]},"properties":{"d":"34078","load":6,"rf":0}},{"type":"Feature","geometry":{"type":"LineString","coordinates":[[7.29281,49.32602],[7.29108,49.32482]]},"properties":{"d":"34078","load":47,"rf":0}},{"type":"Feature","geometry":{"type":"LineString","coordinates":[[7.27669,49.30434],[7.26979,49.30622]]},"properties":{"d":"34078","load":1,"rf":0}},{"type":"Feature","geometry":{"type":"LineString","coordinates":[[7.23633,49.34251],[7.30779,49.31689]]},"properties":{"d":"34078","load":2,"rf":0}},{"type":"Feature","geometry":{"type":"LineString","coordinates":[[7.30572,49.31914],[7.23633,49.34251]]},"properties":{"d":"34078","load":1,"rf":0}},{"type":"Feature","geometry":{"type":"LineString","coordinates":[[7.23633,49.34251],[7.2795,49.32829]]},"properties":{"d":"34078","load":0,"rf":0}},{"type":"Feature","geometry":{"type":"LineString","coordinates":[[7.29153,49.33241],[7.29381,49.33233]]},"properties":{"d":"34078","load":43,"rf":0}},{"type":"Feature","geometry":{"type":"LineString","coordinates":[[7.30037,49.33211],[7.30459,49.32989]]},"properties":{"d":"34078","load":2,"rf":0}},{"type":"Feature","geometry":{"type":"LineString","coordinates":[[7.27375,49.30881],[7.27134,49.30815]]},"properties":{"d":"34078","load":2,"rf":0}},{"type":"Feature","geometry":{"type":"LineString","coordinates":[[7.2433,49.3478],[7.24353,49.34806]]},"properties":{"d":"34078","load":1,"rf":0}},{"type":"Feature","geometry":{"type":"LineString","coordinates":[[7.2433,49.3478],[7.24429,49.34786]]},"properties":{"d":"34078","load":0,"rf":0}},{"type":"Feature","geometry":{"type":"LineString","coordinates":[[7.30037,49.33211],[7.29381,49.33233]]},"properties":{"d":"34078","load":11,"rf":0}},{"type":"Feature","geometry":{"type":"LineString","coordinates":[[7.2898,49.32322],[7.29108,49.32482]]},"properties":{"d":"34078","load":5,"rf":0}},{"type":"Feature","geometry":{"type":"LineString","coordinates":[[7.23633,49.34251],[7.24353,49.34806]]},"properties":{"d":"34078","load":1,"rf":0}},{"type":"Feature","geometry":{"type":"LineString","coordinates":[[7.23633,49.34251],[7.24122,49.29429]]},"properties":{"d":"34078","load":1,"rf":0}},{"type":"Feature","geometry":{"type":"LineString","coordinates":[[7.23823,49.34112],[7.24429,49.34786]]},"properties":{"d":"34078","load":10,"rf":0}},{"type":"Feature","geometry":{"type":"LineString","coordinates":[[7.23633,49.34251],[7.23823,49.34112]]},"properties":{"d":"34078","load":12,"rf":0}},{"type":"Feature","geometry":{"type":"LineString","coordinates":[[7.23085,49.57789],[7.22255,49.57789]]},"properties":{"d":"34400","load":0,"rf":0}},{"type":"Feature","geometry":{"type":"LineString","coordinates":[[7.22035,49.52381],[7.22035,49.52381]]},"properties":{"d":"34400","load":11,"rf":0}},{"type":"Feature","geometry":{"type":"LineString","coordinates":[[7.22035,49.52381],[7.22118,49.52478]]},"properties":{"d":"34400","load":11,"rf":0}},{"type":"Feature","geometry":{"type":"LineString","coordinates":[[7.24364,49.50652],[7.24364,49.50652]]},"properties":{"d":"34400","load":0,"rf":0}},{"type":"Feature","geometry":{"type":"LineString","coordinates":[[7.24364,49.50652],[7.24364,49.50652]]},"properties":{"d":"34400","load":27,"rf":0}},{"type":"Feature","geometry":{"type":"LineString","coordinates":[[7.24364,49.50652],[7.24364,49.50652]]},"properties":{"d":"34400","load":0,"rf":0}},{"type":"Feature","geometry":{"type":"LineString","coordinates":[[7.24364,49.50652],[7.24519,49.50849]]},"properties":{"d":"34400","load":27,"rf":0}},{"type":"Feature","geometry":{"type":"LineString","coordinates":[[7.26709,49.50558],[7.26665,49.50549]]},"properties":{"d":"34400","load":9,"rf":0}},{"type":"Feature","geometry":{"type":"LineString","coordinates":[[7.26709,49.50558],[7.26836,49.5052]]},"properties":{"d":"34400","load":34,"rf":0}},{"type":"Feature","geometry":{"type":"LineString","coordinates":[[7.22191,49.52313],[7.22281,49.52418]]},"properties":{"d":"34400","load":28,"rf":0}},{"type":"Feature","geometry":{"type":"LineString","coordinates":[[7.26596,49.54096],[7.26596,49.54096]]},"properties":{"d":"34400","load":13,"rf":0}},{"type":"Feature","geometry":{"type":"LineString","coordinates":[[7.26596,49.54096],[7.26466,49.53909]]},"properties":{"d":"34400","load":13,"rf":0}},{"type":"Feature","geometry":{"type":"LineString","coordinates":[[7.2683,49.50512],[7.26836,49.5052]]},"properties":{"d":"34400","load":6,"rf":0}},{"type":"Feature","geometry":{"type":"LineString","coordinates":[[7.28958,49.54163],[7.28976,49.54156]]},"properties":{"d":"34400","load":0,"rf":0}},{"type":"Feature","geometry":{"type":"LineString","coordinates":[[7.29341,49.54421],[7.29383,49.54547]]},"properties":{"d":"34400","load":0,"rf":0}},{"type":"Feature","geometry":{"type":"LineString","coordinates":[[7.28638,49.54163],[7.28912,49.54073]]},"properties":{"d":"34400","load":0,"rf":0}},{"type":"Feature","geometry":{"type":"LineString","coordinates":[[7.18564,49.52628],[7.18684,49.52509]]},"properties":{"d":"34400","load":0,"rf":0}},{"type":"Feature","geometry":{"type":"LineString","coordinates":[[7.2839,49.57034],[7.27019,49.57061]]},"properties":{"d":"34400","load":23,"rf":0}},{"type":"Feature","geometry":{"type":"LineString","coordinates":[[7.33086,49.58785],[7.33004,49.58733]]},"properties":{"d":"34400","load":6,"rf":0}},{"type":"Feature","geometry":{"type":"LineString","coordinates":[[7.32679,49.58585],[7.32315,49.58771]]},"properties":{"d":"34400","load":5,"rf":0}},{"type":"Feature","geometry":{"type":"LineString","coordinates":[[7.32679,49.58585],[7.32723,49.58556]]},"properties":{"d":"34400","load":14,"rf":0}},{"type":"Feature","geometry":{"type":"LineString","coordinates":[[7.33133,49.58647],[7.33004,49.58733]]},"properties":{"d":"34400","load":14,"rf":0}},{"type":"Feature","geometry":{"type":"LineString","coordinates":[[7.22469,49.54018],[7.22413,49.5407]]},"properties":{"d":"34400","load":55,"rf":0}},{"type":"Feature","geometry":{"type":"LineString","coordinates":[[7.22204,49.54273],[7.22224,49.54243]]},"properties":{"d":"34400","load":55,"rf":0}},{"type":"Feature","geometry":{"type":"LineString","coordinates":[[7.30102,49.52624],[7.30377,49.52418]]},"properties":{"d":"34400","load":23,"rf":0}},{"type":"Feature","geometry":{"type":"LineString","coordinates":[[7.30102,49.52624],[7.29668,49.52661]]},"properties":{"d":"34400","load":45,"rf":0}},{"type":"Feature","geometry":{"type":"LineString","coordinates":[[7.2725,49.55215],[7.271,49.55482]]},"properties":{"d":"34400","load":19,"rf":0}},{"type":"Feature","geometry":{"type":"LineString","coordinates":[[7.27418,49.55538],[7.27408,49.55556]]},"properties":{"d":"34400","load":22,"rf":0}},{"type":"Feature","geometry":{"type":"LineString","coordinates":[[7.27381,49.55791],[7.27073,49.56]]},"properties":{"d":"34400","load":19,"rf":0}},{"type":"Feature","geometry":{"type":"LineString","coordinates":[[7.27381,49.55791],[7.27501,49.55578]]},"properties":{"d":"34400","load":40,"rf":0}},{"type":"Feature","geometry":{"type":"LineString","coordinates":[[7.26904,49.56377],[7.27036,49.56697]]},"properties":{"d":"34400","load":28,"rf":0}},{"type":"Feature","geometry":{"type":"LineString","coordinates":[[7.26904,49.56377],[7.26796,49.56302]]},"properties":{"d":"34400","load":47,"rf":0}},{"type":"Feature","geometry":{"type":"LineString","coordinates":[[7.26381,49.56556],[7.26079,49.56742]]},"properties":{"d":"34400","load":59,"rf":0}},{"type":"Feature","geometry":{"type":"LineString","coordinates":[[7.26381,49.56556],[7.26796,49.56302]]},"properties":{"d":"34400","load":88,"rf":0}},{"type":"Feature","geometry":{"type":"LineString","coordinates":[[7.26079,49.56742],[7.25391,49.5661]]},"properties":{"d":"34400","load":31,"rf":0}},{"type":"Feature","geometry":{"type":"LineString","coordinates":[[7.27036,49.56697],[7.27398,49.56742]]},"properties":{"d":"34400","load":14,"rf":0}},{"type":"Feature","geometry":{"type":"LineString","coordinates":[[7.22332,49.54563],[7.22346,49.5474]]},"properties":{"d":"34400","load":41,"rf":0}},{"type":"Feature","geometry":{"type":"LineString","coordinates":[[7.21433,49.56376],[7.21278,49.56438]]},"properties":{"d":"34400","load":30,"rf":0}},{"type":"Feature","geometry":{"type":"LineString","coordinates":[[7.22383,49.54902],[7.22371,49.54739]]},"properties":{"d":"34400","load":41,"rf":0}},{"type":"Feature","geometry":{"type":"LineString","coordinates":[[7.28357,49.55162],[7.27691,49.55094]]},"properties":{"d":"34400","load":42,"rf":0}},{"type":"Feature","geometry":{"type":"LineString","coordinates":[[7.1665,49.54444],[7.16316,49.53379]]},"properties":{"d":"34400","load":21,"rf":0}},{"type":"Feature","geometry":{"type":"LineString","coordinates":[[7.27639,49.54944],[7.27605,49.55085]]},"properties":{"d":"34400","load":28,"rf":0}},{"type":"Feature","geometry":{"type":"LineString","coordinates":[[7.27667,49.55194],[7.27691,49.55094]]},"properties":{"d":"34400","load":28,"rf":0}},{"type":"Feature","geometry":{"type":"LineString","coordinates":[[7.21169,49.56765],[7.20286,49.56576]]},"properties":{"d":"34400","load":14,"rf":0}},{"type":"Feature","geometry":{"type":"LineString","coordinates":[[7.21169,49.56765],[7.21389,49.56677]]},"properties":{"d":"34400","load":25,"rf":0}},{"type":"Feature","geometry":{"type":"LineString","coordinates":[[7.21338,49.56623],[7.21389,49.56677]]},"properties":{"d":"34400","load":12,"rf":0}},{"type":"Feature","geometry":{"type":"LineString","coordinates":[[7.23792,49.54692],[7.24411,49.50881]]},"properties":{"d":"34400","load":34,"rf":0}},{"type":"Feature","geometry":{"type":"LineString","coordinates":[[7.24812,49.50751],[7.24519,49.50849]]},"properties":{"d":"34400","load":23,"rf":0}},{"type":"Feature","geometry":{"type":"LineString","coordinates":[[7.23792,49.54692],[7.25165,49.50646]]},"properties":{"d":"34400","load":34,"rf":0}},{"type":"Feature","geometry":{"type":"LineString","coordinates":[[7.23792,49.54692],[7.2451,49.50417]]},"properties":{"d":"34400","load":34,"rf":0}},{"type":"Feature","geometry":{"type":"LineString","coordinates":[[7.23792,49.54692],[7.24862,49.503]]},"properties":{"d":"34400","load":34,"rf":0}},{"type":"Feature","geometry":{"type":"LineString","coordinates":[[7.23792,49.54692],[7.25184,49.50152]]},"properties":{"d":"34400","load":30,"rf":0}},{"type":"Feature","geometry":{"type":"LineString","coordinates":[[7.28654,49.50567],[7.2869,49.50575]]},"properties":{"d":"34400","load":6,"rf":0}},{"type":"Feature","geometry":{"type":"LineString","coordinates":[[7.28791,49.50374],[7.2869,49.50575]]},"properties":{"d":"34400","load":17,"rf":0}},{"type":"Feature","geometry":{"type":"LineString","coordinates":[[7.16382,49.4949],[7.16126,49.49211]]},"properties":{"d":"34400","load":1,"rf":0}},{"type":"Feature","geometry":{"type":"LineString","coordinates":[[7.16382,49.4949],[7.15555,49.50516]]},"properties":{"d":"34400","load":2,"rf":0}},{"type":"Feature","geometry":{"type":"LineString","coordinates":[[7.15604,49.50473],[7.15555,49.50516]]},"properties":{"d":"34400","load":1,"rf":0}},{"type":"Feature","geometry":{"type":"LineString","coordinates":[[7.15279,49.51579],[7.13983,49.52146]]},"properties":{"d":"34400","load":4,"rf":0}},{"type":"Feature","geometry":{"type":"LineString","coordinates":[[7.15279,49.51579],[7.23792,49.54692]]},"properties":{"d":"34400","load":2,"rf":0}},{"type":"Feature","geometry":{"type":"LineString","coordinates":[[7.13983,49.52146],[7.13396,49.52314]]},"properties":{"d":"34400","load":1,"rf":0}},{"type":"Feature","geometry":{"type":"LineString","coordinates":[[7.13983,49.52146],[7.13966,49.51895]]},"properties":{"d":"34400","load":1,"rf":0}},{"type":"Feature","geometry":{"type":"LineString","coordinates":[[7.13983,49.52146],[7.14935,49.52027]]},"properties":{"d":"34400","load":0,"rf":0}},{"type":"Feature","geometry":{"type":"LineString","coordinates":[[7.16206,49.51299],[7.15711,49.51237]]},"properties":{"d":"34400","load":1,"rf":0}},{"type":"Feature","geometry":{"type":"LineString","coordinates":[[7.13238,49.51444],[7.15726,49.51056]]},"properties":{"d":"34400","load":0,"rf":0}},{"type":"Feature","geometry":{"type":"LineString","coordinates":[[7.15726,49.51056],[7.13878,49.5081]]},"properties":{"d":"34400","load":0,"rf":0}},{"type":"Feature","geometry":{"type":"LineString","coordinates":[[7.15726,49.51056],[7.23792,49.54692]]},"properties":{"d":"34400","load":2,"rf":0}},{"type":"Feature","geometry":{"type":"LineString","coordinates":[[7.15726,49.51056],[7.15711,49.51237]]},"properties":{"d":"34400","load":0,"rf":0}},{"type":"Feature","geometry":{"type":"LineString","coordinates":[[7.15726,49.51056],[7.1541,49.50721]]},"properties":{"d":"34400","load":4,"rf":0}},{"type":"Feature","geometry":{"type":"LineString","coordinates":[[7.16827,49.50739],[7.23792,49.54692]]},"properties":{"d":"34400","load":2,"rf":0}},{"type":"Feature","geometry":{"type":"LineString","coordinates":[[7.16827,49.50739],[7.17328,49.51576]]},"properties":{"d":"34400","load":1,"rf":0}},{"type":"Feature","geometry":{"type":"LineString","coordinates":[[7.17983,49.5141],[7.17328,49.51576]]},"properties":{"d":"34400","load":1,"rf":0}},{"type":"Feature","geometry":{"type":"LineString","coordinates":[[7.17415,49.51721],[7.16338,49.52587]]},"properties":{"d":"34400","load":1,"rf":0}},{"type":"Feature","geometry":{"type":"LineString","coordinates":[[7.17415,49.51721],[7.17328,49.51576]]},"properties":{"d":"34400","load":0,"rf":0}},{"type":"Feature","geometry":{"type":"LineString","coordinates":[[7.13876,49.54028],[7.13985,49.53688]]},"properties":{"d":"34400","load":0,"rf":0}},{"type":"Feature","geometry":{"type":"LineString","coordinates":[[7.13985,49.53688],[7.16338,49.52587]]},"properties":{"d":"34400","load":2,"rf":0}},{"type":"Feature","geometry":{"type":"LineString","coordinates":[[7.13985,49.53688],[7.23792,49.54692]]},"properties":{"d":"34400","load":2,"rf":0}},{"type":"Feature","geometry":{"type":"LineString","coordinates":[[7.14989,49.49226],[7.15555,49.50516]]},"properties":{"d":"34400","load":0,"rf":0}},{"type":"Feature","geometry":{"type":"LineString","coordinates":[[7.19034,49.50704],[7.19625,49.50907]]},"properties":{"d":"34400","load":1,"rf":0}},{"type":"Feature","geometry":{"type":"LineString","coordinates":[[7.19282,49.51332],[7.19625,49.50907]]},"properties":{"d":"34400","load":0,"rf":0}},{"type":"Feature","geometry":{"type":"LineString","coordinates":[[7.17424,49.52867],[7.18651,49.53039]]},"properties":{"d":"34400","load":23,"rf":0}},{"type":"Feature","geometry":{"type":"LineString","coordinates":[[7.17424,49.52867],[7.16875,49.53305]]},"properties":{"d":"34400","load":22,"rf":0}},{"type":"Feature","geometry":{"type":"LineString","coordinates":[[7.18651,49.53039],[7.18682,49.5296]]},"properties":{"d":"34400","load":1,"rf":0}},{"type":"Feature","geometry":{"type":"LineString","coordinates":[[7.18651,49.53039],[7.19707,49.53522]]},"properties":{"d":"34400","load":25,"rf":0}},{"type":"Feature","geometry":{"type":"LineString","coordinates":[[7.16875,49.53305],[7.16316,49.53379]]},"properties":{"d":"34400","load":21,"rf":0}},{"type":"Feature","geometry":{"type":"LineString","coordinates":[[7.19497,49.53832],[7.19707,49.53522]]},"properties":{"d":"34400","load":1,"rf":0}},{"type":"Feature","geometry":{"type":"LineString","coordinates":[[7.20923,49.51353],[7.19625,49.50907]]},"properties":{"d":"34400","load":1,"rf":0}},{"type":"Feature","geometry":{"type":"LineString","coordinates":[[7.20923,49.51353],[7.21033,49.51481]]},"properties":{"d":"34400","load":4,"rf":0}},{"type":"Feature","geometry":{"type":"LineString","coordinates":[[7.20576,49.51647],[7.21033,49.51481]]},"properties":{"d":"34400","load":1,"rf":0}},{"type":"Feature","geometry":{"type":"LineString","coordinates":[[7.19422,49.54835],[7.20284,49.55387]]},"properties":{"d":"34400","load":68,"rf":0}},{"type":"Feature","geometry":{"type":"LineString","coordinates":[[7.19422,49.54835],[7.22346,49.5474]]},"properties":{"d":"34400","load":70,"rf":0}},{"type":"Feature","geometry":{"type":"LineString","coordinates":[[7.20284,49.55387],[7.21278,49.56438]]},"properties":{"d":"34400","load":67,"rf":0}},{"type":"Feature","geometry":{"type":"LineString","coordinates":[[7.23163,49.52632],[7.21819,49.52999]]},"properties":{"d":"34400","load":40,"rf":0}},{"type":"Feature","geometry":{"type":"LineString","coordinates":[[7.23792,49.54692],[7.21819,49.52999]]},"properties":{"d":"34400","load":40,"rf":0}},{"type":"Feature","geometry":{"type":"LineString","coordinates":[[7.22254,49.591],[7.2084,49.59117]]},"properties":{"d":"34400","load":0,"rf":0}},{"type":"Feature","geometry":{"type":"LineString","coordinates":[[7.21174,49.52539],[7.21759,49.52326]]},"properties":{"d":"34400","load":0,"rf":0}},{"type":"Feature","geometry":{"type":"LineString","coordinates":[[7.22398,49.52376],[7.22281,49.52418]]},"properties":{"d":"34400","load":3,"rf":0}},{"type":"Feature","geometry":{"type":"LineString","coordinates":[[7.23955,49.58078],[7.22254,49.591]]},"properties":{"d":"34400","load":0,"rf":0}},{"type":"Feature","geometry":{"type":"LineString","coordinates":[[7.22254,49.591],[7.22255,49.57789]]},"properties":{"d":"34400","load":1,"rf":0}},{"type":"Feature","geometry":{"type":"LineString","coordinates":[[7.22255,49.57438],[7.22255,49.57789]]},"properties":{"d":"34400","load":1,"rf":0}},{"type":"Feature","geometry":{"type":"LineString","coordinates":[[7.22255,49.57438],[7.22031,49.57232]]},"properties":{"d":"34400","load":1,"rf":0}},{"type":"Feature","geometry":{"type":"LineString","coordinates":[[7.23163,49.52632],[7.25349,49.51902]]},"properties":{"d":"34400","load":40,"rf":0}},{"type":"Feature","geometry":{"type":"LineString","coordinates":[[7.22864,49.55676],[7.22847,49.55459]]},"properties":{"d":"34400","load":0,"rf":0}},{"type":"Feature","geometry":{"type":"LineString","coordinates":[[7.23323,49.55443],[7.22847,49.55459]]},"properties":{"d":"34400","load":0,"rf":0}},{"type":"Feature","geometry":{"type":"LineString","coordinates":[[7.25086,49.54912],[7.25519,49.55328]]},"properties":{"d":"34400","load":4,"rf":0}},{"type":"Feature","geometry":{"type":"LineString","coordinates":[[7.25086,49.54912],[7.24787,49.54909]]},"properties":{"d":"34400","load":10,"rf":0}},{"type":"Feature","geometry":{"type":"LineString","coordinates":[[7.24795,49.55382],[7.24791,49.54995]]},"properties":{"d":"34400","load":5,"rf":0}},{"type":"Feature","geometry":{"type":"LineString","coordinates":[[7.24795,49.55382],[7.24828,49.55444]]},"properties":{"d":"34400","load":2,"rf":0}},{"type":"Feature","geometry":{"type":"LineString","coordinates":[[7.24411,49.54997],[7.24791,49.54995]]},"properties":{"d":"34400","load":12,"rf":0}},{"type":"Feature","geometry":{"type":"LineString","coordinates":[[7.24411,49.54997],[7.24013,49.55129]]},"properties":{"d":"34400","load":14,"rf":0}},{"type":"Feature","geometry":{"type":"LineString","coordinates":[[7.24123,49.55464],[7.24013,49.55129]]},"properties":{"d":"34400","load":2,"rf":0}},{"type":"Feature","geometry":{"type":"LineString","coordinates":[[7.24028,49.54872],[7.23864,49.54969]]},"properties":{"d":"34400","load":2,"rf":0}},{"type":"Feature","geometry":{"type":"LineString","coordinates":[[7.23864,49.54969],[7.24013,49.55129]]},"properties":{"d":"34400","load":15,"rf":0}},{"type":"Feature","geometry":{"type":"LineString","coordinates":[[7.23792,49.54692],[7.23864,49.54969]]},"properties":{"d":"34400","load":4,"rf":0}},{"type":"Feature","geometry":{"type":"LineString","coordinates":[[7.25093,49.55649],[7.24828,49.55444]]},"properties":{"d":"34400","load":1,"rf":0}},{"type":"Feature","geometry":{"type":"LineString","coordinates":[[7.245,49.55718],[7.24828,49.55444]]},"properties":{"d":"34400","load":1,"rf":0}},{"type":"Feature","geometry":{"type":"LineString","coordinates":[[7.25763,49.58332],[7.23955,49.58078]]},"properties":{"d":"34400","load":0,"rf":0}},{"type":"Feature","geometry":{"type":"LineString","coordinates":[[7.23701,49.56462],[7.22031,49.57232]]},"properties":{"d":"34400","load":0,"rf":0}},{"type":"Feature","geometry":{"type":"LineString","coordinates":[[7.2635,49.52427],[7.25936,49.52598]]},"properties":{"d":"34400","load":6,"rf":0}},{"type":"Feature","geometry":{"type":"LineString","coordinates":[[7.2635,49.52427],[7.26299,49.52118]]},"properties":{"d":"34400","load":4,"rf":0}},{"type":"Feature","geometry":{"type":"LineString","coordinates":[[7.2635,49.52427],[7.26263,49.52505]]},"properties":{"d":"34400","load":0,"rf":0}},{"type":"Feature","geometry":{"type":"LineString","coordinates":[[7.25497,49.52284],[7.26217,49.52541]]},"properties":{"d":"34400","load":4,"rf":0}},{"type":"Feature","geometry":{"type":"LineString","coordinates":[[7.25936,49.52598],[7.25948,49.5299]]},"properties":{"d":"34400","load":8,"rf":0}},{"type":"Feature","geometry":{"type":"LineString","coordinates":[[7.26791,49.52535],[7.26263,49.52505]]},"properties":{"d":"34400","load":2,"rf":0}},{"type":"Feature","geometry":{"type":"LineString","coordinates":[[7.23792,49.54692],[7.25948,49.5299]]},"properties":{"d":"34400","load":12,"rf":0}},{"type":"Feature","geometry":{"type":"LineString","coordinates":[[7.26767,49.53104],[7.26003,49.52865]]},"properties":{"d":"34400","load":0,"rf":0}},{"type":"Feature","geometry":{"type":"LineString","coordinates":[[7.25333,49.53552],[7.25469,49.53595]]},"properties":{"d":"34400","load":0,"rf":0}},{"type":"Feature","geometry":{"type":"LineString","coordinates":[[7.25763,49.58332],[7.26282,49.58255]]},"properties":{"d":"34400","load":0,"rf":0}},{"type":"Feature","geometry":{"type":"LineString","coordinates":[[7.26156,49.579],[7.26282,49.58255]]},"properties":{"d":"34400","load":0,"rf":0}},{"type":"Feature","geometry":{"type":"LineString","coordinates":[[7.26568,49.50031],[7.26903,49.505]]},"properties":{"d":"34400","load":0,"rf":0}},{"type":"Feature","geometry":{"type":"LineString","coordinates":[[7.27177,49.51292],[7.27168,49.50872]]},"properties":{"d":"34400","load":40,"rf":0}},{"type":"Feature","geometry":{"type":"LineString","coordinates":[[7.27177,49.51292],[7.28873,49.51481]]},"properties":{"d":"34400","load":68,"rf":0}},{"type":"Feature","geometry":{"type":"LineString","coordinates":[[7.27177,49.51292],[7.25349,49.51902]]},"properties":{"d":"34400","load":27,"rf":0}},{"type":"Feature","geometry":{"type":"LineString","coordinates":[[7.27168,49.50872],[7.26903,49.505]]},"properties":{"d":"34400","load":40,"rf":0}},{"type":"Feature","geometry":{"type":"LineString","coordinates":[[7.26513,49.56106],[7.26892,49.55433]]},"properties":{"d":"34400","load":34,"rf":0}},{"type":"Feature","geometry":{"type":"LineString","coordinates":[[7.26513,49.56106],[7.26796,49.56302]]},"properties":{"d":"34400","load":34,"rf":0}},{"type":"Feature","geometry":{"type":"LineString","coordinates":[[7.26629,49.55385],[7.26892,49.55433]]},"properties":{"d":"34400","load":13,"rf":0}},{"type":"Feature","geometry":{"type":"LineString","coordinates":[[7.23792,49.54692],[7.26629,49.55385]]},"properties":{"d":"34400","load":13,"rf":0}},{"type":"Feature","geometry":{"type":"LineString","coordinates":[[7.28354,49.53356],[7.26466,49.53909]]},"properties":{"d":"34400","load":2,"rf":0}},{"type":"Feature","geometry":{"type":"LineString","coordinates":[[7.28354,49.53356],[7.28912,49.54073]]},"properties":{"d":"34400","load":0,"rf":0}},{"type":"Feature","geometry":{"type":"LineString","coordinates":[[7.29432,49.51407],[7.29071,49.51389]]},"properties":{"d":"34400","load":46,"rf":0}},{"type":"Feature","geometry":{"type":"LineString","coordinates":[[7.29432,49.51407],[7.29459,49.5164]]},"properties":{"d":"34400","load":46,"rf":0}},{"type":"Feature","geometry":{"type":"LineString","coordinates":[[7.28873,49.51481],[7.29071,49.51389]]},"properties":{"d":"34400","load":68,"rf":0}},{"type":"Feature","geometry":{"type":"LineString","coordinates":[[7.29002,49.54189],[7.29341,49.54421]]},"properties":{"d":"34400","load":0,"rf":0}},{"type":"Feature","geometry":{"type":"LineString","coordinates":[[7.29002,49.54189],[7.29669,49.53405]]},"properties":{"d":"34400","load":3,"rf":0}},{"type":"Feature","geometry":{"type":"LineString","coordinates":[[7.29002,49.54189],[7.23792,49.54692]]},"properties":{"d":"34400","load":1,"rf":0}},{"type":"Feature","geometry":{"type":"LineString","coordinates":[[7.29318,49.57803],[7.31545,49.57813]]},"properties":{"d":"34400","load":22,"rf":0}},{"type":"Feature","geometry":{"type":"LineString","coordinates":[[7.29318,49.57803],[7.28793,49.57881]]},"properties":{"d":"34400","load":23,"rf":0}},{"type":"Feature","geometry":{"type":"LineString","coordinates":[[7.28891,49.58158],[7.28793,49.57881]]},"properties":{"d":"34400","load":0,"rf":0}},{"type":"Feature","geometry":{"type":"LineString","coordinates":[[7.2911,49.55962],[7.31545,49.57813]]},"properties":{"d":"34400","load":55,"rf":0}},{"type":"Feature","geometry":{"type":"LineString","coordinates":[[7.2911,49.55962],[7.27501,49.55578]]},"properties":{"d":"34400","load":55,"rf":0}},{"type":"Feature","geometry":{"type":"LineString","coordinates":[[7.2839,49.57034],[7.28694,49.57896]]},"properties":{"d":"34400","load":23,"rf":0}},{"type":"Feature","geometry":{"type":"LineString","coordinates":[[7.29157,49.50676],[7.29071,49.51389]]},"properties":{"d":"34400","load":22,"rf":0}},{"type":"Feature","geometry":{"type":"LineString","coordinates":[[7.29157,49.50676],[7.2869,49.50575]]},"properties":{"d":"34400","load":22,"rf":0}},{"type":"Feature","geometry":{"type":"LineString","coordinates":[[7.29815,49.53377],[7.29416,49.53394]]},"properties":{"d":"34400","load":0,"rf":0}},{"type":"Feature","geometry":{"type":"LineString","coordinates":[[7.29815,49.53377],[7.29668,49.52661]]},"properties":{"d":"34400","load":1,"rf":0}},{"type":"Feature","geometry":{"type":"LineString","coordinates":[[7.29669,49.53405],[7.29416,49.53394]]},"properties":{"d":"34400","load":0,"rf":0}},{"type":"Feature","geometry":{"type":"LineString","coordinates":[[7.30539,49.51586],[7.29459,49.5164]]},"properties":{"d":"34400","load":0,"rf":0}},{"type":"Feature","geometry":{"type":"LineString","coordinates":[[7.31545,49.57813],[7.32723,49.58556]]},"properties":{"d":"34400","load":33,"rf":0}},{"type":"Feature","geometry":{"type":"LineString","coordinates":[[7.14787,49.50815],[7.1541,49.50721]]},"properties":{"d":"34400","load":1,"rf":0}},{"type":"Feature","geometry":{"type":"LineString","coordinates":[[7.23991,49.54872],[7.24028,49.54872]]},"properties":{"d":"34400","load":1,"rf":0}},{"type":"Feature","geometry":{"type":"LineString","coordinates":[[7.25469,49.53595],[7.24787,49.54909]]},"properties":{"d":"34400","load":3,"rf":0}},{"type":"Feature","geometry":{"type":"LineString","coordinates":[[7.26003,49.52865],[7.25469,49.53595]]},"properties":{"d":"34400","load":5,"rf":0}},{"type":"Feature","geometry":{"type":"LineString","coordinates":[[7.26282,49.58255],[7.28694,49.57896]]},"properties":{"d":"34400","load":0,"rf":0}},{"type":"Feature","geometry":{"type":"LineString","coordinates":[[7.26892,49.55433],[7.271,49.55482]]},"properties":{"d":"34400","load":34,"rf":0}},{"type":"Feature","geometry":{"type":"LineString","coordinates":[[7.28694,49.57896],[7.28793,49.57881]]},"properties":{"d":"34400","load":23,"rf":0}},{"type":"Feature","geometry":{"type":"LineString","coordinates":[[7.29459,49.5164],[7.29668,49.52661]]},"properties":{"d":"34400","load":79,"rf":0}},{"type":"Feature","geometry":{"type":"LineString","coordinates":[[7.15555,49.50516],[7.1541,49.50721]]},"properties":{"d":"34400","load":3,"rf":0}},{"type":"Feature","geometry":{"type":"LineString","coordinates":[[7.15711,49.51237],[7.18684,49.52509]]},"properties":{"d":"34400","load":1,"rf":0}},{"type":"Feature","geometry":{"type":"LineString","coordinates":[[7.15733,49.51051],[7.22413,49.5407]]},"properties":{"d":"34400","load":0,"rf":0}},{"type":"Feature","geometry":{"type":"LineString","coordinates":[[7.21759,49.52326],[7.21033,49.51481]]},"properties":{"d":"34400","load":4,"rf":0}},{"type":"Feature","geometry":{"type":"LineString","coordinates":[[7.24787,49.54909],[7.24791,49.54995]]},"properties":{"d":"34400","load":9,"rf":0}},{"type":"Feature","geometry":{"type":"LineString","coordinates":[[7.26217,49.52541],[7.26263,49.52505]]},"properties":{"d":"34400","load":2,"rf":0}},{"type":"Feature","geometry":{"type":"LineString","coordinates":[[7.26003,49.52865],[7.26217,49.52541]]},"properties":{"d":"34400","load":5,"rf":0}},{"type":"Feature","geometry":{"type":"LineString","coordinates":[[7.26903,49.505],[7.26836,49.5052]]},"properties":{"d":"34400","load":40,"rf":0}},{"type":"Feature","geometry":{"type":"LineString","coordinates":[[7.22118,49.52478],[7.22281,49.52418]]},"properties":{"d":"34400","load":31,"rf":0}},{"type":"Feature","geometry":{"type":"LineString","coordinates":[[7.21943,49.52541],[7.22118,49.52478]]},"properties":{"d":"34400","load":42,"rf":0}},{"type":"Feature","geometry":{"type":"LineString","coordinates":[[7.25349,49.51902],[7.24519,49.50849]]},"properties":{"d":"34400","load":50,"rf":0}},{"type":"Feature","geometry":{"type":"LineString","coordinates":[[7.23792,49.54692],[7.26466,49.53909]]},"properties":{"d":"34400","load":13,"rf":0}},{"type":"Feature","geometry":{"type":"LineString","coordinates":[[7.28976,49.54156],[7.28912,49.54073]]},"properties":{"d":"34400","load":0,"rf":0}},{"type":"Feature","geometry":{"type":"LineString","coordinates":[[7.23792,49.54692],[7.18684,49.52509]]},"properties":{"d":"34400","load":1,"rf":0}},{"type":"Feature","geometry":{"type":"LineString","coordinates":[[7.32723,49.58556],[7.33004,49.58733]]},"properties":{"d":"34400","load":19,"rf":0}},{"type":"Feature","geometry":{"type":"LineString","coordinates":[[7.19707,49.53522],[7.22224,49.54243]]},"properties":{"d":"34400","load":22,"rf":0}},{"type":"Feature","geometry":{"type":"LineString","coordinates":[[7.23792,49.54692],[7.22413,49.5407]]},"properties":{"d":"34400","load":33,"rf":0}},{"type":"Feature","geometry":{"type":"LineString","coordinates":[[7.23792,49.54692],[7.22224,49.54243]]},"properties":{"d":"34400","load":55,"rf":0}},{"type":"Feature","geometry":{"type":"LineString","coordinates":[[7.271,49.55482],[7.27408,49.55556]]},"properties":{"d":"34400","load":29,"rf":0}},{"type":"Feature","geometry":{"type":"LineString","coordinates":[[7.27408,49.55556],[7.27501,49.55578]]},"properties":{"d":"34400","load":24,"rf":0}},{"type":"Feature","geometry":{"type":"LineString","coordinates":[[7.22346,49.5474],[7.22371,49.54739]]},"properties":{"d":"34400","load":25,"rf":0}},{"type":"Feature","geometry":{"type":"LineString","coordinates":[[7.21278,49.56438],[7.21473,49.56643]]},"properties":{"d":"34400","load":36,"rf":0}},{"type":"Feature","geometry":{"type":"LineString","coordinates":[[7.2279,49.54725],[7.22371,49.54739]]},"properties":{"d":"34400","load":33,"rf":0}},{"type":"Feature","geometry":{"type":"LineString","coordinates":[[7.21759,49.52326],[7.21943,49.52541]]},"properties":{"d":"34400","load":4,"rf":0}},{"type":"Feature","geometry":{"type":"LineString","coordinates":[[7.27605,49.55085],[7.27691,49.55094]]},"properties":{"d":"34400","load":70,"rf":0}},{"type":"Feature","geometry":{"type":"LineString","coordinates":[[7.23792,49.54692],[7.27605,49.55085]]},"properties":{"d":"34400","load":75,"rf":0}},{"type":"Feature","geometry":{"type":"LineString","coordinates":[[7.21473,49.56643],[7.21389,49.56677]]},"properties":{"d":"34400","load":37,"rf":0}},{"type":"Feature","geometry":{"type":"LineString","coordinates":[[7.22031,49.57232],[7.21473,49.56643]]},"properties":{"d":"34400","load":1,"rf":0}},{"type":"Feature","geometry":{"type":"LineString","coordinates":[[7.23792,49.54692],[7.21943,49.52541]]},"properties":{"d":"34400","load":36,"rf":0}},{"type":"Feature","geometry":{"type":"LineString","coordinates":[[7.2279,49.54725],[7.22847,49.55459]]},"properties":{"d":"34400","load":0,"rf":0}},{"type":"Feature","geometry":{"type":"LineString","coordinates":[[7.23792,49.54692],[7.2279,49.54725]]},"properties":{"d":"34400","load":33,"rf":0}},{"type":"Feature","geometry":{"type":"LineString","coordinates":[[7.02721,49.33414],[7.02944,49.33517]]},"properties":{"d":"34407","load":32,"rf":0}},{"type":"Feature","geometry":{"type":"LineString","coordinates":[[7.03215,49.3357],[7.03082,49.33498]]},"properties":{"d":"34407","load":47,"rf":0}},{"type":"Feature","geometry":{"type":"LineString","coordinates":[[7.03548,49.34311],[7.03835,49.34159]]},"properties":{"d":"34407","load":60,"rf":0}},{"type":"Feature","geometry":{"type":"LineString","coordinates":[[7.03,49.34517],[7.03271,49.34658]]},"properties":{"d":"34407","load":2,"rf":0}},{"type":"Feature","geometry":{"type":"LineString","coordinates":[[7.03,49.34517],[7.03007,49.34518]]},"properties":{"d":"34407","load":64,"rf":0}},{"type":"Feature","geometry":{"type":"LineString","coordinates":[[7.03,49.34517],[7.02996,49.34509]]},"properties":{"d":"34407","load":60,"rf":0}},{"type":"Feature","geometry":{"type":"LineString","coordinates":[[7.0253,49.34436],[7.03271,49.34658]]},"properties":{"d":"34407","load":1,"rf":0}},{"type":"Feature","geometry":{"type":"LineString","coordinates":[[7.0226,49.34153],[7.02215,49.34202]]},"properties":{"d":"34407","load":0,"rf":0}},{"type":"Feature","geometry":{"type":"LineString","coordinates":[[7.0226,49.34153],[7.02944,49.33517]]},"properties":{"d":"34407","load":47,"rf":0}},{"type":"Feature","geometry":{"type":"LineString","coordinates":[[7.0226,49.34153],[7.03082,49.33498]]},"properties":{"d":"34407","load":46,"rf":0}},{"type":"Feature","geometry":{"type":"LineString","coordinates":[[7.03548,49.34311],[7.02996,49.34509]]},"properties":{"d":"34407","load":59,"rf":0}},{"type":"Feature","geometry":{"type":"LineString","coordinates":[[7.0196,49.34539],[7.02215,49.34202]]},"properties":{"d":"34407","load":1,"rf":0}},{"type":"Feature","geometry":{"type":"LineString","coordinates":[[7.03124,49.33465],[7.03082,49.33498]]},"properties":{"d":"34407","load":1,"rf":0}},{"type":"Feature","geometry":{"type":"LineString","coordinates":[[7.02998,49.33466],[7.03007,49.34518]]},"properties":{"d":"34407","load":64,"rf":0}},{"type":"Feature","geometry":{"type":"LineString","coordinates":[[7.02996,49.34509],[7.02215,49.34202]]},"properties":{"d":"34407","load":1,"rf":0}},{"type":"Feature","geometry":{"type":"LineString","coordinates":[[7.02998,49.33466],[7.02944,49.33517]]},"properties":{"d":"34407","load":78,"rf":0}},{"type":"Feature","geometry":{"type":"LineString","coordinates":[[6.73315,49.29026],[6.73287,49.29038]]},"properties":{"d":"34691","load":0,"rf":0}},{"type":"Feature","geometry":{"type":"LineString","coordinates":[[6.70741,49.31284],[6.71688,49.31094]]},"properties":{"d":"34691","load":0,"rf":0}},{"type":"Feature","geometry":{"type":"LineString","coordinates":[[6.71216,49.29766],[6.72458,49.30252]]},"properties":{"d":"34691","load":0,"rf":0}},{"type":"Feature","geometry":{"type":"LineString","coordinates":[[6.75548,49.28204],[6.71688,49.31094]]},"properties":{"d":"34691","load":3,"rf":0}},{"type":"Feature","geometry":{"type":"LineString","coordinates":[[6.71688,49.31094],[6.71869,49.30914]]},"properties":{"d":"34691","load":2,"rf":0}},{"type":"Feature","geometry":{"type":"LineString","coordinates":[[6.71459,49.30737],[6.71869,49.30914]]},"properties":{"d":"34691","load":1,"rf":0}},{"type":"Feature","geometry":{"type":"LineString","coordinates":[[6.72757,49.28416],[6.72923,49.28702]]},"properties":{"d":"34691","load":4,"rf":0}},{"type":"Feature","geometry":{"type":"LineString","coordinates":[[6.72923,49.28702],[6.73287,49.29038]]},"properties":{"d":"34691","load":7,"rf":0}},{"type":"Feature","geometry":{"type":"LineString","coordinates":[[6.72389,49.29723],[6.72883,49.29863]]},"properties":{"d":"34691","load":1,"rf":0}},{"type":"Feature","geometry":{"type":"LineString","coordinates":[[6.71995,49.3009],[6.72461,49.30098]]},"properties":{"d":"34691","load":1,"rf":0}},{"type":"Feature","geometry":{"type":"LineString","coordinates":[[6.73009,49.29932],[6.72883,49.29863]]},"properties":{"d":"34691","load":1,"rf":0}},{"type":"Feature","geometry":{"type":"LineString","coordinates":[[6.73315,49.29315],[6.75026,49.28463]]},"properties":{"d":"34691","load":3,"rf":0}},{"type":"Feature","geometry":{"type":"LineString","coordinates":[[6.73315,49.29315],[6.73439,49.29178]]},"properties":{"d":"34691","load":10,"rf":0}},{"type":"Feature","geometry":{"type":"LineString","coordinates":[[6.72657,49.30056],[6.72461,49.30098]]},"properties":{"d":"34691","load":1,"rf":0}},{"type":"Feature","geometry":{"type":"LineString","coordinates":[[6.75921,49.2938],[6.75792,49.29277]]},"properties":{"d":"34691","load":1,"rf":0}},{"type":"Feature","geometry":{"type":"LineString","coordinates":[[6.75964,49.29024],[6.75546,49.27921]]},"properties":{"d":"34691","load":1,"rf":0}},{"type":"Feature","geometry":{"type":"LineString","coordinates":[[6.75964,49.29024],[6.75792,49.29277]]},"properties":{"d":"34691","load":1,"rf":0}},{"type":"Feature","geometry":{"type":"LineString","coordinates":[[6.756,49.29502],[6.75792,49.29277]]},"properties":{"d":"34691","load":0,"rf":0}},{"type":"Feature","geometry":{"type":"LineString","coordinates":[[6.72399,49.30385],[6.72458,49.30252]]},"properties":{"d":"34691","load":0,"rf":0}},{"type":"Feature","geometry":{"type":"LineString","coordinates":[[6.72399,49.30385],[6.71869,49.30914]]},"properties":{"d":"34691","load":1,"rf":0}},{"type":"Feature","geometry":{"type":"LineString","coordinates":[[6.73798,49.27408],[6.75026,49.28463]]},"properties":{"d":"34691","load":0,"rf":0}},{"type":"Feature","geometry":{"type":"LineString","coordinates":[[6.7556,49.27056],[6.75647,49.27012]]},"properties":{"d":"34691","load":5,"rf":0}},{"type":"Feature","geometry":{"type":"LineString","coordinates":[[6.75548,49.28204],[6.75667,49.27273]]},"properties":{"d":"34691","load":1,"rf":0}},{"type":"Feature","geometry":{"type":"LineString","coordinates":[[6.75727,49.26955],[6.75548,49.28204]]},"properties":{"d":"34691","load":1,"rf":0}},{"type":"Feature","geometry":{"type":"LineString","coordinates":[[6.75853,49.27093],[6.75968,49.27164]]},"properties":{"d":"34691","load":2,"rf":0}},{"type":"Feature","geometry":{"type":"LineString","coordinates":[[6.75853,49.27093],[6.75647,49.27012]]},"properties":{"d":"34691","load":1,"rf":0}},{"type":"Feature","geometry":{"type":"LineString","coordinates":[[6.75741,49.27295],[6.75548,49.28204]]},"properties":{"d":"34691","load":12,"rf":0}},{"type":"Feature","geometry":{"type":"LineString","coordinates":[[6.7602,49.27305],[6.75968,49.27164]]},"properties":{"d":"34691","load":3,"rf":0}},{"type":"Feature","geometry":{"type":"LineString","coordinates":[[6.7602,49.27305],[6.75663,49.27518]]},"properties":{"d":"34691","load":3,"rf":0}},{"type":"Feature","geometry":{"type":"LineString","coordinates":[[6.7546,49.26737],[6.75548,49.28204]]},"properties":{"d":"34691","load":1,"rf":0}},{"type":"Feature","geometry":{"type":"LineString","coordinates":[[6.75463,49.27426],[6.75663,49.27518]]},"properties":{"d":"34691","load":4,"rf":0}},{"type":"Feature","geometry":{"type":"LineString","coordinates":[[6.75546,49.27921],[6.75663,49.27518]]},"properties":{"d":"34691","load":1,"rf":0}},{"type":"Feature","geometry":{"type":"LineString","coordinates":[[6.73439,49.29178],[6.73287,49.29038]]},"properties":{"d":"34691","load":7,"rf":0}},{"type":"Feature","geometry":{"type":"LineString","coordinates":[[6.72458,49.30252],[6.72461,49.30098]]},"properties":{"d":"34691","load":0,"rf":0}},{"type":"Feature","geometry":{"type":"LineString","coordinates":[[6.75548,49.28204],[6.75026,49.28463]]},"properties":{"d":"34691","load":3,"rf":0}},{"type":"Feature","geometry":{"type":"LineString","coordinates":[[6.75548,49.28204],[6.75546,49.27921]]},"properties":{"d":"34691","load":0,"rf":0}},{"type":"Feature","geometry":{"type":"LineString","coordinates":[[6.73439,49.29178],[6.72883,49.29863]]},"properties":{"d":"34691","load":3,"rf":0}},{"type":"Feature","geometry":{"type":"LineString","coordinates":[[6.72883,49.29863],[6.72461,49.30098]]},"properties":{"d":"34691","load":2,"rf":0}},{"type":"Feature","geometry":{"type":"LineString","coordinates":[[6.74005,49.35661],[6.73942,49.35029]]},"properties":{"d":"34793","load":23,"rf":0}},{"type":"Feature","geometry":{"type":"LineString","coordinates":[[6.75,49.3578],[6.74999,49.3578]]},"properties":{"d":"34793","load":31,"rf":0}},{"type":"Feature","geometry":{"type":"LineString","coordinates":[[6.74999,49.35776],[6.74999,49.3578]]},"properties":{"d":"34793","load":31,"rf":0}},{"type":"Feature","geometry":{"type":"LineString","coordinates":[[6.73922,49.35768],[6.73923,49.35769]]},"properties":{"d":"34793","load":87,"rf":0}},{"type":"Feature","geometry":{"type":"LineString","coordinates":[[6.74005,49.35661],[6.73793,49.35304]]},"properties":{"d":"34793","load":22,"rf":0}},{"type":"Feature","geometry":{"type":"LineString","coordinates":[[6.74005,49.35661],[6.73704,49.34884]]},"properties":{"d":"34793","load":22,"rf":0}},{"type":"Feature","geometry":{"type":"LineString","coordinates":[[6.76539,49.38269],[6.76253,49.38371]]},"properties":{"d":"34793","load":4,"rf":0}},{"type":"Feature","geometry":{"type":"LineString","coordinates":[[6.73912,49.38062],[6.73753,49.38015]]},"properties":{"d":"34793","load":8,"rf":0}},{"type":"Feature","geometry":{"type":"LineString","coordinates":[[6.73912,49.38062],[6.7407,49.38052]]},"properties":{"d":"34793","load":15,"rf":0}},{"type":"Feature","geometry":{"type":"LineString","coordinates":[[6.74089,49.38191],[6.7407,49.38052]]},"properties":{"d":"34793","load":22,"rf":0}},{"type":"Feature","geometry":{"type":"LineString","coordinates":[[6.76677,49.37892],[6.7675,49.37944]]},"properties":{"d":"34793","load":8,"rf":0}},{"type":"Feature","geometry":{"type":"LineString","coordinates":[[6.76677,49.37892],[6.76851,49.37655]]},"properties":{"d":"34793","load":26,"rf":0}},{"type":"Feature","geometry":{"type":"LineString","coordinates":[[6.77111,49.45358],[6.77221,49.4526]]},"properties":{"d":"34793","load":0,"rf":0}},{"type":"Feature","geometry":{"type":"LineString","coordinates":[[6.72536,49.35286],[6.72494,49.35349]]},"properties":{"d":"34793","load":0,"rf":0}},{"type":"Feature","geometry":{"type":"LineString","coordinates":[[6.71139,49.3877],[6.71092,49.38767]]},"properties":{"d":"34793","load":0,"rf":0}},{"type":"Feature","geometry":{"type":"LineString","coordinates":[[6.7089,49.3872],[6.70846,49.38701]]},"properties":{"d":"34793","load":0,"rf":0}},{"type":"Feature","geometry":{"type":"LineString","coordinates":[[6.73365,49.42704],[6.73059,49.42793]]},"properties":{"d":"34793","load":0,"rf":0}},{"type":"Feature","geometry":{"type":"LineString","coordinates":[[6.69924,49.37378],[6.69924,49.37378]]},"properties":{"d":"34793","load":23,"rf":0}},{"type":"Feature","geometry":{"type":"LineString","coordinates":[[6.69924,49.37378],[6.70221,49.37623]]},"properties":{"d":"34793","load":47,"rf":0}},{"type":"Feature","geometry":{"type":"LineString","coordinates":[[6.77318,49.42471],[6.76379,49.42597]]},"properties":{"d":"34793","load":0,"rf":0}},{"type":"Feature","geometry":{"type":"LineString","coordinates":[[6.76379,49.42597],[6.76102,49.42633]]},"properties":{"d":"34793","load":0,"rf":0}},{"type":"Feature","geometry":{"type":"LineString","coordinates":[[6.69647,49.40544],[6.6995,49.40172]]},"properties":{"d":"34793","load":2,"rf":0}},{"type":"Feature","geometry":{"type":"LineString","coordinates":[[6.67098,49.39474],[6.67576,49.38994]]},"properties":{"d":"34793","load":3,"rf":0}},{"type":"Feature","geometry":{"type":"LineString","coordinates":[[6.67098,49.39474],[6.72445,49.43633]]},"properties":{"d":"34793","load":0,"rf":0}},{"type":"Feature","geometry":{"type":"LineString","coordinates":[[6.67576,49.38994],[6.70221,49.37623]]},"properties":{"d":"34793","load":4,"rf":0}},{"type":"Feature","geometry":{"type":"LineString","coordinates":[[6.72999,49.42389],[6.72861,49.41517]]},"properties":{"d":"34793","load":3,"rf":0}},{"type":"Feature","geometry":{"type":"LineString","coordinates":[[6.72999,49.42389],[6.72843,49.42972]]},"properties":{"d":"34793","load":0,"rf":0}},{"type":"Feature","geometry":{"type":"LineString","coordinates":[[6.72118,49.41405],[6.71533,49.40722]]},"properties":{"d":"34793","load":9,"rf":0}},{"type":"Feature","geometry":{"type":"LineString","coordinates":[[6.72118,49.41405],[6.73059,49.42793]]},"properties":{"d":"34793","load":7,"rf":0}},{"type":"Feature","geometry":{"type":"LineString","coordinates":[[6.69392,49.38786],[6.70268,49.38729]]},"properties":{"d":"34793","load":3,"rf":0}},{"type":"Feature","geometry":{"type":"LineString","coordinates":[[6.69392,49.38786],[6.69456,49.38961]]},"properties":{"d":"34793","load":16,"rf":0}},{"type":"Feature","geometry":{"type":"LineString","coordinates":[[6.70268,49.38729],[6.70445,49.39253]]},"properties":{"d":"34793","load":0,"rf":0}},{"type":"Feature","geometry":{"type":"LineString","coordinates":[[6.71533,49.40722],[6.74005,49.35661]]},"properties":{"d":"34793","load":2,"rf":0}},{"type":"Feature","geometry":{"type":"LineString","coordinates":[[6.72861,49.41517],[6.72495,49.41208]]},"properties":{"d":"34793","load":4,"rf":0}},{"type":"Feature","geometry":{"type":"LineString","coordinates":[[6.74005,49.35661],[6.72495,49.41208]]},"properties":{"d":"34793","load":2,"rf":0}},{"type":"Feature","geometry":{"type":"LineString","coordinates":[[6.71025,49.39634],[6.71878,49.3847]]},"properties":{"d":"34793","load":4,"rf":0}},{"type":"Feature","geometry":{"type":"LineString","coordinates":[[6.72843,49.42972],[6.73151,49.42928]]},"properties":{"d":"34793","load":2,"rf":0}},{"type":"Feature","geometry":{"type":"LineString","coordinates":[[6.74005,49.35661],[6.69411,49.39253]]},"properties":{"d":"34793","load":2,"rf":0}},{"type":"Feature","geometry":{"type":"LineString","coordinates":[[6.74005,49.35661],[6.70766,49.37732]]},"properties":{"d":"34793","load":4,"rf":0}},{"type":"Feature","geometry":{"type":"LineString","coordinates":[[6.69411,49.39253],[6.69456,49.38961]]},"properties":{"d":"34793","load":14,"rf":0}},{"type":"Feature","geometry":{"type":"LineString","coordinates":[[6.71065,49.38929],[6.70445,49.39253]]},"properties":{"d":"34793","load":2,"rf":0}},{"type":"Feature","geometry":{"type":"LineString","coordinates":[[6.71065,49.38929],[6.71092,49.38767]]},"properties":{"d":"34793","load":3,"rf":0}},{"type":"Feature","geometry":{"type":"LineString","coordinates":[[6.6984,49.40134],[6.70099,49.39419]]},"properties":{"d":"34793","load":3,"rf":0}},{"type":"Feature","geometry":{"type":"LineString","coordinates":[[6.6984,49.40134],[6.6995,49.40172]]},"properties":{"d":"34793","load":2,"rf":0}},{"type":"Feature","geometry":{"type":"LineString","coordinates":[[6.71134,49.38519],[6.70627,49.38518]]},"properties":{"d":"34793","load":4,"rf":0}},{"type":"Feature","geometry":{"type":"LineString","coordinates":[[6.71134,49.38519],[6.71092,49.38767]]},"properties":{"d":"34793","load":3,"rf":0}},{"type":"Feature","geometry":{"type":"LineString","coordinates":[[6.74005,49.35661],[6.70627,49.38518]]},"properties":{"d":"34793","load":1,"rf":0}},{"type":"Feature","geometry":{"type":"LineString","coordinates":[[6.70099,49.39419],[6.70846,49.38701]]},"properties":{"d":"34793","load":6,"rf":0}},{"type":"Feature","geometry":{"type":"LineString","coordinates":[[6.73151,49.42928],[6.73777,49.42949]]},"properties":{"d":"34793","load":1,"rf":0}},{"type":"Feature","geometry":{"type":"LineString","coordinates":[[6.73151,49.42928],[6.73059,49.42793]]},"properties":{"d":"34793","load":7,"rf":0}},{"type":"Feature","geometry":{"type":"LineString","coordinates":[[6.76356,49.375],[6.75933,49.38551]]},"properties":{"d":"34793","load":2,"rf":0}},{"type":"Feature","geometry":{"type":"LineString","coordinates":[[6.76356,49.375],[6.76296,49.37308]]},"properties":{"d":"34793","load":29,"rf":0}},{"type":"Feature","geometry":{"type":"LineString","coordinates":[[6.76356,49.375],[6.76851,49.37655]]},"properties":{"d":"34793","load":26,"rf":0}},{"type":"Feature","geometry":{"type":"LineString","coordinates":[[6.75351,49.36328],[6.74854,49.35861]]},"properties":{"d":"34793","load":1,"rf":0}},{"type":"Feature","geometry":{"type":"LineString","coordinates":[[6.75351,49.36328],[6.75012,49.36451]]},"properties":{"d":"34793","load":2,"rf":0}},{"type":"Feature","geometry":{"type":"LineString","coordinates":[[6.74005,49.35661],[6.75351,49.36328]]},"properties":{"d":"34793","load":1,"rf":0}},{"type":"Feature","geometry":{"type":"LineString","coordinates":[[6.7592,49.38138],[6.75643,49.3772]]},"properties":{"d":"34793","load":1,"rf":0}},{"type":"Feature","geometry":{"type":"LineString","coordinates":[[6.7592,49.38138],[6.75602,49.38207]]},"properties":{"d":"34793","load":0,"rf":0}},{"type":"Feature","geometry":{"type":"LineString","coordinates":[[6.74129,49.36075],[6.73546,49.35675]]},"properties":{"d":"34793","load":4,"rf":0}},{"type":"Feature","geometry":{"type":"LineString","coordinates":[[6.74129,49.36075],[6.7388,49.3603]]},"properties":{"d":"34793","load":4,"rf":0}},{"type":"Feature","geometry":{"type":"LineString","coordinates":[[6.74005,49.35661],[6.73546,49.35675]]},"properties":{"d":"34793","load":1,"rf":0}},{"type":"Feature","geometry":{"type":"LineString","coordinates":[[6.75395,49.38372],[6.75933,49.38551]]},"properties":{"d":"34793","load":2,"rf":0}},{"type":"Feature","geometry":{"type":"LineString","coordinates":[[6.75395,49.38372],[6.75707,49.38235]]},"properties":{"d":"34793","load":0,"rf":0}},{"type":"Feature","geometry":{"type":"LineString","coordinates":[[6.75229,49.35947],[6.74962,49.35379]]},"properties":{"d":"34793","load":0,"rf":0}},{"type":"Feature","geometry":{"type":"LineString","coordinates":[[6.76641,49.37229],[6.76324,49.36982]]},"properties":{"d":"34793","load":1,"rf":0}},{"type":"Feature","geometry":{"type":"LineString","coordinates":[[6.76641,49.37229],[6.76628,49.37268]]},"properties":{"d":"34793","load":0,"rf":0}},{"type":"Feature","geometry":{"type":"LineString","coordinates":[[6.72999,49.35503],[6.72591,49.35533]]},"properties":{"d":"34793","load":15,"rf":0}},{"type":"Feature","geometry":{"type":"LineString","coordinates":[[6.74005,49.35661],[6.72999,49.35503]]},"properties":{"d":"34793","load":4,"rf":0}},{"type":"Feature","geometry":{"type":"LineString","coordinates":[[6.72243,49.34512],[6.72892,49.34822]]},"properties":{"d":"34793","load":4,"rf":0}},{"type":"Feature","geometry":{"type":"LineString","coordinates":[[6.72243,49.34512],[6.72112,49.3478]]},"properties":{"d":"34793","load":3,"rf":0}},{"type":"Feature","geometry":{"type":"LineString","coordinates":[[6.74266,49.35726],[6.74801,49.36055]]},"properties":{"d":"34793","load":2,"rf":0}},{"type":"Feature","geometry":{"type":"LineString","coordinates":[[6.74266,49.35726],[6.74652,49.35656]]},"properties":{"d":"34793","load":0,"rf":0}},{"type":"Feature","geometry":{"type":"LineString","coordinates":[[6.72892,49.34822],[6.73359,49.34948]]},"properties":{"d":"34793","load":6,"rf":0}},{"type":"Feature","geometry":{"type":"LineString","coordinates":[[6.72977,49.35858],[6.73251,49.35865]]},"properties":{"d":"34793","load":2,"rf":0}},{"type":"Feature","geometry":{"type":"LineString","coordinates":[[6.72977,49.35858],[6.72698,49.36142]]},"properties":{"d":"34793","load":0,"rf":0}},{"type":"Feature","geometry":{"type":"LineString","coordinates":[[6.7595,49.3678],[6.75678,49.36769]]},"properties":{"d":"34793","load":3,"rf":0}},{"type":"Feature","geometry":{"type":"LineString","coordinates":[[6.7595,49.3678],[6.76408,49.36899]]},"properties":{"d":"34793","load":2,"rf":0}},{"type":"Feature","geometry":{"type":"LineString","coordinates":[[6.75705,49.37512],[6.75394,49.37464]]},"properties":{"d":"34793","load":2,"rf":0}},{"type":"Feature","geometry":{"type":"LineString","coordinates":[[6.75705,49.37512],[6.76006,49.37393]]},"properties":{"d":"34793","load":2,"rf":0}},{"type":"Feature","geometry":{"type":"LineString","coordinates":[[6.72839,49.35201],[6.72536,49.35286]]},"properties":{"d":"34793","load":6,"rf":0}},{"type":"Feature","geometry":{"type":"LineString","coordinates":[[6.72839,49.35201],[6.72202,49.34944]]},"properties":{"d":"34793","load":5,"rf":0}},{"type":"Feature","geometry":{"type":"LineString","coordinates":[[6.74822,49.35488],[6.739,49.34746]]},"properties":{"d":"34793","load":60,"rf":0}},{"type":"Feature","geometry":{"type":"LineString","coordinates":[[6.74005,49.35661],[6.74822,49.35488]]},"properties":{"d":"34793","load":59,"rf":0}},{"type":"Feature","geometry":{"type":"LineString","coordinates":[[6.76324,49.36982],[6.76408,49.36899]]},"properties":{"d":"34793","load":2,"rf":0}},{"type":"Feature","geometry":{"type":"LineString","coordinates":[[6.72583,49.35599],[6.72534,49.35913]]},"properties":{"d":"34793","load":11,"rf":0}},{"type":"Feature","geometry":{"type":"LineString","coordinates":[[6.72583,49.35599],[6.72591,49.35533]]},"properties":{"d":"34793","load":14,"rf":0}},{"type":"Feature","geometry":{"type":"LineString","coordinates":[[6.75446,49.36911],[6.75786,49.37073]]},"properties":{"d":"34793","load":3,"rf":0}},{"type":"Feature","geometry":{"type":"LineString","coordinates":[[6.75446,49.36911],[6.75012,49.36451]]},"properties":{"d":"34793","load":4,"rf":0}},{"type":"Feature","geometry":{"type":"LineString","coordinates":[[6.72536,49.35286],[6.73054,49.35281]]},"properties":{"d":"34793","load":6,"rf":0}},{"type":"Feature","geometry":{"type":"LineString","coordinates":[[6.73753,49.35956],[6.73638,49.36061]]},"properties":{"d":"34793","load":5,"rf":0}},{"type":"Feature","geometry":{"type":"LineString","coordinates":[[6.74005,49.35661],[6.73753,49.35956]]},"properties":{"d":"34793","load":1,"rf":0}},{"type":"Feature","geometry":{"type":"LineString","coordinates":[[6.72534,49.35913],[6.72698,49.36142]]},"properties":{"d":"34793","load":4,"rf":0}},{"type":"Feature","geometry":{"type":"LineString","coordinates":[[6.74159,49.35221],[6.73804,49.35097]]},"properties":{"d":"34793","load":5,"rf":0}},{"type":"Feature","geometry":{"type":"LineString","coordinates":[[6.74005,49.35661],[6.74159,49.35221]]},"properties":{"d":"34793","load":1,"rf":0}},{"type":"Feature","geometry":{"type":"LineString","coordinates":[[6.75643,49.3772],[6.75394,49.37464]]},"properties":{"d":"34793","load":1,"rf":0}},{"type":"Feature","geometry":{"type":"LineString","coordinates":[[6.73251,49.35865],[6.73383,49.36102]]},"properties":{"d":"34793","load":3,"rf":0}},{"type":"Feature","geometry":{"type":"LineString","coordinates":[[6.76296,49.37308],[6.74005,49.35661]]},"properties":{"d":"34793","load":7,"rf":0}},{"type":"Feature","geometry":{"type":"LineString","coordinates":[[6.73383,49.36102],[6.73638,49.36061]]},"properties":{"d":"34793","load":4,"rf":0}},{"type":"Feature","geometry":{"type":"LineString","coordinates":[[6.72446,49.34857],[6.72112,49.3478]]},"properties":{"d":"34793","load":0,"rf":0}},{"type":"Feature","geometry":{"type":"LineString","coordinates":[[6.72446,49.34857],[6.72202,49.34944]]},"properties":{"d":"34793","load":1,"rf":0}},{"type":"Feature","geometry":{"type":"LineString","coordinates":[[6.76958,49.37688],[6.76851,49.37655]]},"properties":{"d":"34793","load":0,"rf":0}},{"type":"Feature","geometry":{"type":"LineString","coordinates":[[6.75786,49.37073],[6.76198,49.37147]]},"properties":{"d":"34793","load":3,"rf":0}},{"type":"Feature","geometry":{"type":"LineString","coordinates":[[6.77079,49.37404],[6.76628,49.37268]]},"properties":{"d":"34793","load":0,"rf":0}},{"type":"Feature","geometry":{"type":"LineString","coordinates":[[6.75431,49.3817],[6.75602,49.38207]]},"properties":{"d":"34793","load":0,"rf":0}},{"type":"Feature","geometry":{"type":"LineString","coordinates":[[6.76006,49.37393],[6.76198,49.37147]]},"properties":{"d":"34793","load":2,"rf":0}},{"type":"Feature","geometry":{"type":"LineString","coordinates":[[6.74005,49.35661],[6.75678,49.36769]]},"properties":{"d":"34793","load":1,"rf":0}},{"type":"Feature","geometry":{"type":"LineString","coordinates":[[6.739,49.34746],[6.74962,49.35379]]},"properties":{"d":"34793","load":60,"rf":0}},{"type":"Feature","geometry":{"type":"LineString","coordinates":[[6.73054,49.35281],[6.7367,49.35429]]},"properties":{"d":"34793","load":6,"rf":0}},{"type":"Feature","geometry":{"type":"LineString","coordinates":[[6.75707,49.38235],[6.75602,49.38207]]},"properties":{"d":"34793","load":0,"rf":0}},{"type":"Feature","geometry":{"type":"LineString","coordinates":[[6.73748,49.35414],[6.7367,49.35429]]},"properties":{"d":"34793","load":1,"rf":0}},{"type":"Feature","geometry":{"type":"LineString","coordinates":[[6.74005,49.35661],[6.7367,49.35429]]},"properties":{"d":"34793","load":1,"rf":0}},{"type":"Feature","geometry":{"type":"LineString","coordinates":[[6.74801,49.36055],[6.7388,49.3603]]},"properties":{"d":"34793","load":3,"rf":0}},{"type":"Feature","geometry":{"type":"LineString","coordinates":[[6.7493,49.35773],[6.74999,49.3578]]},"properties":{"d":"34793","load":61,"rf":0}},{"type":"Feature","geometry":{"type":"LineString","coordinates":[[6.7493,49.35773],[6.74652,49.35656]]},"properties":{"d":"34793","load":60,"rf":0}},{"type":"Feature","geometry":{"type":"LineString","coordinates":[[6.73804,49.35097],[6.73359,49.34948]]},"properties":{"d":"34793","load":5,"rf":0}},{"type":"Feature","geometry":{"type":"LineString","coordinates":[[6.71891,49.38453],[6.71878,49.3847]]},"properties":{"d":"34793","load":4,"rf":0}},{"type":"Feature","geometry":{"type":"LineString","coordinates":[[6.71891,49.38453],[6.73923,49.35769]]},"properties":{"d":"34793","load":4,"rf":0}},{"type":"Feature","geometry":{"type":"LineString","coordinates":[[6.72463,49.38653],[6.71878,49.3847]]},"properties":{"d":"34793","load":0,"rf":0}},{"type":"Feature","geometry":{"type":"LineString","coordinates":[[6.72554,49.43574],[6.72445,49.43633]]},"properties":{"d":"34793","load":0,"rf":0}},{"type":"Feature","geometry":{"type":"LineString","coordinates":[[6.73877,49.44136],[6.74005,49.35661]]},"properties":{"d":"34793","load":4,"rf":0}},{"type":"Feature","geometry":{"type":"LineString","coordinates":[[6.73877,49.44136],[6.73968,49.44774]]},"properties":{"d":"34793","load":0,"rf":0}},{"type":"Feature","geometry":{"type":"LineString","coordinates":[[6.7349,49.45412],[6.72775,49.45666]]},"properties":{"d":"34793","load":1,"rf":0}},{"type":"Feature","geometry":{"type":"LineString","coordinates":[[6.7349,49.45412],[6.73968,49.44774]]},"properties":{"d":"34793","load":3,"rf":0}},{"type":"Feature","geometry":{"type":"LineString","coordinates":[[6.73912,49.44773],[6.73931,49.44633]]},"properties":{"d":"34793","load":4,"rf":0}},{"type":"Feature","geometry":{"type":"LineString","coordinates":[[6.73912,49.44773],[6.73968,49.44774]]},"properties":{"d":"34793","load":3,"rf":0}},{"type":"Feature","geometry":{"type":"LineString","coordinates":[[6.75035,49.43129],[6.74005,49.35661]]},"properties":{"d":"34793","load":2,"rf":0}},{"type":"Feature","geometry":{"type":"LineString","coordinates":[[6.75035,49.43129],[6.73931,49.44633]]},"properties":{"d":"34793","load":4,"rf":0}},{"type":"Feature","geometry":{"type":"LineString","coordinates":[[6.74337,49.41488],[6.74805,49.41461]]},"properties":{"d":"34793","load":0,"rf":0}},{"type":"Feature","geometry":{"type":"LineString","coordinates":[[6.75241,49.44991],[6.73931,49.44633]]},"properties":{"d":"34793","load":0,"rf":0}},{"type":"Feature","geometry":{"type":"LineString","coordinates":[[6.7872,49.45648],[6.77732,49.45503]]},"properties":{"d":"34793","load":10,"rf":0}},{"type":"Feature","geometry":{"type":"LineString","coordinates":[[6.75927,49.45094],[6.76657,49.45065]]},"properties":{"d":"34793","load":3,"rf":0}},{"type":"Feature","geometry":{"type":"LineString","coordinates":[[6.76511,49.44733],[6.76842,49.4509]]},"properties":{"d":"34793","load":10,"rf":0}},{"type":"Feature","geometry":{"type":"LineString","coordinates":[[6.76511,49.44733],[6.74005,49.35661]]},"properties":{"d":"34793","load":3,"rf":0}},{"type":"Feature","geometry":{"type":"LineString","coordinates":[[6.76842,49.4509],[6.76657,49.45065]]},"properties":{"d":"34793","load":5,"rf":0}},{"type":"Feature","geometry":{"type":"LineString","coordinates":[[6.76842,49.4509],[6.76869,49.45092]]},"properties":{"d":"34793","load":0,"rf":0}},{"type":"Feature","geometry":{"type":"LineString","coordinates":[[6.77732,49.45503],[6.74005,49.35661]]},"properties":{"d":"34793","load":5,"rf":0}},{"type":"Feature","geometry":{"type":"LineString","coordinates":[[6.77236,49.444],[6.76888,49.45]]},"properties":{"d":"34793","load":1,"rf":0}},{"type":"Feature","geometry":{"type":"LineString","coordinates":[[6.76467,49.44008],[6.76494,49.44114]]},"properties":{"d":"34793","load":0,"rf":0}},{"type":"Feature","geometry":{"type":"LineString","coordinates":[[6.76755,49.4528],[6.76657,49.45065]]},"properties":{"d":"34793","load":3,"rf":0}},{"type":"Feature","geometry":{"type":"LineString","coordinates":[[6.75902,49.40207],[6.76114,49.40165]]},"properties":{"d":"34793","load":0,"rf":0}},{"type":"Feature","geometry":{"type":"LineString","coordinates":[[6.76627,49.41258],[6.76582,49.41611]]},"properties":{"d":"34793","load":2,"rf":0}},{"type":"Feature","geometry":{"type":"LineString","coordinates":[[6.76627,49.41258],[6.76273,49.40806]]},"properties":{"d":"34793","load":0,"rf":0}},{"type":"Feature","geometry":{"type":"LineString","coordinates":[[6.76627,49.41258],[6.76758,49.4118]]},"properties":{"d":"34793","load":4,"rf":0}},{"type":"Feature","geometry":{"type":"LineString","coordinates":[[6.76627,49.41258],[6.76391,49.41669]]},"properties":{"d":"34793","load":5,"rf":0}},{"type":"Feature","geometry":{"type":"LineString","coordinates":[[6.75896,49.41486],[6.76391,49.41669]]},"properties":{"d":"34793","load":2,"rf":0}},{"type":"Feature","geometry":{"type":"LineString","coordinates":[[6.77508,49.41286],[6.78055,49.41268]]},"properties":{"d":"34793","load":0,"rf":0}},{"type":"Feature","geometry":{"type":"LineString","coordinates":[[6.77508,49.41286],[6.76758,49.4118]]},"properties":{"d":"34793","load":1,"rf":0}},{"type":"Feature","geometry":{"type":"LineString","coordinates":[[6.76273,49.40806],[6.76114,49.40165]]},"properties":{"d":"34793","load":3,"rf":0}},{"type":"Feature","geometry":{"type":"LineString","coordinates":[[6.7657,49.41984],[6.76214,49.41893]]},"properties":{"d":"34793","load":3,"rf":0}},{"type":"Feature","geometry":{"type":"LineString","coordinates":[[6.76214,49.41893],[6.76391,49.41669]]},"properties":{"d":"34793","load":3,"rf":0}},{"type":"Feature","geometry":{"type":"LineString","coordinates":[[6.78134,49.40636],[6.76758,49.4118]]},"properties":{"d":"34793","load":14,"rf":0}},{"type":"Feature","geometry":{"type":"LineString","coordinates":[[6.78134,49.40636],[6.74005,49.35661]]},"properties":{"d":"34793","load":2,"rf":0}},{"type":"Feature","geometry":{"type":"LineString","coordinates":[[6.7901,49.43818],[6.74005,49.35661]]},"properties":{"d":"34793","load":3,"rf":0}},{"type":"Feature","geometry":{"type":"LineString","coordinates":[[6.69359,49.38948],[6.69456,49.38961]]},"properties":{"d":"34793","load":2,"rf":0}},{"type":"Feature","geometry":{"type":"LineString","coordinates":[[6.73945,49.3598],[6.7388,49.3603]]},"properties":{"d":"34793","load":1,"rf":0}},{"type":"Feature","geometry":{"type":"LineString","coordinates":[[6.74365,49.35214],[6.74365,49.35214]]},"properties":{"d":"34793","load":0,"rf":0}},{"type":"Feature","geometry":{"type":"LineString","coordinates":[[6.74005,49.35661],[6.74365,49.35214]]},"properties":{"d":"34793","load":1,"rf":0}},{"type":"Feature","geometry":{"type":"LineString","coordinates":[[6.7482,49.36456],[6.75012,49.36451]]},"properties":{"d":"34793","load":2,"rf":0}},{"type":"Feature","geometry":{"type":"LineString","coordinates":[[6.76102,49.42633],[6.76494,49.44114]]},"properties":{"d":"34793","load":0,"rf":0}},{"type":"Feature","geometry":{"type":"LineString","coordinates":[[6.74005,49.35661],[6.76102,49.42633]]},"properties":{"d":"34793","load":0,"rf":0}},{"type":"Feature","geometry":{"type":"LineString","coordinates":[[6.74805,49.41461],[6.74333,49.38037]]},"properties":{"d":"34793","load":0,"rf":0}},{"type":"Feature","geometry":{"type":"LineString","coordinates":[[6.74005,49.35661],[6.76114,49.40165]]},"properties":{"d":"34793","load":3,"rf":0}},{"type":"Feature","geometry":{"type":"LineString","coordinates":[[6.76869,49.45092],[6.76888,49.45]]},"properties":{"d":"34793","load":0,"rf":0}},{"type":"Feature","geometry":{"type":"LineString","coordinates":[[6.74005,49.35661],[6.76888,49.45]]},"properties":{"d":"34793","load":1,"rf":0}},{"type":"Feature","geometry":{"type":"LineString","coordinates":[[6.74005,49.35661],[6.73923,49.35769]]},"properties":{"d":"34793","load":55,"rf":0}},{"type":"Feature","geometry":{"type":"LineString","coordinates":[[6.74005,49.35661],[6.76253,49.38371]]},"properties":{"d":"34793","load":3,"rf":0}},{"type":"Feature","geometry":{"type":"LineString","coordinates":[[6.74333,49.38037],[6.7407,49.38052]]},"properties":{"d":"34793","load":37,"rf":0}},{"type":"Feature","geometry":{"type":"LineString","coordinates":[[6.74005,49.35661],[6.74333,49.38037]]},"properties":{"d":"34793","load":29,"rf":0}},{"type":"Feature","geometry":{"type":"LineString","coordinates":[[6.76869,49.45092],[6.77221,49.4526]]},"properties":{"d":"34793","load":0,"rf":0}},{"type":"Feature","geometry":{"type":"LineString","coordinates":[[6.74005,49.35661],[6.74365,49.35214]]},"properties":{"d":"34793","load":0,"rf":0}},{"type":"Feature","geometry":{"type":"LineString","coordinates":[[6.74005,49.35661],[6.70846,49.38701]]},"properties":{"d":"34793","load":6,"rf":0}},{"type":"Feature","geometry":{"type":"LineString","coordinates":[[6.74005,49.35661],[6.70221,49.37623]]},"properties":{"d":"34793","load":45,"rf":0}},{"type":"Feature","geometry":{"type":"LineString","coordinates":[[6.74962,49.35379],[6.74652,49.35656]]},"properties":{"d":"34793","load":60,"rf":0}},{"type":"Feature","geometry":{"type":"LineString","coordinates":[[7.3467,49.32376],[7.3467,49.32376]]},"properties":{"d":"34859","load":4,"rf":0}},{"type":"Feature","geometry":{"type":"LineString","coordinates":[[7.3467,49.32376],[7.3467,49.32376]]},"properties":{"d":"34859","load":25,"rf":0}},{"type":"Feature","geometry":{"type":"LineString","coordinates":[[7.3467,49.32376],[7.34654,49.3238]]},"properties":{"d":"34859","load":60,"rf":0}},{"type":"Feature","geometry":{"type":"LineString","coordinates":[[7.34946,49.34133],[7.3496,49.34134]]},"properties":{"d":"34859","load":11,"rf":0}},{"type":"Feature","geometry":{"type":"LineString","coordinates":[[7.33103,49.33071],[7.33151,49.33123]]},"properties":{"d":"34859","load":19,"rf":0}},{"type":"Feature","geometry":{"type":"LineString","coordinates":[[7.3485,49.34323],[7.3485,49.34323]]},"properties":{"d":"34859","load":52,"rf":0}},{"type":"Feature","geometry":{"type":"LineString","coordinates":[[7.3485,49.34323],[7.3485,49.34323]]},"properties":{"d":"34859","load":11,"rf":0}},{"type":"Feature","geometry":{"type":"LineString","coordinates":[[7.3485,49.34323],[7.3485,49.34323]]},"properties":{"d":"34859","load":14,"rf":0}},{"type":"Feature","geometry":{"type":"LineString","coordinates":[[7.3485,49.34323],[7.3485,49.34323]]},"properties":{"d":"34859","load":2,"rf":0}},{"type":"Feature","geometry":{"type":"LineString","coordinates":[[7.3485,49.34323],[7.34833,49.34322]]},"properties":{"d":"34859","load":25,"rf":0}},{"type":"Feature","geometry":{"type":"LineString","coordinates":[[7.35373,49.34867],[7.35424,49.34946]]},"properties":{"d":"34859","load":15,"rf":0}},{"type":"Feature","geometry":{"type":"LineString","coordinates":[[7.33823,49.32738],[7.33807,49.32747]]},"properties":{"d":"34859","load":0,"rf":0}},{"type":"Feature","geometry":{"type":"LineString","coordinates":[[7.35065,49.34344],[7.35009,49.34356]]},"properties":{"d":"34859","load":9,"rf":0}},{"type":"Feature","geometry":{"type":"LineString","coordinates":[[7.35003,49.34433],[7.35045,49.34424]]},"properties":{"d":"34859","load":35,"rf":0}},{"type":"Feature","geometry":{"type":"LineString","coordinates":[[7.34582,49.33704],[7.34855,49.33552]]},"properties":{"d":"34859","load":0,"rf":0}},{"type":"Feature","geometry":{"type":"LineString","coordinates":[[7.32001,49.34026],[7.32244,49.34041]]},"properties":{"d":"34859","load":0,"rf":0}},{"type":"Feature","geometry":{"type":"LineString","coordinates":[[7.35126,49.31932],[7.34784,49.31829]]},"properties":{"d":"34859","load":0,"rf":0}},{"type":"Feature","geometry":{"type":"LineString","coordinates":[[7.33735,49.32779],[7.33702,49.32763]]},"properties":{"d":"34859","load":0,"rf":0}},{"type":"Feature","geometry":{"type":"LineString","coordinates":[[7.36061,49.28589],[7.36141,49.2867]]},"properties":{"d":"34859","load":68,"rf":0}},{"type":"Feature","geometry":{"type":"LineString","coordinates":[[7.36061,49.28589],[7.35842,49.28363]]},"properties":{"d":"34859","load":45,"rf":0}},{"type":"Feature","geometry":{"type":"LineString","coordinates":[[7.36586,49.2848],[7.36141,49.2867]]},"properties":{"d":"34859","load":23,"rf":0}},{"type":"Feature","geometry":{"type":"LineString","coordinates":[[7.35677,49.28192],[7.35842,49.28363]]},"properties":{"d":"34859","load":22,"rf":0}},{"type":"Feature","geometry":{"type":"LineString","coordinates":[[7.35434,49.28531],[7.35842,49.28363]]},"properties":{"d":"34859","load":22,"rf":0}},{"type":"Feature","geometry":{"type":"LineString","coordinates":[[7.43444,49.35472],[7.35481,49.34033]]},"properties":{"d":"34859","load":32,"rf":0}},{"type":"Feature","geometry":{"type":"LineString","coordinates":[[7.33448,49.34002],[7.33551,49.34189]]},"properties":{"d":"34859","load":2,"rf":0}},{"type":"Feature","geometry":{"type":"LineString","coordinates":[[7.33448,49.34002],[7.33451,49.34043]]},"properties":{"d":"34859","load":5,"rf":0}},{"type":"Feature","geometry":{"type":"LineString","coordinates":[[7.33734,49.33067],[7.34217,49.32767]]},"properties":{"d":"34859","load":12,"rf":0}},{"type":"Feature","geometry":{"type":"LineString","coordinates":[[7.33734,49.33067],[7.34011,49.32431]]},"properties":{"d":"34859","load":6,"rf":0}},{"type":"Feature","geometry":{"type":"LineString","coordinates":[[7.35226,49.32629],[7.35744,49.32859]]},"properties":{"d":"34859","load":0,"rf":0}},{"type":"Feature","geometry":{"type":"LineString","coordinates":[[7.35226,49.32629],[7.34011,49.32431]]},"properties":{"d":"34859","load":6,"rf":0}},{"type":"Feature","geometry":{"type":"LineString","coordinates":[[7.35481,49.34033],[7.32771,49.34642]]},"properties":{"d":"34859","load":6,"rf":0}},{"type":"Feature","geometry":{"type":"LineString","coordinates":[[7.32627,49.3532],[7.32216,49.35021]]},"properties":{"d":"34859","load":1,"rf":0}},{"type":"Feature","geometry":{"type":"LineString","coordinates":[[7.32627,49.3532],[7.32871,49.35156]]},"properties":{"d":"34859","load":3,"rf":0}},{"type":"Feature","geometry":{"type":"LineString","coordinates":[[7.32771,49.34642],[7.32195,49.35014]]},"properties":{"d":"34859","load":0,"rf":0}},{"type":"Feature","geometry":{"type":"LineString","coordinates":[[7.3505,49.31453],[7.35481,49.34033]]},"properties":{"d":"34859","load":3,"rf":0}},{"type":"Feature","geometry":{"type":"LineString","coordinates":[[7.3505,49.31453],[7.35367,49.31231]]},"properties":{"d":"34859","load":0,"rf":0}},{"type":"Feature","geometry":{"type":"LineString","coordinates":[[7.3505,49.31453],[7.34784,49.31829]]},"properties":{"d":"34859","load":1,"rf":0}},{"type":"Feature","geometry":{"type":"LineString","coordinates":[[7.36868,49.33778],[7.36852,49.33545]]},"properties":{"d":"34859","load":1,"rf":0}},{"type":"Feature","geometry":{"type":"LineString","coordinates":[[7.36868,49.33778],[7.36884,49.34013]]},"properties":{"d":"34859","load":3,"rf":0}},{"type":"Feature","geometry":{"type":"LineString","coordinates":[[7.37043,49.35217],[7.38297,49.36134]]},"properties":{"d":"34859","load":0,"rf":0}},{"type":"Feature","geometry":{"type":"LineString","coordinates":[[7.37043,49.35217],[7.37702,49.36472]]},"properties":{"d":"34859","load":0,"rf":0}},{"type":"Feature","geometry":{"type":"LineString","coordinates":[[7.37043,49.35217],[7.36649,49.34931]]},"properties":{"d":"34859","load":2,"rf":0}},{"type":"Feature","geometry":{"type":"LineString","coordinates":[[7.34766,49.34266],[7.35658,49.34074]]},"properties":{"d":"34859","load":2,"rf":0}},{"type":"Feature","geometry":{"type":"LineString","coordinates":[[7.34766,49.34266],[7.3491,49.3464]]},"properties":{"d":"34859","load":2,"rf":0}},{"type":"Feature","geometry":{"type":"LineString","coordinates":[[7.34319,49.34126],[7.34766,49.34266]]},"properties":{"d":"34859","load":1,"rf":0}},{"type":"Feature","geometry":{"type":"LineString","coordinates":[[7.35501,49.34316],[7.35586,49.34567]]},"properties":{"d":"34859","load":8,"rf":0}},{"type":"Feature","geometry":{"type":"LineString","coordinates":[[7.33431,49.33651],[7.33081,49.3337]]},"properties":{"d":"34859","load":4,"rf":0}},{"type":"Feature","geometry":{"type":"LineString","coordinates":[[7.33431,49.33651],[7.33579,49.33621]]},"properties":{"d":"34859","load":6,"rf":0}},{"type":"Feature","geometry":{"type":"LineString","coordinates":[[7.34217,49.32767],[7.34649,49.33086]]},"properties":{"d":"34859","load":3,"rf":0}},{"type":"Feature","geometry":{"type":"LineString","coordinates":[[7.3459,49.33182],[7.33915,49.33158]]},"properties":{"d":"34859","load":1,"rf":0}},{"type":"Feature","geometry":{"type":"LineString","coordinates":[[7.35481,49.34033],[7.3459,49.33182]]},"properties":{"d":"34859","load":1,"rf":0}},{"type":"Feature","geometry":{"type":"LineString","coordinates":[[7.33253,49.34732],[7.32549,49.34969]]},"properties":{"d":"34859","load":4,"rf":0}},{"type":"Feature","geometry":{"type":"LineString","coordinates":[[7.33253,49.34732],[7.35481,49.34033]]},"properties":{"d":"34859","load":2,"rf":0}},{"type":"Feature","geometry":{"type":"LineString","coordinates":[[7.34098,49.32123],[7.34723,49.31914]]},"properties":{"d":"34859","load":0,"rf":0}},{"type":"Feature","geometry":{"type":"LineString","coordinates":[[7.34541,49.32404],[7.34098,49.32123]]},"properties":{"d":"34859","load":2,"rf":0}},{"type":"Feature","geometry":{"type":"LineString","coordinates":[[7.34529,49.3164],[7.34212,49.31795]]},"properties":{"d":"34859","load":3,"rf":0}},{"type":"Feature","geometry":{"type":"LineString","coordinates":[[7.34243,49.34536],[7.33784,49.34478]]},"properties":{"d":"34859","load":2,"rf":0}},{"type":"Feature","geometry":{"type":"LineString","coordinates":[[7.34243,49.34536],[7.3482,49.34694]]},"properties":{"d":"34859","load":3,"rf":0}},{"type":"Feature","geometry":{"type":"LineString","coordinates":[[7.32233,49.34117],[7.32775,49.33271]]},"properties":{"d":"34859","load":2,"rf":0}},{"type":"Feature","geometry":{"type":"LineString","coordinates":[[7.32233,49.34117],[7.32244,49.34041]]},"properties":{"d":"34859","load":1,"rf":0}},{"type":"Feature","geometry":{"type":"LineString","coordinates":[[7.33423,49.33015],[7.33151,49.33123]]},"properties":{"d":"34859","load":19,"rf":0}},{"type":"Feature","geometry":{"type":"LineString","coordinates":[[7.33423,49.33015],[7.33702,49.32763]]},"properties":{"d":"34859","load":20,"rf":0}},{"type":"Feature","geometry":{"type":"LineString","coordinates":[[7.33784,49.34478],[7.33908,49.34813]]},"properties":{"d":"34859","load":1,"rf":0}},{"type":"Feature","geometry":{"type":"LineString","coordinates":[[7.36307,49.34753],[7.36686,49.35023]]},"properties":{"d":"34859","load":0,"rf":0}},{"type":"Feature","geometry":{"type":"LineString","coordinates":[[7.36307,49.34753],[7.36367,49.3472]]},"properties":{"d":"34859","load":2,"rf":0}},{"type":"Feature","geometry":{"type":"LineString","coordinates":[[7.34723,49.31914],[7.34784,49.31829]]},"properties":{"d":"34859","load":1,"rf":0}},{"type":"Feature","geometry":{"type":"LineString","coordinates":[[7.32277,49.33819],[7.32947,49.33581]]},"properties":{"d":"34859","load":0,"rf":0}},{"type":"Feature","geometry":{"type":"LineString","coordinates":[[7.32277,49.33819],[7.32244,49.34041]]},"properties":{"d":"34859","load":1,"rf":0}},{"type":"Feature","geometry":{"type":"LineString","coordinates":[[7.36645,49.34184],[7.36706,49.34677]]},"properties":{"d":"34859","load":3,"rf":0}},{"type":"Feature","geometry":{"type":"LineString","coordinates":[[7.36645,49.34184],[7.36884,49.34013]]},"properties":{"d":"34859","load":2,"rf":0}},{"type":"Feature","geometry":{"type":"LineString","coordinates":[[7.36308,49.34606],[7.36367,49.3472]]},"properties":{"d":"34859","load":2,"rf":0}},{"type":"Feature","geometry":{"type":"LineString","coordinates":[[7.35481,49.34033],[7.36308,49.34606]]},"properties":{"d":"34859","load":2,"rf":0}},{"type":"Feature","geometry":{"type":"LineString","coordinates":[[7.3443,49.3393],[7.36185,49.34194]]},"properties":{"d":"34859","load":22,"rf":0}},{"type":"Feature","geometry":{"type":"LineString","coordinates":[[7.3443,49.3393],[7.33451,49.34043]]},"properties":{"d":"34859","load":6,"rf":0}},{"type":"Feature","geometry":{"type":"LineString","coordinates":[[7.35481,49.34033],[7.35658,49.34074]]},"properties":{"d":"34859","load":1,"rf":0}},{"type":"Feature","geometry":{"type":"LineString","coordinates":[[7.32947,49.33581],[7.33003,49.33601]]},"properties":{"d":"34859","load":1,"rf":0}},{"type":"Feature","geometry":{"type":"LineString","coordinates":[[7.33881,49.32296],[7.34212,49.31795]]},"properties":{"d":"34859","load":4,"rf":0}},{"type":"Feature","geometry":{"type":"LineString","coordinates":[[7.35481,49.34033],[7.33881,49.32296]]},"properties":{"d":"34859","load":7,"rf":0}},{"type":"Feature","geometry":{"type":"LineString","coordinates":[[7.3384,49.33419],[7.34213,49.33338]]},"properties":{"d":"34859","load":1,"rf":0}},{"type":"Feature","geometry":{"type":"LineString","coordinates":[[7.35481,49.34033],[7.33579,49.33621]]},"properties":{"d":"34859","load":2,"rf":0}},{"type":"Feature","geometry":{"type":"LineString","coordinates":[[7.35481,49.34033],[7.36185,49.34194]]},"properties":{"d":"34859","load":20,"rf":0}},{"type":"Feature","geometry":{"type":"LineString","coordinates":[[7.3376,49.32711],[7.33807,49.32747]]},"properties":{"d":"34859","load":6,"rf":0}},{"type":"Feature","geometry":{"type":"LineString","coordinates":[[7.3376,49.32711],[7.33702,49.32763]]},"properties":{"d":"34859","load":20,"rf":0}},{"type":"Feature","geometry":{"type":"LineString","coordinates":[[7.32775,49.33271],[7.35481,49.34033]]},"properties":{"d":"34859","load":1,"rf":0}},{"type":"Feature","geometry":{"type":"LineString","coordinates":[[7.34213,49.33338],[7.33915,49.33158]]},"properties":{"d":"34859","load":1,"rf":0}},{"type":"Feature","geometry":{"type":"LineString","coordinates":[[7.32549,49.34969],[7.32871,49.35156]]},"properties":{"d":"34859","load":3,"rf":0}},{"type":"Feature","geometry":{"type":"LineString","coordinates":[[7.35744,49.32859],[7.36852,49.33545]]},"properties":{"d":"34859","load":1,"rf":0}},{"type":"Feature","geometry":{"type":"LineString","coordinates":[[7.3482,49.34694],[7.34833,49.34322]]},"properties":{"d":"34859","load":12,"rf":0}},{"type":"Feature","geometry":{"type":"LineString","coordinates":[[7.36706,49.34677],[7.36707,49.34908]]},"properties":{"d":"34859","load":4,"rf":0}},{"type":"Feature","geometry":{"type":"LineString","coordinates":[[7.36707,49.34908],[7.36649,49.34931]]},"properties":{"d":"34859","load":1,"rf":0}},{"type":"Feature","geometry":{"type":"LineString","coordinates":[[7.34541,49.32404],[7.34636,49.32344]]},"properties":{"d":"34859","load":3,"rf":0}},{"type":"Feature","geometry":{"type":"LineString","coordinates":[[7.34636,49.32344],[7.34654,49.3238]]},"properties":{"d":"34859","load":1,"rf":0}},{"type":"Feature","geometry":{"type":"LineString","coordinates":[[7.33081,49.3337],[7.33003,49.33601]]},"properties":{"d":"34859","load":2,"rf":0}},{"type":"Feature","geometry":{"type":"LineString","coordinates":[[7.32727,49.33917],[7.33451,49.34043]]},"properties":{"d":"34859","load":2,"rf":0}},{"type":"Feature","geometry":{"type":"LineString","coordinates":[[7.35175,49.34963],[7.35285,49.34884]]},"properties":{"d":"34859","load":1,"rf":0}},{"type":"Feature","geometry":{"type":"LineString","coordinates":[[7.35285,49.34884],[7.35045,49.34424]]},"properties":{"d":"34859","load":15,"rf":0}},{"type":"Feature","geometry":{"type":"LineString","coordinates":[[7.35481,49.34033],[7.35285,49.34884]]},"properties":{"d":"34859","load":13,"rf":0}},{"type":"Feature","geometry":{"type":"LineString","coordinates":[[7.32216,49.35021],[7.32195,49.35014]]},"properties":{"d":"34859","load":0,"rf":0}},{"type":"Feature","geometry":{"type":"LineString","coordinates":[[7.3716,49.34099],[7.36884,49.34013]]},"properties":{"d":"34859","load":0,"rf":0}},{"type":"Feature","geometry":{"type":"LineString","coordinates":[[7.36989,49.34236],[7.36931,49.34103]]},"properties":{"d":"34859","load":0,"rf":0}},{"type":"Feature","geometry":{"type":"LineString","coordinates":[[7.34893,49.34512],[7.3491,49.3464]]},"properties":{"d":"34859","load":1,"rf":0}},{"type":"Feature","geometry":{"type":"LineString","coordinates":[[7.3491,49.3464],[7.3496,49.34134]]},"properties":{"d":"34859","load":0,"rf":0}},{"type":"Feature","geometry":{"type":"LineString","coordinates":[[7.35481,49.34033],[7.34649,49.33086]]},"properties":{"d":"34859","load":5,"rf":0}},{"type":"Feature","geometry":{"type":"LineString","coordinates":[[7.37161,49.34232],[7.36931,49.34103]]},"properties":{"d":"34859","load":0,"rf":0}},{"type":"Feature","geometry":{"type":"LineString","coordinates":[[7.31966,49.34818],[7.32195,49.35014]]},"properties":{"d":"34859","load":0,"rf":0}},{"type":"Feature","geometry":{"type":"LineString","coordinates":[[7.33282,49.33874],[7.33003,49.33601]]},"properties":{"d":"34859","load":1,"rf":0}},{"type":"Feature","geometry":{"type":"LineString","coordinates":[[7.35175,49.34963],[7.34529,49.35416]]},"properties":{"d":"34859","load":0,"rf":0}},{"type":"Feature","geometry":{"type":"LineString","coordinates":[[7.37438,49.30743],[7.37254,49.31158]]},"properties":{"d":"34859","load":1,"rf":0}},{"type":"Feature","geometry":{"type":"LineString","coordinates":[[7.37438,49.30743],[7.37962,49.30879]]},"properties":{"d":"34859","load":1,"rf":0}},{"type":"Feature","geometry":{"type":"LineString","coordinates":[[7.37438,49.30743],[7.37006,49.30426]]},"properties":{"d":"34859","load":3,"rf":0}},{"type":"Feature","geometry":{"type":"LineString","coordinates":[[7.36917,49.30103],[7.36497,49.29852]]},"properties":{"d":"34859","load":2,"rf":0}},{"type":"Feature","geometry":{"type":"LineString","coordinates":[[7.36917,49.30103],[7.3692,49.30097]]},"properties":{"d":"34859","load":4,"rf":0}},{"type":"Feature","geometry":{"type":"LineString","coordinates":[[7.36917,49.30103],[7.37006,49.30426]]},"properties":{"d":"34859","load":0,"rf":0}},{"type":"Feature","geometry":{"type":"LineString","coordinates":[[7.37142,49.2967],[7.37144,49.29951]]},"properties":{"d":"34859","load":23,"rf":0}},{"type":"Feature","geometry":{"type":"LineString","coordinates":[[7.37142,49.2967],[7.36141,49.2867]]},"properties":{"d":"34859","load":23,"rf":0}},{"type":"Feature","geometry":{"type":"LineString","coordinates":[[7.37144,49.29951],[7.3692,49.30097]]},"properties":{"d":"34859","load":23,"rf":0}},{"type":"Feature","geometry":{"type":"LineString","coordinates":[[7.40353,49.35553],[7.35481,49.34033]]},"properties":{"d":"34859","load":2,"rf":0}},{"type":"Feature","geometry":{"type":"LineString","coordinates":[[7.39425,49.3703],[7.40353,49.35553]]},"properties":{"d":"34859","load":0,"rf":0}},{"type":"Feature","geometry":{"type":"LineString","coordinates":[[7.40561,49.35053],[7.40094,49.35285]]},"properties":{"d":"34859","load":1,"rf":0}},{"type":"Feature","geometry":{"type":"LineString","coordinates":[[7.40561,49.35053],[7.40986,49.34877]]},"properties":{"d":"34859","load":0,"rf":0}},{"type":"Feature","geometry":{"type":"LineString","coordinates":[[7.40561,49.35053],[7.40023,49.35081]]},"properties":{"d":"34859","load":2,"rf":0}},{"type":"Feature","geometry":{"type":"LineString","coordinates":[[7.35481,49.34033],[7.43008,49.34636]]},"properties":{"d":"34859","load":2,"rf":0}},{"type":"Feature","geometry":{"type":"LineString","coordinates":[[7.35481,49.34033],[7.40023,49.35081]]},"properties":{"d":"34859","load":2,"rf":0}},{"type":"Feature","geometry":{"type":"LineString","coordinates":[[7.4176,49.32598],[7.41269,49.3243]]},"properties":{"d":"34859","load":1,"rf":0}},{"type":"Feature","geometry":{"type":"LineString","coordinates":[[7.43445,49.34539],[7.4176,49.32598]]},"properties":{"d":"34859","load":1,"rf":0}},{"type":"Feature","geometry":{"type":"LineString","coordinates":[[7.35481,49.34033],[7.41269,49.3243]]},"properties":{"d":"34859","load":1,"rf":0}},{"type":"Feature","geometry":{"type":"LineString","coordinates":[[7.43445,49.34539],[7.35481,49.34033]]},"properties":{"d":"34859","load":2,"rf":0}},{"type":"Feature","geometry":{"type":"LineString","coordinates":[[7.34898,49.34022],[7.34835,49.34021]]},"properties":{"d":"34859","load":1,"rf":0}},{"type":"Feature","geometry":{"type":"LineString","coordinates":[[7.34839,49.34091],[7.34837,49.34209]]},"properties":{"d":"34859","load":0,"rf":0}},{"type":"Feature","geometry":{"type":"LineString","coordinates":[[7.34668,49.34346],[7.34668,49.34346]]},"properties":{"d":"34859","load":2,"rf":0}},{"type":"Feature","geometry":{"type":"LineString","coordinates":[[7.34668,49.34346],[7.3471,49.34311]]},"properties":{"d":"34859","load":0,"rf":0}},{"type":"Feature","geometry":{"type":"LineString","coordinates":[[7.34558,49.33106],[7.34558,49.33106]]},"properties":{"d":"34859","load":0,"rf":0}},{"type":"Feature","geometry":{"type":"LineString","coordinates":[[7.35481,49.34033],[7.34558,49.33106]]},"properties":{"d":"34859","load":2,"rf":0}},{"type":"Feature","geometry":{"type":"LineString","coordinates":[[7.34974,49.33991],[7.34896,49.33965]]},"properties":{"d":"34859","load":1,"rf":0}},{"type":"Feature","geometry":{"type":"LineString","coordinates":[[7.34974,49.33991],[7.3496,49.34134]]},"properties":{"d":"34859","load":11,"rf":0}},{"type":"Feature","geometry":{"type":"LineString","coordinates":[[7.35373,49.34867],[7.35373,49.34867]]},"properties":{"d":"34859","load":0,"rf":0}},{"type":"Feature","geometry":{"type":"LineString","coordinates":[[7.35481,49.34033],[7.35373,49.34867]]},"properties":{"d":"34859","load":1,"rf":0}},{"type":"Feature","geometry":{"type":"LineString","coordinates":[[7.33904,49.33043],[7.33915,49.33158]]},"properties":{"d":"34859","load":1,"rf":0}},{"type":"Feature","geometry":{"type":"LineString","coordinates":[[7.34922,49.33952],[7.34896,49.33965]]},"properties":{"d":"34859","load":1,"rf":0}},{"type":"Feature","geometry":{"type":"LineString","coordinates":[[7.34269,49.34227],[7.3471,49.34311]]},"properties":{"d":"34859","load":1,"rf":0}},{"type":"Feature","geometry":{"type":"LineString","coordinates":[[7.34369,49.34311],[7.36884,49.34013]]},"properties":{"d":"34859","load":1,"rf":0}},{"type":"Feature","geometry":{"type":"LineString","coordinates":[[7.34457,49.34242],[7.36884,49.34013]]},"properties":{"d":"34859","load":1,"rf":0}},{"type":"Feature","geometry":{"type":"LineString","coordinates":[[7.34559,49.34299],[7.36884,49.34013]]},"properties":{"d":"34859","load":1,"rf":0}},{"type":"Feature","geometry":{"type":"LineString","coordinates":[[7.3462,49.34436],[7.3471,49.34311]]},"properties":{"d":"34859","load":1,"rf":0}},{"type":"Feature","geometry":{"type":"LineString","coordinates":[[7.36367,49.3472],[7.36649,49.34931]]},"properties":{"d":"34859","load":2,"rf":0}},{"type":"Feature","geometry":{"type":"LineString","coordinates":[[7.35373,49.34867],[7.35586,49.34567]]},"properties":{"d":"34859","load":0,"rf":0}},{"type":"Feature","geometry":{"type":"LineString","coordinates":[[7.35481,49.34033],[7.35586,49.34567]]},"properties":{"d":"34859","load":8,"rf":0}},{"type":"Feature","geometry":{"type":"LineString","coordinates":[[7.36884,49.34013],[7.36931,49.34103]]},"properties":{"d":"34859","load":0,"rf":0}},{"type":"Feature","geometry":{"type":"LineString","coordinates":[[7.34896,49.33965],[7.34835,49.34021]]},"properties":{"d":"34859","load":1,"rf":0}},{"type":"Feature","geometry":{"type":"LineString","coordinates":[[7.34835,49.34021],[7.35009,49.34356]]},"properties":{"d":"34859","load":1,"rf":0}},{"type":"Feature","geometry":{"type":"LineString","coordinates":[[7.35481,49.34033],[7.3692,49.30097]]},"properties":{"d":"34859","load":23,"rf":0}},{"type":"Feature","geometry":{"type":"LineString","coordinates":[[7.35481,49.34033],[7.37006,49.30426]]},"properties":{"d":"34859","load":3,"rf":0}},{"type":"Feature","geometry":{"type":"LineString","coordinates":[[7.35481,49.34033],[7.34654,49.3238]]},"properties":{"d":"34859","load":15,"rf":0}},{"type":"Feature","geometry":{"type":"LineString","coordinates":[[7.35481,49.34033],[7.34668,49.34346]]},"properties":{"d":"34859","load":2,"rf":0}},{"type":"Feature","geometry":{"type":"LineString","coordinates":[[7.34837,49.34209],[7.34833,49.34322]]},"properties":{"d":"34859","load":36,"rf":0}},{"type":"Feature","geometry":{"type":"LineString","coordinates":[[7.33807,49.32747],[7.34855,49.33552]]},"properties":{"d":"34859","load":6,"rf":0}},{"type":"Feature","geometry":{"type":"LineString","coordinates":[[7.35009,49.34356],[7.35045,49.34424]]},"properties":{"d":"34859","load":3,"rf":0}},{"type":"Feature","geometry":{"type":"LineString","coordinates":[[7.35481,49.34033],[7.34855,49.33552]]},"properties":{"d":"34859","load":6,"rf":0}},{"type":"Feature","geometry":{"type":"LineString","coordinates":[[7.35481,49.34033],[7.34558,49.33106]]},"properties":{"d":"34859","load":0,"rf":0}},{"type":"Feature","geometry":{"type":"LineString","coordinates":[[7.35481,49.34033],[7.3471,49.34311]]},"properties":{"d":"34859","load":1,"rf":0}},{"type":"Feature","geometry":{"type":"LineString","coordinates":[[7.35481,49.34033],[7.34837,49.34209]]},"properties":{"d":"34859","load":36,"rf":0}},{"type":"Feature","geometry":{"type":"LineString","coordinates":[[6.81711,49.27386],[6.8158,49.27487]]},"properties":{"d":"35446","load":0,"rf":0}},{"type":"Feature","geometry":{"type":"LineString","coordinates":[[6.84039,49.27454],[6.85297,49.27354]]},"properties":{"d":"35446","load":48,"rf":0}},{"type":"Feature","geometry":{"type":"LineString","coordinates":[[6.84039,49.27454],[6.8513,49.27614]]},"properties":{"d":"35446","load":48,"rf":0}},{"type":"Feature","geometry":{"type":"LineString","coordinates":[[6.84039,49.27454],[6.85351,49.28051]]},"properties":{"d":"35446","load":48,"rf":0}},{"type":"Feature","geometry":{"type":"LineString","coordinates":[[6.81754,49.28506],[6.81763,49.28004]]},"properties":{"d":"35446","load":0,"rf":0}},{"type":"Feature","geometry":{"type":"LineString","coordinates":[[6.82747,49.27722],[6.82768,49.27417]]},"properties":{"d":"35446","load":0,"rf":0}},{"type":"Feature","geometry":{"type":"LineString","coordinates":[[6.81763,49.28004],[6.81829,49.2739]]},"properties":{"d":"35446","load":3,"rf":0}},{"type":"Feature","geometry":{"type":"LineString","coordinates":[[6.81711,49.27386],[6.81711,49.27386]]},"properties":{"d":"35446","load":0,"rf":0}},{"type":"Feature","geometry":{"type":"LineString","coordinates":[[6.81711,49.27386],[6.81829,49.2739]]},"properties":{"d":"35446","load":0,"rf":0}},{"type":"Feature","geometry":{"type":"LineString","coordinates":[[6.82277,49.27298],[6.8227,49.27403]]},"properties":{"d":"35446","load":0,"rf":0}},{"type":"Feature","geometry":{"type":"LineString","coordinates":[[6.81711,49.27386],[6.82768,49.27417]]},"properties":{"d":"35446","load":0,"rf":0}},{"type":"Feature","geometry":{"type":"LineString","coordinates":[[6.81829,49.2739],[6.8227,49.27403]]},"properties":{"d":"35446","load":3,"rf":0}},{"type":"Feature","geometry":{"type":"LineString","coordinates":[[6.84039,49.27454],[6.82768,49.27417]]},"properties":{"d":"35446","load":0,"rf":0}},{"type":"Feature","geometry":{"type":"LineString","coordinates":[[6.84039,49.27454],[6.8227,49.27403]]},"properties":{"d":"35446","load":3,"rf":0}},{"type":"Feature","geometry":{"type":"LineString","coordinates":[[6.94716,49.3228],[6.90313,49.32698]]},"properties":{"d":"35498","load":5,"rf":0}},{"type":"Feature","geometry":{"type":"LineString","coordinates":[[6.90313,49.32698],[6.94716,49.3228]]},"properties":{"d":"35498","load":8,"rf":0}},{"type":"Feature","geometry":{"type":"LineString","coordinates":[[6.91869,49.32326],[6.91862,49.32284]]},"properties":{"d":"35498","load":0,"rf":0}},{"type":"Feature","geometry":{"type":"LineString","coordinates":[[6.92871,49.33836],[6.92956,49.33741]]},"properties":{"d":"35498","load":0,"rf":0}},{"type":"Feature","geometry":{"type":"LineString","coordinates":[[6.96372,49.34691],[6.96383,49.34793]]},"properties":{"d":"35498","load":3,"rf":0}},{"type":"Feature","geometry":{"type":"LineString","coordinates":[[6.95407,49.31417],[6.95716,49.31541]]},"properties":{"d":"35498","load":0,"rf":0}},{"type":"Feature","geometry":{"type":"LineString","coordinates":[[6.93671,49.33995],[6.9343,49.33914]]},"properties":{"d":"35498","load":0,"rf":0}},{"type":"Feature","geometry":{"type":"LineString","coordinates":[[6.94987,49.29869],[6.94858,49.2871]]},"properties":{"d":"35498","load":41,"rf":0}},{"type":"Feature","geometry":{"type":"LineString","coordinates":[[6.90715,49.34605],[6.90657,49.3495]]},"properties":{"d":"35498","load":0,"rf":0}},{"type":"Feature","geometry":{"type":"LineString","coordinates":[[6.90584,49.35332],[6.90657,49.3495]]},"properties":{"d":"35498","load":0,"rf":0}},{"type":"Feature","geometry":{"type":"LineString","coordinates":[[6.95484,49.32794],[7.00028,49.35329]]},"properties":{"d":"35498","load":2,"rf":0}},{"type":"Feature","geometry":{"type":"LineString","coordinates":[[6.94716,49.3228],[6.95484,49.32794]]},"properties":{"d":"35498","load":4,"rf":0}},{"type":"Feature","geometry":{"type":"LineString","coordinates":[[7.00561,49.35626],[6.9701,49.33594]]},"properties":{"d":"35498","load":1,"rf":0}},{"type":"Feature","geometry":{"type":"LineString","coordinates":[[7.00561,49.35626],[7.00028,49.35329]]},"properties":{"d":"35498","load":0,"rf":0}},{"type":"Feature","geometry":{"type":"LineString","coordinates":[[6.99725,49.35561],[7.00028,49.35329]]},"properties":{"d":"35498","load":2,"rf":0}},{"type":"Feature","geometry":{"type":"LineString","coordinates":[[6.92964,49.29498],[6.94111,49.29802]]},"properties":{"d":"35498","load":0,"rf":0}},{"type":"Feature","geometry":{"type":"LineString","coordinates":[[6.92964,49.29498],[6.9237,49.29524]]},"properties":{"d":"35498","load":5,"rf":0}},{"type":"Feature","geometry":{"type":"LineString","coordinates":[[6.94045,49.30881],[6.93615,49.30174]]},"properties":{"d":"35498","load":4,"rf":0}},{"type":"Feature","geometry":{"type":"LineString","coordinates":[[6.94045,49.30881],[6.94093,49.31016]]},"properties":{"d":"35498","load":7,"rf":0}},{"type":"Feature","geometry":{"type":"LineString","coordinates":[[6.93475,49.36272],[6.94097,49.36851]]},"properties":{"d":"35498","load":1,"rf":0}},{"type":"Feature","geometry":{"type":"LineString","coordinates":[[6.93475,49.36272],[6.92856,49.36392]]},"properties":{"d":"35498","load":5,"rf":0}},{"type":"Feature","geometry":{"type":"LineString","coordinates":[[6.93475,49.36272],[6.94391,49.36083]]},"properties":{"d":"35498","load":1,"rf":0}},{"type":"Feature","geometry":{"type":"LineString","coordinates":[[6.93475,49.36272],[6.93291,49.363]]},"properties":{"d":"35498","load":1,"rf":0}},{"type":"Feature","geometry":{"type":"LineString","coordinates":[[6.89408,49.34419],[6.89419,49.34427]]},"properties":{"d":"35498","load":5,"rf":0}},{"type":"Feature","geometry":{"type":"LineString","coordinates":[[6.93615,49.30174],[6.93297,49.30715]]},"properties":{"d":"35498","load":0,"rf":0}},{"type":"Feature","geometry":{"type":"LineString","coordinates":[[6.93566,49.3254],[6.92852,49.32954]]},"properties":{"d":"35498","load":4,"rf":0}},{"type":"Feature","geometry":{"type":"LineString","coordinates":[[6.94716,49.3228],[6.93566,49.3254]]},"properties":{"d":"35498","load":4,"rf":0}},{"type":"Feature","geometry":{"type":"LineString","coordinates":[[6.94445,49.30512],[6.94987,49.29869]]},"properties":{"d":"35498","load":48,"rf":0}},{"type":"Feature","geometry":{"type":"LineString","coordinates":[[6.94716,49.3228],[6.94445,49.30512]]},"properties":{"d":"35498","load":13,"rf":0}},{"type":"Feature","geometry":{"type":"LineString","coordinates":[[6.94326,49.33778],[6.93431,49.33739]]},"properties":{"d":"35498","load":6,"rf":0}},{"type":"Feature","geometry":{"type":"LineString","coordinates":[[6.94326,49.33778],[6.9568,49.33891]]},"properties":{"d":"35498","load":3,"rf":0}},{"type":"Feature","geometry":{"type":"LineString","coordinates":[[6.93297,49.30715],[6.93481,49.3094]]},"properties":{"d":"35498","load":4,"rf":0}},{"type":"Feature","geometry":{"type":"LineString","coordinates":[[6.94887,49.31968],[6.95407,49.31417]]},"properties":{"d":"35498","load":2,"rf":0}},{"type":"Feature","geometry":{"type":"LineString","coordinates":[[6.94716,49.3228],[6.94887,49.31968]]},"properties":{"d":"35498","load":4,"rf":0}},{"type":"Feature","geometry":{"type":"LineString","coordinates":[[6.94244,49.33044],[6.93352,49.33193]]},"properties":{"d":"35498","load":6,"rf":0}},{"type":"Feature","geometry":{"type":"LineString","coordinates":[[6.94244,49.33044],[6.93388,49.33051]]},"properties":{"d":"35498","load":10,"rf":0}},{"type":"Feature","geometry":{"type":"LineString","coordinates":[[6.91925,49.33408],[6.91861,49.33902]]},"properties":{"d":"35498","load":1,"rf":0}},{"type":"Feature","geometry":{"type":"LineString","coordinates":[[6.91925,49.33408],[6.92295,49.33594]]},"properties":{"d":"35498","load":2,"rf":0}},{"type":"Feature","geometry":{"type":"LineString","coordinates":[[6.94716,49.3228],[6.92856,49.36392]]},"properties":{"d":"35498","load":1,"rf":0}},{"type":"Feature","geometry":{"type":"LineString","coordinates":[[6.93893,49.35035],[6.9354,49.3451]]},"properties":{"d":"35498","load":2,"rf":0}},{"type":"Feature","geometry":{"type":"LineString","coordinates":[[6.9255,49.33425],[6.92852,49.32954]]},"properties":{"d":"35498","load":3,"rf":0}},{"type":"Feature","geometry":{"type":"LineString","coordinates":[[6.9255,49.33425],[6.92295,49.33594]]},"properties":{"d":"35498","load":3,"rf":0}},{"type":"Feature","geometry":{"type":"LineString","coordinates":[[6.94036,49.31404],[6.94057,49.31069]]},"properties":{"d":"35498","load":10,"rf":0}},{"type":"Feature","geometry":{"type":"LineString","coordinates":[[6.94716,49.3228],[6.94036,49.31404]]},"properties":{"d":"35498","load":3,"rf":0}},{"type":"Feature","geometry":{"type":"LineString","coordinates":[[6.95407,49.31417],[6.93868,49.31773]]},"properties":{"d":"35498","load":0,"rf":0}},{"type":"Feature","geometry":{"type":"LineString","coordinates":[[6.93363,49.3157],[6.93481,49.3094]]},"properties":{"d":"35498","load":6,"rf":0}},{"type":"Feature","geometry":{"type":"LineString","coordinates":[[6.93363,49.3157],[6.93691,49.31478]]},"properties":{"d":"35498","load":8,"rf":0}},{"type":"Feature","geometry":{"type":"LineString","coordinates":[[6.93117,49.3513],[6.92356,49.35082]]},"properties":{"d":"35498","load":5,"rf":0}},{"type":"Feature","geometry":{"type":"LineString","coordinates":[[6.93117,49.3513],[6.94716,49.3228]]},"properties":{"d":"35498","load":3,"rf":0}},{"type":"Feature","geometry":{"type":"LineString","coordinates":[[6.9789,49.35757],[6.98057,49.34844]]},"properties":{"d":"35498","load":0,"rf":0}},{"type":"Feature","geometry":{"type":"LineString","coordinates":[[6.9789,49.35757],[6.97163,49.34756]]},"properties":{"d":"35498","load":2,"rf":0}},{"type":"Feature","geometry":{"type":"LineString","coordinates":[[6.91338,49.32318],[6.91862,49.32284]]},"properties":{"d":"35498","load":1,"rf":0}},{"type":"Feature","geometry":{"type":"LineString","coordinates":[[6.94716,49.3228],[6.93431,49.33739]]},"properties":{"d":"35498","load":9,"rf":0}},{"type":"Feature","geometry":{"type":"LineString","coordinates":[[6.98337,49.3454],[6.94716,49.3228]]},"properties":{"d":"35498","load":2,"rf":0}},{"type":"Feature","geometry":{"type":"LineString","coordinates":[[6.98337,49.3454],[6.98525,49.34666]]},"properties":{"d":"35498","load":5,"rf":0}},{"type":"Feature","geometry":{"type":"LineString","coordinates":[[6.9616,49.33969],[6.9568,49.33891]]},"properties":{"d":"35498","load":2,"rf":0}},{"type":"Feature","geometry":{"type":"LineString","coordinates":[[6.9616,49.33969],[6.96902,49.34164]]},"properties":{"d":"35498","load":0,"rf":0}},{"type":"Feature","geometry":{"type":"LineString","coordinates":[[6.98725,49.34718],[6.98525,49.34666]]},"properties":{"d":"35498","load":2,"rf":0}},{"type":"Feature","geometry":{"type":"LineString","coordinates":[[6.94716,49.3228],[6.95776,49.34306]]},"properties":{"d":"35498","load":74,"rf":0}},{"type":"Feature","geometry":{"type":"LineString","coordinates":[[6.93501,49.36884],[6.93291,49.363]]},"properties":{"d":"35498","load":1,"rf":0}},{"type":"Feature","geometry":{"type":"LineString","coordinates":[[6.94987,49.29869],[6.94719,49.29991]]},"properties":{"d":"35498","load":7,"rf":0}},{"type":"Feature","geometry":{"type":"LineString","coordinates":[[6.94716,49.3228],[6.93388,49.33051]]},"properties":{"d":"35498","load":13,"rf":0}},{"type":"Feature","geometry":{"type":"LineString","coordinates":[[6.91861,49.33902],[6.91569,49.34162]]},"properties":{"d":"35498","load":1,"rf":0}},{"type":"Feature","geometry":{"type":"LineString","coordinates":[[6.91041,49.33622],[6.91489,49.33806]]},"properties":{"d":"35498","load":3,"rf":0}},{"type":"Feature","geometry":{"type":"LineString","coordinates":[[6.94716,49.3228],[6.89723,49.34046]]},"properties":{"d":"35498","load":3,"rf":0}},{"type":"Feature","geometry":{"type":"LineString","coordinates":[[6.91327,49.332],[6.91014,49.33491]]},"properties":{"d":"35498","load":0,"rf":0}},{"type":"Feature","geometry":{"type":"LineString","coordinates":[[6.91327,49.332],[6.91707,49.32634]]},"properties":{"d":"35498","load":2,"rf":0}},{"type":"Feature","geometry":{"type":"LineString","coordinates":[[6.9199,49.32221],[6.93018,49.31955]]},"properties":{"d":"35498","load":15,"rf":0}},{"type":"Feature","geometry":{"type":"LineString","coordinates":[[6.9199,49.32221],[6.91975,49.32222]]},"properties":{"d":"35498","load":12,"rf":0}},{"type":"Feature","geometry":{"type":"LineString","coordinates":[[6.94719,49.29991],[6.94111,49.29802]]},"properties":{"d":"35498","load":3,"rf":0}},{"type":"Feature","geometry":{"type":"LineString","coordinates":[[6.94716,49.3228],[6.91489,49.33806]]},"properties":{"d":"35498","load":6,"rf":0}},{"type":"Feature","geometry":{"type":"LineString","coordinates":[[6.94716,49.3228],[6.93868,49.31773]]},"properties":{"d":"35498","load":2,"rf":0}},{"type":"Feature","geometry":{"type":"LineString","coordinates":[[6.92871,49.33836],[6.91569,49.34162]]},"properties":{"d":"35498","load":1,"rf":0}},{"type":"Feature","geometry":{"type":"LineString","coordinates":[[6.92871,49.33836],[6.91014,49.33491]]},"properties":{"d":"35498","load":0,"rf":0}},{"type":"Feature","geometry":{"type":"LineString","coordinates":[[6.94637,49.31017],[6.94093,49.31016]]},"properties":{"d":"35498","load":1,"rf":0}},{"type":"Feature","geometry":{"type":"LineString","coordinates":[[6.94716,49.3228],[6.93658,49.29733]]},"properties":{"d":"35498","load":1,"rf":0}},{"type":"Feature","geometry":{"type":"LineString","coordinates":[[6.94716,49.3228],[6.93069,49.3009]]},"properties":{"d":"35498","load":0,"rf":0}},{"type":"Feature","geometry":{"type":"LineString","coordinates":[[6.98057,49.34844],[6.98525,49.34666]]},"properties":{"d":"35498","load":3,"rf":0}},{"type":"Feature","geometry":{"type":"LineString","coordinates":[[6.91618,49.32609],[6.91707,49.32634]]},"properties":{"d":"35498","load":2,"rf":0}},{"type":"Feature","geometry":{"type":"LineString","coordinates":[[6.94716,49.3228],[6.93691,49.31478]]},"properties":{"d":"35498","load":3,"rf":0}},{"type":"Feature","geometry":{"type":"LineString","coordinates":[[6.89723,49.34046],[6.89419,49.34427]]},"properties":{"d":"35498","load":5,"rf":0}},{"type":"Feature","geometry":{"type":"LineString","coordinates":[[6.97163,49.34756],[6.96383,49.34793]]},"properties":{"d":"35498","load":3,"rf":0}},{"type":"Feature","geometry":{"type":"LineString","coordinates":[[6.89947,49.33385],[6.90127,49.33403]]},"properties":{"d":"35498","load":1,"rf":0}},{"type":"Feature","geometry":{"type":"LineString","coordinates":[[6.9308,49.35989],[6.93242,49.35735]]},"properties":{"d":"35498","load":2,"rf":0}},{"type":"Feature","geometry":{"type":"LineString","coordinates":[[6.9308,49.35989],[6.93291,49.363]]},"properties":{"d":"35498","load":0,"rf":0}},{"type":"Feature","geometry":{"type":"LineString","coordinates":[[6.92356,49.35082],[6.93242,49.35735]]},"properties":{"d":"35498","load":5,"rf":0}},{"type":"Feature","geometry":{"type":"LineString","coordinates":[[6.9016,49.3378],[6.9354,49.3451]]},"properties":{"d":"35498","load":0,"rf":0}},{"type":"Feature","geometry":{"type":"LineString","coordinates":[[6.90004,49.34902],[6.90657,49.3495]]},"properties":{"d":"35498","load":1,"rf":0}},{"type":"Feature","geometry":{"type":"LineString","coordinates":[[6.90004,49.34902],[6.89419,49.34427]]},"properties":{"d":"35498","load":0,"rf":0}},{"type":"Feature","geometry":{"type":"LineString","coordinates":[[6.94057,49.31069],[6.94093,49.31016]]},"properties":{"d":"35498","load":8,"rf":0}},{"type":"Feature","geometry":{"type":"LineString","coordinates":[[6.92097,49.32467],[6.9193,49.3228]]},"properties":{"d":"35498","load":4,"rf":0}},{"type":"Feature","geometry":{"type":"LineString","coordinates":[[6.92097,49.32467],[6.91707,49.32634]]},"properties":{"d":"35498","load":3,"rf":0}},{"type":"Feature","geometry":{"type":"LineString","coordinates":[[6.9354,49.3451],[6.93414,49.34291]]},"properties":{"d":"35498","load":5,"rf":0}},{"type":"Feature","geometry":{"type":"LineString","coordinates":[[6.96278,49.34798],[6.95776,49.34306]]},"properties":{"d":"35498","load":74,"rf":0}},{"type":"Feature","geometry":{"type":"LineString","coordinates":[[6.96278,49.34798],[6.96383,49.34793]]},"properties":{"d":"35498","load":7,"rf":0}},{"type":"Feature","geometry":{"type":"LineString","coordinates":[[6.93658,49.29733],[6.9237,49.29524]]},"properties":{"d":"35498","load":6,"rf":0}},{"type":"Feature","geometry":{"type":"LineString","coordinates":[[6.93809,49.2978],[6.93658,49.29733]]},"properties":{"d":"35498","load":2,"rf":0}},{"type":"Feature","geometry":{"type":"LineString","coordinates":[[6.91702,49.31749],[6.91975,49.32222]]},"properties":{"d":"35498","load":9,"rf":0}},{"type":"Feature","geometry":{"type":"LineString","coordinates":[[6.93569,49.31974],[6.93018,49.31955]]},"properties":{"d":"35498","load":19,"rf":0}},{"type":"Feature","geometry":{"type":"LineString","coordinates":[[6.94716,49.3228],[6.93569,49.31974]]},"properties":{"d":"35498","load":20,"rf":0}},{"type":"Feature","geometry":{"type":"LineString","coordinates":[[6.93127,49.34374],[6.93414,49.34291]]},"properties":{"d":"35498","load":2,"rf":0}},{"type":"Feature","geometry":{"type":"LineString","coordinates":[[6.93322,49.34052],[6.9343,49.33914]]},"properties":{"d":"35498","load":8,"rf":0}},{"type":"Feature","geometry":{"type":"LineString","coordinates":[[6.93322,49.34052],[6.93414,49.34291]]},"properties":{"d":"35498","load":7,"rf":0}},{"type":"Feature","geometry":{"type":"LineString","coordinates":[[7.01598,49.35747],[7.01475,49.35189]]},"properties":{"d":"35498","load":0,"rf":0}},{"type":"Feature","geometry":{"type":"LineString","coordinates":[[7.01475,49.35189],[7.01704,49.34882]]},"properties":{"d":"35498","load":2,"rf":0}},{"type":"Feature","geometry":{"type":"LineString","coordinates":[[6.99603,49.33257],[6.99252,49.33222]]},"properties":{"d":"35498","load":3,"rf":0}},{"type":"Feature","geometry":{"type":"LineString","coordinates":[[6.99603,49.33257],[6.99619,49.32913]]},"properties":{"d":"35498","load":2,"rf":0}},{"type":"Feature","geometry":{"type":"LineString","coordinates":[[6.99821,49.33906],[6.99702,49.34036]]},"properties":{"d":"35498","load":1,"rf":0}},{"type":"Feature","geometry":{"type":"LineString","coordinates":[[6.99821,49.33906],[6.99763,49.33598]]},"properties":{"d":"35498","load":1,"rf":0}},{"type":"Feature","geometry":{"type":"LineString","coordinates":[[6.9989,49.34292],[7.00869,49.34022]]},"properties":{"d":"35498","load":2,"rf":0}},{"type":"Feature","geometry":{"type":"LineString","coordinates":[[6.9989,49.34292],[6.99543,49.34277]]},"properties":{"d":"35498","load":0,"rf":0}},{"type":"Feature","geometry":{"type":"LineString","coordinates":[[6.9989,49.34292],[7.00215,49.34614]]},"properties":{"d":"35498","load":1,"rf":0}},{"type":"Feature","geometry":{"type":"LineString","coordinates":[[6.98949,49.32847],[6.99098,49.3306]]},"properties":{"d":"35498","load":3,"rf":0}},{"type":"Feature","geometry":{"type":"LineString","coordinates":[[6.98949,49.32847],[6.97907,49.33057]]},"properties":{"d":"35498","load":3,"rf":0}},{"type":"Feature","geometry":{"type":"LineString","coordinates":[[6.99098,49.3306],[6.99265,49.3291]]},"properties":{"d":"35498","load":1,"rf":0}},{"type":"Feature","geometry":{"type":"LineString","coordinates":[[7.00515,49.34641],[7.01208,49.34744]]},"properties":{"d":"35498","load":0,"rf":0}},{"type":"Feature","geometry":{"type":"LineString","coordinates":[[7.00515,49.34641],[7.00215,49.34614]]},"properties":{"d":"35498","load":1,"rf":0}},{"type":"Feature","geometry":{"type":"LineString","coordinates":[[7.0161,49.34725],[7.01738,49.34893]]},"properties":{"d":"35498","load":2,"rf":0}},{"type":"Feature","geometry":{"type":"LineString","coordinates":[[7.0161,49.34725],[6.94716,49.3228]]},"properties":{"d":"35498","load":3,"rf":0}},{"type":"Feature","geometry":{"type":"LineString","coordinates":[[6.98044,49.33078],[6.9861,49.33161]]},"properties":{"d":"35498","load":4,"rf":0}},{"type":"Feature","geometry":{"type":"LineString","coordinates":[[6.94716,49.3228],[6.98044,49.33078]]},"properties":{"d":"35498","load":6,"rf":0}},{"type":"Feature","geometry":{"type":"LineString","coordinates":[[6.99122,49.32445],[6.9939,49.32714]]},"properties":{"d":"35498","load":0,"rf":0}},{"type":"Feature","geometry":{"type":"LineString","coordinates":[[6.99122,49.32445],[6.99015,49.323]]},"properties":{"d":"35498","load":1,"rf":0}},{"type":"Feature","geometry":{"type":"LineString","coordinates":[[6.9861,49.33161],[6.99252,49.33222]]},"properties":{"d":"35498","load":4,"rf":0}},{"type":"Feature","geometry":{"type":"LineString","coordinates":[[7.00869,49.34022],[6.94716,49.3228]]},"properties":{"d":"35498","load":1,"rf":0}},{"type":"Feature","geometry":{"type":"LineString","coordinates":[[7.0112,49.33751],[7.01018,49.33696]]},"properties":{"d":"35498","load":0,"rf":0}},{"type":"Feature","geometry":{"type":"LineString","coordinates":[[6.9939,49.32714],[6.99265,49.3291]]},"properties":{"d":"35498","load":1,"rf":0}},{"type":"Feature","geometry":{"type":"LineString","coordinates":[[6.98687,49.32761],[6.98536,49.32897]]},"properties":{"d":"35498","load":2,"rf":0}},{"type":"Feature","geometry":{"type":"LineString","coordinates":[[6.98687,49.32761],[6.98827,49.32565]]},"properties":{"d":"35498","load":2,"rf":0}},{"type":"Feature","geometry":{"type":"LineString","coordinates":[[6.98626,49.33476],[6.98398,49.333]]},"properties":{"d":"35498","load":0,"rf":0}},{"type":"Feature","geometry":{"type":"LineString","coordinates":[[6.94716,49.3228],[6.98536,49.32897]]},"properties":{"d":"35498","load":3,"rf":0}},{"type":"Feature","geometry":{"type":"LineString","coordinates":[[7.008,49.3363],[7.00087,49.33421]]},"properties":{"d":"35498","load":1,"rf":0}},{"type":"Feature","geometry":{"type":"LineString","coordinates":[[7.008,49.3363],[7.01018,49.33696]]},"properties":{"d":"35498","load":0,"rf":0}},{"type":"Feature","geometry":{"type":"LineString","coordinates":[[7.0033,49.34113],[6.99702,49.34036]]},"properties":{"d":"35498","load":0,"rf":0}},{"type":"Feature","geometry":{"type":"LineString","coordinates":[[6.98904,49.33327],[6.99252,49.33222]]},"properties":{"d":"35498","load":0,"rf":0}},{"type":"Feature","geometry":{"type":"LineString","coordinates":[[7.00247,49.34583],[7.00215,49.34614]]},"properties":{"d":"35498","load":0,"rf":0}},{"type":"Feature","geometry":{"type":"LineString","coordinates":[[6.975,49.33085],[6.97907,49.33057]]},"properties":{"d":"35498","load":1,"rf":0}},{"type":"Feature","geometry":{"type":"LineString","coordinates":[[6.98827,49.32565],[6.99015,49.323]]},"properties":{"d":"35498","load":1,"rf":0}},{"type":"Feature","geometry":{"type":"LineString","coordinates":[[7.00087,49.33421],[6.99619,49.32913]]},"properties":{"d":"35498","load":1,"rf":0}},{"type":"Feature","geometry":{"type":"LineString","coordinates":[[7.01208,49.34744],[7.01268,49.34743]]},"properties":{"d":"35498","load":0,"rf":0}},{"type":"Feature","geometry":{"type":"LineString","coordinates":[[7.00798,49.3495],[7.01268,49.34743]]},"properties":{"d":"35498","load":0,"rf":0}},{"type":"Feature","geometry":{"type":"LineString","coordinates":[[7.01738,49.34893],[7.01704,49.34882]]},"properties":{"d":"35498","load":2,"rf":0}},{"type":"Feature","geometry":{"type":"LineString","coordinates":[[6.99763,49.33598],[6.98442,49.33286]]},"properties":{"d":"35498","load":1,"rf":0}},{"type":"Feature","geometry":{"type":"LineString","coordinates":[[6.98442,49.33286],[6.98398,49.333]]},"properties":{"d":"35498","load":2,"rf":0}},{"type":"Feature","geometry":{"type":"LineString","coordinates":[[6.96982,49.34034],[6.96902,49.34164]]},"properties":{"d":"35498","load":0,"rf":0}},{"type":"Feature","geometry":{"type":"LineString","coordinates":[[6.97193,49.33457],[6.9701,49.33594]]},"properties":{"d":"35498","load":0,"rf":0}},{"type":"Feature","geometry":{"type":"LineString","coordinates":[[6.91466,49.34498],[6.91466,49.34498]]},"properties":{"d":"35498","load":0,"rf":0}},{"type":"Feature","geometry":{"type":"LineString","coordinates":[[6.94716,49.3228],[6.91466,49.34498]]},"properties":{"d":"35498","load":2,"rf":0}},{"type":"Feature","geometry":{"type":"LineString","coordinates":[[6.90296,49.32689],[6.94716,49.3228]]},"properties":{"d":"35498","load":2,"rf":0}},{"type":"Feature","geometry":{"type":"LineString","coordinates":[[6.91493,49.348],[6.91464,49.35009]]},"properties":{"d":"35498","load":1,"rf":0}},{"type":"Feature","geometry":{"type":"LineString","coordinates":[[6.91014,49.33491],[6.90127,49.33403]]},"properties":{"d":"35498","load":1,"rf":0}},{"type":"Feature","geometry":{"type":"LineString","coordinates":[[6.94716,49.3228],[6.98398,49.333]]},"properties":{"d":"35498","load":2,"rf":0}},{"type":"Feature","geometry":{"type":"LineString","coordinates":[[6.94716,49.3228],[6.97907,49.33057]]},"properties":{"d":"35498","load":4,"rf":0}},{"type":"Feature","geometry":{"type":"LineString","coordinates":[[7.01268,49.34743],[7.01704,49.34882]]},"properties":{"d":"35498","load":0,"rf":0}},{"type":"Feature","geometry":{"type":"LineString","coordinates":[[6.91464,49.35009],[6.90657,49.3495]]},"properties":{"d":"35498","load":1,"rf":0}},{"type":"Feature","geometry":{"type":"LineString","coordinates":[[6.90127,49.33403],[6.90294,49.32696]]},"properties":{"d":"35498","load":0,"rf":0}},{"type":"Feature","geometry":{"type":"LineString","coordinates":[[6.94716,49.3228],[6.91466,49.34498]]},"properties":{"d":"35498","load":0,"rf":0}},{"type":"Feature","geometry":{"type":"LineString","coordinates":[[6.94716,49.3228],[6.9701,49.33594]]},"properties":{"d":"35498","load":1,"rf":0}},{"type":"Feature","geometry":{"type":"LineString","coordinates":[[6.9193,49.3228],[6.91862,49.32284]]},"properties":{"d":"35498","load":1,"rf":0}},{"type":"Feature","geometry":{"type":"LineString","coordinates":[[6.94716,49.3228],[6.9343,49.33914]]},"properties":{"d":"35498","load":8,"rf":0}},{"type":"Feature","geometry":{"type":"LineString","coordinates":[[6.91975,49.32222],[6.9193,49.3228]]},"properties":{"d":"35498","load":5,"rf":0}},{"type":"Feature","geometry":{"type":"LineString","coordinates":[[6.81216,49.1823],[6.81311,49.18251]]},"properties":{"d":"35781","load":20,"rf":0}},{"type":"Feature","geometry":{"type":"LineString","coordinates":[[6.81216,49.1823],[6.81193,49.18126]]},"properties":{"d":"35781","load":43,"rf":0}},{"type":"Feature","geometry":{"type":"LineString","coordinates":[[6.82762,49.21387],[6.82745,49.2139]]},"properties":{"d":"35781","load":10,"rf":0}},{"type":"Feature","geometry":{"type":"LineString","coordinates":[[6.81179,49.18127],[6.81193,49.18126]]},"properties":{"d":"35781","load":3,"rf":0}},{"type":"Feature","geometry":{"type":"LineString","coordinates":[[6.81995,49.19113],[6.82031,49.19109]]},"properties":{"d":"35781","load":1,"rf":0}},{"type":"Feature","geometry":{"type":"LineString","coordinates":[[6.81424,49.18065],[6.81427,49.18079]]},"properties":{"d":"35781","load":32,"rf":0}},{"type":"Feature","geometry":{"type":"LineString","coordinates":[[6.82234,49.16521],[6.82537,49.16579]]},"properties":{"d":"35781","load":15,"rf":0}},{"type":"Feature","geometry":{"type":"LineString","coordinates":[[6.82633,49.16745],[6.82693,49.16608]]},"properties":{"d":"35781","load":23,"rf":0}},{"type":"Feature","geometry":{"type":"LineString","coordinates":[[6.81903,49.1816],[6.81742,49.18182]]},"properties":{"d":"35781","load":6,"rf":0}},{"type":"Feature","geometry":{"type":"LineString","coordinates":[[6.81903,49.1816],[6.81894,49.18126]]},"properties":{"d":"35781","load":5,"rf":0}},{"type":"Feature","geometry":{"type":"LineString","coordinates":[[6.82499,49.16666],[6.82537,49.16579]]},"properties":{"d":"35781","load":2,"rf":0}},{"type":"Feature","geometry":{"type":"LineString","coordinates":[[6.81884,49.18086],[6.81889,49.18103]]},"properties":{"d":"35781","load":2,"rf":0}},{"type":"Feature","geometry":{"type":"LineString","coordinates":[[6.81969,49.18095],[6.81889,49.18103]]},"properties":{"d":"35781","load":3,"rf":0}},{"type":"Feature","geometry":{"type":"LineString","coordinates":[[6.81922,49.18123],[6.81894,49.18126]]},"properties":{"d":"35781","load":1,"rf":0}},{"type":"Feature","geometry":{"type":"LineString","coordinates":[[6.82809,49.16958],[6.82836,49.17024]]},"properties":{"d":"35781","load":3,"rf":0}},{"type":"Feature","geometry":{"type":"LineString","coordinates":[[6.86096,49.25172],[6.86069,49.25055]]},"properties":{"d":"35781","load":0,"rf":0}},{"type":"Feature","geometry":{"type":"LineString","coordinates":[[6.8368,49.15248],[6.84238,49.15978]]},"properties":{"d":"35781","load":0,"rf":0}},{"type":"Feature","geometry":{"type":"LineString","coordinates":[[6.83079,49.16681],[6.84238,49.15978]]},"properties":{"d":"35781","load":1,"rf":0}},{"type":"Feature","geometry":{"type":"LineString","coordinates":[[6.84238,49.15978],[6.8428,49.17176]]},"properties":{"d":"35781","load":0,"rf":0}},{"type":"Feature","geometry":{"type":"LineString","coordinates":[[6.8428,49.17176],[6.84353,49.17313]]},"properties":{"d":"35781","load":1,"rf":0}},{"type":"Feature","geometry":{"type":"LineString","coordinates":[[6.83961,49.25272],[6.84353,49.17313]]},"properties":{"d":"35781","load":2,"rf":0}},{"type":"Feature","geometry":{"type":"LineString","coordinates":[[6.74482,49.18398],[6.75286,49.18866]]},"properties":{"d":"35781","load":1,"rf":0}},{"type":"Feature","geometry":{"type":"LineString","coordinates":[[6.74482,49.18398],[6.83961,49.25272]]},"properties":{"d":"35781","load":3,"rf":0}},{"type":"Feature","geometry":{"type":"LineString","coordinates":[[6.73894,49.18387],[6.73857,49.18358]]},"properties":{"d":"35781","load":2,"rf":0}},{"type":"Feature","geometry":{"type":"LineString","coordinates":[[6.73894,49.18387],[6.74144,49.18554]]},"properties":{"d":"35781","load":0,"rf":0}},{"type":"Feature","geometry":{"type":"LineString","coordinates":[[6.73363,49.18789],[6.74144,49.18554]]},"properties":{"d":"35781","load":1,"rf":0}},{"type":"Feature","geometry":{"type":"LineString","coordinates":[[6.72974,49.17501],[6.83961,49.25272]]},"properties":{"d":"35781","load":3,"rf":0}},{"type":"Feature","geometry":{"type":"LineString","coordinates":[[6.73847,49.18027],[6.83961,49.25272]]},"properties":{"d":"35781","load":3,"rf":0}},{"type":"Feature","geometry":{"type":"LineString","coordinates":[[6.78162,49.21059],[6.79276,49.20666]]},"properties":{"d":"35781","load":0,"rf":0}},{"type":"Feature","geometry":{"type":"LineString","coordinates":[[6.78162,49.21059],[6.77971,49.21179]]},"properties":{"d":"35781","load":0,"rf":0}},{"type":"Feature","geometry":{"type":"LineString","coordinates":[[6.8031,49.21786],[6.7968,49.21203]]},"properties":{"d":"35781","load":8,"rf":0}},{"type":"Feature","geometry":{"type":"LineString","coordinates":[[6.8031,49.21786],[6.83961,49.25272]]},"properties":{"d":"35781","load":16,"rf":0}},{"type":"Feature","geometry":{"type":"LineString","coordinates":[[6.79943,49.2207],[6.79928,49.22073]]},"properties":{"d":"35781","load":4,"rf":0}},{"type":"Feature","geometry":{"type":"LineString","coordinates":[[6.79943,49.2207],[6.80103,49.22356]]},"properties":{"d":"35781","load":0,"rf":0}},{"type":"Feature","geometry":{"type":"LineString","coordinates":[[6.80061,49.22381],[6.80427,49.22474]]},"properties":{"d":"35781","load":13,"rf":0}},{"type":"Feature","geometry":{"type":"LineString","coordinates":[[6.80061,49.22381],[6.80103,49.22356]]},"properties":{"d":"35781","load":16,"rf":0}},{"type":"Feature","geometry":{"type":"LineString","coordinates":[[6.80163,49.227],[6.80427,49.22474]]},"properties":{"d":"35781","load":9,"rf":0}},{"type":"Feature","geometry":{"type":"LineString","coordinates":[[6.80163,49.227],[6.80631,49.22871]]},"properties":{"d":"35781","load":5,"rf":0}},{"type":"Feature","geometry":{"type":"LineString","coordinates":[[6.79428,49.21643],[6.80515,49.22112]]},"properties":{"d":"35781","load":4,"rf":0}},{"type":"Feature","geometry":{"type":"LineString","coordinates":[[6.80631,49.22871],[6.80821,49.23066]]},"properties":{"d":"35781","load":2,"rf":0}},{"type":"Feature","geometry":{"type":"LineString","coordinates":[[6.8543,49.25045],[6.85133,49.24904]]},"properties":{"d":"35781","load":2,"rf":0}},{"type":"Feature","geometry":{"type":"LineString","coordinates":[[6.8543,49.25045],[6.85323,49.25183]]},"properties":{"d":"35781","load":1,"rf":0}},{"type":"Feature","geometry":{"type":"LineString","coordinates":[[6.82045,49.24599],[6.82441,49.2476]]},"properties":{"d":"35781","load":7,"rf":0}},{"type":"Feature","geometry":{"type":"LineString","coordinates":[[6.82045,49.24599],[6.82246,49.24728]]},"properties":{"d":"35781","load":5,"rf":0}},{"type":"Feature","geometry":{"type":"LineString","coordinates":[[6.83658,49.25153],[6.83808,49.24868]]},"properties":{"d":"35781","load":0,"rf":0}},{"type":"Feature","geometry":{"type":"LineString","coordinates":[[6.83961,49.25272],[6.83658,49.25153]]},"properties":{"d":"35781","load":2,"rf":0}},{"type":"Feature","geometry":{"type":"LineString","coordinates":[[6.85339,49.25417],[6.85184,49.25322]]},"properties":{"d":"35781","load":2,"rf":0}},{"type":"Feature","geometry":{"type":"LineString","coordinates":[[6.85339,49.25417],[6.857,49.25415]]},"properties":{"d":"35781","load":1,"rf":0}},{"type":"Feature","geometry":{"type":"LineString","coordinates":[[6.85133,49.24904],[6.83961,49.25272]]},"properties":{"d":"35781","load":1,"rf":0}},{"type":"Feature","geometry":{"type":"LineString","coordinates":[[6.83698,49.24646],[6.83759,49.24676]]},"properties":{"d":"35781","load":0,"rf":0}},{"type":"Feature","geometry":{"type":"LineString","coordinates":[[6.85323,49.25183],[6.8465,49.25319]]},"properties":{"d":"35781","load":0,"rf":0}},{"type":"Feature","geometry":{"type":"LineString","coordinates":[[6.84506,49.25879],[6.84197,49.26124]]},"properties":{"d":"35781","load":1,"rf":0}},{"type":"Feature","geometry":{"type":"LineString","coordinates":[[6.84506,49.25879],[6.83961,49.25272]]},"properties":{"d":"35781","load":1,"rf":0}},{"type":"Feature","geometry":{"type":"LineString","coordinates":[[6.82441,49.2476],[6.82904,49.24719]]},"properties":{"d":"35781","load":9,"rf":0}},{"type":"Feature","geometry":{"type":"LineString","coordinates":[[6.85689,49.25798],[6.85561,49.25658]]},"properties":{"d":"35781","load":2,"rf":0}},{"type":"Feature","geometry":{"type":"LineString","coordinates":[[6.85689,49.25798],[6.8579,49.25889]]},"properties":{"d":"35781","load":2,"rf":0}},{"type":"Feature","geometry":{"type":"LineString","coordinates":[[6.83697,49.25305],[6.84147,49.24682]]},"properties":{"d":"35781","load":0,"rf":0}},{"type":"Feature","geometry":{"type":"LineString","coordinates":[[6.83961,49.25272],[6.83697,49.25305]]},"properties":{"d":"35781","load":2,"rf":0}},{"type":"Feature","geometry":{"type":"LineString","coordinates":[[6.83312,49.24683],[6.82904,49.24719]]},"properties":{"d":"35781","load":11,"rf":0}},{"type":"Feature","geometry":{"type":"LineString","coordinates":[[6.83961,49.25272],[6.83312,49.24683]]},"properties":{"d":"35781","load":11,"rf":0}},{"type":"Feature","geometry":{"type":"LineString","coordinates":[[6.82246,49.24728],[6.82372,49.24419]]},"properties":{"d":"35781","load":4,"rf":0}},{"type":"Feature","geometry":{"type":"LineString","coordinates":[[6.83852,49.24561],[6.83861,49.24572]]},"properties":{"d":"35781","load":0,"rf":0}},{"type":"Feature","geometry":{"type":"LineString","coordinates":[[6.84765,49.2617],[6.85029,49.26039]]},"properties":{"d":"35781","load":1,"rf":0}},{"type":"Feature","geometry":{"type":"LineString","coordinates":[[6.84765,49.2617],[6.84715,49.26181]]},"properties":{"d":"35781","load":1,"rf":0}},{"type":"Feature","geometry":{"type":"LineString","coordinates":[[6.86213,49.25744],[6.85889,49.25662]]},"properties":{"d":"35781","load":0,"rf":0}},{"type":"Feature","geometry":{"type":"LineString","coordinates":[[6.86213,49.25744],[6.86109,49.25517]]},"properties":{"d":"35781","load":0,"rf":0}},{"type":"Feature","geometry":{"type":"LineString","coordinates":[[6.85791,49.26037],[6.85733,49.26039]]},"properties":{"d":"35781","load":2,"rf":0}},{"type":"Feature","geometry":{"type":"LineString","coordinates":[[6.85791,49.26037],[6.8579,49.25889]]},"properties":{"d":"35781","load":2,"rf":0}},{"type":"Feature","geometry":{"type":"LineString","coordinates":[[6.82305,49.25059],[6.8275,49.24905]]},"properties":{"d":"35781","load":5,"rf":0}},{"type":"Feature","geometry":{"type":"LineString","coordinates":[[6.82305,49.25059],[6.82021,49.25071]]},"properties":{"d":"35781","load":4,"rf":0}},{"type":"Feature","geometry":{"type":"LineString","coordinates":[[6.85637,49.24615],[6.85786,49.24718]]},"properties":{"d":"35781","load":1,"rf":0}},{"type":"Feature","geometry":{"type":"LineString","coordinates":[[6.85029,49.26039],[6.85325,49.26036]]},"properties":{"d":"35781","load":1,"rf":0}},{"type":"Feature","geometry":{"type":"LineString","coordinates":[[6.8275,49.24905],[6.83552,49.24844]]},"properties":{"d":"35781","load":5,"rf":0}},{"type":"Feature","geometry":{"type":"LineString","coordinates":[[6.84197,49.26124],[6.83797,49.26353]]},"properties":{"d":"35781","load":0,"rf":0}},{"type":"Feature","geometry":{"type":"LineString","coordinates":[[6.83536,49.26312],[6.83793,49.25941]]},"properties":{"d":"35781","load":1,"rf":0}},{"type":"Feature","geometry":{"type":"LineString","coordinates":[[6.83536,49.26312],[6.84026,49.26011]]},"properties":{"d":"35781","load":0,"rf":0}},{"type":"Feature","geometry":{"type":"LineString","coordinates":[[6.83536,49.26312],[6.84214,49.25805]]},"properties":{"d":"35781","load":1,"rf":0}},{"type":"Feature","geometry":{"type":"LineString","coordinates":[[6.8465,49.25319],[6.8508,49.25238]]},"properties":{"d":"35781","load":2,"rf":0}},{"type":"Feature","geometry":{"type":"LineString","coordinates":[[6.84742,49.24717],[6.83808,49.24868]]},"properties":{"d":"35781","load":0,"rf":0}},{"type":"Feature","geometry":{"type":"LineString","coordinates":[[6.84742,49.24717],[6.85438,49.24521]]},"properties":{"d":"35781","load":0,"rf":0}},{"type":"Feature","geometry":{"type":"LineString","coordinates":[[6.86017,49.24815],[6.85842,49.24995]]},"properties":{"d":"35781","load":1,"rf":0}},{"type":"Feature","geometry":{"type":"LineString","coordinates":[[6.86017,49.24815],[6.85879,49.24772]]},"properties":{"d":"35781","load":1,"rf":0}},{"type":"Feature","geometry":{"type":"LineString","coordinates":[[6.83961,49.25272],[6.86017,49.24815]]},"properties":{"d":"35781","load":1,"rf":0}},{"type":"Feature","geometry":{"type":"LineString","coordinates":[[6.83552,49.24844],[6.83592,49.25036]]},"properties":{"d":"35781","load":5,"rf":0}},{"type":"Feature","geometry":{"type":"LineString","coordinates":[[6.84493,49.24731],[6.84313,49.24939]]},"properties":{"d":"35781","load":0,"rf":0}},{"type":"Feature","geometry":{"type":"LineString","coordinates":[[6.84493,49.24731],[6.84651,49.25108]]},"properties":{"d":"35781","load":1,"rf":0}},{"type":"Feature","geometry":{"type":"LineString","coordinates":[[6.84001,49.2583],[6.84239,49.25773]]},"properties":{"d":"35781","load":1,"rf":0}},{"type":"Feature","geometry":{"type":"LineString","coordinates":[[6.84291,49.25502],[6.84743,49.25468]]},"properties":{"d":"35781","load":1,"rf":0}},{"type":"Feature","geometry":{"type":"LineString","coordinates":[[6.84291,49.25502],[6.84261,49.25643]]},"properties":{"d":"35781","load":1,"rf":0}},{"type":"Feature","geometry":{"type":"LineString","coordinates":[[6.84959,49.25928],[6.84743,49.2599]]},"properties":{"d":"35781","load":1,"rf":0}},{"type":"Feature","geometry":{"type":"LineString","coordinates":[[6.84959,49.25928],[6.85264,49.25819]]},"properties":{"d":"35781","load":1,"rf":0}},{"type":"Feature","geometry":{"type":"LineString","coordinates":[[6.85953,49.2527],[6.85655,49.25267]]},"properties":{"d":"35781","load":1,"rf":0}},{"type":"Feature","geometry":{"type":"LineString","coordinates":[[6.85953,49.2527],[6.8603,49.25272]]},"properties":{"d":"35781","load":1,"rf":0}},{"type":"Feature","geometry":{"type":"LineString","coordinates":[[6.84743,49.25468],[6.84878,49.25061]]},"properties":{"d":"35781","load":1,"rf":0}},{"type":"Feature","geometry":{"type":"LineString","coordinates":[[6.81785,49.24465],[6.81771,49.24557]]},"properties":{"d":"35781","load":0,"rf":0}},{"type":"Feature","geometry":{"type":"LineString","coordinates":[[6.81785,49.24465],[6.82146,49.2443]]},"properties":{"d":"35781","load":1,"rf":0}},{"type":"Feature","geometry":{"type":"LineString","coordinates":[[6.82021,49.25071],[6.83347,49.25009]]},"properties":{"d":"35781","load":0,"rf":0}},{"type":"Feature","geometry":{"type":"LineString","coordinates":[[6.82021,49.25071],[6.82855,49.25086]]},"properties":{"d":"35781","load":2,"rf":0}},{"type":"Feature","geometry":{"type":"LineString","coordinates":[[6.82021,49.25071],[6.82109,49.2492]]},"properties":{"d":"35781","load":2,"rf":0}},{"type":"Feature","geometry":{"type":"LineString","coordinates":[[6.82021,49.25071],[6.8341,49.2462]]},"properties":{"d":"35781","load":0,"rf":0}},{"type":"Feature","geometry":{"type":"LineString","coordinates":[[6.8565,49.25065],[6.85655,49.25267]]},"properties":{"d":"35781","load":1,"rf":0}},{"type":"Feature","geometry":{"type":"LineString","coordinates":[[6.8565,49.25065],[6.85842,49.24995]]},"properties":{"d":"35781","load":1,"rf":0}},{"type":"Feature","geometry":{"type":"LineString","coordinates":[[6.83961,49.25272],[6.84313,49.24939]]},"properties":{"d":"35781","load":0,"rf":0}},{"type":"Feature","geometry":{"type":"LineString","coordinates":[[6.85786,49.24718],[6.85879,49.24772]]},"properties":{"d":"35781","load":1,"rf":0}},{"type":"Feature","geometry":{"type":"LineString","coordinates":[[6.8508,49.25238],[6.84924,49.2504]]},"properties":{"d":"35781","load":3,"rf":0}},{"type":"Feature","geometry":{"type":"LineString","coordinates":[[6.83961,49.25272],[6.85561,49.25658]]},"properties":{"d":"35781","load":1,"rf":0}},{"type":"Feature","geometry":{"type":"LineString","coordinates":[[6.84657,49.25624],[6.84458,49.25773]]},"properties":{"d":"35781","load":0,"rf":0}},{"type":"Feature","geometry":{"type":"LineString","coordinates":[[6.84657,49.25624],[6.84885,49.25778]]},"properties":{"d":"35781","load":0,"rf":0}},{"type":"Feature","geometry":{"type":"LineString","coordinates":[[6.82372,49.24419],[6.82146,49.2443]]},"properties":{"d":"35781","load":2,"rf":0}},{"type":"Feature","geometry":{"type":"LineString","coordinates":[[6.85917,49.26176],[6.85733,49.26039]]},"properties":{"d":"35781","load":1,"rf":0}},{"type":"Feature","geometry":{"type":"LineString","coordinates":[[6.85889,49.25662],[6.857,49.25415]]},"properties":{"d":"35781","load":1,"rf":0}},{"type":"Feature","geometry":{"type":"LineString","coordinates":[[6.81969,49.24785],[6.81771,49.24557]]},"properties":{"d":"35781","load":0,"rf":0}},{"type":"Feature","geometry":{"type":"LineString","coordinates":[[6.81969,49.24785],[6.82109,49.2492]]},"properties":{"d":"35781","load":1,"rf":0}},{"type":"Feature","geometry":{"type":"LineString","coordinates":[[6.861,49.25405],[6.86109,49.25517]]},"properties":{"d":"35781","load":0,"rf":0}},{"type":"Feature","geometry":{"type":"LineString","coordinates":[[6.861,49.25405],[6.8603,49.25272]]},"properties":{"d":"35781","load":1,"rf":0}},{"type":"Feature","geometry":{"type":"LineString","coordinates":[[6.84601,49.25142],[6.84924,49.2504]]},"properties":{"d":"35781","load":3,"rf":0}},{"type":"Feature","geometry":{"type":"LineString","coordinates":[[6.84531,49.25158],[6.84601,49.25142]]},"properties":{"d":"35781","load":1,"rf":0}},{"type":"Feature","geometry":{"type":"LineString","coordinates":[[6.84601,49.25142],[6.83961,49.25272]]},"properties":{"d":"35781","load":1,"rf":0}},{"type":"Feature","geometry":{"type":"LineString","coordinates":[[6.8618,49.26002],[6.8579,49.25889]]},"properties":{"d":"35781","load":0,"rf":0}},{"type":"Feature","geometry":{"type":"LineString","coordinates":[[6.8558,49.26228],[6.85671,49.26053]]},"properties":{"d":"35781","load":1,"rf":0}},{"type":"Feature","geometry":{"type":"LineString","coordinates":[[6.84992,49.25379],[6.83961,49.25272]]},"properties":{"d":"35781","load":1,"rf":0}},{"type":"Feature","geometry":{"type":"LineString","coordinates":[[6.84992,49.25379],[6.85055,49.25418]]},"properties":{"d":"35781","load":1,"rf":0}},{"type":"Feature","geometry":{"type":"LineString","coordinates":[[6.85325,49.26036],[6.83961,49.25272]]},"properties":{"d":"35781","load":1,"rf":0}},{"type":"Feature","geometry":{"type":"LineString","coordinates":[[6.85481,49.25928],[6.85462,49.25929]]},"properties":{"d":"35781","load":0,"rf":0}},{"type":"Feature","geometry":{"type":"LineString","coordinates":[[6.85184,49.25322],[6.85055,49.25418]]},"properties":{"d":"35781","load":3,"rf":0}},{"type":"Feature","geometry":{"type":"LineString","coordinates":[[6.83797,49.26353],[6.84458,49.25773]]},"properties":{"d":"35781","load":0,"rf":0}},{"type":"Feature","geometry":{"type":"LineString","coordinates":[[6.84743,49.2599],[6.84558,49.26041]]},"properties":{"d":"35781","load":1,"rf":0}},{"type":"Feature","geometry":{"type":"LineString","coordinates":[[6.8528,49.25816],[6.84885,49.25778]]},"properties":{"d":"35781","load":0,"rf":0}},{"type":"Feature","geometry":{"type":"LineString","coordinates":[[6.8528,49.25816],[6.85264,49.25819]]},"properties":{"d":"35781","load":1,"rf":0}},{"type":"Feature","geometry":{"type":"LineString","coordinates":[[6.83035,49.24896],[6.82855,49.25086]]},"properties":{"d":"35781","load":2,"rf":0}},{"type":"Feature","geometry":{"type":"LineString","coordinates":[[6.85829,49.24586],[6.85438,49.24521]]},"properties":{"d":"35781","load":1,"rf":0}},{"type":"Feature","geometry":{"type":"LineString","coordinates":[[6.85438,49.24521],[6.85037,49.24908]]},"properties":{"d":"35781","load":1,"rf":0}},{"type":"Feature","geometry":{"type":"LineString","coordinates":[[6.84488,49.26068],[6.84558,49.26041]]},"properties":{"d":"35781","load":0,"rf":0}},{"type":"Feature","geometry":{"type":"LineString","coordinates":[[6.84261,49.25643],[6.84239,49.25773]]},"properties":{"d":"35781","load":1,"rf":0}},{"type":"Feature","geometry":{"type":"LineString","coordinates":[[6.83961,49.25272],[6.83592,49.25036]]},"properties":{"d":"35781","load":5,"rf":0}},{"type":"Feature","geometry":{"type":"LineString","coordinates":[[6.84398,49.26276],[6.84715,49.26181]]},"properties":{"d":"35781","load":1,"rf":0}},{"type":"Feature","geometry":{"type":"LineString","coordinates":[[6.84224,49.26294],[6.84659,49.261]]},"properties":{"d":"35781","load":0,"rf":0}},{"type":"Feature","geometry":{"type":"LineString","coordinates":[[6.84128,49.25185],[6.8416,49.25201]]},"properties":{"d":"35781","load":0,"rf":0}},{"type":"Feature","geometry":{"type":"LineString","coordinates":[[6.86096,49.25172],[6.8603,49.25272]]},"properties":{"d":"35781","load":1,"rf":0}},{"type":"Feature","geometry":{"type":"LineString","coordinates":[[6.85124,49.25639],[6.85055,49.25418]]},"properties":{"d":"35781","load":2,"rf":0}},{"type":"Feature","geometry":{"type":"LineString","coordinates":[[6.8578,49.18259],[6.85674,49.18569]]},"properties":{"d":"35781","load":0,"rf":0}},{"type":"Feature","geometry":{"type":"LineString","coordinates":[[6.8578,49.18259],[6.83961,49.25272]]},"properties":{"d":"35781","load":2,"rf":0}},{"type":"Feature","geometry":{"type":"LineString","coordinates":[[6.83638,49.19801],[6.83564,49.19829]]},"properties":{"d":"35781","load":1,"rf":0}},{"type":"Feature","geometry":{"type":"LineString","coordinates":[[6.83218,49.21031],[6.84095,49.20597]]},"properties":{"d":"35781","load":3,"rf":0}},{"type":"Feature","geometry":{"type":"LineString","coordinates":[[6.85083,49.19148],[6.85674,49.18569]]},"properties":{"d":"35781","load":0,"rf":0}},{"type":"Feature","geometry":{"type":"LineString","coordinates":[[6.84047,49.20611],[6.84095,49.20597]]},"properties":{"d":"35781","load":4,"rf":0}},{"type":"Feature","geometry":{"type":"LineString","coordinates":[[6.84191,49.20291],[6.83961,49.25272]]},"properties":{"d":"35781","load":1,"rf":0}},{"type":"Feature","geometry":{"type":"LineString","coordinates":[[6.84191,49.20291],[6.84087,49.20147]]},"properties":{"d":"35781","load":2,"rf":0}},{"type":"Feature","geometry":{"type":"LineString","coordinates":[[6.83265,49.19357],[6.83564,49.19829]]},"properties":{"d":"35781","load":0,"rf":0}},{"type":"Feature","geometry":{"type":"LineString","coordinates":[[6.83516,49.20549],[6.8404,49.20554]]},"properties":{"d":"35781","load":3,"rf":0}},{"type":"Feature","geometry":{"type":"LineString","coordinates":[[6.84782,49.20011],[6.84227,49.20396]]},"properties":{"d":"35781","load":0,"rf":0}},{"type":"Feature","geometry":{"type":"LineString","coordinates":[[6.84599,49.20322],[6.84227,49.20396]]},"properties":{"d":"35781","load":1,"rf":0}},{"type":"Feature","geometry":{"type":"LineString","coordinates":[[6.78118,49.20227],[6.77316,49.20731]]},"properties":{"d":"35781","load":0,"rf":0}},{"type":"Feature","geometry":{"type":"LineString","coordinates":[[6.78767,49.21436],[6.78548,49.21573]]},"properties":{"d":"35781","load":0,"rf":0}},{"type":"Feature","geometry":{"type":"LineString","coordinates":[[6.81118,49.17628],[6.80398,49.17427]]},"properties":{"d":"35781","load":1,"rf":0}},{"type":"Feature","geometry":{"type":"LineString","coordinates":[[6.82916,49.1701],[6.81118,49.17628]]},"properties":{"d":"35781","load":58,"rf":0}},{"type":"Feature","geometry":{"type":"LineString","coordinates":[[6.81118,49.17628],[6.83961,49.25272]]},"properties":{"d":"35781","load":3,"rf":0}},{"type":"Feature","geometry":{"type":"LineString","coordinates":[[6.81089,49.18111],[6.81188,49.18101]]},"properties":{"d":"35781","load":0,"rf":0}},{"type":"Feature","geometry":{"type":"LineString","coordinates":[[6.81672,49.19273],[6.84087,49.20147]]},"properties":{"d":"35781","load":1,"rf":0}},{"type":"Feature","geometry":{"type":"LineString","coordinates":[[6.81672,49.19273],[6.83961,49.25272]]},"properties":{"d":"35781","load":2,"rf":0}},{"type":"Feature","geometry":{"type":"LineString","coordinates":[[6.81393,49.1869],[6.83961,49.25272]]},"properties":{"d":"35781","load":2,"rf":0}},{"type":"Feature","geometry":{"type":"LineString","coordinates":[[6.83961,49.25272],[6.81297,49.19362]]},"properties":{"d":"35781","load":3,"rf":0}},{"type":"Feature","geometry":{"type":"LineString","coordinates":[[6.81218,49.19957],[6.81364,49.19673]]},"properties":{"d":"35781","load":0,"rf":0}},{"type":"Feature","geometry":{"type":"LineString","coordinates":[[6.82405,49.171],[6.82836,49.17024]]},"properties":{"d":"35781","load":1,"rf":0}},{"type":"Feature","geometry":{"type":"LineString","coordinates":[[6.82916,49.1701],[6.83079,49.16681]]},"properties":{"d":"35781","load":41,"rf":0}},{"type":"Feature","geometry":{"type":"LineString","coordinates":[[6.82916,49.1701],[6.82836,49.17024]]},"properties":{"d":"35781","load":3,"rf":0}},{"type":"Feature","geometry":{"type":"LineString","coordinates":[[6.83079,49.16681],[6.82693,49.16608]]},"properties":{"d":"35781","load":40,"rf":0}},{"type":"Feature","geometry":{"type":"LineString","coordinates":[[6.84176,49.25173],[6.84176,49.25173]]},"properties":{"d":"35781","load":2,"rf":0}},{"type":"Feature","geometry":{"type":"LineString","coordinates":[[6.84176,49.25173],[6.83861,49.24572]]},"properties":{"d":"35781","load":0,"rf":0}},{"type":"Feature","geometry":{"type":"LineString","coordinates":[[6.84036,49.24877],[6.84036,49.24877]]},"properties":{"d":"35781","load":0,"rf":0}},{"type":"Feature","geometry":{"type":"LineString","coordinates":[[6.83961,49.25272],[6.84036,49.24877]]},"properties":{"d":"35781","load":2,"rf":0}},{"type":"Feature","geometry":{"type":"LineString","coordinates":[[6.83961,49.25272],[6.81544,49.1925]]},"properties":{"d":"35781","load":2,"rf":0}},{"type":"Feature","geometry":{"type":"LineString","coordinates":[[6.81277,49.19455],[6.83961,49.25272]]},"properties":{"d":"35781","load":1,"rf":0}},{"type":"Feature","geometry":{"type":"LineString","coordinates":[[6.84865,49.25078],[6.84878,49.25061]]},"properties":{"d":"35781","load":1,"rf":0}},{"type":"Feature","geometry":{"type":"LineString","coordinates":[[6.8503,49.24884],[6.85037,49.24908]]},"properties":{"d":"35781","load":2,"rf":0}},{"type":"Feature","geometry":{"type":"LineString","coordinates":[[6.84619,49.25107],[6.84651,49.25108]]},"properties":{"d":"35781","load":1,"rf":0}},{"type":"Feature","geometry":{"type":"LineString","coordinates":[[6.8418,49.25805],[6.84214,49.25805]]},"properties":{"d":"35781","load":1,"rf":0}},{"type":"Feature","geometry":{"type":"LineString","coordinates":[[6.8456,49.25274],[6.84569,49.25293]]},"properties":{"d":"35781","load":1,"rf":0}},{"type":"Feature","geometry":{"type":"LineString","coordinates":[[6.84706,49.25201],[6.83961,49.25272]]},"properties":{"d":"35781","load":1,"rf":0}},{"type":"Feature","geometry":{"type":"LineString","coordinates":[[6.83961,49.25272],[6.84706,49.25201]]},"properties":{"d":"35781","load":1,"rf":0}},{"type":"Feature","geometry":{"type":"LineString","coordinates":[[6.85106,49.25253],[6.85106,49.25253]]},"properties":{"d":"35781","load":0,"rf":0}},{"type":"Feature","geometry":{"type":"LineString","coordinates":[[6.83961,49.25272],[6.85106,49.25253]]},"properties":{"d":"35781","load":1,"rf":0}},{"type":"Feature","geometry":{"type":"LineString","coordinates":[[6.84558,49.26041],[6.84659,49.261]]},"properties":{"d":"35781","load":1,"rf":0}},{"type":"Feature","geometry":{"type":"LineString","coordinates":[[6.84239,49.25773],[6.84214,49.25805]]},"properties":{"d":"35781","load":1,"rf":0}},{"type":"Feature","geometry":{"type":"LineString","coordinates":[[6.85733,49.26039],[6.85671,49.26053]]},"properties":{"d":"35781","load":1,"rf":0}},{"type":"Feature","geometry":{"type":"LineString","coordinates":[[6.83861,49.24572],[6.83759,49.24676]]},"properties":{"d":"35781","load":0,"rf":0}},{"type":"Feature","geometry":{"type":"LineString","coordinates":[[6.83961,49.25272],[6.83759,49.24676]]},"properties":{"d":"35781","load":1,"rf":0}},{"type":"Feature","geometry":{"type":"LineString","coordinates":[[6.84715,49.26181],[6.84659,49.261]]},"properties":{"d":"35781","load":1,"rf":0}},{"type":"Feature","geometry":{"type":"LineString","coordinates":[[6.84176,49.25173],[6.8416,49.25201]]},"properties":{"d":"35781","load":2,"rf":0}},{"type":"Feature","geometry":{"type":"LineString","coordinates":[[6.83961,49.25272],[6.84878,49.25061]]},"properties":{"d":"35781","load":1,"rf":0}},{"type":"Feature","geometry":{"type":"LineString","coordinates":[[6.83961,49.25272],[6.84569,49.25293]]},"properties":{"d":"35781","load":1,"rf":0}},{"type":"Feature","geometry":{"type":"LineString","coordinates":[[6.83961,49.25272],[6.8416,49.25201]]},"properties":{"d":"35781","load":3,"rf":0}},{"type":"Feature","geometry":{"type":"LineString","coordinates":[[6.83961,49.25272],[6.73857,49.18358]]},"properties":{"d":"35781","load":2,"rf":0}},{"type":"Feature","geometry":{"type":"LineString","coordinates":[[6.83961,49.25272],[6.79928,49.22073]]},"properties":{"d":"35781","load":4,"rf":0}},{"type":"Feature","geometry":{"type":"LineString","coordinates":[[6.77971,49.21179],[6.77316,49.20731]]},"properties":{"d":"35781","load":1,"rf":0}},{"type":"Feature","geometry":{"type":"LineString","coordinates":[[6.77971,49.21179],[6.78548,49.21573]]},"properties":{"d":"35781","load":1,"rf":0}},{"type":"Feature","geometry":{"type":"LineString","coordinates":[[6.77316,49.20731],[6.74144,49.18554]]},"properties":{"d":"35781","load":1,"rf":0}},{"type":"Feature","geometry":{"type":"LineString","coordinates":[[6.83961,49.25272],[6.78548,49.21573]]},"properties":{"d":"35781","load":1,"rf":0}},{"type":"Feature","geometry":{"type":"LineString","coordinates":[[6.83961,49.25272],[6.84036,49.24877]]},"properties":{"d":"35781","load":0,"rf":0}},{"type":"Feature","geometry":{"type":"LineString","coordinates":[[6.74144,49.18554],[6.74439,49.18379]]},"properties":{"d":"35781","load":0,"rf":0}},{"type":"Feature","geometry":{"type":"LineString","coordinates":[[6.80103,49.22356],[6.80515,49.22112]]},"properties":{"d":"35781","load":4,"rf":0}},{"type":"Feature","geometry":{"type":"LineString","coordinates":[[6.83961,49.25272],[6.80103,49.22356]]},"properties":{"d":"35781","load":5,"rf":0}},{"type":"Feature","geometry":{"type":"LineString","coordinates":[[6.84227,49.20396],[6.8404,49.20554]]},"properties":{"d":"35781","load":1,"rf":0}},{"type":"Feature","geometry":{"type":"LineString","coordinates":[[6.84087,49.20147],[6.83564,49.19829]]},"properties":{"d":"35781","load":1,"rf":0}},{"type":"Feature","geometry":{"type":"LineString","coordinates":[[6.84095,49.20597],[6.8404,49.20554]]},"properties":{"d":"35781","load":4,"rf":0}},{"type":"Feature","geometry":{"type":"LineString","coordinates":[[6.83961,49.25272],[6.84095,49.20597]]},"properties":{"d":"35781","load":2,"rf":0}},{"type":"Feature","geometry":{"type":"LineString","coordinates":[[6.81702,49.18054],[6.81427,49.18079]]},"properties":{"d":"35781","load":67,"rf":0}},{"type":"Feature","geometry":{"type":"LineString","coordinates":[[6.81702,49.18054],[6.81742,49.18182]]},"properties":{"d":"35781","load":19,"rf":0}},{"type":"Feature","geometry":{"type":"LineString","coordinates":[[6.83961,49.25272],[6.84706,49.25201]]},"properties":{"d":"35781","load":0,"rf":0}},{"type":"Feature","geometry":{"type":"LineString","coordinates":[[6.83961,49.25272],[6.81364,49.19673]]},"properties":{"d":"35781","load":1,"rf":0}},{"type":"Feature","geometry":{"type":"LineString","coordinates":[[6.81188,49.18101],[6.81427,49.18079]]},"properties":{"d":"35781","load":45,"rf":0}},{"type":"Feature","geometry":{"type":"LineString","coordinates":[[6.81188,49.18101],[6.81193,49.18126]]},"properties":{"d":"35781","load":45,"rf":0}},{"type":"Feature","geometry":{"type":"LineString","coordinates":[[6.82745,49.2139],[6.82031,49.19109]]},"properties":{"d":"35781","load":21,"rf":0}},{"type":"Feature","geometry":{"type":"LineString","coordinates":[[6.83961,49.25272],[6.82745,49.2139]]},"properties":{"d":"35781","load":24,"rf":0}},{"type":"Feature","geometry":{"type":"LineString","coordinates":[[6.82031,49.19109],[6.81742,49.18182]]},"properties":{"d":"35781","load":21,"rf":0}},{"type":"Feature","geometry":{"type":"LineString","coordinates":[[6.82693,49.16608],[6.82537,49.16579]]},"properties":{"d":"35781","load":17,"rf":0}},{"type":"Feature","geometry":{"type":"LineString","coordinates":[[6.83961,49.25272],[6.85106,49.25253]]},"properties":{"d":"35781","load":0,"rf":0}},{"type":"Feature","geometry":{"type":"LineString","coordinates":[[6.81889,49.18103],[6.81894,49.18126]]},"properties":{"d":"35781","load":4,"rf":0}},{"type":"Feature","geometry":{"type":"LineString","coordinates":[[6.85264,49.25819],[6.85462,49.25929]]},"properties":{"d":"35781","load":0,"rf":0}},{"type":"Feature","geometry":{"type":"LineString","coordinates":[[6.96874,49.23414],[6.9686,49.23409]]},"properties":{"d":"35870","load":80,"rf":0}},{"type":"Feature","geometry":{"type":"LineString","coordinates":[[6.96874,49.23414],[6.96873,49.23415]]},"properties":{"d":"35870","load":54,"rf":0}},{"type":"Feature","geometry":{"type":"LineString","coordinates":[[6.9687,49.23418],[6.96873,49.23415]]},"properties":{"d":"35870","load":27,"rf":0}},{"type":"Feature","geometry":{"type":"LineString","coordinates":[[6.99926,49.25925],[6.99617,49.26145]]},"properties":{"d":"35870","load":2,"rf":0}},{"type":"Feature","geometry":{"type":"LineString","coordinates":[[6.96197,49.24084],[6.93224,49.24708]]},"properties":{"d":"35870","load":4,"rf":0}},{"type":"Feature","geometry":{"type":"LineString","coordinates":[[6.96197,49.24084],[6.96667,49.23343]]},"properties":{"d":"35870","load":2,"rf":0}},{"type":"Feature","geometry":{"type":"LineString","coordinates":[[6.97346,49.21776],[6.97346,49.21776]]},"properties":{"d":"35870","load":4,"rf":0}},{"type":"Feature","geometry":{"type":"LineString","coordinates":[[6.97346,49.21776],[6.97346,49.21776]]},"properties":{"d":"35870","load":10,"rf":0}},{"type":"Feature","geometry":{"type":"LineString","coordinates":[[6.97346,49.21776],[6.97346,49.21776]]},"properties":{"d":"35870","load":16,"rf":0}},{"type":"Feature","geometry":{"type":"LineString","coordinates":[[6.97346,49.21776],[6.97346,49.21776]]},"properties":{"d":"35870","load":10,"rf":0}},{"type":"Feature","geometry":{"type":"LineString","coordinates":[[6.97346,49.21776],[6.97346,49.21776]]},"properties":{"d":"35870","load":4,"rf":0}},{"type":"Feature","geometry":{"type":"LineString","coordinates":[[6.97346,49.21776],[6.97346,49.21776]]},"properties":{"d":"35870","load":7,"rf":0}},{"type":"Feature","geometry":{"type":"LineString","coordinates":[[6.97346,49.21776],[6.97346,49.21776]]},"properties":{"d":"35870","load":7,"rf":0}},{"type":"Feature","geometry":{"type":"LineString","coordinates":[[6.97346,49.21776],[6.97346,49.21776]]},"properties":{"d":"35870","load":7,"rf":0}},{"type":"Feature","geometry":{"type":"LineString","coordinates":[[6.97346,49.21776],[6.97285,49.21779]]},"properties":{"d":"35870","load":81,"rf":0}},{"type":"Feature","geometry":{"type":"LineString","coordinates":[[6.9901,49.23444],[6.98942,49.23432]]},"properties":{"d":"35870","load":2,"rf":0}},{"type":"Feature","geometry":{"type":"LineString","coordinates":[[6.93747,49.24048],[6.94241,49.24055]]},"properties":{"d":"35870","load":2,"rf":0}},{"type":"Feature","geometry":{"type":"LineString","coordinates":[[6.96197,49.24084],[6.93747,49.24048]]},"properties":{"d":"35870","load":2,"rf":0}},{"type":"Feature","geometry":{"type":"LineString","coordinates":[[6.96913,49.25045],[6.9692,49.25043]]},"properties":{"d":"35870","load":1,"rf":0}},{"type":"Feature","geometry":{"type":"LineString","coordinates":[[6.96197,49.24084],[6.95723,49.23511]]},"properties":{"d":"35870","load":19,"rf":0}},{"type":"Feature","geometry":{"type":"LineString","coordinates":[[6.98202,49.24041],[6.98202,49.24044]]},"properties":{"d":"35870","load":2,"rf":0}},{"type":"Feature","geometry":{"type":"LineString","coordinates":[[6.99582,49.23583],[6.99428,49.23489]]},"properties":{"d":"35870","load":4,"rf":0}},{"type":"Feature","geometry":{"type":"LineString","coordinates":[[6.96874,49.23416],[6.96873,49.23415]]},"properties":{"d":"35870","load":27,"rf":0}},{"type":"Feature","geometry":{"type":"LineString","coordinates":[[6.99718,49.26205],[7.00005,49.26268]]},"properties":{"d":"35870","load":19,"rf":0}},{"type":"Feature","geometry":{"type":"LineString","coordinates":[[6.9617,49.23767],[6.96202,49.23767]]},"properties":{"d":"35870","load":3,"rf":0}},{"type":"Feature","geometry":{"type":"LineString","coordinates":[[6.9934,49.22058],[6.99341,49.22075]]},"properties":{"d":"35870","load":0,"rf":0}},{"type":"Feature","geometry":{"type":"LineString","coordinates":[[6.98554,49.23834],[6.98554,49.23834]]},"properties":{"d":"35870","load":0,"rf":0}},{"type":"Feature","geometry":{"type":"LineString","coordinates":[[6.94011,49.24457],[6.94012,49.24421]]},"properties":{"d":"35870","load":0,"rf":0}},{"type":"Feature","geometry":{"type":"LineString","coordinates":[[6.93033,49.23325],[6.93022,49.23345]]},"properties":{"d":"35870","load":0,"rf":0}},{"type":"Feature","geometry":{"type":"LineString","coordinates":[[6.8821,49.2233],[6.88194,49.22312]]},"properties":{"d":"35870","load":0,"rf":0}},{"type":"Feature","geometry":{"type":"LineString","coordinates":[[6.99134,49.23085],[6.99087,49.23077]]},"properties":{"d":"35870","load":0,"rf":0}},{"type":"Feature","geometry":{"type":"LineString","coordinates":[[6.89446,49.24231],[6.89474,49.24138]]},"properties":{"d":"35870","load":0,"rf":0}},{"type":"Feature","geometry":{"type":"LineString","coordinates":[[6.9148,49.26195],[6.91509,49.26166]]},"properties":{"d":"35870","load":0,"rf":0}},{"type":"Feature","geometry":{"type":"LineString","coordinates":[[6.95578,49.25547],[6.95605,49.2545]]},"properties":{"d":"35870","load":0,"rf":0}},{"type":"Feature","geometry":{"type":"LineString","coordinates":[[6.97775,49.23974],[6.97775,49.2398]]},"properties":{"d":"35870","load":0,"rf":0}},{"type":"Feature","geometry":{"type":"LineString","coordinates":[[6.89131,49.22757],[6.89148,49.22751]]},"properties":{"d":"35870","load":0,"rf":0}},{"type":"Feature","geometry":{"type":"LineString","coordinates":[[6.98631,49.22965],[6.98618,49.23007]]},"properties":{"d":"35870","load":0,"rf":0}},{"type":"Feature","geometry":{"type":"LineString","coordinates":[[6.94262,49.24209],[6.94286,49.24216]]},"properties":{"d":"35870","load":0,"rf":0}},{"type":"Feature","geometry":{"type":"LineString","coordinates":[[6.88993,49.22912],[6.88821,49.23021]]},"properties":{"d":"35870","load":0,"rf":0}},{"type":"Feature","geometry":{"type":"LineString","coordinates":[[6.9972,49.25004],[6.99792,49.25013]]},"properties":{"d":"35870","load":0,"rf":0}},{"type":"Feature","geometry":{"type":"LineString","coordinates":[[6.99808,49.2454],[6.99807,49.24542]]},"properties":{"d":"35870","load":0,"rf":0}},{"type":"Feature","geometry":{"type":"LineString","coordinates":[[6.98706,49.23138],[6.98693,49.23124]]},"properties":{"d":"35870","load":0,"rf":0}},{"type":"Feature","geometry":{"type":"LineString","coordinates":[[7.02542,49.19533],[7.02694,49.19627]]},"properties":{"d":"35870","load":0,"rf":0}},{"type":"Feature","geometry":{"type":"LineString","coordinates":[[6.92013,49.23511],[6.91993,49.23572]]},"properties":{"d":"35870","load":0,"rf":0}},{"type":"Feature","geometry":{"type":"LineString","coordinates":[[6.9424,49.24067],[6.94241,49.24055]]},"properties":{"d":"35870","load":0,"rf":0}},{"type":"Feature","geometry":{"type":"LineString","coordinates":[[6.91269,49.24689],[6.91266,49.24681]]},"properties":{"d":"35870","load":0,"rf":0}},{"type":"Feature","geometry":{"type":"LineString","coordinates":[[6.89905,49.23464],[6.8991,49.23436]]},"properties":{"d":"35870","load":0,"rf":0}},{"type":"Feature","geometry":{"type":"LineString","coordinates":[[6.94056,49.24411],[6.94056,49.24422]]},"properties":{"d":"35870","load":0,"rf":0}},{"type":"Feature","geometry":{"type":"LineString","coordinates":[[6.99795,49.23568],[6.99868,49.23564]]},"properties":{"d":"35870","load":0,"rf":0}},{"type":"Feature","geometry":{"type":"LineString","coordinates":[[6.92947,49.24028],[6.93118,49.24113]]},"properties":{"d":"35870","load":30,"rf":0}},{"type":"Feature","geometry":{"type":"LineString","coordinates":[[6.95422,49.28631],[6.95853,49.27681]]},"properties":{"d":"35870","load":29,"rf":0}},{"type":"Feature","geometry":{"type":"LineString","coordinates":[[6.9148,49.27336],[6.91397,49.26651]]},"properties":{"d":"35870","load":0,"rf":0}},{"type":"Feature","geometry":{"type":"LineString","coordinates":[[6.91827,49.22329],[6.91879,49.22853]]},"properties":{"d":"35870","load":0,"rf":0}},{"type":"Feature","geometry":{"type":"LineString","coordinates":[[6.9529,49.27571],[6.94883,49.27362]]},"properties":{"d":"35870","load":2,"rf":0}},{"type":"Feature","geometry":{"type":"LineString","coordinates":[[6.9529,49.27571],[6.95853,49.27681]]},"properties":{"d":"35870","load":10,"rf":0}},{"type":"Feature","geometry":{"type":"LineString","coordinates":[[6.95032,49.27238],[6.94883,49.27362]]},"properties":{"d":"35870","load":1,"rf":0}},{"type":"Feature","geometry":{"type":"LineString","coordinates":[[6.95032,49.27238],[6.95109,49.26884]]},"properties":{"d":"35870","load":1,"rf":0}},{"type":"Feature","geometry":{"type":"LineString","coordinates":[[6.95177,49.26571],[6.95109,49.26884]]},"properties":{"d":"35870","load":0,"rf":0}},{"type":"Feature","geometry":{"type":"LineString","coordinates":[[6.95321,49.26903],[6.95109,49.26884]]},"properties":{"d":"35870","load":1,"rf":0}},{"type":"Feature","geometry":{"type":"LineString","coordinates":[[6.96341,49.27776],[6.96031,49.27716]]},"properties":{"d":"35870","load":37,"rf":0}},{"type":"Feature","geometry":{"type":"LineString","coordinates":[[6.96341,49.27776],[6.98574,49.26738]]},"properties":{"d":"35870","load":41,"rf":0}},{"type":"Feature","geometry":{"type":"LineString","coordinates":[[6.96185,49.27378],[6.96031,49.27716]]},"properties":{"d":"35870","load":2,"rf":0}},{"type":"Feature","geometry":{"type":"LineString","coordinates":[[6.98453,49.26626],[6.98574,49.26738]]},"properties":{"d":"35870","load":0,"rf":0}},{"type":"Feature","geometry":{"type":"LineString","coordinates":[[6.99718,49.26205],[6.98574,49.26738]]},"properties":{"d":"35870","load":41,"rf":0}},{"type":"Feature","geometry":{"type":"LineString","coordinates":[[6.99718,49.26205],[6.99617,49.26145]]},"properties":{"d":"35870","load":54,"rf":0}},{"type":"Feature","geometry":{"type":"LineString","coordinates":[[6.93105,49.2759],[6.93953,49.26884]]},"properties":{"d":"35870","load":0,"rf":0}},{"type":"Feature","geometry":{"type":"LineString","coordinates":[[6.84255,49.22962],[6.85055,49.22297]]},"properties":{"d":"35870","load":0,"rf":0}},{"type":"Feature","geometry":{"type":"LineString","coordinates":[[6.94447,49.23728],[6.93118,49.24113]]},"properties":{"d":"35870","load":30,"rf":0}},{"type":"Feature","geometry":{"type":"LineString","coordinates":[[6.96197,49.24084],[6.94447,49.23728]]},"properties":{"d":"35870","load":30,"rf":0}},{"type":"Feature","geometry":{"type":"LineString","coordinates":[[6.92348,49.2274],[6.92366,49.23164]]},"properties":{"d":"35870","load":1,"rf":0}},{"type":"Feature","geometry":{"type":"LineString","coordinates":[[6.90586,49.23672],[6.90566,49.23706]]},"properties":{"d":"35870","load":0,"rf":0}},{"type":"Feature","geometry":{"type":"LineString","coordinates":[[6.91879,49.22853],[6.91871,49.22868]]},"properties":{"d":"35870","load":0,"rf":0}},{"type":"Feature","geometry":{"type":"LineString","coordinates":[[6.99718,49.22058],[6.99341,49.22075]]},"properties":{"d":"35870","load":0,"rf":0}},{"type":"Feature","geometry":{"type":"LineString","coordinates":[[6.94265,49.24799],[6.94208,49.24655]]},"properties":{"d":"35870","load":0,"rf":0}},{"type":"Feature","geometry":{"type":"LineString","coordinates":[[6.93691,49.23847],[6.94638,49.23955]]},"properties":{"d":"35870","load":1,"rf":0}},{"type":"Feature","geometry":{"type":"LineString","coordinates":[[6.93691,49.23847],[6.93852,49.23585]]},"properties":{"d":"35870","load":1,"rf":0}},{"type":"Feature","geometry":{"type":"LineString","coordinates":[[6.91616,49.24629],[6.91355,49.24919]]},"properties":{"d":"35870","load":0,"rf":0}},{"type":"Feature","geometry":{"type":"LineString","coordinates":[[6.91616,49.24629],[6.91998,49.24567]]},"properties":{"d":"35870","load":0,"rf":0}},{"type":"Feature","geometry":{"type":"LineString","coordinates":[[6.96197,49.24084],[6.96972,49.20856]]},"properties":{"d":"35870","load":2,"rf":0}},{"type":"Feature","geometry":{"type":"LineString","coordinates":[[6.98481,49.20895],[6.98707,49.21162]]},"properties":{"d":"35870","load":0,"rf":0}},{"type":"Feature","geometry":{"type":"LineString","coordinates":[[6.97429,49.22829],[6.9686,49.23409]]},"properties":{"d":"35870","load":14,"rf":0}},{"type":"Feature","geometry":{"type":"LineString","coordinates":[[6.97429,49.22829],[6.97285,49.21779]]},"properties":{"d":"35870","load":14,"rf":0}},{"type":"Feature","geometry":{"type":"LineString","coordinates":[[6.95993,49.23267],[6.95348,49.23257]]},"properties":{"d":"35870","load":0,"rf":0}},{"type":"Feature","geometry":{"type":"LineString","coordinates":[[6.96197,49.24084],[6.95993,49.23267]]},"properties":{"d":"35870","load":0,"rf":0}},{"type":"Feature","geometry":{"type":"LineString","coordinates":[[6.89905,49.23464],[6.90232,49.23582]]},"properties":{"d":"35870","load":0,"rf":0}},{"type":"Feature","geometry":{"type":"LineString","coordinates":[[6.93319,49.23487],[6.93211,49.23683]]},"properties":{"d":"35870","load":0,"rf":0}},{"type":"Feature","geometry":{"type":"LineString","coordinates":[[6.93364,49.24431],[6.93888,49.24419]]},"properties":{"d":"35870","load":0,"rf":0}},{"type":"Feature","geometry":{"type":"LineString","coordinates":[[6.96197,49.24084],[6.9752,49.25982]]},"properties":{"d":"35870","load":1,"rf":0}},{"type":"Feature","geometry":{"type":"LineString","coordinates":[[6.97829,49.26118],[6.97564,49.25406]]},"properties":{"d":"35870","load":0,"rf":0}},{"type":"Feature","geometry":{"type":"LineString","coordinates":[[6.99129,49.22267],[6.99583,49.22359]]},"properties":{"d":"35870","load":0,"rf":0}},{"type":"Feature","geometry":{"type":"LineString","coordinates":[[6.96197,49.24084],[6.99427,49.21724]]},"properties":{"d":"35870","load":1,"rf":0}},{"type":"Feature","geometry":{"type":"LineString","coordinates":[[6.92566,49.26611],[6.92131,49.26391]]},"properties":{"d":"35870","load":0,"rf":0}},{"type":"Feature","geometry":{"type":"LineString","coordinates":[[6.98126,49.24431],[6.98006,49.2464]]},"properties":{"d":"35870","load":0,"rf":0}},{"type":"Feature","geometry":{"type":"LineString","coordinates":[[6.96197,49.24084],[6.98126,49.24431]]},"properties":{"d":"35870","load":0,"rf":0}},{"type":"Feature","geometry":{"type":"LineString","coordinates":[[6.96103,49.25521],[6.96139,49.25083]]},"properties":{"d":"35870","load":0,"rf":0}},{"type":"Feature","geometry":{"type":"LineString","coordinates":[[6.96103,49.25521],[6.96229,49.25174]]},"properties":{"d":"35870","load":0,"rf":0}},{"type":"Feature","geometry":{"type":"LineString","coordinates":[[6.88049,49.22491],[6.88433,49.22757]]},"properties":{"d":"35870","load":0,"rf":0}},{"type":"Feature","geometry":{"type":"LineString","coordinates":[[6.98069,49.23326],[6.98208,49.23093]]},"properties":{"d":"35870","load":0,"rf":0}},{"type":"Feature","geometry":{"type":"LineString","coordinates":[[6.96197,49.24084],[6.98069,49.23326]]},"properties":{"d":"35870","load":1,"rf":0}},{"type":"Feature","geometry":{"type":"LineString","coordinates":[[6.99303,49.2247],[6.98977,49.22482]]},"properties":{"d":"35870","load":0,"rf":0}},{"type":"Feature","geometry":{"type":"LineString","coordinates":[[6.94927,49.24007],[6.95054,49.24439]]},"properties":{"d":"35870","load":1,"rf":0}},{"type":"Feature","geometry":{"type":"LineString","coordinates":[[6.94927,49.24007],[6.95163,49.24004]]},"properties":{"d":"35870","load":2,"rf":0}},{"type":"Feature","geometry":{"type":"LineString","coordinates":[[6.9602,49.24413],[6.96277,49.24497]]},"properties":{"d":"35870","load":3,"rf":0}},{"type":"Feature","geometry":{"type":"LineString","coordinates":[[6.96197,49.24084],[6.9602,49.24413]]},"properties":{"d":"35870","load":3,"rf":0}},{"type":"Feature","geometry":{"type":"LineString","coordinates":[[6.93391,49.252],[6.93773,49.25203]]},"properties":{"d":"35870","load":1,"rf":0}},{"type":"Feature","geometry":{"type":"LineString","coordinates":[[6.93391,49.252],[6.93761,49.25531]]},"properties":{"d":"35870","load":1,"rf":0}},{"type":"Feature","geometry":{"type":"LineString","coordinates":[[6.93242,49.25764],[6.93109,49.2532]]},"properties":{"d":"35870","load":0,"rf":0}},{"type":"Feature","geometry":{"type":"LineString","coordinates":[[6.98149,49.21637],[6.9827,49.21375]]},"properties":{"d":"35870","load":2,"rf":0}},{"type":"Feature","geometry":{"type":"LineString","coordinates":[[6.98149,49.21637],[6.96197,49.24084]]},"properties":{"d":"35870","load":1,"rf":0}},{"type":"Feature","geometry":{"type":"LineString","coordinates":[[6.99002,49.22805],[6.99088,49.23075]]},"properties":{"d":"35870","load":1,"rf":0}},{"type":"Feature","geometry":{"type":"LineString","coordinates":[[6.99002,49.22805],[6.98633,49.22791]]},"properties":{"d":"35870","load":1,"rf":0}},{"type":"Feature","geometry":{"type":"LineString","coordinates":[[6.89079,49.24086],[6.89105,49.23838]]},"properties":{"d":"35870","load":2,"rf":0}},{"type":"Feature","geometry":{"type":"LineString","coordinates":[[6.89079,49.24086],[6.8923,49.24406]]},"properties":{"d":"35870","load":2,"rf":0}},{"type":"Feature","geometry":{"type":"LineString","coordinates":[[6.89079,49.24086],[6.89474,49.24138]]},"properties":{"d":"35870","load":0,"rf":0}},{"type":"Feature","geometry":{"type":"LineString","coordinates":[[6.92595,49.22984],[6.92585,49.23167]]},"properties":{"d":"35870","load":0,"rf":0}},{"type":"Feature","geometry":{"type":"LineString","coordinates":[[6.92768,49.24737],[6.93141,49.24876]]},"properties":{"d":"35870","load":0,"rf":0}},{"type":"Feature","geometry":{"type":"LineString","coordinates":[[6.92768,49.24737],[6.92397,49.24776]]},"properties":{"d":"35870","load":0,"rf":0}},{"type":"Feature","geometry":{"type":"LineString","coordinates":[[6.9777,49.21127],[6.96749,49.21329]]},"properties":{"d":"35870","load":0,"rf":0}},{"type":"Feature","geometry":{"type":"LineString","coordinates":[[6.96816,49.23897],[6.96801,49.23257]]},"properties":{"d":"35870","load":2,"rf":0}},{"type":"Feature","geometry":{"type":"LineString","coordinates":[[6.96816,49.23897],[6.96794,49.23726]]},"properties":{"d":"35870","load":2,"rf":0}},{"type":"Feature","geometry":{"type":"LineString","coordinates":[[6.97829,49.21648],[6.98154,49.21392]]},"properties":{"d":"35870","load":1,"rf":0}},{"type":"Feature","geometry":{"type":"LineString","coordinates":[[6.91718,49.23391],[6.91576,49.23669]]},"properties":{"d":"35870","load":1,"rf":0}},{"type":"Feature","geometry":{"type":"LineString","coordinates":[[6.91718,49.23391],[6.91928,49.23563]]},"properties":{"d":"35870","load":1,"rf":0}},{"type":"Feature","geometry":{"type":"LineString","coordinates":[[6.92094,49.23302],[6.91576,49.23669]]},"properties":{"d":"35870","load":0,"rf":0}},{"type":"Feature","geometry":{"type":"LineString","coordinates":[[6.91993,49.22861],[6.92094,49.23302]]},"properties":{"d":"35870","load":0,"rf":0}},{"type":"Feature","geometry":{"type":"LineString","coordinates":[[6.97821,49.21361],[6.96972,49.20856]]},"properties":{"d":"35870","load":3,"rf":0}},{"type":"Feature","geometry":{"type":"LineString","coordinates":[[6.95496,49.24977],[6.95333,49.24872]]},"properties":{"d":"35870","load":0,"rf":0}},{"type":"Feature","geometry":{"type":"LineString","coordinates":[[6.97821,49.21361],[6.98105,49.21294]]},"properties":{"d":"35870","load":1,"rf":0}},{"type":"Feature","geometry":{"type":"LineString","coordinates":[[6.98275,49.213],[6.98105,49.21294]]},"properties":{"d":"35870","load":1,"rf":0}},{"type":"Feature","geometry":{"type":"LineString","coordinates":[[6.98105,49.21294],[6.97657,49.21192]]},"properties":{"d":"35870","load":1,"rf":0}},{"type":"Feature","geometry":{"type":"LineString","coordinates":[[6.8821,49.2233],[6.88756,49.22382]]},"properties":{"d":"35870","load":0,"rf":0}},{"type":"Feature","geometry":{"type":"LineString","coordinates":[[6.92335,49.23184],[6.91871,49.22868]]},"properties":{"d":"35870","load":0,"rf":0}},{"type":"Feature","geometry":{"type":"LineString","coordinates":[[6.92335,49.23184],[6.93022,49.23345]]},"properties":{"d":"35870","load":0,"rf":0}},{"type":"Feature","geometry":{"type":"LineString","coordinates":[[6.89252,49.22327],[6.89696,49.22543]]},"properties":{"d":"35870","load":0,"rf":0}},{"type":"Feature","geometry":{"type":"LineString","coordinates":[[6.89252,49.22327],[6.88756,49.22382]]},"properties":{"d":"35870","load":0,"rf":0}},{"type":"Feature","geometry":{"type":"LineString","coordinates":[[6.93211,49.23683],[6.92785,49.23701]]},"properties":{"d":"35870","load":0,"rf":0}},{"type":"Feature","geometry":{"type":"LineString","coordinates":[[6.96197,49.24084],[6.93211,49.23683]]},"properties":{"d":"35870","load":1,"rf":0}},{"type":"Feature","geometry":{"type":"LineString","coordinates":[[6.96197,49.24084],[6.98244,49.22766]]},"properties":{"d":"35870","load":2,"rf":0}},{"type":"Feature","geometry":{"type":"LineString","coordinates":[[6.98193,49.23041],[6.98208,49.23093]]},"properties":{"d":"35870","load":0,"rf":0}},{"type":"Feature","geometry":{"type":"LineString","coordinates":[[6.90959,49.24064],[6.91054,49.24242]]},"properties":{"d":"35870","load":0,"rf":0}},{"type":"Feature","geometry":{"type":"LineString","coordinates":[[6.90959,49.24064],[6.90566,49.23706]]},"properties":{"d":"35870","load":0,"rf":0}},{"type":"Feature","geometry":{"type":"LineString","coordinates":[[6.96498,49.24298],[6.97189,49.24351]]},"properties":{"d":"35870","load":1,"rf":0}},{"type":"Feature","geometry":{"type":"LineString","coordinates":[[6.96498,49.24298],[6.96177,49.24149]]},"properties":{"d":"35870","load":1,"rf":0}},{"type":"Feature","geometry":{"type":"LineString","coordinates":[[6.89561,49.23391],[6.89318,49.23266]]},"properties":{"d":"35870","load":0,"rf":0}},{"type":"Feature","geometry":{"type":"LineString","coordinates":[[6.92526,49.2323],[6.92901,49.23512]]},"properties":{"d":"35870","load":3,"rf":0}},{"type":"Feature","geometry":{"type":"LineString","coordinates":[[6.92526,49.2323],[6.92585,49.23167]]},"properties":{"d":"35870","load":3,"rf":0}},{"type":"Feature","geometry":{"type":"LineString","coordinates":[[6.91209,49.23791],[6.91576,49.23669]]},"properties":{"d":"35870","load":0,"rf":0}},{"type":"Feature","geometry":{"type":"LineString","coordinates":[[6.89696,49.22543],[6.90069,49.22746]]},"properties":{"d":"35870","load":0,"rf":0}},{"type":"Feature","geometry":{"type":"LineString","coordinates":[[6.96681,49.21942],[6.96442,49.22077]]},"properties":{"d":"35870","load":0,"rf":0}},{"type":"Feature","geometry":{"type":"LineString","coordinates":[[6.96681,49.21942],[6.96734,49.2217]]},"properties":{"d":"35870","load":0,"rf":0}},{"type":"Feature","geometry":{"type":"LineString","coordinates":[[6.91859,49.23913],[6.91455,49.23977]]},"properties":{"d":"35870","load":1,"rf":0}},{"type":"Feature","geometry":{"type":"LineString","coordinates":[[6.91859,49.23913],[6.96197,49.24084]]},"properties":{"d":"35870","load":1,"rf":0}},{"type":"Feature","geometry":{"type":"LineString","coordinates":[[6.99158,49.22648],[6.98899,49.22499]]},"properties":{"d":"35870","load":0,"rf":0}},{"type":"Feature","geometry":{"type":"LineString","coordinates":[[6.99158,49.22648],[6.99291,49.22635]]},"properties":{"d":"35870","load":1,"rf":0}},{"type":"Feature","geometry":{"type":"LineString","coordinates":[[6.94086,49.24061],[6.93894,49.24234]]},"properties":{"d":"35870","load":1,"rf":0}},{"type":"Feature","geometry":{"type":"LineString","coordinates":[[6.94086,49.24061],[6.96197,49.24084]]},"properties":{"d":"35870","load":1,"rf":0}},{"type":"Feature","geometry":{"type":"LineString","coordinates":[[6.89136,49.22737],[6.88812,49.22434]]},"properties":{"d":"35870","load":0,"rf":0}},{"type":"Feature","geometry":{"type":"LineString","coordinates":[[6.89136,49.22737],[6.89148,49.22751]]},"properties":{"d":"35870","load":0,"rf":0}},{"type":"Feature","geometry":{"type":"LineString","coordinates":[[6.99153,49.22084],[6.98971,49.21965]]},"properties":{"d":"35870","load":0,"rf":0}},{"type":"Feature","geometry":{"type":"LineString","coordinates":[[6.99153,49.22084],[6.99427,49.21724]]},"properties":{"d":"35870","load":1,"rf":0}},{"type":"Feature","geometry":{"type":"LineString","coordinates":[[6.99153,49.22084],[6.99341,49.22075]]},"properties":{"d":"35870","load":0,"rf":0}},{"type":"Feature","geometry":{"type":"LineString","coordinates":[[6.96355,49.20948],[6.96119,49.20648]]},"properties":{"d":"35870","load":0,"rf":0}},{"type":"Feature","geometry":{"type":"LineString","coordinates":[[6.96355,49.20948],[6.95698,49.21833]]},"properties":{"d":"35870","load":0,"rf":0}},{"type":"Feature","geometry":{"type":"LineString","coordinates":[[6.93677,49.25374],[6.93761,49.25531]]},"properties":{"d":"35870","load":0,"rf":0}},{"type":"Feature","geometry":{"type":"LineString","coordinates":[[6.96364,49.21043],[6.964,49.21032]]},"properties":{"d":"35870","load":0,"rf":0}},{"type":"Feature","geometry":{"type":"LineString","coordinates":[[6.96923,49.22743],[6.9699,49.21305]]},"properties":{"d":"35870","load":2,"rf":0}},{"type":"Feature","geometry":{"type":"LineString","coordinates":[[6.96923,49.22743],[6.96593,49.22699]]},"properties":{"d":"35870","load":2,"rf":0}},{"type":"Feature","geometry":{"type":"LineString","coordinates":[[6.95054,49.24439],[6.9481,49.24465]]},"properties":{"d":"35870","load":2,"rf":0}},{"type":"Feature","geometry":{"type":"LineString","coordinates":[[6.93854,49.24557],[6.93496,49.24491]]},"properties":{"d":"35870","load":0,"rf":0}},{"type":"Feature","geometry":{"type":"LineString","coordinates":[[6.93854,49.24557],[6.94274,49.24498]]},"properties":{"d":"35870","load":1,"rf":0}},{"type":"Feature","geometry":{"type":"LineString","coordinates":[[6.98712,49.22221],[6.98299,49.22183]]},"properties":{"d":"35870","load":0,"rf":0}},{"type":"Feature","geometry":{"type":"LineString","coordinates":[[6.98712,49.22221],[6.99132,49.22358]]},"properties":{"d":"35870","load":0,"rf":0}},{"type":"Feature","geometry":{"type":"LineString","coordinates":[[6.95348,49.23257],[6.96734,49.2217]]},"properties":{"d":"35870","load":0,"rf":0}},{"type":"Feature","geometry":{"type":"LineString","coordinates":[[6.94638,49.23955],[6.94914,49.2368]]},"properties":{"d":"35870","load":1,"rf":0}},{"type":"Feature","geometry":{"type":"LineString","coordinates":[[6.908,49.23469],[6.90835,49.23186]]},"properties":{"d":"35870","load":0,"rf":0}},{"type":"Feature","geometry":{"type":"LineString","coordinates":[[6.92186,49.25825],[6.96197,49.24084]]},"properties":{"d":"35870","load":1,"rf":0}},{"type":"Feature","geometry":{"type":"LineString","coordinates":[[6.92186,49.25825],[6.91898,49.25995]]},"properties":{"d":"35870","load":1,"rf":0}},{"type":"Feature","geometry":{"type":"LineString","coordinates":[[6.97229,49.25137],[6.97318,49.24584]]},"properties":{"d":"35870","load":0,"rf":0}},{"type":"Feature","geometry":{"type":"LineString","coordinates":[[6.97229,49.25137],[6.96787,49.25146]]},"properties":{"d":"35870","load":0,"rf":0}},{"type":"Feature","geometry":{"type":"LineString","coordinates":[[6.96123,49.25687],[6.96557,49.25571]]},"properties":{"d":"35870","load":0,"rf":0}},{"type":"Feature","geometry":{"type":"LineString","coordinates":[[6.96123,49.25687],[6.95848,49.25664]]},"properties":{"d":"35870","load":0,"rf":0}},{"type":"Feature","geometry":{"type":"LineString","coordinates":[[6.96546,49.23914],[6.96548,49.23703]]},"properties":{"d":"35870","load":3,"rf":0}},{"type":"Feature","geometry":{"type":"LineString","coordinates":[[6.96197,49.24084],[6.96546,49.23914]]},"properties":{"d":"35870","load":1,"rf":0}},{"type":"Feature","geometry":{"type":"LineString","coordinates":[[6.95504,49.23804],[6.96013,49.23752]]},"properties":{"d":"35870","load":1,"rf":0}},{"type":"Feature","geometry":{"type":"LineString","coordinates":[[6.95504,49.23804],[6.95815,49.23641]]},"properties":{"d":"35870","load":1,"rf":0}},{"type":"Feature","geometry":{"type":"LineString","coordinates":[[6.96346,49.22229],[6.96442,49.22077]]},"properties":{"d":"35870","load":0,"rf":0}},{"type":"Feature","geometry":{"type":"LineString","coordinates":[[6.96197,49.24084],[6.95698,49.21833]]},"properties":{"d":"35870","load":1,"rf":0}},{"type":"Feature","geometry":{"type":"LineString","coordinates":[[6.98913,49.23502],[6.987,49.23469]]},"properties":{"d":"35870","load":1,"rf":0}},{"type":"Feature","geometry":{"type":"LineString","coordinates":[[6.98913,49.23502],[6.98942,49.23432]]},"properties":{"d":"35870","load":1,"rf":0}},{"type":"Feature","geometry":{"type":"LineString","coordinates":[[6.98818,49.21291],[6.97831,49.2205]]},"properties":{"d":"35870","load":0,"rf":0}},{"type":"Feature","geometry":{"type":"LineString","coordinates":[[6.98818,49.21291],[6.98707,49.21162]]},"properties":{"d":"35870","load":0,"rf":0}},{"type":"Feature","geometry":{"type":"LineString","coordinates":[[6.96805,49.24797],[6.96775,49.2466]]},"properties":{"d":"35870","load":2,"rf":0}},{"type":"Feature","geometry":{"type":"LineString","coordinates":[[6.96805,49.24797],[6.97054,49.24893]]},"properties":{"d":"35870","load":1,"rf":0}},{"type":"Feature","geometry":{"type":"LineString","coordinates":[[6.9827,49.21375],[6.98154,49.21392]]},"properties":{"d":"35870","load":1,"rf":0}},{"type":"Feature","geometry":{"type":"LineString","coordinates":[[6.93496,49.24491],[6.94139,49.248]]},"properties":{"d":"35870","load":1,"rf":0}},{"type":"Feature","geometry":{"type":"LineString","coordinates":[[6.98299,49.22183],[6.98231,49.22451]]},"properties":{"d":"35870","load":1,"rf":0}},{"type":"Feature","geometry":{"type":"LineString","coordinates":[[6.88877,49.23059],[6.88983,49.23522]]},"properties":{"d":"35870","load":1,"rf":0}},{"type":"Feature","geometry":{"type":"LineString","coordinates":[[6.88877,49.23059],[6.89158,49.23265]]},"properties":{"d":"35870","load":1,"rf":0}},{"type":"Feature","geometry":{"type":"LineString","coordinates":[[6.88877,49.23059],[6.88821,49.23021]]},"properties":{"d":"35870","load":0,"rf":0}},{"type":"Feature","geometry":{"type":"LineString","coordinates":[[6.93246,49.25397],[6.93109,49.2532]]},"properties":{"d":"35870","load":0,"rf":0}},{"type":"Feature","geometry":{"type":"LineString","coordinates":[[6.93246,49.25397],[6.93761,49.25531]]},"properties":{"d":"35870","load":1,"rf":0}},{"type":"Feature","geometry":{"type":"LineString","coordinates":[[6.97954,49.2391],[6.97986,49.23993]]},"properties":{"d":"35870","load":1,"rf":0}},{"type":"Feature","geometry":{"type":"LineString","coordinates":[[6.97954,49.2391],[6.97818,49.23887]]},"properties":{"d":"35870","load":2,"rf":0}},{"type":"Feature","geometry":{"type":"LineString","coordinates":[[6.97092,49.25931],[6.97244,49.25844]]},"properties":{"d":"35870","load":0,"rf":0}},{"type":"Feature","geometry":{"type":"LineString","coordinates":[[6.89493,49.24141],[6.89474,49.24138]]},"properties":{"d":"35870","load":0,"rf":0}},{"type":"Feature","geometry":{"type":"LineString","coordinates":[[6.95282,49.24675],[6.95333,49.24872]]},"properties":{"d":"35870","load":2,"rf":0}},{"type":"Feature","geometry":{"type":"LineString","coordinates":[[6.95282,49.24675],[6.95687,49.24409]]},"properties":{"d":"35870","load":2,"rf":0}},{"type":"Feature","geometry":{"type":"LineString","coordinates":[[6.94256,49.25047],[6.94159,49.25295]]},"properties":{"d":"35870","load":2,"rf":0}},{"type":"Feature","geometry":{"type":"LineString","coordinates":[[6.94256,49.25047],[6.9481,49.24465]]},"properties":{"d":"35870","load":2,"rf":0}},{"type":"Feature","geometry":{"type":"LineString","coordinates":[[6.91106,49.26032],[6.90798,49.2595]]},"properties":{"d":"35870","load":1,"rf":0}},{"type":"Feature","geometry":{"type":"LineString","coordinates":[[6.91106,49.26032],[6.9144,49.26136]]},"properties":{"d":"35870","load":0,"rf":0}},{"type":"Feature","geometry":{"type":"LineString","coordinates":[[6.97189,49.24351],[6.96941,49.24337]]},"properties":{"d":"35870","load":0,"rf":0}},{"type":"Feature","geometry":{"type":"LineString","coordinates":[[6.9741,49.22652],[6.96679,49.22911]]},"properties":{"d":"35870","load":0,"rf":0}},{"type":"Feature","geometry":{"type":"LineString","coordinates":[[6.9741,49.22652],[6.97405,49.22405]]},"properties":{"d":"35870","load":0,"rf":0}},{"type":"Feature","geometry":{"type":"LineString","coordinates":[[6.97634,49.21472],[6.97548,49.21488]]},"properties":{"d":"35870","load":3,"rf":0}},{"type":"Feature","geometry":{"type":"LineString","coordinates":[[6.97634,49.21472],[6.97791,49.21446]]},"properties":{"d":"35870","load":4,"rf":0}},{"type":"Feature","geometry":{"type":"LineString","coordinates":[[6.89105,49.23838],[6.88983,49.23522]]},"properties":{"d":"35870","load":1,"rf":0}},{"type":"Feature","geometry":{"type":"LineString","coordinates":[[6.96197,49.24084],[6.94914,49.2368]]},"properties":{"d":"35870","load":1,"rf":0}},{"type":"Feature","geometry":{"type":"LineString","coordinates":[[6.96801,49.23257],[6.96498,49.23241]]},"properties":{"d":"35870","load":2,"rf":0}},{"type":"Feature","geometry":{"type":"LineString","coordinates":[[6.93859,49.25061],[6.96197,49.24084]]},"properties":{"d":"35870","load":1,"rf":0}},{"type":"Feature","geometry":{"type":"LineString","coordinates":[[6.93859,49.25061],[6.93773,49.25203]]},"properties":{"d":"35870","load":1,"rf":0}},{"type":"Feature","geometry":{"type":"LineString","coordinates":[[6.94192,49.23649],[6.92901,49.23512]]},"properties":{"d":"35870","load":2,"rf":0}},{"type":"Feature","geometry":{"type":"LineString","coordinates":[[6.96197,49.24084],[6.94192,49.23649]]},"properties":{"d":"35870","load":3,"rf":0}},{"type":"Feature","geometry":{"type":"LineString","coordinates":[[6.99666,49.23956],[6.99441,49.23728]]},"properties":{"d":"35870","load":0,"rf":0}},{"type":"Feature","geometry":{"type":"LineString","coordinates":[[6.99666,49.23956],[6.99482,49.23894]]},"properties":{"d":"35870","load":1,"rf":0}},{"type":"Feature","geometry":{"type":"LineString","coordinates":[[6.98899,49.22499],[6.98977,49.22482]]},"properties":{"d":"35870","load":0,"rf":0}},{"type":"Feature","geometry":{"type":"LineString","coordinates":[[6.97432,49.24482],[6.97318,49.24584]]},"properties":{"d":"35870","load":1,"rf":0}},{"type":"Feature","geometry":{"type":"LineString","coordinates":[[6.97432,49.24482],[6.97067,49.24596]]},"properties":{"d":"35870","load":1,"rf":0}},{"type":"Feature","geometry":{"type":"LineString","coordinates":[[6.99477,49.25176],[6.9972,49.25004]]},"properties":{"d":"35870","load":0,"rf":0}},{"type":"Feature","geometry":{"type":"LineString","coordinates":[[6.99477,49.25176],[6.99333,49.25412]]},"properties":{"d":"35870","load":1,"rf":0}},{"type":"Feature","geometry":{"type":"LineString","coordinates":[[6.8923,49.24406],[6.96197,49.24084]]},"properties":{"d":"35870","load":1,"rf":0}},{"type":"Feature","geometry":{"type":"LineString","coordinates":[[6.9049,49.23171],[6.90476,49.23134]]},"properties":{"d":"35870","load":0,"rf":0}},{"type":"Feature","geometry":{"type":"LineString","coordinates":[[6.95886,49.20542],[6.96119,49.20648]]},"properties":{"d":"35870","load":0,"rf":0}},{"type":"Feature","geometry":{"type":"LineString","coordinates":[[6.95653,49.20551],[6.95886,49.20542]]},"properties":{"d":"35870","load":0,"rf":0}},{"type":"Feature","geometry":{"type":"LineString","coordinates":[[6.96589,49.23063],[6.96498,49.23241]]},"properties":{"d":"35870","load":0,"rf":0}},{"type":"Feature","geometry":{"type":"LineString","coordinates":[[6.96589,49.23063],[6.97285,49.23176]]},"properties":{"d":"35870","load":0,"rf":0}},{"type":"Feature","geometry":{"type":"LineString","coordinates":[[6.90835,49.23186],[6.96197,49.24084]]},"properties":{"d":"35870","load":1,"rf":0}},{"type":"Feature","geometry":{"type":"LineString","coordinates":[[6.90835,49.23186],[6.90476,49.23134]]},"properties":{"d":"35870","load":2,"rf":0}},{"type":"Feature","geometry":{"type":"LineString","coordinates":[[6.89343,49.22983],[6.8967,49.2304]]},"properties":{"d":"35870","load":0,"rf":0}},{"type":"Feature","geometry":{"type":"LineString","coordinates":[[6.89343,49.22983],[6.89148,49.22751]]},"properties":{"d":"35870","load":0,"rf":0}},{"type":"Feature","geometry":{"type":"LineString","coordinates":[[6.90302,49.23043],[6.90449,49.2293]]},"properties":{"d":"35870","load":2,"rf":0}},{"type":"Feature","geometry":{"type":"LineString","coordinates":[[6.90302,49.23043],[6.90476,49.23134]]},"properties":{"d":"35870","load":2,"rf":0}},{"type":"Feature","geometry":{"type":"LineString","coordinates":[[6.98449,49.23397],[6.98552,49.2324]]},"properties":{"d":"35870","load":1,"rf":0}},{"type":"Feature","geometry":{"type":"LineString","coordinates":[[6.98449,49.23397],[6.97988,49.23404]]},"properties":{"d":"35870","load":1,"rf":0}},{"type":"Feature","geometry":{"type":"LineString","coordinates":[[6.97893,49.23021],[6.98208,49.23093]]},"properties":{"d":"35870","load":0,"rf":0}},{"type":"Feature","geometry":{"type":"LineString","coordinates":[[6.96197,49.24084],[6.95485,49.25436]]},"properties":{"d":"35870","load":1,"rf":0}},{"type":"Feature","geometry":{"type":"LineString","coordinates":[[6.98675,49.23921],[6.9877,49.2386]]},"properties":{"d":"35870","load":1,"rf":0}},{"type":"Feature","geometry":{"type":"LineString","coordinates":[[6.98675,49.23921],[6.97775,49.2398]]},"properties":{"d":"35870","load":1,"rf":0}},{"type":"Feature","geometry":{"type":"LineString","coordinates":[[6.97831,49.2205],[6.9759,49.22271]]},"properties":{"d":"35870","load":6,"rf":0}},{"type":"Feature","geometry":{"type":"LineString","coordinates":[[6.99875,49.23608],[6.99844,49.23787]]},"properties":{"d":"35870","load":2,"rf":0}},{"type":"Feature","geometry":{"type":"LineString","coordinates":[[6.99875,49.23608],[6.99868,49.23564]]},"properties":{"d":"35870","load":0,"rf":0}},{"type":"Feature","geometry":{"type":"LineString","coordinates":[[6.92305,49.23616],[6.96197,49.24084]]},"properties":{"d":"35870","load":1,"rf":0}},{"type":"Feature","geometry":{"type":"LineString","coordinates":[[6.92305,49.23616],[6.91993,49.23572]]},"properties":{"d":"35870","load":1,"rf":0}},{"type":"Feature","geometry":{"type":"LineString","coordinates":[[6.98631,49.22965],[6.98498,49.22634]]},"properties":{"d":"35870","load":0,"rf":0}},{"type":"Feature","geometry":{"type":"LineString","coordinates":[[6.98631,49.22965],[6.98633,49.22791]]},"properties":{"d":"35870","load":0,"rf":0}},{"type":"Feature","geometry":{"type":"LineString","coordinates":[[6.88433,49.22757],[6.88821,49.23021]]},"properties":{"d":"35870","load":0,"rf":0}},{"type":"Feature","geometry":{"type":"LineString","coordinates":[[6.9752,49.25982],[6.97519,49.25621]]},"properties":{"d":"35870","load":1,"rf":0}},{"type":"Feature","geometry":{"type":"LineString","coordinates":[[6.99583,49.22359],[6.99132,49.22358]]},"properties":{"d":"35870","load":0,"rf":0}},{"type":"Feature","geometry":{"type":"LineString","coordinates":[[6.98552,49.2324],[6.9837,49.23205]]},"properties":{"d":"35870","load":0,"rf":0}},{"type":"Feature","geometry":{"type":"LineString","coordinates":[[6.97218,49.24085],[6.96883,49.24014]]},"properties":{"d":"35870","load":2,"rf":0}},{"type":"Feature","geometry":{"type":"LineString","coordinates":[[6.97218,49.24085],[6.97798,49.24123]]},"properties":{"d":"35870","load":1,"rf":0}},{"type":"Feature","geometry":{"type":"LineString","coordinates":[[6.90935,49.2576],[6.90798,49.2595]]},"properties":{"d":"35870","load":1,"rf":0}},{"type":"Feature","geometry":{"type":"LineString","coordinates":[[6.90935,49.2576],[6.91171,49.25791]]},"properties":{"d":"35870","load":1,"rf":0}},{"type":"Feature","geometry":{"type":"LineString","coordinates":[[6.99088,49.23075],[6.99087,49.23077]]},"properties":{"d":"35870","load":2,"rf":0}},{"type":"Feature","geometry":{"type":"LineString","coordinates":[[6.91521,49.24522],[6.95781,49.24104]]},"properties":{"d":"35870","load":0,"rf":0}},{"type":"Feature","geometry":{"type":"LineString","coordinates":[[6.91521,49.24522],[6.91476,49.25032]]},"properties":{"d":"35870","load":0,"rf":0}},{"type":"Feature","geometry":{"type":"LineString","coordinates":[[6.9204,49.25623],[6.91355,49.24919]]},"properties":{"d":"35870","load":0,"rf":0}},{"type":"Feature","geometry":{"type":"LineString","coordinates":[[6.96229,49.25174],[6.9653,49.24898]]},"properties":{"d":"35870","load":0,"rf":0}},{"type":"Feature","geometry":{"type":"LineString","coordinates":[[6.97337,49.21277],[6.97211,49.21248]]},"properties":{"d":"35870","load":2,"rf":0}},{"type":"Feature","geometry":{"type":"LineString","coordinates":[[6.97211,49.21248],[6.96197,49.24084]]},"properties":{"d":"35870","load":1,"rf":0}},{"type":"Feature","geometry":{"type":"LineString","coordinates":[[6.99258,49.22922],[6.989,49.23044]]},"properties":{"d":"35870","load":0,"rf":0}},{"type":"Feature","geometry":{"type":"LineString","coordinates":[[6.96197,49.24084],[6.9958,49.22745]]},"properties":{"d":"35870","load":1,"rf":0}},{"type":"Feature","geometry":{"type":"LineString","coordinates":[[6.93852,49.23585],[6.93485,49.23664]]},"properties":{"d":"35870","load":1,"rf":0}},{"type":"Feature","geometry":{"type":"LineString","coordinates":[[6.99441,49.23728],[6.99196,49.23728]]},"properties":{"d":"35870","load":2,"rf":0}},{"type":"Feature","geometry":{"type":"LineString","coordinates":[[6.96197,49.24084],[6.9109,49.25534]]},"properties":{"d":"35870","load":1,"rf":0}},{"type":"Feature","geometry":{"type":"LineString","coordinates":[[6.91537,49.25338],[6.91476,49.25032]]},"properties":{"d":"35870","load":0,"rf":0}},{"type":"Feature","geometry":{"type":"LineString","coordinates":[[6.99392,49.22604],[6.99291,49.22635]]},"properties":{"d":"35870","load":1,"rf":0}},{"type":"Feature","geometry":{"type":"LineString","coordinates":[[6.94597,49.24172],[6.94235,49.2429]]},"properties":{"d":"35870","load":1,"rf":0}},{"type":"Feature","geometry":{"type":"LineString","coordinates":[[6.94597,49.24172],[6.94944,49.24195]]},"properties":{"d":"35870","load":2,"rf":0}},{"type":"Feature","geometry":{"type":"LineString","coordinates":[[6.9925,49.23928],[6.98805,49.24031]]},"properties":{"d":"35870","load":3,"rf":0}},{"type":"Feature","geometry":{"type":"LineString","coordinates":[[6.9925,49.23928],[6.99482,49.23894]]},"properties":{"d":"35870","load":2,"rf":0}},{"type":"Feature","geometry":{"type":"LineString","coordinates":[[6.96589,49.24487],[6.96277,49.24497]]},"properties":{"d":"35870","load":2,"rf":0}},{"type":"Feature","geometry":{"type":"LineString","coordinates":[[6.96589,49.24487],[6.96941,49.24337]]},"properties":{"d":"35870","load":1,"rf":0}},{"type":"Feature","geometry":{"type":"LineString","coordinates":[[6.96622,49.21036],[6.96675,49.20997]]},"properties":{"d":"35870","load":0,"rf":0}},{"type":"Feature","geometry":{"type":"LineString","coordinates":[[6.99829,49.23281],[6.99779,49.23098]]},"properties":{"d":"35870","load":1,"rf":0}},{"type":"Feature","geometry":{"type":"LineString","coordinates":[[6.99829,49.23281],[6.99868,49.23564]]},"properties":{"d":"35870","load":0,"rf":0}},{"type":"Feature","geometry":{"type":"LineString","coordinates":[[6.97461,49.23472],[6.97226,49.23463]]},"properties":{"d":"35870","load":1,"rf":0}},{"type":"Feature","geometry":{"type":"LineString","coordinates":[[6.97461,49.23472],[6.97285,49.23176]]},"properties":{"d":"35870","load":1,"rf":0}},{"type":"Feature","geometry":{"type":"LineString","coordinates":[[6.96775,49.2466],[6.95957,49.24754]]},"properties":{"d":"35870","load":2,"rf":0}},{"type":"Feature","geometry":{"type":"LineString","coordinates":[[6.9972,49.25004],[6.99525,49.2485]]},"properties":{"d":"35870","load":0,"rf":0}},{"type":"Feature","geometry":{"type":"LineString","coordinates":[[6.96197,49.24084],[6.96883,49.24014]]},"properties":{"d":"35870","load":2,"rf":0}},{"type":"Feature","geometry":{"type":"LineString","coordinates":[[6.95446,49.23504],[6.95815,49.23641]]},"properties":{"d":"35870","load":2,"rf":0}},{"type":"Feature","geometry":{"type":"LineString","coordinates":[[6.95446,49.23504],[6.94846,49.23818]]},"properties":{"d":"35870","load":1,"rf":0}},{"type":"Feature","geometry":{"type":"LineString","coordinates":[[6.97338,49.21428],[6.9699,49.21305]]},"properties":{"d":"35870","load":0,"rf":0}},{"type":"Feature","geometry":{"type":"LineString","coordinates":[[6.97798,49.24123],[6.97656,49.23968]]},"properties":{"d":"35870","load":0,"rf":0}},{"type":"Feature","geometry":{"type":"LineString","coordinates":[[6.9709,49.25695],[6.96765,49.25544]]},"properties":{"d":"35870","load":0,"rf":0}},{"type":"Feature","geometry":{"type":"LineString","coordinates":[[6.9709,49.25695],[6.97244,49.25844]]},"properties":{"d":"35870","load":0,"rf":0}},{"type":"Feature","geometry":{"type":"LineString","coordinates":[[6.96197,49.24084],[6.97226,49.23463]]},"properties":{"d":"35870","load":1,"rf":0}},{"type":"Feature","geometry":{"type":"LineString","coordinates":[[6.88812,49.22434],[6.88756,49.22382]]},"properties":{"d":"35870","load":0,"rf":0}},{"type":"Feature","geometry":{"type":"LineString","coordinates":[[6.99779,49.23098],[6.99592,49.23315]]},"properties":{"d":"35870","load":2,"rf":0}},{"type":"Feature","geometry":{"type":"LineString","coordinates":[[6.91455,49.23977],[6.91054,49.24242]]},"properties":{"d":"35870","load":0,"rf":0}},{"type":"Feature","geometry":{"type":"LineString","coordinates":[[6.97975,49.24888],[6.98006,49.2464]]},"properties":{"d":"35870","load":0,"rf":0}},{"type":"Feature","geometry":{"type":"LineString","coordinates":[[6.97975,49.24888],[6.97772,49.25196]]},"properties":{"d":"35870","load":1,"rf":0}},{"type":"Feature","geometry":{"type":"LineString","coordinates":[[6.96557,49.25571],[6.96765,49.25544]]},"properties":{"d":"35870","load":0,"rf":0}},{"type":"Feature","geometry":{"type":"LineString","coordinates":[[6.97105,49.23107],[6.97708,49.22768]]},"properties":{"d":"35870","load":7,"rf":0}},{"type":"Feature","geometry":{"type":"LineString","coordinates":[[6.96197,49.24084],[6.97105,49.23107]]},"properties":{"d":"35870","load":2,"rf":0}},{"type":"Feature","geometry":{"type":"LineString","coordinates":[[6.95583,49.25128],[6.95333,49.24872]]},"properties":{"d":"35870","load":0,"rf":0}},{"type":"Feature","geometry":{"type":"LineString","coordinates":[[6.94395,49.24057],[6.94846,49.23818]]},"properties":{"d":"35870","load":1,"rf":0}},{"type":"Feature","geometry":{"type":"LineString","coordinates":[[6.94395,49.24057],[6.94286,49.24216]]},"properties":{"d":"35870","load":0,"rf":0}},{"type":"Feature","geometry":{"type":"LineString","coordinates":[[6.98976,49.24532],[6.98689,49.24512]]},"properties":{"d":"35870","load":0,"rf":0}},{"type":"Feature","geometry":{"type":"LineString","coordinates":[[6.97608,49.25077],[6.98976,49.24532]]},"properties":{"d":"35870","load":1,"rf":0}},{"type":"Feature","geometry":{"type":"LineString","coordinates":[[6.9144,49.26136],[6.91509,49.26166]]},"properties":{"d":"35870","load":0,"rf":0}},{"type":"Feature","geometry":{"type":"LineString","coordinates":[[6.90221,49.24818],[6.91138,49.24697]]},"properties":{"d":"35870","load":2,"rf":0}},{"type":"Feature","geometry":{"type":"LineString","coordinates":[[6.90221,49.24818],[6.90323,49.24755]]},"properties":{"d":"35870","load":2,"rf":0}},{"type":"Feature","geometry":{"type":"LineString","coordinates":[[6.91928,49.23563],[6.91993,49.23572]]},"properties":{"d":"35870","load":1,"rf":0}},{"type":"Feature","geometry":{"type":"LineString","coordinates":[[6.96197,49.24084],[6.99361,49.24505]]},"properties":{"d":"35870","load":1,"rf":0}},{"type":"Feature","geometry":{"type":"LineString","coordinates":[[6.96197,49.24084],[6.98893,49.24241]]},"properties":{"d":"35870","load":3,"rf":0}},{"type":"Feature","geometry":{"type":"LineString","coordinates":[[6.99927,49.24552],[6.99525,49.2485]]},"properties":{"d":"35870","load":1,"rf":0}},{"type":"Feature","geometry":{"type":"LineString","coordinates":[[6.99927,49.24552],[6.99807,49.24542]]},"properties":{"d":"35870","load":2,"rf":0}},{"type":"Feature","geometry":{"type":"LineString","coordinates":[[6.92337,49.25119],[6.92397,49.24776]]},"properties":{"d":"35870","load":0,"rf":0}},{"type":"Feature","geometry":{"type":"LineString","coordinates":[[6.92337,49.25119],[6.93109,49.2532]]},"properties":{"d":"35870","load":0,"rf":0}},{"type":"Feature","geometry":{"type":"LineString","coordinates":[[6.91364,49.26377],[6.91586,49.262]]},"properties":{"d":"35870","load":0,"rf":0}},{"type":"Feature","geometry":{"type":"LineString","coordinates":[[6.91364,49.26377],[6.91397,49.26651]]},"properties":{"d":"35870","load":0,"rf":0}},{"type":"Feature","geometry":{"type":"LineString","coordinates":[[6.9109,49.25534],[6.91639,49.25863]]},"properties":{"d":"35870","load":2,"rf":0}},{"type":"Feature","geometry":{"type":"LineString","coordinates":[[6.91078,49.25323],[6.9109,49.25534]]},"properties":{"d":"35870","load":2,"rf":0}},{"type":"Feature","geometry":{"type":"LineString","coordinates":[[6.98805,49.24031],[6.98587,49.2404]]},"properties":{"d":"35870","load":1,"rf":0}},{"type":"Feature","geometry":{"type":"LineString","coordinates":[[6.96197,49.24084],[6.96679,49.22911]]},"properties":{"d":"35870","load":0,"rf":0}},{"type":"Feature","geometry":{"type":"LineString","coordinates":[[6.93141,49.24876],[6.96197,49.24084]]},"properties":{"d":"35870","load":1,"rf":0}},{"type":"Feature","geometry":{"type":"LineString","coordinates":[[6.96197,49.24084],[6.98587,49.2404]]},"properties":{"d":"35870","load":1,"rf":0}},{"type":"Feature","geometry":{"type":"LineString","coordinates":[[6.96197,49.24084],[6.95781,49.24104]]},"properties":{"d":"35870","load":0,"rf":0}},{"type":"Feature","geometry":{"type":"LineString","coordinates":[[6.9653,49.24898],[6.96442,49.24798]]},"properties":{"d":"35870","load":2,"rf":0}},{"type":"Feature","geometry":{"type":"LineString","coordinates":[[6.9837,49.23205],[6.97807,49.23175]]},"properties":{"d":"35870","load":1,"rf":0}},{"type":"Feature","geometry":{"type":"LineString","coordinates":[[6.9781,49.22532],[6.98231,49.22451]]},"properties":{"d":"35870","load":1,"rf":0}},{"type":"Feature","geometry":{"type":"LineString","coordinates":[[6.96197,49.24084],[6.9781,49.22532]]},"properties":{"d":"35870","load":1,"rf":0}},{"type":"Feature","geometry":{"type":"LineString","coordinates":[[6.98498,49.22634],[6.98244,49.22766]]},"properties":{"d":"35870","load":1,"rf":0}},{"type":"Feature","geometry":{"type":"LineString","coordinates":[[6.99024,49.23232],[6.98942,49.23432]]},"properties":{"d":"35870","load":2,"rf":0}},{"type":"Feature","geometry":{"type":"LineString","coordinates":[[6.99024,49.23232],[6.99087,49.23077]]},"properties":{"d":"35870","load":2,"rf":0}},{"type":"Feature","geometry":{"type":"LineString","coordinates":[[6.96197,49.24084],[6.96442,49.24798]]},"properties":{"d":"35870","load":0,"rf":0}},{"type":"Feature","geometry":{"type":"LineString","coordinates":[[6.96197,49.24084],[6.97067,49.24596]]},"properties":{"d":"35870","load":2,"rf":0}},{"type":"Feature","geometry":{"type":"LineString","coordinates":[[6.99361,49.24505],[6.99807,49.24542]]},"properties":{"d":"35870","load":2,"rf":0}},{"type":"Feature","geometry":{"type":"LineString","coordinates":[[6.96197,49.24084],[6.96593,49.22699]]},"properties":{"d":"35870","load":3,"rf":0}},{"type":"Feature","geometry":{"type":"LineString","coordinates":[[6.92131,49.26391],[6.91721,49.26224]]},"properties":{"d":"35870","load":0,"rf":0}},{"type":"Feature","geometry":{"type":"LineString","coordinates":[[6.97986,49.23993],[6.98689,49.24512]]},"properties":{"d":"35870","load":1,"rf":0}},{"type":"Feature","geometry":{"type":"LineString","coordinates":[[6.96197,49.24084],[6.96177,49.24149]]},"properties":{"d":"35870","load":1,"rf":0}},{"type":"Feature","geometry":{"type":"LineString","coordinates":[[6.96197,49.24084],[6.987,49.23469]]},"properties":{"d":"35870","load":1,"rf":0}},{"type":"Feature","geometry":{"type":"LineString","coordinates":[[6.91007,49.22854],[6.91871,49.22868]]},"properties":{"d":"35870","load":0,"rf":0}},{"type":"Feature","geometry":{"type":"LineString","coordinates":[[6.96197,49.24084],[6.99333,49.25412]]},"properties":{"d":"35870","load":1,"rf":0}},{"type":"Feature","geometry":{"type":"LineString","coordinates":[[6.99118,49.24888],[6.9866,49.24769]]},"properties":{"d":"35870","load":1,"rf":0}},{"type":"Feature","geometry":{"type":"LineString","coordinates":[[6.99441,49.2348],[6.99539,49.23378]]},"properties":{"d":"35870","load":1,"rf":0}},{"type":"Feature","geometry":{"type":"LineString","coordinates":[[6.99441,49.2348],[6.99428,49.23489]]},"properties":{"d":"35870","load":1,"rf":0}},{"type":"Feature","geometry":{"type":"LineString","coordinates":[[6.96739,49.25577],[6.96765,49.25544]]},"properties":{"d":"35870","load":0,"rf":0}},{"type":"Feature","geometry":{"type":"LineString","coordinates":[[6.98494,49.22336],[6.98415,49.22052]]},"properties":{"d":"35870","load":0,"rf":0}},{"type":"Feature","geometry":{"type":"LineString","coordinates":[[6.98494,49.22336],[6.98977,49.22482]]},"properties":{"d":"35870","load":1,"rf":0}},{"type":"Feature","geometry":{"type":"LineString","coordinates":[[6.95925,49.24701],[6.95957,49.24754]]},"properties":{"d":"35870","load":3,"rf":0}},{"type":"Feature","geometry":{"type":"LineString","coordinates":[[6.96197,49.24084],[6.95925,49.24701]]},"properties":{"d":"35870","load":3,"rf":0}},{"type":"Feature","geometry":{"type":"LineString","coordinates":[[6.96197,49.24084],[6.94274,49.24498]]},"properties":{"d":"35870","load":0,"rf":0}},{"type":"Feature","geometry":{"type":"LineString","coordinates":[[6.92615,49.24425],[6.91998,49.24567]]},"properties":{"d":"35870","load":1,"rf":0}},{"type":"Feature","geometry":{"type":"LineString","coordinates":[[6.96197,49.24084],[6.92615,49.24425]]},"properties":{"d":"35870","load":1,"rf":0}},{"type":"Feature","geometry":{"type":"LineString","coordinates":[[6.95273,49.237],[6.95163,49.24004]]},"properties":{"d":"35870","load":1,"rf":0}},{"type":"Feature","geometry":{"type":"LineString","coordinates":[[6.95163,49.24004],[6.95405,49.24068]]},"properties":{"d":"35870","load":1,"rf":0}},{"type":"Feature","geometry":{"type":"LineString","coordinates":[[6.99844,49.23787],[6.99988,49.24009]]},"properties":{"d":"35870","load":4,"rf":0}},{"type":"Feature","geometry":{"type":"LineString","coordinates":[[6.97638,49.21194],[6.96749,49.21329]]},"properties":{"d":"35870","load":0,"rf":0}},{"type":"Feature","geometry":{"type":"LineString","coordinates":[[6.97638,49.21194],[6.97657,49.21192]]},"properties":{"d":"35870","load":2,"rf":0}},{"type":"Feature","geometry":{"type":"LineString","coordinates":[[6.98906,49.23776],[6.99196,49.23728]]},"properties":{"d":"35870","load":3,"rf":0}},{"type":"Feature","geometry":{"type":"LineString","coordinates":[[6.98906,49.23776],[6.9877,49.2386]]},"properties":{"d":"35870","load":1,"rf":0}},{"type":"Feature","geometry":{"type":"LineString","coordinates":[[6.90419,49.23944],[6.90223,49.23647]]},"properties":{"d":"35870","load":0,"rf":0}},{"type":"Feature","geometry":{"type":"LineString","coordinates":[[6.90266,49.24296],[6.90183,49.23821]]},"properties":{"d":"35870","load":0,"rf":0}},{"type":"Feature","geometry":{"type":"LineString","coordinates":[[6.95848,49.25664],[6.95825,49.25476]]},"properties":{"d":"35870","load":1,"rf":0}},{"type":"Feature","geometry":{"type":"LineString","coordinates":[[6.95617,49.2409],[6.95405,49.24068]]},"properties":{"d":"35870","load":1,"rf":0}},{"type":"Feature","geometry":{"type":"LineString","coordinates":[[6.96197,49.24084],[6.95617,49.2409]]},"properties":{"d":"35870","load":1,"rf":0}},{"type":"Feature","geometry":{"type":"LineString","coordinates":[[6.90183,49.23821],[6.90174,49.22488]]},"properties":{"d":"35870","load":1,"rf":0}},{"type":"Feature","geometry":{"type":"LineString","coordinates":[[6.90183,49.23821],[6.90223,49.23647]]},"properties":{"d":"35870","load":1,"rf":0}},{"type":"Feature","geometry":{"type":"LineString","coordinates":[[6.97807,49.23175],[6.97563,49.23295]]},"properties":{"d":"35870","load":2,"rf":0}},{"type":"Feature","geometry":{"type":"LineString","coordinates":[[6.93894,49.24234],[6.93077,49.24393]]},"properties":{"d":"35870","load":0,"rf":0}},{"type":"Feature","geometry":{"type":"LineString","coordinates":[[6.96787,49.25146],[6.97054,49.24893]]},"properties":{"d":"35870","load":0,"rf":0}},{"type":"Feature","geometry":{"type":"LineString","coordinates":[[6.98971,49.21965],[6.98415,49.22052]]},"properties":{"d":"35870","load":0,"rf":0}},{"type":"Feature","geometry":{"type":"LineString","coordinates":[[6.989,49.23044],[6.98693,49.23124]]},"properties":{"d":"35870","load":1,"rf":0}},{"type":"Feature","geometry":{"type":"LineString","coordinates":[[6.97519,49.25621],[6.97244,49.25844]]},"properties":{"d":"35870","load":1,"rf":0}},{"type":"Feature","geometry":{"type":"LineString","coordinates":[[6.97405,49.22405],[6.97431,49.22021]]},"properties":{"d":"35870","load":0,"rf":0}},{"type":"Feature","geometry":{"type":"LineString","coordinates":[[6.95485,49.25436],[6.95605,49.2545]]},"properties":{"d":"35870","load":1,"rf":0}},{"type":"Feature","geometry":{"type":"LineString","coordinates":[[6.91898,49.25995],[6.91721,49.26224]]},"properties":{"d":"35870","load":1,"rf":0}},{"type":"Feature","geometry":{"type":"LineString","coordinates":[[6.96197,49.24084],[6.90174,49.22488]]},"properties":{"d":"35870","load":1,"rf":0}},{"type":"Feature","geometry":{"type":"LineString","coordinates":[[6.90876,49.22614],[6.92366,49.23164]]},"properties":{"d":"35870","load":0,"rf":0}},{"type":"Feature","geometry":{"type":"LineString","coordinates":[[6.8967,49.2304],[6.89318,49.23266]]},"properties":{"d":"35870","load":0,"rf":0}},{"type":"Feature","geometry":{"type":"LineString","coordinates":[[6.97656,49.23968],[6.97164,49.23932]]},"properties":{"d":"35870","load":1,"rf":0}},{"type":"Feature","geometry":{"type":"LineString","coordinates":[[6.96197,49.24084],[6.97164,49.23932]]},"properties":{"d":"35870","load":3,"rf":0}},{"type":"Feature","geometry":{"type":"LineString","coordinates":[[6.93888,49.24419],[6.94012,49.24421]]},"properties":{"d":"35870","load":0,"rf":0}},{"type":"Feature","geometry":{"type":"LineString","coordinates":[[6.96197,49.24084],[6.97563,49.23295]]},"properties":{"d":"35870","load":3,"rf":0}},{"type":"Feature","geometry":{"type":"LineString","coordinates":[[6.97708,49.22768],[6.9759,49.22271]]},"properties":{"d":"35870","load":6,"rf":0}},{"type":"Feature","geometry":{"type":"LineString","coordinates":[[6.9958,49.22745],[6.99291,49.22635]]},"properties":{"d":"35870","load":1,"rf":0}},{"type":"Feature","geometry":{"type":"LineString","coordinates":[[6.96548,49.23703],[6.96794,49.23726]]},"properties":{"d":"35870","load":2,"rf":0}},{"type":"Feature","geometry":{"type":"LineString","coordinates":[[6.97988,49.23404],[6.97753,49.23382]]},"properties":{"d":"35870","load":2,"rf":0}},{"type":"Feature","geometry":{"type":"LineString","coordinates":[[6.96977,49.21734],[6.96934,49.21606]]},"properties":{"d":"35870","load":1,"rf":0}},{"type":"Feature","geometry":{"type":"LineString","coordinates":[[6.96934,49.21606],[6.96749,49.21329]]},"properties":{"d":"35870","load":0,"rf":0}},{"type":"Feature","geometry":{"type":"LineString","coordinates":[[6.96934,49.21606],[6.97212,49.21557]]},"properties":{"d":"35870","load":1,"rf":0}},{"type":"Feature","geometry":{"type":"LineString","coordinates":[[6.91171,49.25791],[6.91639,49.25863]]},"properties":{"d":"35870","load":2,"rf":0}},{"type":"Feature","geometry":{"type":"LineString","coordinates":[[6.99592,49.23315],[6.99539,49.23378]]},"properties":{"d":"35870","load":4,"rf":0}},{"type":"Feature","geometry":{"type":"LineString","coordinates":[[6.95825,49.25476],[6.95605,49.2545]]},"properties":{"d":"35870","load":1,"rf":0}},{"type":"Feature","geometry":{"type":"LineString","coordinates":[[6.90069,49.22746],[6.90449,49.2293]]},"properties":{"d":"35870","load":1,"rf":0}},{"type":"Feature","geometry":{"type":"LineString","coordinates":[[6.95333,49.24872],[6.94845,49.24715]]},"properties":{"d":"35870","load":1,"rf":0}},{"type":"Feature","geometry":{"type":"LineString","coordinates":[[6.91138,49.24697],[6.91266,49.24681]]},"properties":{"d":"35870","load":2,"rf":0}},{"type":"Feature","geometry":{"type":"LineString","coordinates":[[6.94845,49.24715],[6.9481,49.24465]]},"properties":{"d":"35870","load":0,"rf":0}},{"type":"Feature","geometry":{"type":"LineString","coordinates":[[6.94235,49.2429],[6.94286,49.24216]]},"properties":{"d":"35870","load":0,"rf":0}},{"type":"Feature","geometry":{"type":"LineString","coordinates":[[6.90251,49.23527],[6.90566,49.23706]]},"properties":{"d":"35870","load":0,"rf":0}},{"type":"Feature","geometry":{"type":"LineString","coordinates":[[6.90251,49.23527],[6.90232,49.23582]]},"properties":{"d":"35870","load":1,"rf":0}},{"type":"Feature","geometry":{"type":"LineString","coordinates":[[6.96197,49.24084],[6.97753,49.23382]]},"properties":{"d":"35870","load":3,"rf":0}},{"type":"Feature","geometry":{"type":"LineString","coordinates":[[6.99905,49.24113],[6.99988,49.24009]]},"properties":{"d":"35870","load":1,"rf":0}},{"type":"Feature","geometry":{"type":"LineString","coordinates":[[6.99988,49.24009],[6.98202,49.24044]]},"properties":{"d":"35870","load":1,"rf":0}},{"type":"Feature","geometry":{"type":"LineString","coordinates":[[6.95698,49.21833],[6.94832,49.21613]]},"properties":{"d":"35870","load":10,"rf":0}},{"type":"Feature","geometry":{"type":"LineString","coordinates":[[6.96197,49.24084],[6.95687,49.24409]]},"properties":{"d":"35870","load":1,"rf":0}},{"type":"Feature","geometry":{"type":"LineString","coordinates":[[6.97928,49.24346],[6.97823,49.24436]]},"properties":{"d":"35870","load":2,"rf":0}},{"type":"Feature","geometry":{"type":"LineString","coordinates":[[6.96197,49.24084],[6.97928,49.24346]]},"properties":{"d":"35870","load":1,"rf":0}},{"type":"Feature","geometry":{"type":"LineString","coordinates":[[6.97564,49.25406],[6.97772,49.25196]]},"properties":{"d":"35870","load":0,"rf":0}},{"type":"Feature","geometry":{"type":"LineString","coordinates":[[6.93911,49.23979],[6.93118,49.24113]]},"properties":{"d":"35870","load":0,"rf":0}},{"type":"Feature","geometry":{"type":"LineString","coordinates":[[6.91721,49.26224],[6.91586,49.262]]},"properties":{"d":"35870","load":0,"rf":0}},{"type":"Feature","geometry":{"type":"LineString","coordinates":[[6.96197,49.24084],[6.96013,49.23752]]},"properties":{"d":"35870","load":1,"rf":0}},{"type":"Feature","geometry":{"type":"LineString","coordinates":[[6.96197,49.24084],[6.9866,49.24769]]},"properties":{"d":"35870","load":1,"rf":0}},{"type":"Feature","geometry":{"type":"LineString","coordinates":[[6.96197,49.24084],[6.94944,49.24195]]},"properties":{"d":"35870","load":1,"rf":0}},{"type":"Feature","geometry":{"type":"LineString","coordinates":[[6.89158,49.23265],[6.89318,49.23266]]},"properties":{"d":"35870","load":0,"rf":0}},{"type":"Feature","geometry":{"type":"LineString","coordinates":[[6.99353,49.20927],[6.98707,49.21162]]},"properties":{"d":"35870","load":0,"rf":0}},{"type":"Feature","geometry":{"type":"LineString","coordinates":[[7.02311,49.19542],[7.02322,49.1953]]},"properties":{"d":"35870","load":0,"rf":0}},{"type":"Feature","geometry":{"type":"LineString","coordinates":[[7.02311,49.19542],[7.02062,49.19722]]},"properties":{"d":"35870","load":0,"rf":0}},{"type":"Feature","geometry":{"type":"LineString","coordinates":[[7.01753,49.19706],[7.02062,49.19722]]},"properties":{"d":"35870","load":0,"rf":0}},{"type":"Feature","geometry":{"type":"LineString","coordinates":[[7.02584,49.19032],[7.02221,49.19242]]},"properties":{"d":"35870","load":0,"rf":0}},{"type":"Feature","geometry":{"type":"LineString","coordinates":[[7.02221,49.19242],[7.02322,49.1953]]},"properties":{"d":"35870","load":1,"rf":0}},{"type":"Feature","geometry":{"type":"LineString","coordinates":[[7.03727,49.17984],[7.03679,49.1766]]},"properties":{"d":"35870","load":1,"rf":0}},{"type":"Feature","geometry":{"type":"LineString","coordinates":[[7.03727,49.17984],[7.04026,49.18019]]},"properties":{"d":"35870","load":0,"rf":0}},{"type":"Feature","geometry":{"type":"LineString","coordinates":[[7.04415,49.17704],[7.04841,49.18283]]},"properties":{"d":"35870","load":0,"rf":0}},{"type":"Feature","geometry":{"type":"LineString","coordinates":[[7.04415,49.17704],[7.04026,49.18019]]},"properties":{"d":"35870","load":0,"rf":0}},{"type":"Feature","geometry":{"type":"LineString","coordinates":[[7.04525,49.18343],[7.04841,49.18283]]},"properties":{"d":"35870","load":1,"rf":0}},{"type":"Feature","geometry":{"type":"LineString","coordinates":[[7.04525,49.18343],[7.04115,49.18722]]},"properties":{"d":"35870","load":1,"rf":0}},{"type":"Feature","geometry":{"type":"LineString","coordinates":[[7.03878,49.18213],[7.03679,49.1766]]},"properties":{"d":"35870","load":1,"rf":0}},{"type":"Feature","geometry":{"type":"LineString","coordinates":[[6.96197,49.24084],[7.03878,49.18213]]},"properties":{"d":"35870","load":2,"rf":0}},{"type":"Feature","geometry":{"type":"LineString","coordinates":[[7.04215,49.18895],[6.96197,49.24084]]},"properties":{"d":"35870","load":2,"rf":0}},{"type":"Feature","geometry":{"type":"LineString","coordinates":[[7.04115,49.18722],[6.96197,49.24084]]},"properties":{"d":"35870","load":2,"rf":0}},{"type":"Feature","geometry":{"type":"LineString","coordinates":[[7.03702,49.1874],[7.0378,49.18739]]},"properties":{"d":"35870","load":0,"rf":0}},{"type":"Feature","geometry":{"type":"LineString","coordinates":[[7.03679,49.1766],[7.04776,49.17372]]},"properties":{"d":"35870","load":0,"rf":0}},{"type":"Feature","geometry":{"type":"LineString","coordinates":[[7.03526,49.19265],[6.96197,49.24084]]},"properties":{"d":"35870","load":2,"rf":0}},{"type":"Feature","geometry":{"type":"LineString","coordinates":[[7.04068,49.19105],[6.96197,49.24084]]},"properties":{"d":"35870","load":2,"rf":0}},{"type":"Feature","geometry":{"type":"LineString","coordinates":[[6.96197,49.24084],[6.83351,49.21544]]},"properties":{"d":"35870","load":3,"rf":0}},{"type":"Feature","geometry":{"type":"LineString","coordinates":[[6.83351,49.21544],[6.85055,49.22297]]},"properties":{"d":"35870","load":0,"rf":0}},{"type":"Feature","geometry":{"type":"LineString","coordinates":[[6.90593,49.26692],[6.91397,49.26651]]},"properties":{"d":"35870","load":0,"rf":0}},{"type":"Feature","geometry":{"type":"LineString","coordinates":[[6.96234,49.21482],[6.964,49.21032]]},"properties":{"d":"35870","load":2,"rf":0}},{"type":"Feature","geometry":{"type":"LineString","coordinates":[[6.96234,49.21482],[6.96197,49.24084]]},"properties":{"d":"35870","load":1,"rf":0}},{"type":"Feature","geometry":{"type":"LineString","coordinates":[[6.96811,49.21133],[6.96675,49.20997]]},"properties":{"d":"35870","load":1,"rf":0}},{"type":"Feature","geometry":{"type":"LineString","coordinates":[[6.97607,49.21324],[6.97657,49.21192]]},"properties":{"d":"35870","load":1,"rf":0}},{"type":"Feature","geometry":{"type":"LineString","coordinates":[[6.97208,49.21371],[6.97257,49.21371]]},"properties":{"d":"35870","load":0,"rf":0}},{"type":"Feature","geometry":{"type":"LineString","coordinates":[[6.97302,49.21568],[6.97212,49.21557]]},"properties":{"d":"35870","load":1,"rf":0}},{"type":"Feature","geometry":{"type":"LineString","coordinates":[[6.9758,49.21515],[6.97548,49.21488]]},"properties":{"d":"35870","load":1,"rf":0}},{"type":"Feature","geometry":{"type":"LineString","coordinates":[[6.97425,49.21632],[6.97507,49.21497]]},"properties":{"d":"35870","load":1,"rf":0}},{"type":"Feature","geometry":{"type":"LineString","coordinates":[[6.97791,49.21474],[6.97791,49.21446]]},"properties":{"d":"35870","load":1,"rf":0}},{"type":"Feature","geometry":{"type":"LineString","coordinates":[[6.97913,49.21552],[6.97865,49.21435]]},"properties":{"d":"35870","load":1,"rf":0}},{"type":"Feature","geometry":{"type":"LineString","coordinates":[[6.98096,49.21513],[6.97657,49.21192]]},"properties":{"d":"35870","load":1,"rf":0}},{"type":"Feature","geometry":{"type":"LineString","coordinates":[[6.96197,49.24084],[6.83388,49.21436]]},"properties":{"d":"35870","load":3,"rf":0}},{"type":"Feature","geometry":{"type":"LineString","coordinates":[[6.97995,49.21642],[6.97657,49.21192]]},"properties":{"d":"35870","load":1,"rf":0}},{"type":"Feature","geometry":{"type":"LineString","coordinates":[[6.94679,49.23792],[6.94846,49.23818]]},"properties":{"d":"35870","load":1,"rf":0}},{"type":"Feature","geometry":{"type":"LineString","coordinates":[[6.95847,49.23655],[6.95815,49.23641]]},"properties":{"d":"35870","load":6,"rf":0}},{"type":"Feature","geometry":{"type":"LineString","coordinates":[[6.97044,49.23375],[6.97181,49.23352]]},"properties":{"d":"35870","load":1,"rf":0}},{"type":"Feature","geometry":{"type":"LineString","coordinates":[[6.97694,49.23766],[6.97818,49.23887]]},"properties":{"d":"35870","load":1,"rf":0}},{"type":"Feature","geometry":{"type":"LineString","coordinates":[[6.95961,49.24799],[6.95957,49.24754]]},"properties":{"d":"35870","load":1,"rf":0}},{"type":"Feature","geometry":{"type":"LineString","coordinates":[[6.97843,49.24447],[6.97823,49.24436]]},"properties":{"d":"35870","load":5,"rf":0}},{"type":"Feature","geometry":{"type":"LineString","coordinates":[[6.97213,49.25432],[6.97314,49.25425]]},"properties":{"d":"35870","load":1,"rf":0}},{"type":"Feature","geometry":{"type":"LineString","coordinates":[[6.9945,49.23375],[6.99539,49.23378]]},"properties":{"d":"35870","load":0,"rf":0}},{"type":"Feature","geometry":{"type":"LineString","coordinates":[[6.94965,49.21384],[6.94832,49.21613]]},"properties":{"d":"35870","load":1,"rf":0}},{"type":"Feature","geometry":{"type":"LineString","coordinates":[[6.98948,49.23975],[6.98678,49.24022]]},"properties":{"d":"35870","load":1,"rf":0}},{"type":"Feature","geometry":{"type":"LineString","coordinates":[[6.96974,49.23358],[6.97181,49.23352]]},"properties":{"d":"35870","load":2,"rf":0}},{"type":"Feature","geometry":{"type":"LineString","coordinates":[[6.96974,49.23358],[6.96974,49.23358]]},"properties":{"d":"35870","load":0,"rf":0}},{"type":"Feature","geometry":{"type":"LineString","coordinates":[[6.97608,49.25077],[6.97823,49.24436]]},"properties":{"d":"35870","load":4,"rf":0}},{"type":"Feature","geometry":{"type":"LineString","coordinates":[[6.97747,49.2516],[6.97772,49.25196]]},"properties":{"d":"35870","load":1,"rf":0}},{"type":"Feature","geometry":{"type":"LineString","coordinates":[[6.97239,49.25466],[6.9692,49.25043]]},"properties":{"d":"35870","load":0,"rf":0}},{"type":"Feature","geometry":{"type":"LineString","coordinates":[[6.97239,49.25466],[6.97239,49.25466]]},"properties":{"d":"35870","load":2,"rf":0}},{"type":"Feature","geometry":{"type":"LineString","coordinates":[[6.93285,49.2539],[6.96197,49.24084]]},"properties":{"d":"35870","load":1,"rf":0}},{"type":"Feature","geometry":{"type":"LineString","coordinates":[[6.96197,49.24084],[6.94208,49.24655]]},"properties":{"d":"35870","load":1,"rf":0}},{"type":"Feature","geometry":{"type":"LineString","coordinates":[[6.97337,49.21277],[6.97257,49.21371]]},"properties":{"d":"35870","load":6,"rf":0}},{"type":"Feature","geometry":{"type":"LineString","coordinates":[[6.97338,49.21428],[6.97257,49.21371]]},"properties":{"d":"35870","load":5,"rf":0}},{"type":"Feature","geometry":{"type":"LineString","coordinates":[[7.03645,49.18902],[6.96197,49.24084]]},"properties":{"d":"35870","load":2,"rf":0}},{"type":"Feature","geometry":{"type":"LineString","coordinates":[[6.95407,49.24039],[6.95405,49.24068]]},"properties":{"d":"35870","load":1,"rf":0}},{"type":"Feature","geometry":{"type":"LineString","coordinates":[[6.95653,49.20551],[6.96367,49.20992]]},"properties":{"d":"35870","load":6,"rf":0}},{"type":"Feature","geometry":{"type":"LineString","coordinates":[[6.96197,49.24084],[6.91993,49.22861]]},"properties":{"d":"35870","load":2,"rf":0}},{"type":"Feature","geometry":{"type":"LineString","coordinates":[[6.9051,49.24757],[6.90323,49.24755]]},"properties":{"d":"35870","load":2,"rf":0}},{"type":"Feature","geometry":{"type":"LineString","coordinates":[[7.03805,49.18862],[7.03748,49.18854]]},"properties":{"d":"35870","load":0,"rf":0}},{"type":"Feature","geometry":{"type":"LineString","coordinates":[[7.03772,49.18912],[7.03727,49.18917]]},"properties":{"d":"35870","load":1,"rf":0}},{"type":"Feature","geometry":{"type":"LineString","coordinates":[[6.94469,49.21509],[6.94832,49.21613]]},"properties":{"d":"35870","load":9,"rf":0}},{"type":"Feature","geometry":{"type":"LineString","coordinates":[[6.96779,49.23744],[6.96794,49.23726]]},"properties":{"d":"35870","load":0,"rf":0}},{"type":"Feature","geometry":{"type":"LineString","coordinates":[[6.98554,49.23834],[6.9877,49.2386]]},"properties":{"d":"35870","load":0,"rf":0}},{"type":"Feature","geometry":{"type":"LineString","coordinates":[[6.96197,49.24084],[6.93285,49.2539]]},"properties":{"d":"35870","load":0,"rf":0}},{"type":"Feature","geometry":{"type":"LineString","coordinates":[[6.94208,49.24655],[6.94279,49.24425]]},"properties":{"d":"35870","load":0,"rf":0}},{"type":"Feature","geometry":{"type":"LineString","coordinates":[[6.96367,49.20992],[6.96675,49.20997]]},"properties":{"d":"35870","load":1,"rf":0}},{"type":"Feature","geometry":{"type":"LineString","coordinates":[[6.96367,49.20992],[6.964,49.21032]]},"properties":{"d":"35870","load":2,"rf":0}},{"type":"Feature","geometry":{"type":"LineString","coordinates":[[7.04071,49.18723],[6.96197,49.24084]]},"properties":{"d":"35870","load":2,"rf":0}},{"type":"Feature","geometry":{"type":"LineString","coordinates":[[6.90223,49.23647],[6.90232,49.23582]]},"properties":{"d":"35870","load":1,"rf":0}},{"type":"Feature","geometry":{"type":"LineString","coordinates":[[6.92585,49.23167],[6.92366,49.23164]]},"properties":{"d":"35870","load":1,"rf":0}},{"type":"Feature","geometry":{"type":"LineString","coordinates":[[6.94279,49.24425],[6.94056,49.24422]]},"properties":{"d":"35870","load":0,"rf":0}},{"type":"Feature","geometry":{"type":"LineString","coordinates":[[6.96197,49.24084],[6.94279,49.24425]]},"properties":{"d":"35870","load":0,"rf":0}},{"type":"Feature","geometry":{"type":"LineString","coordinates":[[6.96197,49.24084],[7.03766,49.1906]]},"properties":{"d":"35870","load":2,"rf":0}},{"type":"Feature","geometry":{"type":"LineString","coordinates":[[7.03939,49.18721],[6.96197,49.24084]]},"properties":{"d":"35870","load":2,"rf":0}},{"type":"Feature","geometry":{"type":"LineString","coordinates":[[6.91586,49.262],[6.91509,49.26166]]},"properties":{"d":"35870","load":0,"rf":0}},{"type":"Feature","geometry":{"type":"LineString","coordinates":[[6.96197,49.24084],[6.97818,49.23887]]},"properties":{"d":"35870","load":2,"rf":0}},{"type":"Feature","geometry":{"type":"LineString","coordinates":[[6.97865,49.21435],[6.98154,49.21392]]},"properties":{"d":"35870","load":1,"rf":0}},{"type":"Feature","geometry":{"type":"LineString","coordinates":[[6.97865,49.21435],[6.97791,49.21446]]},"properties":{"d":"35870","load":1,"rf":0}},{"type":"Feature","geometry":{"type":"LineString","coordinates":[[6.97548,49.21488],[6.97507,49.21497]]},"properties":{"d":"35870","load":2,"rf":0}},{"type":"Feature","geometry":{"type":"LineString","coordinates":[[6.97507,49.21497],[6.97212,49.21557]]},"properties":{"d":"35870","load":2,"rf":0}},{"type":"Feature","geometry":{"type":"LineString","coordinates":[[6.96197,49.24084],[6.97181,49.23352]]},"properties":{"d":"35870","load":2,"rf":0}},{"type":"Feature","geometry":{"type":"LineString","coordinates":[[6.98678,49.24022],[6.99428,49.23489]]},"properties":{"d":"35870","load":1,"rf":0}},{"type":"Feature","geometry":{"type":"LineString","coordinates":[[6.96197,49.24084],[6.98678,49.24022]]},"properties":{"d":"35870","load":1,"rf":0}},{"type":"Feature","geometry":{"type":"LineString","coordinates":[[7.0378,49.18739],[7.03748,49.18854]]},"properties":{"d":"35870","load":0,"rf":0}},{"type":"Feature","geometry":{"type":"LineString","coordinates":[[6.97239,49.25466],[6.97314,49.25425]]},"properties":{"d":"35870","load":1,"rf":0}},{"type":"Feature","geometry":{"type":"LineString","coordinates":[[6.96197,49.24084],[6.97314,49.25425]]},"properties":{"d":"35870","load":1,"rf":0}},{"type":"Feature","geometry":{"type":"LineString","coordinates":[[6.96197,49.24084],[7.02322,49.1953]]},"properties":{"d":"35870","load":1,"rf":0}},{"type":"Feature","geometry":{"type":"LineString","coordinates":[[7.03747,49.18858],[7.03727,49.18917]]},"properties":{"d":"35870","load":0,"rf":0}},{"type":"Feature","geometry":{"type":"LineString","coordinates":[[7.03747,49.18858],[7.03748,49.18854]]},"properties":{"d":"35870","load":0,"rf":0}},{"type":"Feature","geometry":{"type":"LineString","coordinates":[[6.94883,49.27362],[6.93953,49.26884]]},"properties":{"d":"35870","load":0,"rf":0}},{"type":"Feature","geometry":{"type":"LineString","coordinates":[[6.96031,49.27716],[6.95853,49.27681]]},"properties":{"d":"35870","load":36,"rf":0}},{"type":"Feature","geometry":{"type":"LineString","coordinates":[[6.93953,49.26884],[6.85055,49.22297]]},"properties":{"d":"35870","load":0,"rf":0}},{"type":"Feature","geometry":{"type":"LineString","coordinates":[[6.96197,49.24084],[7.02062,49.19722]]},"properties":{"d":"35870","load":0,"rf":0}},{"type":"Feature","geometry":{"type":"LineString","coordinates":[[6.96197,49.24084],[6.9686,49.23409]]},"properties":{"d":"35870","load":40,"rf":0}},{"type":"Feature","geometry":{"type":"LineString","coordinates":[[7.03727,49.18917],[7.02694,49.19627]]},"properties":{"d":"35870","load":1,"rf":0}},{"type":"Feature","geometry":{"type":"LineString","coordinates":[[6.96197,49.24084],[6.99617,49.26145]]},"properties":{"d":"35870","load":55,"rf":0}},{"type":"Feature","geometry":{"type":"LineString","coordinates":[[6.96197,49.24084],[6.9692,49.25043]]},"properties":{"d":"35870","load":1,"rf":0}},{"type":"Feature","geometry":{"type":"LineString","coordinates":[[6.96197,49.24084],[6.98202,49.24044]]},"properties":{"d":"35870","load":1,"rf":0}},{"type":"Feature","geometry":{"type":"LineString","coordinates":[[6.96197,49.24084],[6.96202,49.23767]]},"properties":{"d":"35870","load":1,"rf":0}},{"type":"Feature","geometry":{"type":"LineString","coordinates":[[6.94012,49.24421],[6.94056,49.24422]]},"properties":{"d":"35870","load":0,"rf":0}},{"type":"Feature","geometry":{"type":"LineString","coordinates":[[6.96197,49.24084],[6.93022,49.23345]]},"properties":{"d":"35870","load":0,"rf":0}},{"type":"Feature","geometry":{"type":"LineString","coordinates":[[6.96197,49.24084],[6.97775,49.2398]]},"properties":{"d":"35870","load":1,"rf":0}},{"type":"Feature","geometry":{"type":"LineString","coordinates":[[6.96197,49.24084],[6.98693,49.23124]]},"properties":{"d":"35870","load":1,"rf":0}},{"type":"Feature","geometry":{"type":"LineString","coordinates":[[6.96197,49.24084],[6.96974,49.23358]]},"properties":{"d":"35870","load":0,"rf":0}},{"type":"Feature","geometry":{"type":"LineString","coordinates":[[6.96197,49.24084],[7.02694,49.19627]]},"properties":{"d":"35870","load":1,"rf":0}},{"type":"Feature","geometry":{"type":"LineString","coordinates":[[6.96197,49.24084],[6.94241,49.24055]]},"properties":{"d":"35870","load":2,"rf":0}},{"type":"Feature","geometry":{"type":"LineString","coordinates":[[6.96197,49.24084],[6.91266,49.24681]]},"properties":{"d":"35870","load":2,"rf":0}},{"type":"Feature","geometry":{"type":"LineString","coordinates":[[7.04826,49.12466],[7.04886,49.1247]]},"properties":{"d":"36104","load":2,"rf":0}},{"type":"Feature","geometry":{"type":"LineString","coordinates":[[7.05136,49.12856],[7.05136,49.12856]]},"properties":{"d":"36104","load":2,"rf":0}},{"type":"Feature","geometry":{"type":"LineString","coordinates":[[7.05136,49.12856],[7.04842,49.12841]]},"properties":{"d":"36104","load":3,"rf":0}},{"type":"Feature","geometry":{"type":"LineString","coordinates":[[7.12374,49.18221],[7.12305,49.18582]]},"properties":{"d":"36104","load":17,"rf":0}},{"type":"Feature","geometry":{"type":"LineString","coordinates":[[7.05726,49.14126],[7.057,49.14116]]},"properties":{"d":"36104","load":0,"rf":0}},{"type":"Feature","geometry":{"type":"LineString","coordinates":[[7.13777,49.19585],[7.1376,49.19596]]},"properties":{"d":"36104","load":0,"rf":0}},{"type":"Feature","geometry":{"type":"LineString","coordinates":[[7.09287,49.16573],[7.09291,49.16525]]},"properties":{"d":"36104","load":0,"rf":0}},{"type":"Feature","geometry":{"type":"LineString","coordinates":[[7.03723,49.15607],[7.03708,49.15605]]},"properties":{"d":"36104","load":4,"rf":0}},{"type":"Feature","geometry":{"type":"LineString","coordinates":[[7.03723,49.15607],[7.03512,49.15632]]},"properties":{"d":"36104","load":0,"rf":0}},{"type":"Feature","geometry":{"type":"LineString","coordinates":[[7.03723,49.15607],[7.03838,49.15634]]},"properties":{"d":"36104","load":1,"rf":0}},{"type":"Feature","geometry":{"type":"LineString","coordinates":[[7.03929,49.16334],[7.03469,49.15742]]},"properties":{"d":"36104","load":1,"rf":0}},{"type":"Feature","geometry":{"type":"LineString","coordinates":[[7.04189,49.15782],[7.03838,49.15634]]},"properties":{"d":"36104","load":1,"rf":0}},{"type":"Feature","geometry":{"type":"LineString","coordinates":[[7.05297,49.1438],[7.05404,49.14074]]},"properties":{"d":"36104","load":3,"rf":0}},{"type":"Feature","geometry":{"type":"LineString","coordinates":[[7.05297,49.1438],[7.04648,49.14358]]},"properties":{"d":"36104","load":5,"rf":0}},{"type":"Feature","geometry":{"type":"LineString","coordinates":[[7.05297,49.1438],[7.05239,49.14411]]},"properties":{"d":"36104","load":1,"rf":0}},{"type":"Feature","geometry":{"type":"LineString","coordinates":[[7.03634,49.15856],[7.03469,49.15742]]},"properties":{"d":"36104","load":1,"rf":0}},{"type":"Feature","geometry":{"type":"LineString","coordinates":[[7.0561,49.14219],[7.0566,49.1416]]},"properties":{"d":"36104","load":2,"rf":0}},{"type":"Feature","geometry":{"type":"LineString","coordinates":[[7.03315,49.16625],[7.03448,49.16656]]},"properties":{"d":"36104","load":5,"rf":0}},{"type":"Feature","geometry":{"type":"LineString","coordinates":[[7.03725,49.17387],[7.03315,49.16625]]},"properties":{"d":"36104","load":10,"rf":0}},{"type":"Feature","geometry":{"type":"LineString","coordinates":[[7.02943,49.16979],[7.02907,49.16977]]},"properties":{"d":"36104","load":1,"rf":0}},{"type":"Feature","geometry":{"type":"LineString","coordinates":[[7.02907,49.16977],[7.03448,49.16656]]},"properties":{"d":"36104","load":1,"rf":0}},{"type":"Feature","geometry":{"type":"LineString","coordinates":[[7.05404,49.14074],[7.0566,49.1416]]},"properties":{"d":"36104","load":2,"rf":0}},{"type":"Feature","geometry":{"type":"LineString","coordinates":[[7.04689,49.14711],[7.05239,49.14411]]},"properties":{"d":"36104","load":0,"rf":0}},{"type":"Feature","geometry":{"type":"LineString","coordinates":[[7.0508,49.14787],[7.05239,49.14411]]},"properties":{"d":"36104","load":1,"rf":0}},{"type":"Feature","geometry":{"type":"LineString","coordinates":[[7.04427,49.15204],[7.03838,49.15634]]},"properties":{"d":"36104","load":0,"rf":0}},{"type":"Feature","geometry":{"type":"LineString","coordinates":[[7.05911,49.13881],[7.057,49.14116]]},"properties":{"d":"36104","load":1,"rf":0}},{"type":"Feature","geometry":{"type":"LineString","coordinates":[[7.04648,49.14358],[7.03838,49.15235]]},"properties":{"d":"36104","load":8,"rf":0}},{"type":"Feature","geometry":{"type":"LineString","coordinates":[[7.03592,49.16334],[7.03448,49.16656]]},"properties":{"d":"36104","load":0,"rf":0}},{"type":"Feature","geometry":{"type":"LineString","coordinates":[[7.02913,49.16785],[7.03838,49.15235]]},"properties":{"d":"36104","load":0,"rf":0}},{"type":"Feature","geometry":{"type":"LineString","coordinates":[[7.04908,49.11833],[7.04924,49.12152]]},"properties":{"d":"36104","load":1,"rf":0}},{"type":"Feature","geometry":{"type":"LineString","coordinates":[[7.05001,49.12543],[7.04924,49.12152]]},"properties":{"d":"36104","load":1,"rf":0}},{"type":"Feature","geometry":{"type":"LineString","coordinates":[[7.05217,49.11835],[7.05478,49.11479]]},"properties":{"d":"36104","load":1,"rf":0}},{"type":"Feature","geometry":{"type":"LineString","coordinates":[[7.05217,49.11835],[7.03725,49.17387]]},"properties":{"d":"36104","load":3,"rf":0}},{"type":"Feature","geometry":{"type":"LineString","coordinates":[[7.05798,49.11846],[7.06087,49.11834]]},"properties":{"d":"36104","load":4,"rf":0}},{"type":"Feature","geometry":{"type":"LineString","coordinates":[[7.06087,49.11834],[7.06074,49.12763]]},"properties":{"d":"36104","load":7,"rf":0}},{"type":"Feature","geometry":{"type":"LineString","coordinates":[[7.05798,49.11846],[7.05972,49.11563]]},"properties":{"d":"36104","load":2,"rf":0}},{"type":"Feature","geometry":{"type":"LineString","coordinates":[[7.05972,49.11563],[7.05962,49.1147]]},"properties":{"d":"36104","load":1,"rf":0}},{"type":"Feature","geometry":{"type":"LineString","coordinates":[[7.04981,49.12296],[7.04924,49.12152]]},"properties":{"d":"36104","load":1,"rf":0}},{"type":"Feature","geometry":{"type":"LineString","coordinates":[[7.05478,49.11479],[7.05962,49.1147]]},"properties":{"d":"36104","load":0,"rf":0}},{"type":"Feature","geometry":{"type":"LineString","coordinates":[[7.06575,49.11613],[7.05962,49.1147]]},"properties":{"d":"36104","load":1,"rf":0}},{"type":"Feature","geometry":{"type":"LineString","coordinates":[[7.06367,49.17363],[7.06318,49.17611]]},"properties":{"d":"36104","load":1,"rf":0}},{"type":"Feature","geometry":{"type":"LineString","coordinates":[[7.07041,49.17418],[7.06991,49.17669]]},"properties":{"d":"36104","load":0,"rf":0}},{"type":"Feature","geometry":{"type":"LineString","coordinates":[[7.0697,49.12406],[7.06074,49.12763]]},"properties":{"d":"36104","load":0,"rf":0}},{"type":"Feature","geometry":{"type":"LineString","coordinates":[[7.0691,49.13412],[7.06441,49.13159]]},"properties":{"d":"36104","load":1,"rf":0}},{"type":"Feature","geometry":{"type":"LineString","coordinates":[[7.0657,49.12975],[7.06441,49.13159]]},"properties":{"d":"36104","load":6,"rf":0}},{"type":"Feature","geometry":{"type":"LineString","coordinates":[[7.0657,49.12975],[7.06242,49.12852]]},"properties":{"d":"36104","load":6,"rf":0}},{"type":"Feature","geometry":{"type":"LineString","coordinates":[[7.03725,49.17387],[7.06441,49.13159]]},"properties":{"d":"36104","load":7,"rf":0}},{"type":"Feature","geometry":{"type":"LineString","coordinates":[[7.06242,49.12852],[7.06074,49.12763]]},"properties":{"d":"36104","load":7,"rf":0}},{"type":"Feature","geometry":{"type":"LineString","coordinates":[[7.07828,49.15113],[7.09997,49.15024]]},"properties":{"d":"36104","load":5,"rf":0}},{"type":"Feature","geometry":{"type":"LineString","coordinates":[[7.03725,49.17387],[7.07828,49.15113]]},"properties":{"d":"36104","load":6,"rf":0}},{"type":"Feature","geometry":{"type":"LineString","coordinates":[[7.09068,49.15846],[7.08752,49.1632]]},"properties":{"d":"36104","load":0,"rf":0}},{"type":"Feature","geometry":{"type":"LineString","coordinates":[[7.09411,49.1653],[7.09291,49.16525]]},"properties":{"d":"36104","load":2,"rf":0}},{"type":"Feature","geometry":{"type":"LineString","coordinates":[[7.08752,49.1632],[7.09093,49.16518]]},"properties":{"d":"36104","load":1,"rf":0}},{"type":"Feature","geometry":{"type":"LineString","coordinates":[[7.08794,49.17001],[7.08583,49.16681]]},"properties":{"d":"36104","load":1,"rf":0}},{"type":"Feature","geometry":{"type":"LineString","coordinates":[[7.089,49.16535],[7.03725,49.17387]]},"properties":{"d":"36104","load":3,"rf":0}},{"type":"Feature","geometry":{"type":"LineString","coordinates":[[7.089,49.16535],[7.09093,49.16518]]},"properties":{"d":"36104","load":2,"rf":0}},{"type":"Feature","geometry":{"type":"LineString","coordinates":[[7.08602,49.16611],[7.08583,49.16681]]},"properties":{"d":"36104","load":1,"rf":0}},{"type":"Feature","geometry":{"type":"LineString","coordinates":[[7.09348,49.17674],[7.0931,49.17868]]},"properties":{"d":"36104","load":1,"rf":0}},{"type":"Feature","geometry":{"type":"LineString","coordinates":[[7.10056,49.15633],[7.09997,49.15024]]},"properties":{"d":"36104","load":0,"rf":0}},{"type":"Feature","geometry":{"type":"LineString","coordinates":[[7.10715,49.18829],[7.10893,49.18864]]},"properties":{"d":"36104","load":0,"rf":0}},{"type":"Feature","geometry":{"type":"LineString","coordinates":[[7.03725,49.17387],[7.10715,49.18829]]},"properties":{"d":"36104","load":0,"rf":0}},{"type":"Feature","geometry":{"type":"LineString","coordinates":[[7.1098,49.18672],[7.10893,49.18864]]},"properties":{"d":"36104","load":0,"rf":0}},{"type":"Feature","geometry":{"type":"LineString","coordinates":[[7.12034,49.14451],[7.12057,49.14455]]},"properties":{"d":"36104","load":1,"rf":0}},{"type":"Feature","geometry":{"type":"LineString","coordinates":[[7.11471,49.14963],[7.11379,49.15354]]},"properties":{"d":"36104","load":2,"rf":0}},{"type":"Feature","geometry":{"type":"LineString","coordinates":[[7.11471,49.14963],[7.11334,49.14687]]},"properties":{"d":"36104","load":3,"rf":0}},{"type":"Feature","geometry":{"type":"LineString","coordinates":[[7.11471,49.14963],[7.09997,49.15024]]},"properties":{"d":"36104","load":5,"rf":0}},{"type":"Feature","geometry":{"type":"LineString","coordinates":[[7.11379,49.15354],[7.10984,49.15562]]},"properties":{"d":"36104","load":1,"rf":0}},{"type":"Feature","geometry":{"type":"LineString","coordinates":[[7.11334,49.14687],[7.12057,49.14455]]},"properties":{"d":"36104","load":2,"rf":0}},{"type":"Feature","geometry":{"type":"LineString","coordinates":[[7.11839,49.19253],[7.11924,49.19067]]},"properties":{"d":"36104","load":0,"rf":0}},{"type":"Feature","geometry":{"type":"LineString","coordinates":[[7.15118,49.19759],[7.14914,49.1967]]},"properties":{"d":"36104","load":1,"rf":0}},{"type":"Feature","geometry":{"type":"LineString","coordinates":[[7.14034,49.19762],[7.13892,49.19685]]},"properties":{"d":"36104","load":3,"rf":0}},{"type":"Feature","geometry":{"type":"LineString","coordinates":[[7.14034,49.19762],[7.14246,49.19807]]},"properties":{"d":"36104","load":0,"rf":0}},{"type":"Feature","geometry":{"type":"LineString","coordinates":[[7.14034,49.19762],[7.14265,49.19787]]},"properties":{"d":"36104","load":4,"rf":0}},{"type":"Feature","geometry":{"type":"LineString","coordinates":[[7.13898,49.1925],[7.14052,49.19264]]},"properties":{"d":"36104","load":1,"rf":0}},{"type":"Feature","geometry":{"type":"LineString","coordinates":[[7.13892,49.19685],[7.13182,49.19514]]},"properties":{"d":"36104","load":1,"rf":0}},{"type":"Feature","geometry":{"type":"LineString","coordinates":[[7.13892,49.19685],[7.1376,49.19596]]},"properties":{"d":"36104","load":0,"rf":0}},{"type":"Feature","geometry":{"type":"LineString","coordinates":[[7.14338,49.19247],[7.1447,49.1938]]},"properties":{"d":"36104","load":0,"rf":0}},{"type":"Feature","geometry":{"type":"LineString","coordinates":[[7.14338,49.19247],[7.14052,49.19264]]},"properties":{"d":"36104","load":1,"rf":0}},{"type":"Feature","geometry":{"type":"LineString","coordinates":[[7.13117,49.19505],[7.127,49.19375]]},"properties":{"d":"36104","load":0,"rf":0}},{"type":"Feature","geometry":{"type":"LineString","coordinates":[[7.13117,49.19505],[7.13182,49.19514]]},"properties":{"d":"36104","load":1,"rf":0}},{"type":"Feature","geometry":{"type":"LineString","coordinates":[[7.127,49.19375],[7.12183,49.1926]]},"properties":{"d":"36104","load":0,"rf":0}},{"type":"Feature","geometry":{"type":"LineString","coordinates":[[7.14518,49.20004],[7.14265,49.19787]]},"properties":{"d":"36104","load":2,"rf":0}},{"type":"Feature","geometry":{"type":"LineString","coordinates":[[7.13941,49.19447],[7.14121,49.19411]]},"properties":{"d":"36104","load":3,"rf":0}},{"type":"Feature","geometry":{"type":"LineString","coordinates":[[7.13941,49.19447],[7.14388,49.19552]]},"properties":{"d":"36104","load":3,"rf":0}},{"type":"Feature","geometry":{"type":"LineString","coordinates":[[7.14373,49.19796],[7.14265,49.19787]]},"properties":{"d":"36104","load":0,"rf":0}},{"type":"Feature","geometry":{"type":"LineString","coordinates":[[7.14689,49.19736],[7.1445,49.19686]]},"properties":{"d":"36104","load":0,"rf":0}},{"type":"Feature","geometry":{"type":"LineString","coordinates":[[7.1486,49.19539],[7.14476,49.19238]]},"properties":{"d":"36104","load":6,"rf":0}},{"type":"Feature","geometry":{"type":"LineString","coordinates":[[7.1486,49.19539],[7.14657,49.19596]]},"properties":{"d":"36104","load":1,"rf":0}},{"type":"Feature","geometry":{"type":"LineString","coordinates":[[7.1486,49.19539],[7.16723,49.19608]]},"properties":{"d":"36104","load":6,"rf":0}},{"type":"Feature","geometry":{"type":"LineString","coordinates":[[7.16208,49.20409],[7.159,49.20147]]},"properties":{"d":"36104","load":0,"rf":0}},{"type":"Feature","geometry":{"type":"LineString","coordinates":[[7.16208,49.20409],[7.15224,49.19875]]},"properties":{"d":"36104","load":0,"rf":0}},{"type":"Feature","geometry":{"type":"LineString","coordinates":[[7.12861,49.19603],[7.13182,49.19514]]},"properties":{"d":"36104","load":1,"rf":0}},{"type":"Feature","geometry":{"type":"LineString","coordinates":[[7.14606,49.19422],[7.14657,49.19596]]},"properties":{"d":"36104","load":0,"rf":0}},{"type":"Feature","geometry":{"type":"LineString","coordinates":[[7.15413,49.1991],[7.15224,49.19875]]},"properties":{"d":"36104","load":0,"rf":0}},{"type":"Feature","geometry":{"type":"LineString","coordinates":[[7.13702,49.19556],[7.1376,49.19596]]},"properties":{"d":"36104","load":0,"rf":0}},{"type":"Feature","geometry":{"type":"LineString","coordinates":[[7.14121,49.19411],[7.14052,49.19264]]},"properties":{"d":"36104","load":2,"rf":0}},{"type":"Feature","geometry":{"type":"LineString","coordinates":[[7.03725,49.17387],[7.14476,49.19238]]},"properties":{"d":"36104","load":7,"rf":0}},{"type":"Feature","geometry":{"type":"LineString","coordinates":[[7.14388,49.19552],[7.13115,49.19387]]},"properties":{"d":"36104","load":13,"rf":0}},{"type":"Feature","geometry":{"type":"LineString","coordinates":[[7.14388,49.19552],[7.1445,49.19686]]},"properties":{"d":"36104","load":9,"rf":0}},{"type":"Feature","geometry":{"type":"LineString","coordinates":[[7.14274,49.1971],[7.14265,49.19787]]},"properties":{"d":"36104","load":0,"rf":0}},{"type":"Feature","geometry":{"type":"LineString","coordinates":[[7.14914,49.1967],[7.15224,49.19875]]},"properties":{"d":"36104","load":1,"rf":0}},{"type":"Feature","geometry":{"type":"LineString","coordinates":[[7.14524,49.19685],[7.1445,49.19686]]},"properties":{"d":"36104","load":0,"rf":0}},{"type":"Feature","geometry":{"type":"LineString","coordinates":[[7.13115,49.19387],[7.03725,49.17387]]},"properties":{"d":"36104","load":4,"rf":0}},{"type":"Feature","geometry":{"type":"LineString","coordinates":[[7.11378,49.18226],[7.11413,49.18048]]},"properties":{"d":"36104","load":0,"rf":0}},{"type":"Feature","geometry":{"type":"LineString","coordinates":[[7.12015,49.16031],[7.03725,49.17387]]},"properties":{"d":"36104","load":2,"rf":0}},{"type":"Feature","geometry":{"type":"LineString","coordinates":[[7.12487,49.19919],[7.11954,49.20522]]},"properties":{"d":"36104","load":0,"rf":0}},{"type":"Feature","geometry":{"type":"LineString","coordinates":[[7.12374,49.18221],[7.11413,49.18048]]},"properties":{"d":"36104","load":19,"rf":0}},{"type":"Feature","geometry":{"type":"LineString","coordinates":[[7.12374,49.18221],[7.13162,49.18271]]},"properties":{"d":"36104","load":8,"rf":0}},{"type":"Feature","geometry":{"type":"LineString","coordinates":[[7.12832,49.14908],[7.12057,49.14455]]},"properties":{"d":"36104","load":1,"rf":0}},{"type":"Feature","geometry":{"type":"LineString","coordinates":[[7.13576,49.13332],[7.03725,49.17387]]},"properties":{"d":"36104","load":6,"rf":0}},{"type":"Feature","geometry":{"type":"LineString","coordinates":[[7.13576,49.13332],[7.1552,49.15821]]},"properties":{"d":"36104","load":10,"rf":0}},{"type":"Feature","geometry":{"type":"LineString","coordinates":[[7.13286,49.13647],[7.12057,49.14455]]},"properties":{"d":"36104","load":1,"rf":0}},{"type":"Feature","geometry":{"type":"LineString","coordinates":[[7.13902,49.22958],[7.1505,49.22316]]},"properties":{"d":"36104","load":0,"rf":0}},{"type":"Feature","geometry":{"type":"LineString","coordinates":[[7.13902,49.22958],[7.13767,49.22904]]},"properties":{"d":"36104","load":0,"rf":0}},{"type":"Feature","geometry":{"type":"LineString","coordinates":[[7.13072,49.23272],[7.13767,49.22904]]},"properties":{"d":"36104","load":0,"rf":0}},{"type":"Feature","geometry":{"type":"LineString","coordinates":[[7.14179,49.22543],[7.13767,49.22904]]},"properties":{"d":"36104","load":0,"rf":0}},{"type":"Feature","geometry":{"type":"LineString","coordinates":[[7.13202,49.17993],[7.13162,49.18271]]},"properties":{"d":"36104","load":0,"rf":0}},{"type":"Feature","geometry":{"type":"LineString","coordinates":[[7.14108,49.17251],[7.03725,49.17387]]},"properties":{"d":"36104","load":3,"rf":0}},{"type":"Feature","geometry":{"type":"LineString","coordinates":[[7.14169,49.2158],[7.14312,49.21418]]},"properties":{"d":"36104","load":0,"rf":0}},{"type":"Feature","geometry":{"type":"LineString","coordinates":[[7.15974,49.22491],[7.15707,49.21948]]},"properties":{"d":"36104","load":2,"rf":0}},{"type":"Feature","geometry":{"type":"LineString","coordinates":[[7.15974,49.22491],[7.16855,49.22898]]},"properties":{"d":"36104","load":1,"rf":0}},{"type":"Feature","geometry":{"type":"LineString","coordinates":[[7.15707,49.21948],[7.15498,49.21906]]},"properties":{"d":"36104","load":1,"rf":0}},{"type":"Feature","geometry":{"type":"LineString","coordinates":[[7.15707,49.21948],[7.17719,49.22719]]},"properties":{"d":"36104","load":1,"rf":0}},{"type":"Feature","geometry":{"type":"LineString","coordinates":[[7.15707,49.21948],[7.03725,49.17387]]},"properties":{"d":"36104","load":4,"rf":0}},{"type":"Feature","geometry":{"type":"LineString","coordinates":[[7.15707,49.21948],[7.15857,49.21668]]},"properties":{"d":"36104","load":3,"rf":0}},{"type":"Feature","geometry":{"type":"LineString","coordinates":[[7.15498,49.21906],[7.1505,49.22316]]},"properties":{"d":"36104","load":0,"rf":0}},{"type":"Feature","geometry":{"type":"LineString","coordinates":[[7.1614,49.21266],[7.15857,49.21668]]},"properties":{"d":"36104","load":1,"rf":0}},{"type":"Feature","geometry":{"type":"LineString","coordinates":[[7.16509,49.21847],[7.15857,49.21668]]},"properties":{"d":"36104","load":2,"rf":0}},{"type":"Feature","geometry":{"type":"LineString","coordinates":[[7.15943,49.21606],[7.15857,49.21668]]},"properties":{"d":"36104","load":1,"rf":0}},{"type":"Feature","geometry":{"type":"LineString","coordinates":[[7.15992,49.16426],[7.16166,49.1675]]},"properties":{"d":"36104","load":2,"rf":0}},{"type":"Feature","geometry":{"type":"LineString","coordinates":[[7.15992,49.16426],[7.03725,49.17387]]},"properties":{"d":"36104","load":3,"rf":0}},{"type":"Feature","geometry":{"type":"LineString","coordinates":[[7.15992,49.16426],[7.1552,49.15821]]},"properties":{"d":"36104","load":8,"rf":0}},{"type":"Feature","geometry":{"type":"LineString","coordinates":[[7.16341,49.18469],[7.16484,49.18327]]},"properties":{"d":"36104","load":2,"rf":0}},{"type":"Feature","geometry":{"type":"LineString","coordinates":[[7.16341,49.18469],[7.13162,49.18271]]},"properties":{"d":"36104","load":8,"rf":0}},{"type":"Feature","geometry":{"type":"LineString","coordinates":[[7.16341,49.18469],[7.18051,49.1952]]},"properties":{"d":"36104","load":4,"rf":0}},{"type":"Feature","geometry":{"type":"LineString","coordinates":[[7.16351,49.15542],[7.1552,49.15821]]},"properties":{"d":"36104","load":2,"rf":0}},{"type":"Feature","geometry":{"type":"LineString","coordinates":[[7.16251,49.23236],[7.1505,49.22316]]},"properties":{"d":"36104","load":0,"rf":0}},{"type":"Feature","geometry":{"type":"LineString","coordinates":[[7.16717,49.19717],[7.17167,49.20611]]},"properties":{"d":"36104","load":0,"rf":0}},{"type":"Feature","geometry":{"type":"LineString","coordinates":[[7.16717,49.19717],[7.16723,49.19608]]},"properties":{"d":"36104","load":1,"rf":0}},{"type":"Feature","geometry":{"type":"LineString","coordinates":[[7.18642,49.19554],[7.18051,49.1952]]},"properties":{"d":"36104","load":3,"rf":0}},{"type":"Feature","geometry":{"type":"LineString","coordinates":[[7.18045,49.1964],[7.19009,49.20678]]},"properties":{"d":"36104","load":1,"rf":0}},{"type":"Feature","geometry":{"type":"LineString","coordinates":[[7.18045,49.1964],[7.18051,49.1952]]},"properties":{"d":"36104","load":0,"rf":0}},{"type":"Feature","geometry":{"type":"LineString","coordinates":[[7.18045,49.1964],[7.17612,49.1967]]},"properties":{"d":"36104","load":4,"rf":0}},{"type":"Feature","geometry":{"type":"LineString","coordinates":[[7.17316,49.20233],[7.17612,49.1967]]},"properties":{"d":"36104","load":1,"rf":0}},{"type":"Feature","geometry":{"type":"LineString","coordinates":[[7.16617,49.23506],[7.1505,49.22316]]},"properties":{"d":"36104","load":0,"rf":0}},{"type":"Feature","geometry":{"type":"LineString","coordinates":[[7.04768,49.13463],[7.04842,49.12841]]},"properties":{"d":"36104","load":9,"rf":0}},{"type":"Feature","geometry":{"type":"LineString","coordinates":[[7.03725,49.17387],[7.04768,49.13463]]},"properties":{"d":"36104","load":9,"rf":0}},{"type":"Feature","geometry":{"type":"LineString","coordinates":[[7.04562,49.17284],[7.08583,49.16681]]},"properties":{"d":"36104","load":2,"rf":0}},{"type":"Feature","geometry":{"type":"LineString","coordinates":[[7.03725,49.17387],[7.04562,49.17284]]},"properties":{"d":"36104","load":2,"rf":0}},{"type":"Feature","geometry":{"type":"LineString","coordinates":[[7.0931,49.17868],[7.11413,49.18048]]},"properties":{"d":"36104","load":73,"rf":1}},{"type":"Feature","geometry":{"type":"LineString","coordinates":[[7.03725,49.17387],[7.14079,49.16456]]},"properties":{"d":"36104","load":3,"rf":0}},{"type":"Feature","geometry":{"type":"LineString","coordinates":[[7.09093,49.16518],[7.12032,49.16487]]},"properties":{"d":"36104","load":0,"rf":0}},{"type":"Feature","geometry":{"type":"LineString","coordinates":[[7.11954,49.20522],[7.14312,49.21418]]},"properties":{"d":"36104","load":0,"rf":0}},{"type":"Feature","geometry":{"type":"LineString","coordinates":[[7.03725,49.17387],[7.11954,49.20522]]},"properties":{"d":"36104","load":0,"rf":0}},{"type":"Feature","geometry":{"type":"LineString","coordinates":[[7.16723,49.19608],[7.17612,49.1967]]},"properties":{"d":"36104","load":6,"rf":0}},{"type":"Feature","geometry":{"type":"LineString","coordinates":[[7.03708,49.15605],[7.03448,49.16656]]},"properties":{"d":"36104","load":4,"rf":0}},{"type":"Feature","geometry":{"type":"LineString","coordinates":[[7.03469,49.15742],[7.03512,49.15632]]},"properties":{"d":"36104","load":5,"rf":0}},{"type":"Feature","geometry":{"type":"LineString","coordinates":[[7.03725,49.17387],[7.03469,49.15742]]},"properties":{"d":"36104","load":5,"rf":0}},{"type":"Feature","geometry":{"type":"LineString","coordinates":[[7.03512,49.15632],[7.03838,49.15235]]},"properties":{"d":"36104","load":5,"rf":0}},{"type":"Feature","geometry":{"type":"LineString","coordinates":[[7.0566,49.1416],[7.057,49.14116]]},"properties":{"d":"36104","load":1,"rf":0}},{"type":"Feature","geometry":{"type":"LineString","coordinates":[[7.04924,49.12152],[7.04886,49.1247]]},"properties":{"d":"36104","load":4,"rf":0}},{"type":"Feature","geometry":{"type":"LineString","coordinates":[[7.06318,49.17611],[7.06991,49.17669]]},"properties":{"d":"36104","load":74,"rf":1}},{"type":"Feature","geometry":{"type":"LineString","coordinates":[[7.03725,49.17387],[7.06318,49.17611]]},"properties":{"d":"36104","load":74,"rf":1}},{"type":"Feature","geometry":{"type":"LineString","coordinates":[[7.1445,49.19686],[7.14265,49.19787]]},"properties":{"d":"36104","load":6,"rf":0}},{"type":"Feature","geometry":{"type":"LineString","coordinates":[[7.1445,49.19686],[7.15224,49.19875]]},"properties":{"d":"36104","load":2,"rf":0}},{"type":"Feature","geometry":{"type":"LineString","coordinates":[[7.03725,49.17387],[7.13767,49.22904]]},"properties":{"d":"36104","load":1,"rf":0}},{"type":"Feature","geometry":{"type":"LineString","coordinates":[[7.04886,49.1247],[7.04842,49.12841]]},"properties":{"d":"36104","load":6,"rf":0}},{"type":"Feature","geometry":{"type":"LineString","coordinates":[[7.06991,49.17669],[7.0931,49.17868]]},"properties":{"d":"36104","load":74,"rf":1}},{"type":"Feature","geometry":{"type":"LineString","coordinates":[[7.09093,49.16518],[7.09291,49.16525]]},"properties":{"d":"36104","load":2,"rf":0}},{"type":"Feature","geometry":{"type":"LineString","coordinates":[[7.10893,49.18864],[7.11924,49.19067]]},"properties":{"d":"36104","load":0,"rf":0}}]}