{"type":"FeatureCollection","features":[{"type":"Feature","geometry":{"type":"Point","coordinates":[6.82775,49.22237]},"properties":{"d":"31413","kva":100,"kwp":5.3,"ratio":0.05,"load":3,"rf":0}},{"type":"Feature","geometry":{"type":"Point","coordinates":[6.82164,49.21921]},"properties":{"d":"31413","kva":250,"kwp":158.5,"ratio":0.63,"load":46,"rf":0}},{"type":"Feature","geometry":{"type":"Point","coordinates":[6.81387,49.22409]},"properties":{"d":"31413","kva":250,"kwp":145.3,"ratio":0.58,"load":41,"rf":0}},{"type":"Feature","geometry":{"type":"Point","coordinates":[6.8346,49.23624]},"properties":{"d":"31413","kva":630,"kwp":170.7,"ratio":0.27,"load":17,"rf":0}},{"type":"Feature","geometry":{"type":"Point","coordinates":[6.86057,49.24156]},"properties":{"d":"31413","kva":250,"kwp":17.6,"ratio":0.07,"load":3,"rf":0}},{"type":"Feature","geometry":{"type":"Point","coordinates":[6.82808,49.23398]},"properties":{"d":"31413","kva":630,"kwp":303.8,"ratio":0.48,"load":34,"rf":0}},{"type":"Feature","geometry":{"type":"Point","coordinates":[6.83902,49.2393]},"properties":{"d":"31413","kva":400,"kwp":146.6,"ratio":0.37,"load":10,"rf":0}},{"type":"Feature","geometry":{"type":"Point","coordinates":[6.80896,49.22221]},"properties":{"d":"31413","kva":800,"kwp":383.1,"ratio":0.48,"load":14,"rf":0}},{"type":"Feature","geometry":{"type":"Point","coordinates":[6.83067,49.23259]},"properties":{"d":"31413","kva":400,"kwp":398.9,"ratio":1.0,"load":29,"rf":0}},{"type":"Feature","geometry":{"type":"Point","coordinates":[6.82696,49.2365]},"properties":{"d":"31413","kva":400,"kwp":262.9,"ratio":0.66,"load":48,"rf":0}},{"type":"Feature","geometry":{"type":"Point","coordinates":[6.83867,49.23162]},"properties":{"d":"31413","kva":400,"kwp":44.9,"ratio":0.11,"load":2,"rf":0}},{"type":"Feature","geometry":{"type":"Point","coordinates":[6.83399,49.2345]},"properties":{"d":"31413","kva":630,"kwp":192.9,"ratio":0.31,"load":18,"rf":0}},{"type":"Feature","geometry":{"type":"Point","coordinates":[6.80913,49.22698]},"properties":{"d":"31413","kva":250,"kwp":200.8,"ratio":0.8,"load":17,"rf":0}},{"type":"Feature","geometry":{"type":"Point","coordinates":[6.80749,49.22442]},"properties":{"d":"31413","kva":160,"kwp":52.8,"ratio":0.33,"load":24,"rf":0}},{"type":"Feature","geometry":{"type":"Point","coordinates":[6.80587,49.22011]},"properties":{"d":"31413","kva":400,"kwp":177.0,"ratio":0.44,"load":30,"rf":0}},{"type":"Feature","geometry":{"type":"Point","coordinates":[6.81268,49.22093]},"properties":{"d":"31413","kva":400,"kwp":227.2,"ratio":0.57,"load":40,"rf":0}},{"type":"Feature","geometry":{"type":"Point","coordinates":[6.83778,49.23573]},"properties":{"d":"31413","kva":400,"kwp":24.8,"ratio":0.06,"load":3,"rf":0}},{"type":"Feature","geometry":{"type":"Point","coordinates":[6.82181,49.21469]},"properties":{"d":"31413","kva":160,"kwp":58.1,"ratio":0.36,"load":26,"rf":0}},{"type":"Feature","geometry":{"type":"Point","coordinates":[6.83027,49.23716]},"properties":{"d":"31413","kva":400,"kwp":211.4,"ratio":0.53,"load":38,"rf":0}},{"type":"Feature","geometry":{"type":"Point","coordinates":[6.80318,49.21575]},"properties":{"d":"31413","kva":400,"kwp":216.6,"ratio":0.54,"load":38,"rf":0}},{"type":"Feature","geometry":{"type":"Point","coordinates":[6.82053,49.2225]},"properties":{"d":"31413","kva":160,"kwp":79.3,"ratio":0.5,"load":36,"rf":0}},{"type":"Feature","geometry":{"type":"Point","coordinates":[6.86075,49.2432]},"properties":{"d":"31413","kva":100,"kwp":0.8,"ratio":0.01,"load":0,"rf":0}},{"type":"Feature","geometry":{"type":"Point","coordinates":[6.8349,49.2321]},"properties":{"d":"31413","kva":400,"kwp":177.0,"ratio":0.44,"load":30,"rf":0}},{"type":"Feature","geometry":{"type":"Point","coordinates":[6.84057,49.24309]},"properties":{"d":"31413","kva":400,"kwp":16.4,"ratio":0.04,"load":3,"rf":0}},{"type":"Feature","geometry":{"type":"Point","coordinates":[6.8091,49.21678]},"properties":{"d":"31413","kva":250,"kwp":108.3,"ratio":0.43,"load":31,"rf":0}},{"type":"Feature","geometry":{"type":"Point","coordinates":[6.85106,49.24452]},"properties":{"d":"31413","kva":400,"kwp":1.9,"ratio":0.0,"load":7,"rf":0}},{"type":"Feature","geometry":{"type":"Point","coordinates":[6.83856,49.24079]},"properties":{"d":"31413","kva":250,"kwp":23.3,"ratio":0.09,"load":1,"rf":0}},{"type":"Feature","geometry":{"type":"Point","coordinates":[6.83472,49.2436]},"properties":{"d":"31413","kva":160,"kwp":6.1,"ratio":0.04,"load":1,"rf":0}},{"type":"Feature","geometry":{"type":"Point","coordinates":[6.82469,49.23031]},"properties":{"d":"31413","kva":100,"kwp":44.9,"ratio":0.45,"load":33,"rf":0}},{"type":"Feature","geometry":{"type":"Point","coordinates":[6.82654,49.22818]},"properties":{"d":"31413","kva":100,"kwp":23.8,"ratio":0.24,"load":17,"rf":0}},{"type":"Feature","geometry":{"type":"Point","coordinates":[6.84038,49.22996]},"properties":{"d":"31413","kva":160,"kwp":8.0,"ratio":0.05,"load":1,"rf":0}},{"type":"Feature","geometry":{"type":"Point","coordinates":[6.83599,49.23323]},"properties":{"d":"31413","kva":250,"kwp":89.9,"ratio":0.36,"load":24,"rf":0}},{"type":"Feature","geometry":{"type":"Point","coordinates":[6.81794,49.21992]},"properties":{"d":"31413","kva":100,"kwp":26.4,"ratio":0.26,"load":19,"rf":0}},{"type":"Feature","geometry":{"type":"Point","coordinates":[6.81921,49.22693]},"properties":{"d":"31413","kva":250,"kwp":103.0,"ratio":0.41,"load":29,"rf":0}},{"type":"Feature","geometry":{"type":"Point","coordinates":[6.83689,49.24366]},"properties":{"d":"31413","kva":100,"kwp":2.3,"ratio":0.02,"load":1,"rf":0}},{"type":"Feature","geometry":{"type":"Point","coordinates":[6.84349,49.24225]},"properties":{"d":"31413","kva":250,"kwp":8.8,"ratio":0.04,"load":2,"rf":0}},{"type":"Feature","geometry":{"type":"Point","coordinates":[6.81262,49.22452]},"properties":{"d":"31413","kva":250,"kwp":111.0,"ratio":0.44,"load":32,"rf":0}},{"type":"Feature","geometry":{"type":"Point","coordinates":[6.80808,49.22008]},"properties":{"d":"31413","kva":250,"kwp":155.9,"ratio":0.62,"load":12,"rf":0}},{"type":"Feature","geometry":{"type":"Point","coordinates":[6.82194,49.22843]},"properties":{"d":"31413","kva":100,"kwp":44.9,"ratio":0.45,"load":33,"rf":0}},{"type":"Feature","geometry":{"type":"Point","coordinates":[6.83567,49.22972]},"properties":{"d":"31413","kva":100,"kwp":21.1,"ratio":0.21,"load":16,"rf":0}},{"type":"Feature","geometry":{"type":"Point","coordinates":[6.84234,49.24091]},"properties":{"d":"31413","kva":160,"kwp":9.2,"ratio":0.06,"load":2,"rf":0}},{"type":"Feature","geometry":{"type":"Point","coordinates":[6.82125,49.24336]},"properties":{"d":"31413","kva":160,"kwp":63.4,"ratio":0.4,"load":28,"rf":0}},{"type":"Feature","geometry":{"type":"Point","coordinates":[6.83101,49.21584]},"properties":{"d":"31413","kva":100,"kwp":5.3,"ratio":0.05,"load":1,"rf":0}},{"type":"Feature","geometry":{"type":"Point","coordinates":[6.81127,49.21348]},"properties":{"d":"31413","kva":100,"kwp":10.6,"ratio":0.11,"load":8,"rf":0}},{"type":"Feature","geometry":{"type":"Point","coordinates":[6.8558,49.24283]},"properties":{"d":"31413","kva":630,"kwp":5.3,"ratio":0.01,"load":6,"rf":0}},{"type":"Feature","geometry":{"type":"Point","coordinates":[6.8558,49.24283]},"properties":{"d":"31413","kva":630,"kwp":5.3,"ratio":0.01,"load":6,"rf":0}},{"type":"Feature","geometry":{"type":"Point","coordinates":[6.8558,49.24283]},"properties":{"d":"31413","kva":630,"kwp":5.3,"ratio":0.01,"load":6,"rf":0}},{"type":"Feature","geometry":{"type":"Point","coordinates":[6.8558,49.24283]},"properties":{"d":"31413","kva":630,"kwp":5.3,"ratio":0.01,"load":6,"rf":0}},{"type":"Feature","geometry":{"type":"Point","coordinates":[6.83902,49.2393]},"properties":{"d":"31413","kva":400,"kwp":146.6,"ratio":0.37,"load":10,"rf":0}},{"type":"Feature","geometry":{"type":"Point","coordinates":[6.83867,49.23162]},"properties":{"d":"31413","kva":400,"kwp":44.9,"ratio":0.11,"load":2,"rf":0}},{"type":"Feature","geometry":{"type":"Point","coordinates":[6.84057,49.24309]},"properties":{"d":"31413","kva":400,"kwp":16.4,"ratio":0.04,"load":3,"rf":0}},{"type":"Feature","geometry":{"type":"Point","coordinates":[6.85106,49.24452]},"properties":{"d":"31413","kva":400,"kwp":1.9,"ratio":0.0,"load":7,"rf":0}},{"type":"Feature","geometry":{"type":"Point","coordinates":[6.80896,49.22221]},"properties":{"d":"31413","kva":630,"kwp":383.1,"ratio":0.61,"load":22,"rf":0}},{"type":"Feature","geometry":{"type":"Point","coordinates":[6.83067,49.23259]},"properties":{"d":"31413","kva":630,"kwp":398.9,"ratio":0.63,"load":29,"rf":0}},{"type":"Feature","geometry":{"type":"Point","coordinates":[6.80913,49.22698]},"properties":{"d":"31413","kva":630,"kwp":200.8,"ratio":0.32,"load":17,"rf":0}},{"type":"Feature","geometry":{"type":"Point","coordinates":[6.83856,49.24079]},"properties":{"d":"31413","kva":630,"kwp":23.3,"ratio":0.04,"load":1,"rf":0}},{"type":"Feature","geometry":{"type":"Point","coordinates":[6.80808,49.22008]},"properties":{"d":"31413","kva":630,"kwp":155.9,"ratio":0.25,"load":12,"rf":0}},{"type":"Feature","geometry":{"type":"Point","coordinates":[7.11632,49.32176]},"properties":{"d":"31706","kva":100,"kwp":0.6,"ratio":0.01,"load":0,"rf":0}},{"type":"Feature","geometry":{"type":"Point","coordinates":[7.14815,49.31879]},"properties":{"d":"31706","kva":400,"kwp":68.6,"ratio":0.17,"load":3,"rf":0}},{"type":"Feature","geometry":{"type":"Point","coordinates":[7.14832,49.31602]},"properties":{"d":"31706","kva":630,"kwp":94.7,"ratio":0.15,"load":6,"rf":0}},{"type":"Feature","geometry":{"type":"Point","coordinates":[7.13252,49.3122]},"properties":{"d":"31706","kva":800,"kwp":156.6,"ratio":0.2,"load":4,"rf":0}},{"type":"Feature","geometry":{"type":"Point","coordinates":[7.14179,49.31819]},"properties":{"d":"31706","kva":1000,"kwp":117.8,"ratio":0.12,"load":2,"rf":0}},{"type":"Feature","geometry":{"type":"Point","coordinates":[7.1222,49.31495]},"properties":{"d":"31706","kva":800,"kwp":121.4,"ratio":0.15,"load":3,"rf":0}},{"type":"Feature","geometry":{"type":"Point","coordinates":[7.15933,49.3148]},"properties":{"d":"31706","kva":800,"kwp":132.3,"ratio":0.17,"load":3,"rf":0}},{"type":"Feature","geometry":{"type":"Point","coordinates":[7.14278,49.31187]},"properties":{"d":"31706","kva":800,"kwp":153.0,"ratio":0.19,"load":4,"rf":0}},{"type":"Feature","geometry":{"type":"Point","coordinates":[7.14937,49.31327]},"properties":{"d":"31706","kva":630,"kwp":128.7,"ratio":0.2,"load":4,"rf":0}},{"type":"Feature","geometry":{"type":"Point","coordinates":[7.13942,49.30882]},"properties":{"d":"31706","kva":630,"kwp":121.4,"ratio":0.19,"load":4,"rf":0}},{"type":"Feature","geometry":{"type":"Point","coordinates":[7.12595,49.31293]},"properties":{"d":"31706","kva":630,"kwp":188.5,"ratio":0.3,"load":8,"rf":0}},{"type":"Feature","geometry":{"type":"Point","coordinates":[7.12767,49.31552]},"properties":{"d":"31706","kva":800,"kwp":136.6,"ratio":0.17,"load":3,"rf":0}},{"type":"Feature","geometry":{"type":"Point","coordinates":[7.13705,49.31186]},"properties":{"d":"31706","kva":1000,"kwp":446.5,"ratio":0.45,"load":15,"rf":0}},{"type":"Feature","geometry":{"type":"Point","coordinates":[7.13159,49.31598]},"properties":{"d":"31706","kva":800,"kwp":142.0,"ratio":0.18,"load":3,"rf":0}},{"type":"Feature","geometry":{"type":"Point","coordinates":[7.15207,49.31475]},"properties":{"d":"31706","kva":630,"kwp":148.2,"ratio":0.24,"load":13,"rf":0}},{"type":"Feature","geometry":{"type":"Point","coordinates":[7.15322,49.31835]},"properties":{"d":"31706","kva":630,"kwp":203.5,"ratio":0.32,"load":20,"rf":0}},{"type":"Feature","geometry":{"type":"Point","coordinates":[7.1289,49.31844]},"properties":{"d":"31706","kva":630,"kwp":167.9,"ratio":0.27,"load":16,"rf":0}},{"type":"Feature","geometry":{"type":"Point","coordinates":[7.13458,49.3053]},"properties":{"d":"31706","kva":400,"kwp":300.9,"ratio":0.75,"load":26,"rf":0}},{"type":"Feature","geometry":{"type":"Point","coordinates":[7.14482,49.30685]},"properties":{"d":"31706","kva":250,"kwp":39.5,"ratio":0.16,"load":2,"rf":0}},{"type":"Feature","geometry":{"type":"Point","coordinates":[7.1619,49.31873]},"properties":{"d":"31706","kva":630,"kwp":94.7,"ratio":0.15,"load":6,"rf":0}},{"type":"Feature","geometry":{"type":"Point","coordinates":[7.13795,49.32008]},"properties":{"d":"31706","kva":400,"kwp":33.4,"ratio":0.08,"load":2,"rf":0}},{"type":"Feature","geometry":{"type":"Point","coordinates":[7.12599,49.31082]},"properties":{"d":"31706","kva":800,"kwp":132.3,"ratio":0.17,"load":3,"rf":0}},{"type":"Feature","geometry":{"type":"Point","coordinates":[7.12122,49.31107]},"properties":{"d":"31706","kva":630,"kwp":104.4,"ratio":0.17,"load":3,"rf":0}},{"type":"Feature","geometry":{"type":"Point","coordinates":[7.1365,49.31742]},"properties":{"d":"31706","kva":400,"kwp":50.4,"ratio":0.13,"load":5,"rf":0}},{"type":"Feature","geometry":{"type":"Point","coordinates":[7.15058,49.31886]},"properties":{"d":"31706","kva":160,"kwp":21.2,"ratio":0.13,"load":6,"rf":0}},{"type":"Feature","geometry":{"type":"Point","coordinates":[7.14138,49.31403]},"properties":{"d":"31706","kva":250,"kwp":29.7,"ratio":0.12,"load":4,"rf":0}},{"type":"Feature","geometry":{"type":"Point","coordinates":[7.12254,49.31738]},"properties":{"d":"31706","kva":630,"kwp":80.7,"ratio":0.13,"load":2,"rf":0}},{"type":"Feature","geometry":{"type":"Point","coordinates":[7.1623,49.31226]},"properties":{"d":"31706","kva":160,"kwp":17.0,"ratio":0.11,"load":4,"rf":0}},{"type":"Feature","geometry":{"type":"Point","coordinates":[7.15438,49.31583]},"properties":{"d":"31706","kva":630,"kwp":77.7,"ratio":0.12,"load":5,"rf":0}},{"type":"Feature","geometry":{"type":"Point","coordinates":[7.15957,49.31996]},"properties":{"d":"31706","kva":400,"kwp":56.5,"ratio":0.14,"load":5,"rf":0}},{"type":"Feature","geometry":{"type":"Point","coordinates":[7.13671,49.31626]},"properties":{"d":"31706","kva":400,"kwp":72.2,"ratio":0.18,"load":3,"rf":0}},{"type":"Feature","geometry":{"type":"Point","coordinates":[7.13188,49.32005]},"properties":{"d":"31706","kva":800,"kwp":25.5,"ratio":0.03,"load":3,"rf":0}},{"type":"Feature","geometry":{"type":"Point","coordinates":[7.1707,49.31956]},"properties":{"d":"31706","kva":160,"kwp":10.3,"ratio":0.06,"load":2,"rf":0}},{"type":"Feature","geometry":{"type":"Point","coordinates":[7.16009,49.2977]},"properties":{"d":"31706","kva":100,"kwp":3.0,"ratio":0.03,"load":1,"rf":0}},{"type":"Feature","geometry":{"type":"Point","coordinates":[7.13252,49.3122]},"properties":{"d":"31706","kva":800,"kwp":156.6,"ratio":0.2,"load":4,"rf":0}},{"type":"Feature","geometry":{"type":"Point","coordinates":[7.14278,49.31187]},"properties":{"d":"31706","kva":800,"kwp":153.0,"ratio":0.19,"load":4,"rf":0}},{"type":"Feature","geometry":{"type":"Point","coordinates":[7.14937,49.31327]},"properties":{"d":"31706","kva":630,"kwp":128.7,"ratio":0.2,"load":4,"rf":0}},{"type":"Feature","geometry":{"type":"Point","coordinates":[7.13942,49.30882]},"properties":{"d":"31706","kva":630,"kwp":121.4,"ratio":0.19,"load":4,"rf":0}},{"type":"Feature","geometry":{"type":"Point","coordinates":[7.12595,49.31293]},"properties":{"d":"31706","kva":630,"kwp":188.5,"ratio":0.3,"load":8,"rf":0}},{"type":"Feature","geometry":{"type":"Point","coordinates":[7.13705,49.31186]},"properties":{"d":"31706","kva":1000,"kwp":446.5,"ratio":0.45,"load":15,"rf":0}},{"type":"Feature","geometry":{"type":"Point","coordinates":[7.13159,49.31598]},"properties":{"d":"31706","kva":800,"kwp":142.0,"ratio":0.18,"load":3,"rf":0}},{"type":"Feature","geometry":{"type":"Point","coordinates":[7.13458,49.3053]},"properties":{"d":"31706","kva":400,"kwp":300.9,"ratio":0.75,"load":26,"rf":0}},{"type":"Feature","geometry":{"type":"Point","coordinates":[7.14815,49.31879]},"properties":{"d":"31706","kva":630,"kwp":68.6,"ratio":0.11,"load":3,"rf":0}},{"type":"Feature","geometry":{"type":"Point","coordinates":[7.14179,49.31819]},"properties":{"d":"31706","kva":630,"kwp":117.8,"ratio":0.19,"load":3,"rf":0}},{"type":"Feature","geometry":{"type":"Point","coordinates":[7.1222,49.31495]},"properties":{"d":"31706","kva":630,"kwp":121.4,"ratio":0.19,"load":4,"rf":0}},{"type":"Feature","geometry":{"type":"Point","coordinates":[7.15933,49.3148]},"properties":{"d":"31706","kva":630,"kwp":132.3,"ratio":0.21,"load":4,"rf":0}},{"type":"Feature","geometry":{"type":"Point","coordinates":[7.12767,49.31552]},"properties":{"d":"31706","kva":630,"kwp":136.6,"ratio":0.22,"load":4,"rf":0}},{"type":"Feature","geometry":{"type":"Point","coordinates":[7.14482,49.30685]},"properties":{"d":"31706","kva":630,"kwp":39.5,"ratio":0.06,"load":2,"rf":0}},{"type":"Feature","geometry":{"type":"Point","coordinates":[7.12599,49.31082]},"properties":{"d":"31706","kva":630,"kwp":132.3,"ratio":0.21,"load":4,"rf":0}},{"type":"Feature","geometry":{"type":"Point","coordinates":[7.12122,49.31107]},"properties":{"d":"31706","kva":630,"kwp":104.4,"ratio":0.17,"load":3,"rf":0}},{"type":"Feature","geometry":{"type":"Point","coordinates":[7.12254,49.31738]},"properties":{"d":"31706","kva":630,"kwp":80.7,"ratio":0.13,"load":2,"rf":0}},{"type":"Feature","geometry":{"type":"Point","coordinates":[7.13671,49.31626]},"properties":{"d":"31706","kva":630,"kwp":72.2,"ratio":0.11,"load":3,"rf":0}},{"type":"Feature","geometry":{"type":"Point","coordinates":[7.01766,49.55378]},"properties":{"d":"31742","kva":400,"kwp":872.9,"ratio":2.18,"load":66,"rf":0}},{"type":"Feature","geometry":{"type":"Point","coordinates":[7.01069,49.55033]},"properties":{"d":"31742","kva":800,"kwp":870.5,"ratio":1.09,"load":85,"rf":1}},{"type":"Feature","geometry":{"type":"Point","coordinates":[7.01495,49.55791]},"properties":{"d":"31742","kva":100,"kwp":43.9,"ratio":0.44,"load":36,"rf":0}},{"type":"Feature","geometry":{"type":"Point","coordinates":[7.07038,49.55103]},"properties":{"d":"31742","kva":100,"kwp":0.7,"ratio":0.01,"load":0,"rf":0}},{"type":"Feature","geometry":{"type":"Point","coordinates":[7.04053,49.53843]},"properties":{"d":"31742","kva":630,"kwp":162.3,"ratio":0.26,"load":15,"rf":0}},{"type":"Feature","geometry":{"type":"Point","coordinates":[7.03369,49.53378]},"properties":{"d":"31742","kva":400,"kwp":96.4,"ratio":0.24,"load":5,"rf":0}},{"type":"Feature","geometry":{"type":"Point","coordinates":[7.03546,49.54231]},"properties":{"d":"31742","kva":100,"kwp":2.2,"ratio":0.02,"load":1,"rf":0}},{"type":"Feature","geometry":{"type":"Point","coordinates":[7.0406,49.53015]},"properties":{"d":"31742","kva":100,"kwp":5.1,"ratio":0.05,"load":2,"rf":0}},{"type":"Feature","geometry":{"type":"Point","coordinates":[7.04677,49.57188]},"properties":{"d":"31742","kva":630,"kwp":502.6,"ratio":0.8,"load":28,"rf":0}},{"type":"Feature","geometry":{"type":"Point","coordinates":[7.0542,49.5703]},"properties":{"d":"31742","kva":630,"kwp":404.8,"ratio":0.64,"load":46,"rf":0}},{"type":"Feature","geometry":{"type":"Point","coordinates":[7.05753,49.56841]},"properties":{"d":"31742","kva":400,"kwp":312.5,"ratio":0.78,"load":57,"rf":0}},{"type":"Feature","geometry":{"type":"Point","coordinates":[7.05665,49.60867]},"properties":{"d":"31742","kva":630,"kwp":454.2,"ratio":0.72,"load":52,"rf":0}},{"type":"Feature","geometry":{"type":"Point","coordinates":[7.04726,49.605]},"properties":{"d":"31742","kva":630,"kwp":659.0,"ratio":1.05,"load":79,"rf":1}},{"type":"Feature","geometry":{"type":"Point","coordinates":[7.05548,49.6167]},"properties":{"d":"31742","kva":100,"kwp":8.9,"ratio":0.09,"load":6,"rf":0}},{"type":"Feature","geometry":{"type":"Point","coordinates":[7.05638,49.61419]},"properties":{"d":"31742","kva":100,"kwp":6.7,"ratio":0.07,"load":5,"rf":0}},{"type":"Feature","geometry":{"type":"Point","coordinates":[7.06734,49.61333]},"properties":{"d":"31742","kva":100,"kwp":4.4,"ratio":0.04,"load":3,"rf":0}},{"type":"Feature","geometry":{"type":"Point","coordinates":[7.04276,49.54938]},"properties":{"d":"31742","kva":100,"kwp":117.2,"ratio":1.17,"load":95,"rf":0}},{"type":"Feature","geometry":{"type":"Point","coordinates":[7.06095,49.55013]},"properties":{"d":"31742","kva":800,"kwp":193.6,"ratio":0.24,"load":6,"rf":0}},{"type":"Feature","geometry":{"type":"Point","coordinates":[7.06546,49.54855]},"properties":{"d":"31742","kva":250,"kwp":107.2,"ratio":0.43,"load":29,"rf":0}},{"type":"Feature","geometry":{"type":"Point","coordinates":[7.05356,49.58562]},"properties":{"d":"31742","kva":100,"kwp":4.4,"ratio":0.04,"load":3,"rf":0}},{"type":"Feature","geometry":{"type":"Point","coordinates":[7.09166,49.51442]},"properties":{"d":"31742","kva":630,"kwp":121.1,"ratio":0.19,"load":5,"rf":0}},{"type":"Feature","geometry":{"type":"Point","coordinates":[7.07643,49.51392]},"properties":{"d":"31742","kva":630,"kwp":162.4,"ratio":0.26,"load":6,"rf":0}},{"type":"Feature","geometry":{"type":"Point","coordinates":[7.0886,49.51032]},"properties":{"d":"31742","kva":1000,"kwp":197.9,"ratio":0.2,"load":4,"rf":0}},{"type":"Feature","geometry":{"type":"Point","coordinates":[7.0714,49.51228]},"properties":{"d":"31742","kva":630,"kwp":158.0,"ratio":0.25,"load":6,"rf":0}},{"type":"Feature","geometry":{"type":"Point","coordinates":[7.0864,49.51606]},"properties":{"d":"31742","kva":630,"kwp":123.3,"ratio":0.2,"load":9,"rf":0}},{"type":"Feature","geometry":{"type":"Point","coordinates":[7.0966,49.50878]},"properties":{"d":"31742","kva":630,"kwp":417.4,"ratio":0.66,"load":22,"rf":0}},{"type":"Feature","geometry":{"type":"Point","coordinates":[7.08309,49.50903]},"properties":{"d":"31742","kva":400,"kwp":252.1,"ratio":0.63,"load":44,"rf":0}},{"type":"Feature","geometry":{"type":"Point","coordinates":[7.06662,49.51419]},"properties":{"d":"31742","kva":400,"kwp":122.3,"ratio":0.31,"load":7,"rf":0}},{"type":"Feature","geometry":{"type":"Point","coordinates":[7.08726,49.51212]},"properties":{"d":"31742","kva":400,"kwp":127.7,"ratio":0.32,"load":9,"rf":0}},{"type":"Feature","geometry":{"type":"Point","coordinates":[7.0772,49.51154]},"properties":{"d":"31742","kva":250,"kwp":45.7,"ratio":0.18,"load":9,"rf":0}},{"type":"Feature","geometry":{"type":"Point","coordinates":[7.06738,49.5073]},"properties":{"d":"31742","kva":100,"kwp":2.2,"ratio":0.02,"load":1,"rf":0}},{"type":"Feature","geometry":{"type":"Point","coordinates":[7.06657,49.57815]},"properties":{"d":"31742","kva":400,"kwp":233.5,"ratio":0.58,"load":42,"rf":0}},{"type":"Feature","geometry":{"type":"Point","coordinates":[7.06288,49.59595]},"properties":{"d":"31742","kva":800,"kwp":569.9,"ratio":0.71,"load":25,"rf":0}},{"type":"Feature","geometry":{"type":"Point","coordinates":[7.06523,49.59332]},"properties":{"d":"31742","kva":630,"kwp":387.0,"ratio":0.61,"load":43,"rf":0}},{"type":"Feature","geometry":{"type":"Point","coordinates":[7.06889,49.59958]},"properties":{"d":"31742","kva":160,"kwp":82.3,"ratio":0.51,"load":37,"rf":0}},{"type":"Feature","geometry":{"type":"Point","coordinates":[7.07154,49.55636]},"properties":{"d":"31742","kva":100,"kwp":4.4,"ratio":0.04,"load":3,"rf":0}},{"type":"Feature","geometry":{"type":"Point","coordinates":[7.07649,49.54195]},"properties":{"d":"31742","kva":100,"kwp":6.5,"ratio":0.07,"load":3,"rf":0}},{"type":"Feature","geometry":{"type":"Point","coordinates":[7.07505,49.58502]},"properties":{"d":"31742","kva":400,"kwp":20.0,"ratio":0.05,"load":4,"rf":0}},{"type":"Feature","geometry":{"type":"Point","coordinates":[7.0802,49.58352]},"properties":{"d":"31742","kva":160,"kwp":113.1,"ratio":0.71,"load":51,"rf":0}},{"type":"Feature","geometry":{"type":"Point","coordinates":[7.07909,49.5473]},"properties":{"d":"31742","kva":100,"kwp":6.5,"ratio":0.07,"load":3,"rf":0}},{"type":"Feature","geometry":{"type":"Point","coordinates":[7.09202,49.56433]},"properties":{"d":"31742","kva":630,"kwp":511.5,"ratio":0.81,"load":29,"rf":0}},{"type":"Feature","geometry":{"type":"Point","coordinates":[7.09148,49.57022]},"properties":{"d":"31742","kva":400,"kwp":346.9,"ratio":0.87,"load":39,"rf":0}},{"type":"Feature","geometry":{"type":"Point","coordinates":[7.09271,49.57561]},"properties":{"d":"31742","kva":100,"kwp":6.7,"ratio":0.07,"load":5,"rf":0}},{"type":"Feature","geometry":{"type":"Point","coordinates":[7.115,49.58201]},"properties":{"d":"31742","kva":400,"kwp":231.3,"ratio":0.58,"load":41,"rf":0}},{"type":"Feature","geometry":{"type":"Point","coordinates":[7.10065,49.58032]},"properties":{"d":"31742","kva":400,"kwp":122.3,"ratio":0.31,"load":8,"rf":0}},{"type":"Feature","geometry":{"type":"Point","coordinates":[7.10945,49.57627]},"properties":{"d":"31742","kva":630,"kwp":322.5,"ratio":0.51,"load":16,"rf":0}},{"type":"Feature","geometry":{"type":"Point","coordinates":[7.13266,49.58307]},"properties":{"d":"31742","kva":100,"kwp":24.5,"ratio":0.24,"load":18,"rf":0}},{"type":"Feature","geometry":{"type":"Point","coordinates":[7.1471,49.58037]},"properties":{"d":"31742","kva":630,"kwp":491.5,"ratio":0.78,"load":28,"rf":0}},{"type":"Feature","geometry":{"type":"Point","coordinates":[7.14691,49.5865]},"properties":{"d":"31742","kva":400,"kwp":286.9,"ratio":0.72,"load":20,"rf":0}},{"type":"Feature","geometry":{"type":"Point","coordinates":[7.14283,49.58697]},"properties":{"d":"31742","kva":400,"kwp":195.7,"ratio":0.49,"load":35,"rf":0}},{"type":"Feature","geometry":{"type":"Point","coordinates":[7.1375,49.59258]},"properties":{"d":"31742","kva":100,"kwp":2.2,"ratio":0.02,"load":1,"rf":0}},{"type":"Feature","geometry":{"type":"Point","coordinates":[7.10272,49.52021]},"properties":{"d":"31742","kva":630,"kwp":176.9,"ratio":0.28,"load":7,"rf":0}},{"type":"Feature","geometry":{"type":"Point","coordinates":[7.1118,49.51763]},"properties":{"d":"31742","kva":630,"kwp":115.3,"ratio":0.18,"load":9,"rf":0}},{"type":"Feature","geometry":{"type":"Point","coordinates":[7.10894,49.5224]},"properties":{"d":"31742","kva":400,"kwp":109.7,"ratio":0.27,"load":16,"rf":0}},{"type":"Feature","geometry":{"type":"Point","coordinates":[7.09632,49.61597]},"properties":{"d":"31742","kva":250,"kwp":0.0,"ratio":0.0,"load":5,"rf":0}},{"type":"Feature","geometry":{"type":"Point","coordinates":[7.10618,49.51108]},"properties":{"d":"31742","kva":100,"kwp":1.4,"ratio":0.01,"load":0,"rf":0}},{"type":"Feature","geometry":{"type":"Point","coordinates":[7.09079,49.62469]},"properties":{"d":"31742","kva":630,"kwp":0.0,"ratio":0.0,"load":7,"rf":0}},{"type":"Feature","geometry":{"type":"Point","coordinates":[7.11846,49.53873]},"properties":{"d":"31742","kva":630,"kwp":230.9,"ratio":0.37,"load":11,"rf":0}},{"type":"Feature","geometry":{"type":"Point","coordinates":[7.11289,49.53989]},"properties":{"d":"31742","kva":400,"kwp":71.0,"ratio":0.18,"load":9,"rf":0}},{"type":"Feature","geometry":{"type":"Point","coordinates":[7.10685,49.54516]},"properties":{"d":"31742","kva":100,"kwp":2.9,"ratio":0.03,"load":1,"rf":0}},{"type":"Feature","geometry":{"type":"Point","coordinates":[7.12062,49.52983]},"properties":{"d":"31742","kva":100,"kwp":1.4,"ratio":0.01,"load":1,"rf":0}},{"type":"Feature","geometry":{"type":"Point","coordinates":[7.12749,49.56006]},"properties":{"d":"31742","kva":630,"kwp":413.7,"ratio":0.66,"load":47,"rf":0}},{"type":"Feature","geometry":{"type":"Point","coordinates":[7.12146,49.55785]},"properties":{"d":"31742","kva":250,"kwp":131.2,"ratio":0.52,"load":38,"rf":0}},{"type":"Feature","geometry":{"type":"Point","coordinates":[7.1176,49.57133]},"properties":{"d":"31742","kva":100,"kwp":2.2,"ratio":0.02,"load":1,"rf":0}},{"type":"Feature","geometry":{"type":"Point","coordinates":[7.14215,49.57485]},"properties":{"d":"31742","kva":100,"kwp":8.9,"ratio":0.09,"load":6,"rf":0}},{"type":"Feature","geometry":{"type":"Point","coordinates":[7.15619,49.55411]},"properties":{"d":"31742","kva":630,"kwp":162.1,"ratio":0.26,"load":15,"rf":0}},{"type":"Feature","geometry":{"type":"Point","coordinates":[7.16238,49.56869]},"properties":{"d":"31742","kva":100,"kwp":2.2,"ratio":0.02,"load":1,"rf":0}},{"type":"Feature","geometry":{"type":"Point","coordinates":[7.17748,49.56469]},"properties":{"d":"31742","kva":800,"kwp":388.1,"ratio":0.49,"load":16,"rf":0}},{"type":"Feature","geometry":{"type":"Point","coordinates":[7.1734,49.56874]},"properties":{"d":"31742","kva":400,"kwp":257.6,"ratio":0.64,"load":46,"rf":0}},{"type":"Feature","geometry":{"type":"Point","coordinates":[7.17302,49.55917]},"properties":{"d":"31742","kva":160,"kwp":19.4,"ratio":0.12,"load":1,"rf":0}},{"type":"Feature","geometry":{"type":"Point","coordinates":[7.19004,49.58546]},"properties":{"d":"31742","kva":630,"kwp":0.0,"ratio":0.0,"load":8,"rf":0}},{"type":"Feature","geometry":{"type":"Point","coordinates":[7.20575,49.58474]},"properties":{"d":"31742","kva":100,"kwp":0.0,"ratio":0.0,"load":1,"rf":0}},{"type":"Feature","geometry":{"type":"Point","coordinates":[7.08242,49.56998]},"properties":{"d":"31742","kva":100,"kwp":4.4,"ratio":0.04,"load":5,"rf":0}},{"type":"Feature","geometry":{"type":"Point","coordinates":[7.09692,49.53032]},"properties":{"d":"31742","kva":100,"kwp":1.4,"ratio":0.01,"load":6,"rf":0}},{"type":"Feature","geometry":{"type":"Point","coordinates":[7.04677,49.57188]},"properties":{"d":"31742","kva":630,"kwp":502.6,"ratio":0.8,"load":28,"rf":0}},{"type":"Feature","geometry":{"type":"Point","coordinates":[7.06095,49.55013]},"properties":{"d":"31742","kva":800,"kwp":193.6,"ratio":0.24,"load":6,"rf":0}},{"type":"Feature","geometry":{"type":"Point","coordinates":[7.07643,49.51392]},"properties":{"d":"31742","kva":630,"kwp":162.4,"ratio":0.26,"load":6,"rf":0}},{"type":"Feature","geometry":{"type":"Point","coordinates":[7.0886,49.51032]},"properties":{"d":"31742","kva":1000,"kwp":197.9,"ratio":0.2,"load":4,"rf":0}},{"type":"Feature","geometry":{"type":"Point","coordinates":[7.0966,49.50878]},"properties":{"d":"31742","kva":630,"kwp":417.4,"ratio":0.66,"load":22,"rf":0}},{"type":"Feature","geometry":{"type":"Point","coordinates":[7.08726,49.51212]},"properties":{"d":"31742","kva":400,"kwp":127.7,"ratio":0.32,"load":9,"rf":0}},{"type":"Feature","geometry":{"type":"Point","coordinates":[7.06288,49.59595]},"properties":{"d":"31742","kva":800,"kwp":569.9,"ratio":0.71,"load":25,"rf":0}},{"type":"Feature","geometry":{"type":"Point","coordinates":[7.07505,49.58502]},"properties":{"d":"31742","kva":400,"kwp":20.0,"ratio":0.05,"load":4,"rf":0}},{"type":"Feature","geometry":{"type":"Point","coordinates":[7.09202,49.56433]},"properties":{"d":"31742","kva":630,"kwp":511.5,"ratio":0.81,"load":29,"rf":0}},{"type":"Feature","geometry":{"type":"Point","coordinates":[7.09148,49.57022]},"properties":{"d":"31742","kva":400,"kwp":346.9,"ratio":0.87,"load":39,"rf":0}},{"type":"Feature","geometry":{"type":"Point","coordinates":[7.10065,49.58032]},"properties":{"d":"31742","kva":400,"kwp":122.3,"ratio":0.31,"load":8,"rf":0}},{"type":"Feature","geometry":{"type":"Point","coordinates":[7.10945,49.57627]},"properties":{"d":"31742","kva":630,"kwp":322.5,"ratio":0.51,"load":16,"rf":0}},{"type":"Feature","geometry":{"type":"Point","coordinates":[7.1471,49.58037]},"properties":{"d":"31742","kva":630,"kwp":491.5,"ratio":0.78,"load":28,"rf":0}},{"type":"Feature","geometry":{"type":"Point","coordinates":[7.10272,49.52021]},"properties":{"d":"31742","kva":630,"kwp":176.9,"ratio":0.28,"load":7,"rf":0}},{"type":"Feature","geometry":{"type":"Point","coordinates":[7.11846,49.53873]},"properties":{"d":"31742","kva":630,"kwp":230.9,"ratio":0.37,"load":11,"rf":0}},{"type":"Feature","geometry":{"type":"Point","coordinates":[7.17748,49.56469]},"properties":{"d":"31742","kva":800,"kwp":388.1,"ratio":0.49,"load":16,"rf":0}},{"type":"Feature","geometry":{"type":"Point","coordinates":[7.08242,49.56998]},"properties":{"d":"31742","kva":100,"kwp":4.4,"ratio":0.04,"load":5,"rf":0}},{"type":"Feature","geometry":{"type":"Point","coordinates":[7.09692,49.53032]},"properties":{"d":"31742","kva":100,"kwp":1.4,"ratio":0.01,"load":6,"rf":0}},{"type":"Feature","geometry":{"type":"Point","coordinates":[7.01766,49.55378]},"properties":{"d":"31742","kva":630,"kwp":872.9,"ratio":1.39,"load":66,"rf":0}},{"type":"Feature","geometry":{"type":"Point","coordinates":[7.03369,49.53378]},"properties":{"d":"31742","kva":630,"kwp":96.4,"ratio":0.15,"load":5,"rf":0}},{"type":"Feature","geometry":{"type":"Point","coordinates":[7.09166,49.51442]},"properties":{"d":"31742","kva":630,"kwp":121.1,"ratio":0.19,"load":5,"rf":0}},{"type":"Feature","geometry":{"type":"Point","coordinates":[7.0714,49.51228]},"properties":{"d":"31742","kva":630,"kwp":158.0,"ratio":0.25,"load":6,"rf":0}},{"type":"Feature","geometry":{"type":"Point","coordinates":[7.06662,49.51419]},"properties":{"d":"31742","kva":630,"kwp":122.3,"ratio":0.19,"load":7,"rf":0}},{"type":"Feature","geometry":{"type":"Point","coordinates":[7.14691,49.5865]},"properties":{"d":"31742","kva":630,"kwp":286.9,"ratio":0.46,"load":20,"rf":0}},{"type":"Feature","geometry":{"type":"Point","coordinates":[7.17302,49.55917]},"properties":{"d":"31742","kva":630,"kwp":19.4,"ratio":0.03,"load":1,"rf":0}},{"type":"Feature","geometry":{"type":"Point","coordinates":[6.79741,49.61396]},"properties":{"d":"32070","kva":630,"kwp":0.0,"ratio":0.0,"load":8,"rf":0}},{"type":"Feature","geometry":{"type":"Point","coordinates":[6.80277,49.60917]},"properties":{"d":"32070","kva":400,"kwp":0.0,"ratio":0.0,"load":5,"rf":0}},{"type":"Feature","geometry":{"type":"Point","coordinates":[6.79627,49.60417]},"properties":{"d":"32070","kva":100,"kwp":0.0,"ratio":0.0,"load":1,"rf":0}},{"type":"Feature","geometry":{"type":"Point","coordinates":[6.80298,49.55691]},"properties":{"d":"32070","kva":100,"kwp":4.8,"ratio":0.05,"load":3,"rf":0}},{"type":"Feature","geometry":{"type":"Point","coordinates":[6.83243,49.55324]},"properties":{"d":"32070","kva":630,"kwp":268.9,"ratio":0.43,"load":13,"rf":0}},{"type":"Feature","geometry":{"type":"Point","coordinates":[6.83404,49.53904]},"properties":{"d":"32070","kva":800,"kwp":342.7,"ratio":0.43,"load":13,"rf":0}},{"type":"Feature","geometry":{"type":"Point","coordinates":[6.82515,49.55285]},"properties":{"d":"32070","kva":800,"kwp":354.1,"ratio":0.44,"load":14,"rf":0}},{"type":"Feature","geometry":{"type":"Point","coordinates":[6.83427,49.55829]},"properties":{"d":"32070","kva":630,"kwp":270.1,"ratio":0.43,"load":13,"rf":0}},{"type":"Feature","geometry":{"type":"Point","coordinates":[6.83038,49.54807]},"properties":{"d":"32070","kva":400,"kwp":272.8,"ratio":0.68,"load":19,"rf":0}},{"type":"Feature","geometry":{"type":"Point","coordinates":[6.81307,49.55709]},"properties":{"d":"32070","kva":400,"kwp":200.6,"ratio":0.5,"load":79,"rf":0}},{"type":"Feature","geometry":{"type":"Point","coordinates":[6.81745,49.55443]},"properties":{"d":"32070","kva":800,"kwp":495.5,"ratio":0.62,"load":23,"rf":0}},{"type":"Feature","geometry":{"type":"Point","coordinates":[6.8209,49.55973]},"properties":{"d":"32070","kva":250,"kwp":198.2,"ratio":0.79,"load":34,"rf":0}},{"type":"Feature","geometry":{"type":"Point","coordinates":[6.80766,49.56066]},"properties":{"d":"32070","kva":160,"kwp":46.4,"ratio":0.29,"load":18,"rf":0}},{"type":"Feature","geometry":{"type":"Point","coordinates":[6.83379,49.5342]},"properties":{"d":"32070","kva":400,"kwp":174.9,"ratio":0.44,"load":13,"rf":0}},{"type":"Feature","geometry":{"type":"Point","coordinates":[6.8151,49.55856]},"properties":{"d":"32070","kva":630,"kwp":190.4,"ratio":0.3,"load":19,"rf":0}},{"type":"Feature","geometry":{"type":"Point","coordinates":[6.81967,49.56484]},"properties":{"d":"32070","kva":250,"kwp":50.0,"ratio":0.2,"load":12,"rf":0}},{"type":"Feature","geometry":{"type":"Point","coordinates":[6.80903,49.56551]},"properties":{"d":"32070","kva":160,"kwp":103.3,"ratio":0.65,"load":47,"rf":0}},{"type":"Feature","geometry":{"type":"Point","coordinates":[6.79872,49.56409]},"properties":{"d":"32070","kva":160,"kwp":6.0,"ratio":0.04,"load":4,"rf":0}},{"type":"Feature","geometry":{"type":"Point","coordinates":[6.80562,49.57016]},"properties":{"d":"32070","kva":100,"kwp":2.4,"ratio":0.02,"load":1,"rf":0}},{"type":"Feature","geometry":{"type":"Point","coordinates":[6.81297,49.47924]},"properties":{"d":"32070","kva":100,"kwp":102.9,"ratio":1.03,"load":81,"rf":0}},{"type":"Feature","geometry":{"type":"Point","coordinates":[6.8205,49.52531]},"properties":{"d":"32070","kva":400,"kwp":165.0,"ratio":0.41,"load":13,"rf":0}},{"type":"Feature","geometry":{"type":"Point","coordinates":[6.80714,49.62136]},"properties":{"d":"32070","kva":100,"kwp":0.0,"ratio":0.0,"load":1,"rf":0}},{"type":"Feature","geometry":{"type":"Point","coordinates":[6.81096,49.54905]},"properties":{"d":"32070","kva":100,"kwp":1.2,"ratio":0.01,"load":0,"rf":0}},{"type":"Feature","geometry":{"type":"Point","coordinates":[6.83107,49.49342]},"properties":{"d":"32070","kva":1000,"kwp":448.2,"ratio":0.45,"load":14,"rf":0}},{"type":"Feature","geometry":{"type":"Point","coordinates":[6.83741,49.49077]},"properties":{"d":"32070","kva":630,"kwp":220.4,"ratio":0.35,"load":23,"rf":0}},{"type":"Feature","geometry":{"type":"Point","coordinates":[6.83442,49.48224]},"properties":{"d":"32070","kva":800,"kwp":410.7,"ratio":0.51,"load":17,"rf":0}},{"type":"Feature","geometry":{"type":"Point","coordinates":[6.82865,49.48262]},"properties":{"d":"32070","kva":250,"kwp":74.9,"ratio":0.3,"load":19,"rf":0}},{"type":"Feature","geometry":{"type":"Point","coordinates":[6.83986,49.48606]},"properties":{"d":"32070","kva":630,"kwp":224.8,"ratio":0.36,"load":23,"rf":0}},{"type":"Feature","geometry":{"type":"Point","coordinates":[6.83146,49.49936]},"properties":{"d":"32070","kva":250,"kwp":336.9,"ratio":1.35,"load":50,"rf":0}},{"type":"Feature","geometry":{"type":"Point","coordinates":[6.82322,49.49139]},"properties":{"d":"32070","kva":100,"kwp":72.0,"ratio":0.72,"load":54,"rf":0}},{"type":"Feature","geometry":{"type":"Point","coordinates":[6.81988,49.49751]},"properties":{"d":"32070","kva":100,"kwp":8.3,"ratio":0.08,"load":5,"rf":0}},{"type":"Feature","geometry":{"type":"Point","coordinates":[6.82085,49.50263]},"properties":{"d":"32070","kva":100,"kwp":4.8,"ratio":0.05,"load":3,"rf":0}},{"type":"Feature","geometry":{"type":"Point","coordinates":[6.81831,49.51979]},"properties":{"d":"32070","kva":100,"kwp":1.2,"ratio":0.01,"load":0,"rf":0}},{"type":"Feature","geometry":{"type":"Point","coordinates":[6.82092,49.50722]},"properties":{"d":"32070","kva":100,"kwp":3.6,"ratio":0.04,"load":2,"rf":0}},{"type":"Feature","geometry":{"type":"Point","coordinates":[6.83148,49.52407]},"properties":{"d":"32070","kva":400,"kwp":107.1,"ratio":0.27,"load":15,"rf":0}},{"type":"Feature","geometry":{"type":"Point","coordinates":[6.83992,49.54908]},"properties":{"d":"32070","kva":160,"kwp":2.4,"ratio":0.01,"load":5,"rf":0}},{"type":"Feature","geometry":{"type":"Point","coordinates":[6.84831,49.57084]},"properties":{"d":"32070","kva":630,"kwp":219.4,"ratio":0.35,"load":22,"rf":0}},{"type":"Feature","geometry":{"type":"Point","coordinates":[6.84661,49.56861]},"properties":{"d":"32070","kva":630,"kwp":265.2,"ratio":0.42,"load":13,"rf":0}},{"type":"Feature","geometry":{"type":"Point","coordinates":[6.85022,49.56625]},"properties":{"d":"32070","kva":250,"kwp":174.6,"ratio":0.7,"load":25,"rf":0}},{"type":"Feature","geometry":{"type":"Point","coordinates":[6.86761,49.4989]},"properties":{"d":"32070","kva":630,"kwp":300.2,"ratio":0.48,"load":4,"rf":0}},{"type":"Feature","geometry":{"type":"Point","coordinates":[6.86761,49.4989]},"properties":{"d":"32070","kva":630,"kwp":300.2,"ratio":0.48,"load":4,"rf":0}},{"type":"Feature","geometry":{"type":"Point","coordinates":[6.86332,49.49631]},"properties":{"d":"32070","kva":400,"kwp":233.6,"ratio":0.58,"load":16,"rf":0}},{"type":"Feature","geometry":{"type":"Point","coordinates":[6.86655,49.49343]},"properties":{"d":"32070","kva":630,"kwp":241.9,"ratio":0.38,"load":12,"rf":0}},{"type":"Feature","geometry":{"type":"Point","coordinates":[6.85522,49.48829]},"properties":{"d":"32070","kva":400,"kwp":146.9,"ratio":0.37,"load":24,"rf":0}},{"type":"Feature","geometry":{"type":"Point","coordinates":[6.86337,49.48971]},"properties":{"d":"32070","kva":400,"kwp":133.4,"ratio":0.33,"load":21,"rf":0}},{"type":"Feature","geometry":{"type":"Point","coordinates":[6.87818,49.49488]},"properties":{"d":"32070","kva":100,"kwp":16.3,"ratio":0.16,"load":11,"rf":0}},{"type":"Feature","geometry":{"type":"Point","coordinates":[6.87089,49.50007]},"properties":{"d":"32070","kva":250,"kwp":197.4,"ratio":0.79,"load":58,"rf":0}},{"type":"Feature","geometry":{"type":"Point","coordinates":[6.86126,49.52487]},"properties":{"d":"32070","kva":630,"kwp":485.7,"ratio":0.77,"load":28,"rf":0}},{"type":"Feature","geometry":{"type":"Point","coordinates":[6.87426,49.52809]},"properties":{"d":"32070","kva":630,"kwp":427.6,"ratio":0.68,"load":49,"rf":0}},{"type":"Feature","geometry":{"type":"Point","coordinates":[6.87213,49.52342]},"properties":{"d":"32070","kva":400,"kwp":309.1,"ratio":0.77,"load":28,"rf":0}},{"type":"Feature","geometry":{"type":"Point","coordinates":[6.87208,49.5346]},"properties":{"d":"32070","kva":250,"kwp":189.3,"ratio":0.76,"load":56,"rf":0}},{"type":"Feature","geometry":{"type":"Point","coordinates":[6.85793,49.55807]},"properties":{"d":"32070","kva":800,"kwp":655.4,"ratio":0.82,"load":29,"rf":0}},{"type":"Feature","geometry":{"type":"Point","coordinates":[6.86438,49.55521]},"properties":{"d":"32070","kva":160,"kwp":162.1,"ratio":1.01,"load":75,"rf":0}},{"type":"Feature","geometry":{"type":"Point","coordinates":[6.86168,49.55586]},"properties":{"d":"32070","kva":400,"kwp":199.9,"ratio":0.5,"load":36,"rf":0}},{"type":"Feature","geometry":{"type":"Point","coordinates":[6.86775,49.54795]},"properties":{"d":"32070","kva":100,"kwp":4.6,"ratio":0.05,"load":3,"rf":0}},{"type":"Feature","geometry":{"type":"Point","coordinates":[6.87239,49.51061]},"properties":{"d":"32070","kva":630,"kwp":390.4,"ratio":0.62,"load":22,"rf":0}},{"type":"Feature","geometry":{"type":"Point","coordinates":[6.86889,49.50694]},"properties":{"d":"32070","kva":400,"kwp":276.6,"ratio":0.69,"load":19,"rf":0}},{"type":"Feature","geometry":{"type":"Point","coordinates":[6.8613,49.50642]},"properties":{"d":"32070","kva":400,"kwp":190.6,"ratio":0.48,"load":33,"rf":0}},{"type":"Feature","geometry":{"type":"Point","coordinates":[6.86834,49.57688]},"properties":{"d":"32070","kva":160,"kwp":81.3,"ratio":0.51,"load":36,"rf":0}},{"type":"Feature","geometry":{"type":"Point","coordinates":[6.88821,49.53576]},"properties":{"d":"32070","kva":630,"kwp":292.8,"ratio":0.46,"load":17,"rf":0}},{"type":"Feature","geometry":{"type":"Point","coordinates":[6.9387,49.52597]},"properties":{"d":"32070","kva":400,"kwp":306.1,"ratio":0.77,"load":64,"rf":0}},{"type":"Feature","geometry":{"type":"Point","coordinates":[6.92931,49.52902]},"properties":{"d":"32070","kva":630,"kwp":483.4,"ratio":0.77,"load":27,"rf":0}},{"type":"Feature","geometry":{"type":"Point","coordinates":[6.91522,49.52522]},"properties":{"d":"32070","kva":400,"kwp":230.1,"ratio":0.58,"load":41,"rf":0}},{"type":"Feature","geometry":{"type":"Point","coordinates":[6.88154,49.54077]},"properties":{"d":"32070","kva":400,"kwp":323.7,"ratio":0.81,"load":23,"rf":0}},{"type":"Feature","geometry":{"type":"Point","coordinates":[6.88974,49.54014]},"properties":{"d":"32070","kva":1000,"kwp":429.9,"ratio":0.43,"load":12,"rf":0}},{"type":"Feature","geometry":{"type":"Point","coordinates":[6.89002,49.54614]},"properties":{"d":"32070","kva":400,"kwp":262.6,"ratio":0.66,"load":47,"rf":0}},{"type":"Feature","geometry":{"type":"Point","coordinates":[6.8977,49.53957]},"properties":{"d":"32070","kva":250,"kwp":41.8,"ratio":0.17,"load":8,"rf":0}},{"type":"Feature","geometry":{"type":"Point","coordinates":[6.89065,49.52804]},"properties":{"d":"32070","kva":400,"kwp":394.8,"ratio":0.99,"load":35,"rf":0}},{"type":"Feature","geometry":{"type":"Point","coordinates":[6.89908,49.54191]},"properties":{"d":"32070","kva":250,"kwp":219.2,"ratio":0.88,"load":64,"rf":0}},{"type":"Feature","geometry":{"type":"Point","coordinates":[6.92362,49.52918]},"properties":{"d":"32070","kva":400,"kwp":209.2,"ratio":0.52,"load":37,"rf":0}},{"type":"Feature","geometry":{"type":"Point","coordinates":[6.90417,49.52512]},"properties":{"d":"32070","kva":630,"kwp":69.7,"ratio":0.11,"load":1,"rf":0}},{"type":"Feature","geometry":{"type":"Point","coordinates":[6.93993,49.52863]},"properties":{"d":"32070","kva":400,"kwp":288.2,"ratio":0.72,"load":26,"rf":0}},{"type":"Feature","geometry":{"type":"Point","coordinates":[6.92162,49.52661]},"properties":{"d":"32070","kva":250,"kwp":176.6,"ratio":0.71,"load":14,"rf":0}},{"type":"Feature","geometry":{"type":"Point","coordinates":[6.89522,49.5335]},"properties":{"d":"32070","kva":160,"kwp":129.6,"ratio":0.81,"load":60,"rf":0}},{"type":"Feature","geometry":{"type":"Point","coordinates":[6.88966,49.54273]},"properties":{"d":"32070","kva":630,"kwp":172.0,"ratio":0.27,"load":7,"rf":0}},{"type":"Feature","geometry":{"type":"Point","coordinates":[6.88675,49.54175]},"properties":{"d":"32070","kva":630,"kwp":332.3,"ratio":0.53,"load":37,"rf":0}},{"type":"Feature","geometry":{"type":"Point","coordinates":[6.91074,49.52478]},"properties":{"d":"32070","kva":160,"kwp":182.7,"ratio":1.14,"load":88,"rf":0}},{"type":"Feature","geometry":{"type":"Point","coordinates":[6.88902,49.54931]},"properties":{"d":"32070","kva":250,"kwp":153.4,"ratio":0.61,"load":13,"rf":0}},{"type":"Feature","geometry":{"type":"Point","coordinates":[6.89397,49.52204]},"properties":{"d":"32070","kva":100,"kwp":4.6,"ratio":0.05,"load":2,"rf":0}},{"type":"Feature","geometry":{"type":"Point","coordinates":[6.89838,49.54567]},"properties":{"d":"32070","kva":160,"kwp":60.4,"ratio":0.38,"load":27,"rf":0}},{"type":"Feature","geometry":{"type":"Point","coordinates":[6.92544,49.53153]},"properties":{"d":"32070","kva":250,"kwp":118.5,"ratio":0.47,"load":34,"rf":0}},{"type":"Feature","geometry":{"type":"Point","coordinates":[6.8918,49.53948]},"properties":{"d":"32070","kva":630,"kwp":190.6,"ratio":0.3,"load":8,"rf":0}},{"type":"Feature","geometry":{"type":"Point","coordinates":[6.89263,49.58229]},"properties":{"d":"32070","kva":630,"kwp":457.8,"ratio":0.73,"load":26,"rf":0}},{"type":"Feature","geometry":{"type":"Point","coordinates":[6.89961,49.57244]},"properties":{"d":"32070","kva":400,"kwp":319.6,"ratio":0.8,"load":59,"rf":0}},{"type":"Feature","geometry":{"type":"Point","coordinates":[6.88652,49.58268]},"properties":{"d":"32070","kva":630,"kwp":537.5,"ratio":0.85,"load":31,"rf":0}},{"type":"Feature","geometry":{"type":"Point","coordinates":[6.89169,49.58613]},"properties":{"d":"32070","kva":630,"kwp":552.2,"ratio":0.88,"load":32,"rf":0}},{"type":"Feature","geometry":{"type":"Point","coordinates":[6.87964,49.58568]},"properties":{"d":"32070","kva":400,"kwp":288.2,"ratio":0.72,"load":20,"rf":0}},{"type":"Feature","geometry":{"type":"Point","coordinates":[6.87207,49.60691]},"properties":{"d":"32070","kva":100,"kwp":2.3,"ratio":0.02,"load":2,"rf":0}},{"type":"Feature","geometry":{"type":"Point","coordinates":[6.87405,49.59009]},"properties":{"d":"32070","kva":100,"kwp":7.0,"ratio":0.07,"load":5,"rf":0}},{"type":"Feature","geometry":{"type":"Point","coordinates":[6.87937,49.57597]},"properties":{"d":"32070","kva":100,"kwp":11.6,"ratio":0.12,"load":8,"rf":0}},{"type":"Feature","geometry":{"type":"Point","coordinates":[6.88957,49.56023]},"properties":{"d":"32070","kva":400,"kwp":241.7,"ratio":0.6,"load":42,"rf":0}},{"type":"Feature","geometry":{"type":"Point","coordinates":[6.89191,49.51836]},"properties":{"d":"32070","kva":100,"kwp":4.6,"ratio":0.05,"load":3,"rf":0}},{"type":"Feature","geometry":{"type":"Point","coordinates":[6.90249,49.5046]},"properties":{"d":"32070","kva":160,"kwp":67.4,"ratio":0.42,"load":30,"rf":0}},{"type":"Feature","geometry":{"type":"Point","coordinates":[6.89984,49.53355]},"properties":{"d":"32070","kva":100,"kwp":7.0,"ratio":0.07,"load":5,"rf":0}},{"type":"Feature","geometry":{"type":"Point","coordinates":[6.90971,49.54622]},"properties":{"d":"32070","kva":100,"kwp":16.3,"ratio":0.16,"load":12,"rf":0}},{"type":"Feature","geometry":{"type":"Point","coordinates":[6.91072,49.51935]},"properties":{"d":"32070","kva":100,"kwp":4.6,"ratio":0.05,"load":1,"rf":0}},{"type":"Feature","geometry":{"type":"Point","coordinates":[6.91825,49.51059]},"properties":{"d":"32070","kva":250,"kwp":120.8,"ratio":0.48,"load":35,"rf":0}},{"type":"Feature","geometry":{"type":"Point","coordinates":[6.92095,49.55117]},"properties":{"d":"32070","kva":400,"kwp":204.5,"ratio":0.51,"load":36,"rf":0}},{"type":"Feature","geometry":{"type":"Point","coordinates":[6.9304,49.57399]},"properties":{"d":"32070","kva":800,"kwp":1683.9,"ratio":2.1,"load":82,"rf":1}},{"type":"Feature","geometry":{"type":"Point","coordinates":[6.92714,49.56416]},"properties":{"d":"32070","kva":1000,"kwp":1175.3,"ratio":1.18,"load":91,"rf":1}},{"type":"Feature","geometry":{"type":"Point","coordinates":[6.92671,49.57779]},"properties":{"d":"32070","kva":400,"kwp":455.8,"ratio":1.14,"load":89,"rf":1}},{"type":"Feature","geometry":{"type":"Point","coordinates":[6.94673,49.53928]},"properties":{"d":"32070","kva":100,"kwp":20.6,"ratio":0.21,"load":16,"rf":0}},{"type":"Feature","geometry":{"type":"Point","coordinates":[6.95205,49.54294]},"properties":{"d":"32070","kva":160,"kwp":139.3,"ratio":0.87,"load":68,"rf":1}},{"type":"Feature","geometry":{"type":"Point","coordinates":[6.79604,49.60148]},"properties":{"d":"32070","kva":100,"kwp":0.0,"ratio":0.0,"load":1,"rf":0}},{"type":"Feature","geometry":{"type":"Point","coordinates":[6.77143,49.62156]},"properties":{"d":"32070","kva":100,"kwp":0.0,"ratio":0.0,"load":1,"rf":0}},{"type":"Feature","geometry":{"type":"Point","coordinates":[6.77119,49.60652]},"properties":{"d":"32070","kva":630,"kwp":0.0,"ratio":0.0,"load":6,"rf":0}},{"type":"Feature","geometry":{"type":"Point","coordinates":[6.76714,49.60355]},"properties":{"d":"32070","kva":250,"kwp":0.0,"ratio":0.0,"load":3,"rf":0}},{"type":"Feature","geometry":{"type":"Point","coordinates":[6.79821,49.54066]},"properties":{"d":"32070","kva":630,"kwp":405.2,"ratio":0.64,"load":21,"rf":0}},{"type":"Feature","geometry":{"type":"Point","coordinates":[6.78602,49.54974]},"properties":{"d":"32070","kva":400,"kwp":170.2,"ratio":0.43,"load":13,"rf":0}},{"type":"Feature","geometry":{"type":"Point","coordinates":[6.78974,49.54431]},"properties":{"d":"32070","kva":630,"kwp":214.2,"ratio":0.34,"load":10,"rf":0}},{"type":"Feature","geometry":{"type":"Point","coordinates":[6.79266,49.54019]},"properties":{"d":"32070","kva":400,"kwp":189.5,"ratio":0.47,"load":33,"rf":0}},{"type":"Feature","geometry":{"type":"Point","coordinates":[6.79223,49.54731]},"properties":{"d":"32070","kva":100,"kwp":1.2,"ratio":0.01,"load":0,"rf":0}},{"type":"Feature","geometry":{"type":"Point","coordinates":[6.78594,49.62096]},"properties":{"d":"32070","kva":250,"kwp":0.0,"ratio":0.0,"load":2,"rf":0}},{"type":"Feature","geometry":{"type":"Point","coordinates":[6.78027,49.61497]},"properties":{"d":"32070","kva":100,"kwp":0.0,"ratio":0.0,"load":1,"rf":0}},{"type":"Feature","geometry":{"type":"Point","coordinates":[6.80277,49.60917]},"properties":{"d":"32070","kva":400,"kwp":0.0,"ratio":0.0,"load":5,"rf":0}},{"type":"Feature","geometry":{"type":"Point","coordinates":[6.83243,49.55324]},"properties":{"d":"32070","kva":630,"kwp":268.9,"ratio":0.43,"load":13,"rf":0}},{"type":"Feature","geometry":{"type":"Point","coordinates":[6.83404,49.53904]},"properties":{"d":"32070","kva":800,"kwp":342.7,"ratio":0.43,"load":13,"rf":0}},{"type":"Feature","geometry":{"type":"Point","coordinates":[6.82515,49.55285]},"properties":{"d":"32070","kva":800,"kwp":354.1,"ratio":0.44,"load":14,"rf":0}},{"type":"Feature","geometry":{"type":"Point","coordinates":[6.83427,49.55829]},"properties":{"d":"32070","kva":630,"kwp":270.1,"ratio":0.43,"load":13,"rf":0}},{"type":"Feature","geometry":{"type":"Point","coordinates":[6.81307,49.55709]},"properties":{"d":"32070","kva":400,"kwp":200.6,"ratio":0.5,"load":79,"rf":0}},{"type":"Feature","geometry":{"type":"Point","coordinates":[6.81745,49.55443]},"properties":{"d":"32070","kva":800,"kwp":495.5,"ratio":0.62,"load":23,"rf":0}},{"type":"Feature","geometry":{"type":"Point","coordinates":[6.8209,49.55973]},"properties":{"d":"32070","kva":250,"kwp":198.2,"ratio":0.79,"load":34,"rf":0}},{"type":"Feature","geometry":{"type":"Point","coordinates":[6.83379,49.5342]},"properties":{"d":"32070","kva":400,"kwp":174.9,"ratio":0.44,"load":13,"rf":0}},{"type":"Feature","geometry":{"type":"Point","coordinates":[6.8205,49.52531]},"properties":{"d":"32070","kva":400,"kwp":165.0,"ratio":0.41,"load":13,"rf":0}},{"type":"Feature","geometry":{"type":"Point","coordinates":[6.83107,49.49342]},"properties":{"d":"32070","kva":1000,"kwp":448.2,"ratio":0.45,"load":14,"rf":0}},{"type":"Feature","geometry":{"type":"Point","coordinates":[6.83442,49.48224]},"properties":{"d":"32070","kva":800,"kwp":410.7,"ratio":0.51,"load":17,"rf":0}},{"type":"Feature","geometry":{"type":"Point","coordinates":[6.83146,49.49936]},"properties":{"d":"32070","kva":250,"kwp":336.9,"ratio":1.35,"load":50,"rf":0}},{"type":"Feature","geometry":{"type":"Point","coordinates":[6.81028,49.49793]},"properties":{"d":"32070","kva":630,"kwp":366.9,"ratio":0.58,"load":80,"rf":0}},{"type":"Feature","geometry":{"type":"Point","coordinates":[6.83992,49.54908]},"properties":{"d":"32070","kva":160,"kwp":2.4,"ratio":0.01,"load":5,"rf":0}},{"type":"Feature","geometry":{"type":"Point","coordinates":[6.85022,49.56625]},"properties":{"d":"32070","kva":250,"kwp":174.6,"ratio":0.7,"load":25,"rf":0}},{"type":"Feature","geometry":{"type":"Point","coordinates":[6.86761,49.4989]},"properties":{"d":"32070","kva":630,"kwp":300.2,"ratio":0.48,"load":4,"rf":0}},{"type":"Feature","geometry":{"type":"Point","coordinates":[6.86126,49.52487]},"properties":{"d":"32070","kva":630,"kwp":485.7,"ratio":0.77,"load":28,"rf":0}},{"type":"Feature","geometry":{"type":"Point","coordinates":[6.87213,49.52342]},"properties":{"d":"32070","kva":400,"kwp":309.1,"ratio":0.77,"load":28,"rf":0}},{"type":"Feature","geometry":{"type":"Point","coordinates":[6.85793,49.55807]},"properties":{"d":"32070","kva":800,"kwp":655.4,"ratio":0.82,"load":29,"rf":0}},{"type":"Feature","geometry":{"type":"Point","coordinates":[6.92931,49.52902]},"properties":{"d":"32070","kva":630,"kwp":483.4,"ratio":0.77,"load":27,"rf":0}},{"type":"Feature","geometry":{"type":"Point","coordinates":[6.88974,49.54014]},"properties":{"d":"32070","kva":1000,"kwp":429.9,"ratio":0.43,"load":12,"rf":0}},{"type":"Feature","geometry":{"type":"Point","coordinates":[6.89065,49.52804]},"properties":{"d":"32070","kva":400,"kwp":394.8,"ratio":0.99,"load":35,"rf":0}},{"type":"Feature","geometry":{"type":"Point","coordinates":[6.88966,49.54273]},"properties":{"d":"32070","kva":630,"kwp":172.0,"ratio":0.27,"load":7,"rf":0}},{"type":"Feature","geometry":{"type":"Point","coordinates":[6.8918,49.53948]},"properties":{"d":"32070","kva":630,"kwp":190.6,"ratio":0.3,"load":8,"rf":0}},{"type":"Feature","geometry":{"type":"Point","coordinates":[6.88652,49.58268]},"properties":{"d":"32070","kva":630,"kwp":537.5,"ratio":0.85,"load":31,"rf":0}},{"type":"Feature","geometry":{"type":"Point","coordinates":[6.9304,49.57399]},"properties":{"d":"32070","kva":800,"kwp":1683.9,"ratio":2.1,"load":82,"rf":1}},{"type":"Feature","geometry":{"type":"Point","coordinates":[6.77119,49.60652]},"properties":{"d":"32070","kva":630,"kwp":0.0,"ratio":0.0,"load":6,"rf":0}},{"type":"Feature","geometry":{"type":"Point","coordinates":[6.79821,49.54066]},"properties":{"d":"32070","kva":630,"kwp":405.2,"ratio":0.64,"load":21,"rf":0}},{"type":"Feature","geometry":{"type":"Point","coordinates":[6.78602,49.54974]},"properties":{"d":"32070","kva":400,"kwp":170.2,"ratio":0.43,"load":13,"rf":0}},{"type":"Feature","geometry":{"type":"Point","coordinates":[6.93993,49.52863]},"properties":{"d":"32070","kva":400,"kwp":288.2,"ratio":0.72,"load":26,"rf":0}},{"type":"Feature","geometry":{"type":"Point","coordinates":[6.83038,49.54807]},"properties":{"d":"32070","kva":630,"kwp":272.8,"ratio":0.43,"load":19,"rf":0}},{"type":"Feature","geometry":{"type":"Point","coordinates":[6.84661,49.56861]},"properties":{"d":"32070","kva":630,"kwp":265.2,"ratio":0.42,"load":13,"rf":0}},{"type":"Feature","geometry":{"type":"Point","coordinates":[6.86761,49.4989]},"properties":{"d":"32070","kva":630,"kwp":300.2,"ratio":0.48,"load":4,"rf":0}},{"type":"Feature","geometry":{"type":"Point","coordinates":[6.86332,49.49631]},"properties":{"d":"32070","kva":630,"kwp":233.6,"ratio":0.37,"load":16,"rf":0}},{"type":"Feature","geometry":{"type":"Point","coordinates":[6.86655,49.49343]},"properties":{"d":"32070","kva":630,"kwp":241.9,"ratio":0.38,"load":12,"rf":0}},{"type":"Feature","geometry":{"type":"Point","coordinates":[6.87239,49.51061]},"properties":{"d":"32070","kva":630,"kwp":390.4,"ratio":0.62,"load":22,"rf":0}},{"type":"Feature","geometry":{"type":"Point","coordinates":[6.86889,49.50694]},"properties":{"d":"32070","kva":630,"kwp":276.6,"ratio":0.44,"load":19,"rf":0}},{"type":"Feature","geometry":{"type":"Point","coordinates":[6.88821,49.53576]},"properties":{"d":"32070","kva":630,"kwp":292.8,"ratio":0.46,"load":17,"rf":0}},{"type":"Feature","geometry":{"type":"Point","coordinates":[6.88154,49.54077]},"properties":{"d":"32070","kva":630,"kwp":323.7,"ratio":0.51,"load":23,"rf":0}},{"type":"Feature","geometry":{"type":"Point","coordinates":[6.88974,49.54014]},"properties":{"d":"32070","kva":630,"kwp":429.9,"ratio":0.68,"load":18,"rf":0}},{"type":"Feature","geometry":{"type":"Point","coordinates":[6.90417,49.52512]},"properties":{"d":"32070","kva":630,"kwp":69.7,"ratio":0.11,"load":1,"rf":0}},{"type":"Feature","geometry":{"type":"Point","coordinates":[6.92162,49.52661]},"properties":{"d":"32070","kva":630,"kwp":176.6,"ratio":0.28,"load":14,"rf":0}},{"type":"Feature","geometry":{"type":"Point","coordinates":[6.88902,49.54931]},"properties":{"d":"32070","kva":630,"kwp":153.4,"ratio":0.24,"load":13,"rf":0}},{"type":"Feature","geometry":{"type":"Point","coordinates":[6.89263,49.58229]},"properties":{"d":"32070","kva":630,"kwp":457.8,"ratio":0.73,"load":26,"rf":0}},{"type":"Feature","geometry":{"type":"Point","coordinates":[6.89169,49.58613]},"properties":{"d":"32070","kva":630,"kwp":552.2,"ratio":0.88,"load":32,"rf":0}},{"type":"Feature","geometry":{"type":"Point","coordinates":[6.87964,49.58568]},"properties":{"d":"32070","kva":630,"kwp":288.2,"ratio":0.46,"load":20,"rf":0}},{"type":"Feature","geometry":{"type":"Point","coordinates":[6.76714,49.60355]},"properties":{"d":"32070","kva":630,"kwp":0.0,"ratio":0.0,"load":3,"rf":0}},{"type":"Feature","geometry":{"type":"Point","coordinates":[6.78974,49.54431]},"properties":{"d":"32070","kva":630,"kwp":214.2,"ratio":0.34,"load":10,"rf":0}},{"type":"Feature","geometry":{"type":"Point","coordinates":[7.11171,49.33725]},"properties":{"d":"32485","kva":100,"kwp":1.7,"ratio":0.02,"load":0,"rf":0}},{"type":"Feature","geometry":{"type":"Point","coordinates":[7.12971,49.36086]},"properties":{"d":"32485","kva":800,"kwp":218.1,"ratio":0.27,"load":7,"rf":0}},{"type":"Feature","geometry":{"type":"Point","coordinates":[7.10502,49.35581]},"properties":{"d":"32485","kva":1000,"kwp":346.7,"ratio":0.35,"load":9,"rf":0}},{"type":"Feature","geometry":{"type":"Point","coordinates":[7.12339,49.36581]},"properties":{"d":"32485","kva":800,"kwp":218.1,"ratio":0.27,"load":8,"rf":0}},{"type":"Feature","geometry":{"type":"Point","coordinates":[7.08964,49.35855]},"properties":{"d":"32485","kva":630,"kwp":260.2,"ratio":0.41,"load":13,"rf":0}},{"type":"Feature","geometry":{"type":"Point","coordinates":[7.1122,49.38888]},"properties":{"d":"32485","kva":630,"kwp":139.4,"ratio":0.22,"load":11,"rf":0}},{"type":"Feature","geometry":{"type":"Point","coordinates":[7.13078,49.35686]},"properties":{"d":"32485","kva":1000,"kwp":261.0,"ratio":0.26,"load":6,"rf":0}},{"type":"Feature","geometry":{"type":"Point","coordinates":[7.11659,49.35869]},"properties":{"d":"32485","kva":800,"kwp":233.7,"ratio":0.29,"load":8,"rf":0}},{"type":"Feature","geometry":{"type":"Point","coordinates":[7.0938,49.35726]},"properties":{"d":"32485","kva":630,"kwp":191.1,"ratio":0.3,"load":8,"rf":0}},{"type":"Feature","geometry":{"type":"Point","coordinates":[7.13271,49.35556]},"properties":{"d":"32485","kva":630,"kwp":185.4,"ratio":0.29,"load":8,"rf":0}},{"type":"Feature","geometry":{"type":"Point","coordinates":[7.10702,49.35068]},"properties":{"d":"32485","kva":630,"kwp":285.6,"ratio":0.45,"load":13,"rf":0}},{"type":"Feature","geometry":{"type":"Point","coordinates":[7.09792,49.35706]},"properties":{"d":"32485","kva":800,"kwp":332.1,"ratio":0.42,"load":13,"rf":0}},{"type":"Feature","geometry":{"type":"Point","coordinates":[7.12972,49.37086]},"properties":{"d":"32485","kva":1000,"kwp":258.4,"ratio":0.26,"load":6,"rf":0}},{"type":"Feature","geometry":{"type":"Point","coordinates":[7.11354,49.36584]},"properties":{"d":"32485","kva":250,"kwp":57.6,"ratio":0.23,"load":3,"rf":0}},{"type":"Feature","geometry":{"type":"Point","coordinates":[7.11626,49.39118]},"properties":{"d":"32485","kva":630,"kwp":133.2,"ratio":0.21,"load":11,"rf":0}},{"type":"Feature","geometry":{"type":"Point","coordinates":[7.11349,49.37163]},"properties":{"d":"32485","kva":400,"kwp":88.8,"ratio":0.22,"load":4,"rf":0}},{"type":"Feature","geometry":{"type":"Point","coordinates":[7.11234,49.3489]},"properties":{"d":"32485","kva":400,"kwp":37.4,"ratio":0.09,"load":1,"rf":0}},{"type":"Feature","geometry":{"type":"Point","coordinates":[7.11182,49.36015]},"properties":{"d":"32485","kva":800,"kwp":242.3,"ratio":0.3,"load":8,"rf":0}},{"type":"Feature","geometry":{"type":"Point","coordinates":[7.10175,49.35092]},"properties":{"d":"32485","kva":630,"kwp":115.6,"ratio":0.18,"load":4,"rf":0}},{"type":"Feature","geometry":{"type":"Point","coordinates":[7.13879,49.3551]},"properties":{"d":"32485","kva":630,"kwp":211.1,"ratio":0.34,"load":10,"rf":0}},{"type":"Feature","geometry":{"type":"Point","coordinates":[7.12272,49.35421]},"properties":{"d":"32485","kva":400,"kwp":84.9,"ratio":0.21,"load":11,"rf":0}},{"type":"Feature","geometry":{"type":"Point","coordinates":[7.11694,49.38419]},"properties":{"d":"32485","kva":250,"kwp":57.6,"ratio":0.23,"load":3,"rf":0}},{"type":"Feature","geometry":{"type":"Point","coordinates":[7.12631,49.37873]},"properties":{"d":"32485","kva":630,"kwp":228.9,"ratio":0.36,"load":23,"rf":0}},{"type":"Feature","geometry":{"type":"Point","coordinates":[7.1056,49.38992]},"properties":{"d":"32485","kva":630,"kwp":158.1,"ratio":0.25,"load":6,"rf":0}},{"type":"Feature","geometry":{"type":"Point","coordinates":[7.13106,49.36474]},"properties":{"d":"32485","kva":630,"kwp":168.3,"ratio":0.27,"load":7,"rf":0}},{"type":"Feature","geometry":{"type":"Point","coordinates":[7.09457,49.38827]},"properties":{"d":"32485","kva":250,"kwp":68.4,"ratio":0.27,"load":17,"rf":0}},{"type":"Feature","geometry":{"type":"Point","coordinates":[7.12563,49.37437]},"properties":{"d":"32485","kva":400,"kwp":115.3,"ratio":0.29,"load":7,"rf":0}},{"type":"Feature","geometry":{"type":"Point","coordinates":[7.12304,49.37138]},"properties":{"d":"32485","kva":400,"kwp":81.8,"ratio":0.2,"load":11,"rf":0}},{"type":"Feature","geometry":{"type":"Point","coordinates":[7.11411,49.35549]},"properties":{"d":"32485","kva":400,"kwp":105.2,"ratio":0.26,"load":5,"rf":0}},{"type":"Feature","geometry":{"type":"Point","coordinates":[7.1378,49.37294]},"properties":{"d":"32485","kva":400,"kwp":77.1,"ratio":0.19,"load":10,"rf":0}},{"type":"Feature","geometry":{"type":"Point","coordinates":[7.12167,49.37014]},"properties":{"d":"32485","kva":250,"kwp":48.3,"ratio":0.19,"load":10,"rf":0}},{"type":"Feature","geometry":{"type":"Point","coordinates":[7.12842,49.36763]},"properties":{"d":"32485","kva":400,"kwp":230.4,"ratio":0.58,"load":15,"rf":0}},{"type":"Feature","geometry":{"type":"Point","coordinates":[7.13864,49.36213]},"properties":{"d":"32485","kva":400,"kwp":102.0,"ratio":0.26,"load":5,"rf":0}},{"type":"Feature","geometry":{"type":"Point","coordinates":[7.13348,49.37493]},"properties":{"d":"32485","kva":400,"kwp":75.6,"ratio":0.19,"load":10,"rf":0}},{"type":"Feature","geometry":{"type":"Point","coordinates":[7.11481,49.39433]},"properties":{"d":"32485","kva":630,"kwp":120.7,"ratio":0.19,"load":9,"rf":0}},{"type":"Feature","geometry":{"type":"Point","coordinates":[7.13267,49.36948]},"properties":{"d":"32485","kva":800,"kwp":191.6,"ratio":0.24,"load":6,"rf":0}},{"type":"Feature","geometry":{"type":"Point","coordinates":[7.09025,49.35509]},"properties":{"d":"32485","kva":400,"kwp":88.1,"ratio":0.22,"load":13,"rf":0}},{"type":"Feature","geometry":{"type":"Point","coordinates":[7.12162,49.35641]},"properties":{"d":"32485","kva":400,"kwp":96.6,"ratio":0.24,"load":5,"rf":0}},{"type":"Feature","geometry":{"type":"Point","coordinates":[7.10045,49.36307]},"properties":{"d":"32485","kva":630,"kwp":124.6,"ratio":0.2,"load":10,"rf":0}},{"type":"Feature","geometry":{"type":"Point","coordinates":[7.13216,49.3586]},"properties":{"d":"32485","kva":400,"kwp":94.3,"ratio":0.24,"load":5,"rf":0}},{"type":"Feature","geometry":{"type":"Point","coordinates":[7.09728,49.3524]},"properties":{"d":"32485","kva":630,"kwp":87.2,"ratio":0.14,"load":6,"rf":0}},{"type":"Feature","geometry":{"type":"Point","coordinates":[7.1386,49.36598]},"properties":{"d":"32485","kva":250,"kwp":29.6,"ratio":0.12,"load":6,"rf":0}},{"type":"Feature","geometry":{"type":"Point","coordinates":[7.12296,49.36183]},"properties":{"d":"32485","kva":250,"kwp":55.3,"ratio":0.22,"load":3,"rf":0}},{"type":"Feature","geometry":{"type":"Point","coordinates":[7.10041,49.37597]},"properties":{"d":"32485","kva":100,"kwp":2.3,"ratio":0.02,"load":1,"rf":0}},{"type":"Feature","geometry":{"type":"Point","coordinates":[7.10227,49.37071]},"properties":{"d":"32485","kva":100,"kwp":2.3,"ratio":0.02,"load":1,"rf":0}},{"type":"Feature","geometry":{"type":"Point","coordinates":[7.12542,49.35078]},"properties":{"d":"32485","kva":400,"kwp":298.2,"ratio":0.75,"load":53,"rf":0}},{"type":"Feature","geometry":{"type":"Point","coordinates":[7.11022,49.38302]},"properties":{"d":"32485","kva":100,"kwp":3.1,"ratio":0.03,"load":1,"rf":0}},{"type":"Feature","geometry":{"type":"Point","coordinates":[7.13405,49.39358]},"properties":{"d":"32485","kva":100,"kwp":0.8,"ratio":0.01,"load":1,"rf":0}},{"type":"Feature","geometry":{"type":"Point","coordinates":[7.14433,49.37874]},"properties":{"d":"32485","kva":100,"kwp":3.1,"ratio":0.03,"load":1,"rf":0}},{"type":"Feature","geometry":{"type":"Point","coordinates":[7.12971,49.36086]},"properties":{"d":"32485","kva":800,"kwp":218.1,"ratio":0.27,"load":7,"rf":0}},{"type":"Feature","geometry":{"type":"Point","coordinates":[7.10502,49.35581]},"properties":{"d":"32485","kva":1000,"kwp":346.7,"ratio":0.35,"load":9,"rf":0}},{"type":"Feature","geometry":{"type":"Point","coordinates":[7.12339,49.36581]},"properties":{"d":"32485","kva":800,"kwp":218.1,"ratio":0.27,"load":8,"rf":0}},{"type":"Feature","geometry":{"type":"Point","coordinates":[7.08964,49.35855]},"properties":{"d":"32485","kva":630,"kwp":260.2,"ratio":0.41,"load":13,"rf":0}},{"type":"Feature","geometry":{"type":"Point","coordinates":[7.13078,49.35686]},"properties":{"d":"32485","kva":1000,"kwp":261.0,"ratio":0.26,"load":6,"rf":0}},{"type":"Feature","geometry":{"type":"Point","coordinates":[7.11659,49.35869]},"properties":{"d":"32485","kva":800,"kwp":233.7,"ratio":0.29,"load":8,"rf":0}},{"type":"Feature","geometry":{"type":"Point","coordinates":[7.0938,49.35726]},"properties":{"d":"32485","kva":630,"kwp":191.1,"ratio":0.3,"load":8,"rf":0}},{"type":"Feature","geometry":{"type":"Point","coordinates":[7.13271,49.35556]},"properties":{"d":"32485","kva":630,"kwp":185.4,"ratio":0.29,"load":8,"rf":0}},{"type":"Feature","geometry":{"type":"Point","coordinates":[7.10702,49.35068]},"properties":{"d":"32485","kva":630,"kwp":285.6,"ratio":0.45,"load":13,"rf":0}},{"type":"Feature","geometry":{"type":"Point","coordinates":[7.09792,49.35706]},"properties":{"d":"32485","kva":800,"kwp":332.1,"ratio":0.42,"load":13,"rf":0}},{"type":"Feature","geometry":{"type":"Point","coordinates":[7.12972,49.37086]},"properties":{"d":"32485","kva":1000,"kwp":258.4,"ratio":0.26,"load":6,"rf":0}},{"type":"Feature","geometry":{"type":"Point","coordinates":[7.11182,49.36015]},"properties":{"d":"32485","kva":800,"kwp":242.3,"ratio":0.3,"load":8,"rf":0}},{"type":"Feature","geometry":{"type":"Point","coordinates":[7.13106,49.36474]},"properties":{"d":"32485","kva":630,"kwp":168.3,"ratio":0.27,"load":7,"rf":0}},{"type":"Feature","geometry":{"type":"Point","coordinates":[7.12563,49.37437]},"properties":{"d":"32485","kva":400,"kwp":115.3,"ratio":0.29,"load":7,"rf":0}},{"type":"Feature","geometry":{"type":"Point","coordinates":[7.13267,49.36948]},"properties":{"d":"32485","kva":800,"kwp":191.6,"ratio":0.24,"load":6,"rf":0}},{"type":"Feature","geometry":{"type":"Point","coordinates":[7.11354,49.36584]},"properties":{"d":"32485","kva":630,"kwp":57.6,"ratio":0.09,"load":3,"rf":0}},{"type":"Feature","geometry":{"type":"Point","coordinates":[7.11349,49.37163]},"properties":{"d":"32485","kva":630,"kwp":88.8,"ratio":0.14,"load":4,"rf":0}},{"type":"Feature","geometry":{"type":"Point","coordinates":[7.11234,49.3489]},"properties":{"d":"32485","kva":630,"kwp":37.4,"ratio":0.06,"load":1,"rf":0}},{"type":"Feature","geometry":{"type":"Point","coordinates":[7.10175,49.35092]},"properties":{"d":"32485","kva":630,"kwp":115.6,"ratio":0.18,"load":4,"rf":0}},{"type":"Feature","geometry":{"type":"Point","coordinates":[7.13879,49.3551]},"properties":{"d":"32485","kva":630,"kwp":211.1,"ratio":0.34,"load":10,"rf":0}},{"type":"Feature","geometry":{"type":"Point","coordinates":[7.11694,49.38419]},"properties":{"d":"32485","kva":630,"kwp":57.6,"ratio":0.09,"load":3,"rf":0}},{"type":"Feature","geometry":{"type":"Point","coordinates":[7.1056,49.38992]},"properties":{"d":"32485","kva":630,"kwp":158.1,"ratio":0.25,"load":6,"rf":0}},{"type":"Feature","geometry":{"type":"Point","coordinates":[7.11411,49.35549]},"properties":{"d":"32485","kva":630,"kwp":105.2,"ratio":0.17,"load":5,"rf":0}},{"type":"Feature","geometry":{"type":"Point","coordinates":[7.12842,49.36763]},"properties":{"d":"32485","kva":630,"kwp":230.4,"ratio":0.37,"load":15,"rf":0}},{"type":"Feature","geometry":{"type":"Point","coordinates":[7.13864,49.36213]},"properties":{"d":"32485","kva":630,"kwp":102.0,"ratio":0.16,"load":5,"rf":0}},{"type":"Feature","geometry":{"type":"Point","coordinates":[7.12162,49.35641]},"properties":{"d":"32485","kva":630,"kwp":96.6,"ratio":0.15,"load":5,"rf":0}},{"type":"Feature","geometry":{"type":"Point","coordinates":[7.13216,49.3586]},"properties":{"d":"32485","kva":630,"kwp":94.3,"ratio":0.15,"load":5,"rf":0}},{"type":"Feature","geometry":{"type":"Point","coordinates":[7.12296,49.36183]},"properties":{"d":"32485","kva":630,"kwp":55.3,"ratio":0.09,"load":3,"rf":0}},{"type":"Feature","geometry":{"type":"Point","coordinates":[7.0821,49.25391]},"properties":{"d":"32510","kva":100,"kwp":0.5,"ratio":0.0,"load":0,"rf":0}},{"type":"Feature","geometry":{"type":"Point","coordinates":[7.06871,49.2029]},"properties":{"d":"32510","kva":1000,"kwp":367.2,"ratio":0.37,"load":11,"rf":0}},{"type":"Feature","geometry":{"type":"Point","coordinates":[7.06271,49.20053]},"properties":{"d":"32510","kva":630,"kwp":217.1,"ratio":0.34,"load":11,"rf":0}},{"type":"Feature","geometry":{"type":"Point","coordinates":[7.06659,49.19552]},"properties":{"d":"32510","kva":630,"kwp":180.3,"ratio":0.29,"load":28,"rf":0}},{"type":"Feature","geometry":{"type":"Point","coordinates":[7.0649,49.20514]},"properties":{"d":"32510","kva":250,"kwp":71.1,"ratio":0.28,"load":17,"rf":0}},{"type":"Feature","geometry":{"type":"Point","coordinates":[7.05973,49.20332]},"properties":{"d":"32510","kva":400,"kwp":148.7,"ratio":0.37,"load":9,"rf":0}},{"type":"Feature","geometry":{"type":"Point","coordinates":[7.06574,49.19826]},"properties":{"d":"32510","kva":400,"kwp":152.7,"ratio":0.38,"load":9,"rf":0}},{"type":"Feature","geometry":{"type":"Point","coordinates":[7.07652,49.19855]},"properties":{"d":"32510","kva":630,"kwp":114.5,"ratio":0.18,"load":9,"rf":0}},{"type":"Feature","geometry":{"type":"Point","coordinates":[7.07801,49.23622]},"properties":{"d":"32510","kva":100,"kwp":2.4,"ratio":0.02,"load":1,"rf":0}},{"type":"Feature","geometry":{"type":"Point","coordinates":[7.08639,49.22016]},"properties":{"d":"32510","kva":100,"kwp":125.5,"ratio":1.26,"load":98,"rf":0}},{"type":"Feature","geometry":{"type":"Point","coordinates":[7.09088,49.2162]},"properties":{"d":"32510","kva":100,"kwp":1.7,"ratio":0.02,"load":1,"rf":0}},{"type":"Feature","geometry":{"type":"Point","coordinates":[7.09309,49.22573]},"properties":{"d":"32510","kva":100,"kwp":62.2,"ratio":0.62,"load":51,"rf":0}},{"type":"Feature","geometry":{"type":"Point","coordinates":[7.09478,49.21003]},"properties":{"d":"32510","kva":100,"kwp":56.7,"ratio":0.57,"load":46,"rf":0}},{"type":"Feature","geometry":{"type":"Point","coordinates":[7.10254,49.19054]},"properties":{"d":"32510","kva":1000,"kwp":348.7,"ratio":0.35,"load":10,"rf":0}},{"type":"Feature","geometry":{"type":"Point","coordinates":[7.10714,49.20551]},"properties":{"d":"32510","kva":1000,"kwp":139.0,"ratio":0.14,"load":3,"rf":0}},{"type":"Feature","geometry":{"type":"Point","coordinates":[7.11291,49.20358]},"properties":{"d":"32510","kva":400,"kwp":70.9,"ratio":0.18,"load":3,"rf":0}},{"type":"Feature","geometry":{"type":"Point","coordinates":[7.10582,49.19614]},"properties":{"d":"32510","kva":800,"kwp":108.0,"ratio":0.13,"load":1,"rf":0}},{"type":"Feature","geometry":{"type":"Point","coordinates":[7.10486,49.20985]},"properties":{"d":"32510","kva":400,"kwp":68.6,"ratio":0.17,"load":3,"rf":0}},{"type":"Feature","geometry":{"type":"Point","coordinates":[7.1088,49.20857]},"properties":{"d":"32510","kva":630,"kwp":94.4,"ratio":0.15,"load":2,"rf":0}},{"type":"Feature","geometry":{"type":"Point","coordinates":[7.11348,49.20803]},"properties":{"d":"32510","kva":400,"kwp":63.5,"ratio":0.16,"load":2,"rf":0}},{"type":"Feature","geometry":{"type":"Point","coordinates":[7.10733,49.19979]},"properties":{"d":"32510","kva":630,"kwp":84.3,"ratio":0.13,"load":5,"rf":0}},{"type":"Feature","geometry":{"type":"Point","coordinates":[7.10399,49.20252]},"properties":{"d":"32510","kva":400,"kwp":41.2,"ratio":0.1,"load":3,"rf":0}},{"type":"Feature","geometry":{"type":"Point","coordinates":[7.09285,49.19152]},"properties":{"d":"32510","kva":400,"kwp":101.3,"ratio":0.25,"load":15,"rf":0}},{"type":"Feature","geometry":{"type":"Point","coordinates":[7.10482,49.18932]},"properties":{"d":"32510","kva":400,"kwp":146.1,"ratio":0.37,"load":9,"rf":0}},{"type":"Feature","geometry":{"type":"Point","coordinates":[7.11082,49.20031]},"properties":{"d":"32510","kva":400,"kwp":58.9,"ratio":0.15,"load":2,"rf":0}},{"type":"Feature","geometry":{"type":"Point","coordinates":[7.11399,49.21099]},"properties":{"d":"32510","kva":250,"kwp":396.8,"ratio":1.59,"load":45,"rf":0}},{"type":"Feature","geometry":{"type":"Point","coordinates":[7.10913,49.20219]},"properties":{"d":"32510","kva":630,"kwp":74.4,"ratio":0.12,"load":4,"rf":0}},{"type":"Feature","geometry":{"type":"Point","coordinates":[7.1174,49.19368]},"properties":{"d":"32510","kva":100,"kwp":5.4,"ratio":0.05,"load":4,"rf":0}},{"type":"Feature","geometry":{"type":"Point","coordinates":[7.12145,49.22471]},"properties":{"d":"32510","kva":100,"kwp":0.6,"ratio":0.01,"load":0,"rf":0}},{"type":"Feature","geometry":{"type":"Point","coordinates":[7.01807,49.21326]},"properties":{"d":"32510","kva":800,"kwp":109.6,"ratio":0.14,"load":2,"rf":0}},{"type":"Feature","geometry":{"type":"Point","coordinates":[7.01518,49.21176]},"properties":{"d":"32510","kva":160,"kwp":18.1,"ratio":0.11,"load":5,"rf":0}},{"type":"Feature","geometry":{"type":"Point","coordinates":[7.04273,49.20672]},"properties":{"d":"32510","kva":630,"kwp":273.9,"ratio":0.43,"load":13,"rf":0}},{"type":"Feature","geometry":{"type":"Point","coordinates":[7.02902,49.21848]},"properties":{"d":"32510","kva":250,"kwp":22.8,"ratio":0.09,"load":3,"rf":0}},{"type":"Feature","geometry":{"type":"Point","coordinates":[7.01879,49.20169]},"properties":{"d":"32510","kva":400,"kwp":127.2,"ratio":0.32,"load":7,"rf":0}},{"type":"Feature","geometry":{"type":"Point","coordinates":[7.05183,49.20792]},"properties":{"d":"32510","kva":160,"kwp":25.0,"ratio":0.16,"load":8,"rf":0}},{"type":"Feature","geometry":{"type":"Point","coordinates":[7.03745,49.20151]},"properties":{"d":"32510","kva":630,"kwp":159.2,"ratio":0.25,"load":15,"rf":0}},{"type":"Feature","geometry":{"type":"Point","coordinates":[7.0245,49.20986]},"properties":{"d":"32510","kva":400,"kwp":5.6,"ratio":0.01,"load":4,"rf":0}},{"type":"Feature","geometry":{"type":"Point","coordinates":[7.03252,49.20241]},"properties":{"d":"32510","kva":630,"kwp":135.4,"ratio":0.21,"load":5,"rf":0}},{"type":"Feature","geometry":{"type":"Point","coordinates":[7.0325,49.20804]},"properties":{"d":"32510","kva":400,"kwp":204.8,"ratio":0.51,"load":15,"rf":0}},{"type":"Feature","geometry":{"type":"Point","coordinates":[7.02388,49.20693]},"properties":{"d":"32510","kva":630,"kwp":191.0,"ratio":0.3,"load":8,"rf":0}},{"type":"Feature","geometry":{"type":"Point","coordinates":[7.02169,49.1983]},"properties":{"d":"32510","kva":800,"kwp":14.0,"ratio":0.02,"load":4,"rf":0}},{"type":"Feature","geometry":{"type":"Point","coordinates":[7.02916,49.19841]},"properties":{"d":"32510","kva":630,"kwp":104.0,"ratio":0.17,"load":7,"rf":0}},{"type":"Feature","geometry":{"type":"Point","coordinates":[7.0434,49.21339]},"properties":{"d":"32510","kva":630,"kwp":259.5,"ratio":0.41,"load":13,"rf":0}},{"type":"Feature","geometry":{"type":"Point","coordinates":[7.03433,49.21496]},"properties":{"d":"32510","kva":630,"kwp":25.7,"ratio":0.04,"load":3,"rf":0}},{"type":"Feature","geometry":{"type":"Point","coordinates":[7.02951,49.21188]},"properties":{"d":"32510","kva":630,"kwp":12.2,"ratio":0.02,"load":4,"rf":0}},{"type":"Feature","geometry":{"type":"Point","coordinates":[7.03592,49.19594]},"properties":{"d":"32510","kva":250,"kwp":44.3,"ratio":0.18,"load":2,"rf":0}},{"type":"Feature","geometry":{"type":"Point","coordinates":[7.02802,49.20031]},"properties":{"d":"32510","kva":630,"kwp":69.1,"ratio":0.11,"load":1,"rf":0}},{"type":"Feature","geometry":{"type":"Point","coordinates":[7.03053,49.2157]},"properties":{"d":"32510","kva":400,"kwp":25.7,"ratio":0.06,"load":2,"rf":0}},{"type":"Feature","geometry":{"type":"Point","coordinates":[7.04551,49.20965]},"properties":{"d":"32510","kva":630,"kwp":129.0,"ratio":0.2,"load":11,"rf":0}},{"type":"Feature","geometry":{"type":"Point","coordinates":[7.04188,49.21535]},"properties":{"d":"32510","kva":250,"kwp":11.4,"ratio":0.05,"load":2,"rf":0}},{"type":"Feature","geometry":{"type":"Point","coordinates":[7.03209,49.20577]},"properties":{"d":"32510","kva":630,"kwp":252.9,"ratio":0.4,"load":27,"rf":0}},{"type":"Feature","geometry":{"type":"Point","coordinates":[7.03465,49.2034]},"properties":{"d":"32510","kva":800,"kwp":209.0,"ratio":0.26,"load":5,"rf":0}},{"type":"Feature","geometry":{"type":"Point","coordinates":[7.01874,49.19996]},"properties":{"d":"32510","kva":400,"kwp":7.7,"ratio":0.02,"load":5,"rf":0}},{"type":"Feature","geometry":{"type":"Point","coordinates":[7.03176,49.19771]},"properties":{"d":"32510","kva":400,"kwp":115.1,"ratio":0.29,"load":17,"rf":0}},{"type":"Feature","geometry":{"type":"Point","coordinates":[7.04553,49.21143]},"properties":{"d":"32510","kva":630,"kwp":117.9,"ratio":0.19,"load":9,"rf":0}},{"type":"Feature","geometry":{"type":"Point","coordinates":[7.03955,49.21578]},"properties":{"d":"32510","kva":630,"kwp":7.4,"ratio":0.01,"load":6,"rf":0}},{"type":"Feature","geometry":{"type":"Point","coordinates":[7.02738,49.20335]},"properties":{"d":"32510","kva":400,"kwp":74.9,"ratio":0.19,"load":10,"rf":0}},{"type":"Feature","geometry":{"type":"Point","coordinates":[7.02653,49.20251]},"properties":{"d":"32510","kva":630,"kwp":86.6,"ratio":0.14,"load":5,"rf":0}},{"type":"Feature","geometry":{"type":"Point","coordinates":[7.04008,49.21313]},"properties":{"d":"32510","kva":800,"kwp":84.5,"ratio":0.11,"load":2,"rf":0}},{"type":"Feature","geometry":{"type":"Point","coordinates":[7.03901,49.20686]},"properties":{"d":"32510","kva":400,"kwp":35.5,"ratio":0.09,"load":3,"rf":0}},{"type":"Feature","geometry":{"type":"Point","coordinates":[7.03661,49.21168]},"properties":{"d":"32510","kva":1000,"kwp":17.7,"ratio":0.02,"load":4,"rf":0}},{"type":"Feature","geometry":{"type":"Point","coordinates":[7.03338,49.21186]},"properties":{"d":"32510","kva":400,"kwp":32.5,"ratio":0.08,"load":1,"rf":0}},{"type":"Feature","geometry":{"type":"Point","coordinates":[7.04238,49.20014]},"properties":{"d":"32510","kva":160,"kwp":36.8,"ratio":0.23,"load":15,"rf":0}},{"type":"Feature","geometry":{"type":"Point","coordinates":[7.02684,49.19657]},"properties":{"d":"32510","kva":160,"kwp":9.8,"ratio":0.06,"load":2,"rf":0}},{"type":"Feature","geometry":{"type":"Point","coordinates":[7.03645,49.21426]},"properties":{"d":"32510","kva":630,"kwp":43.4,"ratio":0.07,"load":2,"rf":0}},{"type":"Feature","geometry":{"type":"Point","coordinates":[7.0385,49.20391]},"properties":{"d":"32510","kva":400,"kwp":7.9,"ratio":0.02,"load":3,"rf":0}},{"type":"Feature","geometry":{"type":"Point","coordinates":[7.04898,49.2105]},"properties":{"d":"32510","kva":250,"kwp":65.8,"ratio":0.26,"load":16,"rf":0}},{"type":"Feature","geometry":{"type":"Point","coordinates":[7.02148,49.20527]},"properties":{"d":"32510","kva":800,"kwp":164.5,"ratio":0.21,"load":2,"rf":0}},{"type":"Feature","geometry":{"type":"Point","coordinates":[7.04286,49.21204]},"properties":{"d":"32510","kva":400,"kwp":33.9,"ratio":0.08,"load":2,"rf":0}},{"type":"Feature","geometry":{"type":"Point","coordinates":[7.06089,49.21491]},"properties":{"d":"32510","kva":630,"kwp":339.2,"ratio":0.54,"load":9,"rf":0}},{"type":"Feature","geometry":{"type":"Point","coordinates":[7.06089,49.21491]},"properties":{"d":"32510","kva":630,"kwp":339.2,"ratio":0.54,"load":9,"rf":0}},{"type":"Feature","geometry":{"type":"Point","coordinates":[7.05326,49.22546]},"properties":{"d":"32510","kva":800,"kwp":140.2,"ratio":0.18,"load":3,"rf":0}},{"type":"Feature","geometry":{"type":"Point","coordinates":[7.06267,49.2269]},"properties":{"d":"32510","kva":250,"kwp":41.1,"ratio":0.16,"load":7,"rf":0}},{"type":"Feature","geometry":{"type":"Point","coordinates":[7.06808,49.2209]},"properties":{"d":"32510","kva":630,"kwp":162.2,"ratio":0.26,"load":6,"rf":0}},{"type":"Feature","geometry":{"type":"Point","coordinates":[7.07168,49.21708]},"properties":{"d":"32510","kva":400,"kwp":75.1,"ratio":0.19,"load":9,"rf":0}},{"type":"Feature","geometry":{"type":"Point","coordinates":[7.06515,49.22191]},"properties":{"d":"32510","kva":630,"kwp":114.7,"ratio":0.18,"load":4,"rf":0}},{"type":"Feature","geometry":{"type":"Point","coordinates":[7.05932,49.21211]},"properties":{"d":"32510","kva":400,"kwp":118.4,"ratio":0.3,"load":7,"rf":0}},{"type":"Feature","geometry":{"type":"Point","coordinates":[7.04629,49.22397]},"properties":{"d":"32510","kva":800,"kwp":49.7,"ratio":0.06,"load":2,"rf":0}},{"type":"Feature","geometry":{"type":"Point","coordinates":[7.05351,49.22704]},"properties":{"d":"32510","kva":630,"kwp":36.0,"ratio":0.06,"load":2,"rf":0}},{"type":"Feature","geometry":{"type":"Point","coordinates":[7.07112,49.22455]},"properties":{"d":"32510","kva":400,"kwp":75.1,"ratio":0.19,"load":9,"rf":0}},{"type":"Feature","geometry":{"type":"Point","coordinates":[7.0724,49.23144]},"properties":{"d":"32510","kva":100,"kwp":7.1,"ratio":0.07,"load":3,"rf":0}},{"type":"Feature","geometry":{"type":"Point","coordinates":[7.06617,49.2196]},"properties":{"d":"32510","kva":630,"kwp":124.2,"ratio":0.2,"load":5,"rf":0}},{"type":"Feature","geometry":{"type":"Point","coordinates":[7.07113,49.22118]},"properties":{"d":"32510","kva":630,"kwp":100.5,"ratio":0.16,"load":7,"rf":0}},{"type":"Feature","geometry":{"type":"Point","coordinates":[7.07209,49.25479]},"properties":{"d":"32510","kva":400,"kwp":24.1,"ratio":0.06,"load":2,"rf":0}},{"type":"Feature","geometry":{"type":"Point","coordinates":[7.07358,49.24972]},"properties":{"d":"32510","kva":100,"kwp":1.4,"ratio":0.01,"load":1,"rf":0}},{"type":"Feature","geometry":{"type":"Point","coordinates":[7.07502,49.23477]},"properties":{"d":"32510","kva":100,"kwp":2.4,"ratio":0.02,"load":1,"rf":0}},{"type":"Feature","geometry":{"type":"Point","coordinates":[7.06871,49.2029]},"properties":{"d":"32510","kva":1000,"kwp":367.2,"ratio":0.37,"load":11,"rf":0}},{"type":"Feature","geometry":{"type":"Point","coordinates":[7.10254,49.19054]},"properties":{"d":"32510","kva":1000,"kwp":348.7,"ratio":0.35,"load":10,"rf":0}},{"type":"Feature","geometry":{"type":"Point","coordinates":[7.10714,49.20551]},"properties":{"d":"32510","kva":1000,"kwp":139.0,"ratio":0.14,"load":3,"rf":0}},{"type":"Feature","geometry":{"type":"Point","coordinates":[7.11291,49.20358]},"properties":{"d":"32510","kva":400,"kwp":70.9,"ratio":0.18,"load":3,"rf":0}},{"type":"Feature","geometry":{"type":"Point","coordinates":[7.10582,49.19614]},"properties":{"d":"32510","kva":800,"kwp":108.0,"ratio":0.13,"load":1,"rf":0}},{"type":"Feature","geometry":{"type":"Point","coordinates":[7.10486,49.20985]},"properties":{"d":"32510","kva":400,"kwp":68.6,"ratio":0.17,"load":3,"rf":0}},{"type":"Feature","geometry":{"type":"Point","coordinates":[7.1088,49.20857]},"properties":{"d":"32510","kva":630,"kwp":94.4,"ratio":0.15,"load":2,"rf":0}},{"type":"Feature","geometry":{"type":"Point","coordinates":[7.04273,49.20672]},"properties":{"d":"32510","kva":630,"kwp":273.9,"ratio":0.43,"load":13,"rf":0}},{"type":"Feature","geometry":{"type":"Point","coordinates":[7.01879,49.20169]},"properties":{"d":"32510","kva":400,"kwp":127.2,"ratio":0.32,"load":7,"rf":0}},{"type":"Feature","geometry":{"type":"Point","coordinates":[7.0245,49.20986]},"properties":{"d":"32510","kva":400,"kwp":5.6,"ratio":0.01,"load":4,"rf":0}},{"type":"Feature","geometry":{"type":"Point","coordinates":[7.0325,49.20804]},"properties":{"d":"32510","kva":400,"kwp":204.8,"ratio":0.51,"load":15,"rf":0}},{"type":"Feature","geometry":{"type":"Point","coordinates":[7.02169,49.1983]},"properties":{"d":"32510","kva":800,"kwp":14.0,"ratio":0.02,"load":4,"rf":0}},{"type":"Feature","geometry":{"type":"Point","coordinates":[7.03433,49.21496]},"properties":{"d":"32510","kva":630,"kwp":25.7,"ratio":0.04,"load":3,"rf":0}},{"type":"Feature","geometry":{"type":"Point","coordinates":[7.02951,49.21188]},"properties":{"d":"32510","kva":630,"kwp":12.2,"ratio":0.02,"load":4,"rf":0}},{"type":"Feature","geometry":{"type":"Point","coordinates":[7.03465,49.2034]},"properties":{"d":"32510","kva":800,"kwp":209.0,"ratio":0.26,"load":5,"rf":0}},{"type":"Feature","geometry":{"type":"Point","coordinates":[7.01874,49.19996]},"properties":{"d":"32510","kva":400,"kwp":7.7,"ratio":0.02,"load":5,"rf":0}},{"type":"Feature","geometry":{"type":"Point","coordinates":[7.03707,49.21008]},"properties":{"d":"32510","kva":630,"kwp":289.5,"ratio":0.46,"load":3,"rf":0}},{"type":"Feature","geometry":{"type":"Point","coordinates":[7.03707,49.21008]},"properties":{"d":"32510","kva":630,"kwp":289.5,"ratio":0.46,"load":3,"rf":0}},{"type":"Feature","geometry":{"type":"Point","coordinates":[7.03707,49.21008]},"properties":{"d":"32510","kva":630,"kwp":289.5,"ratio":0.46,"load":3,"rf":0}},{"type":"Feature","geometry":{"type":"Point","coordinates":[7.03707,49.21008]},"properties":{"d":"32510","kva":630,"kwp":289.5,"ratio":0.46,"load":3,"rf":0}},{"type":"Feature","geometry":{"type":"Point","coordinates":[7.03955,49.21578]},"properties":{"d":"32510","kva":630,"kwp":7.4,"ratio":0.01,"load":6,"rf":0}},{"type":"Feature","geometry":{"type":"Point","coordinates":[7.04008,49.21313]},"properties":{"d":"32510","kva":800,"kwp":84.5,"ratio":0.11,"load":2,"rf":0}},{"type":"Feature","geometry":{"type":"Point","coordinates":[7.03661,49.21168]},"properties":{"d":"32510","kva":1000,"kwp":17.7,"ratio":0.02,"load":4,"rf":0}},{"type":"Feature","geometry":{"type":"Point","coordinates":[7.03645,49.21426]},"properties":{"d":"32510","kva":630,"kwp":43.4,"ratio":0.07,"load":2,"rf":0}},{"type":"Feature","geometry":{"type":"Point","coordinates":[7.02148,49.20527]},"properties":{"d":"32510","kva":800,"kwp":164.5,"ratio":0.21,"load":2,"rf":0}},{"type":"Feature","geometry":{"type":"Point","coordinates":[7.04286,49.21204]},"properties":{"d":"32510","kva":400,"kwp":33.9,"ratio":0.08,"load":2,"rf":0}},{"type":"Feature","geometry":{"type":"Point","coordinates":[7.06089,49.21491]},"properties":{"d":"32510","kva":630,"kwp":339.2,"ratio":0.54,"load":9,"rf":0}},{"type":"Feature","geometry":{"type":"Point","coordinates":[7.05326,49.22546]},"properties":{"d":"32510","kva":800,"kwp":140.2,"ratio":0.18,"load":3,"rf":0}},{"type":"Feature","geometry":{"type":"Point","coordinates":[7.06808,49.2209]},"properties":{"d":"32510","kva":630,"kwp":162.2,"ratio":0.26,"load":6,"rf":0}},{"type":"Feature","geometry":{"type":"Point","coordinates":[7.06271,49.20053]},"properties":{"d":"32510","kva":630,"kwp":217.1,"ratio":0.34,"load":11,"rf":0}},{"type":"Feature","geometry":{"type":"Point","coordinates":[7.05973,49.20332]},"properties":{"d":"32510","kva":630,"kwp":148.7,"ratio":0.24,"load":9,"rf":0}},{"type":"Feature","geometry":{"type":"Point","coordinates":[7.06574,49.19826]},"properties":{"d":"32510","kva":630,"kwp":152.7,"ratio":0.24,"load":9,"rf":0}},{"type":"Feature","geometry":{"type":"Point","coordinates":[7.10582,49.19614]},"properties":{"d":"32510","kva":630,"kwp":108.0,"ratio":0.17,"load":2,"rf":0}},{"type":"Feature","geometry":{"type":"Point","coordinates":[7.11348,49.20803]},"properties":{"d":"32510","kva":630,"kwp":63.5,"ratio":0.1,"load":2,"rf":0}},{"type":"Feature","geometry":{"type":"Point","coordinates":[7.10482,49.18932]},"properties":{"d":"32510","kva":630,"kwp":146.1,"ratio":0.23,"load":9,"rf":0}},{"type":"Feature","geometry":{"type":"Point","coordinates":[7.11082,49.20031]},"properties":{"d":"32510","kva":630,"kwp":58.9,"ratio":0.09,"load":2,"rf":0}},{"type":"Feature","geometry":{"type":"Point","coordinates":[7.11399,49.21099]},"properties":{"d":"32510","kva":630,"kwp":396.8,"ratio":0.63,"load":45,"rf":0}},{"type":"Feature","geometry":{"type":"Point","coordinates":[7.01807,49.21326]},"properties":{"d":"32510","kva":630,"kwp":109.6,"ratio":0.17,"load":3,"rf":0}},{"type":"Feature","geometry":{"type":"Point","coordinates":[7.03252,49.20241]},"properties":{"d":"32510","kva":630,"kwp":135.4,"ratio":0.21,"load":5,"rf":0}},{"type":"Feature","geometry":{"type":"Point","coordinates":[7.02388,49.20693]},"properties":{"d":"32510","kva":630,"kwp":191.0,"ratio":0.3,"load":8,"rf":0}},{"type":"Feature","geometry":{"type":"Point","coordinates":[7.02169,49.1983]},"properties":{"d":"32510","kva":630,"kwp":14.0,"ratio":0.02,"load":5,"rf":0}},{"type":"Feature","geometry":{"type":"Point","coordinates":[7.0434,49.21339]},"properties":{"d":"32510","kva":630,"kwp":259.5,"ratio":0.41,"load":13,"rf":0}},{"type":"Feature","geometry":{"type":"Point","coordinates":[7.03592,49.19594]},"properties":{"d":"32510","kva":630,"kwp":44.3,"ratio":0.07,"load":2,"rf":0}},{"type":"Feature","geometry":{"type":"Point","coordinates":[7.02802,49.20031]},"properties":{"d":"32510","kva":630,"kwp":69.1,"ratio":0.11,"load":1,"rf":0}},{"type":"Feature","geometry":{"type":"Point","coordinates":[7.03661,49.21168]},"properties":{"d":"32510","kva":630,"kwp":17.7,"ratio":0.03,"load":7,"rf":0}},{"type":"Feature","geometry":{"type":"Point","coordinates":[7.03338,49.21186]},"properties":{"d":"32510","kva":630,"kwp":32.5,"ratio":0.05,"load":1,"rf":0}},{"type":"Feature","geometry":{"type":"Point","coordinates":[7.0385,49.20391]},"properties":{"d":"32510","kva":630,"kwp":7.9,"ratio":0.01,"load":3,"rf":0}},{"type":"Feature","geometry":{"type":"Point","coordinates":[7.02148,49.20527]},"properties":{"d":"32510","kva":630,"kwp":164.5,"ratio":0.26,"load":3,"rf":0}},{"type":"Feature","geometry":{"type":"Point","coordinates":[7.06515,49.22191]},"properties":{"d":"32510","kva":630,"kwp":114.7,"ratio":0.18,"load":4,"rf":0}},{"type":"Feature","geometry":{"type":"Point","coordinates":[7.05932,49.21211]},"properties":{"d":"32510","kva":630,"kwp":118.4,"ratio":0.19,"load":7,"rf":0}},{"type":"Feature","geometry":{"type":"Point","coordinates":[7.04629,49.22397]},"properties":{"d":"32510","kva":630,"kwp":49.7,"ratio":0.08,"load":2,"rf":0}},{"type":"Feature","geometry":{"type":"Point","coordinates":[7.06617,49.2196]},"properties":{"d":"32510","kva":630,"kwp":124.2,"ratio":0.2,"load":5,"rf":0}},{"type":"Feature","geometry":{"type":"Point","coordinates":[7.00452,49.38781]},"properties":{"d":"32536","kva":100,"kwp":20.0,"ratio":0.2,"load":13,"rf":0}},{"type":"Feature","geometry":{"type":"Point","coordinates":[6.99955,49.38149]},"properties":{"d":"32536","kva":100,"kwp":4.3,"ratio":0.04,"load":3,"rf":0}},{"type":"Feature","geometry":{"type":"Point","coordinates":[7.04138,49.37241]},"properties":{"d":"32536","kva":800,"kwp":344.3,"ratio":0.43,"load":13,"rf":0}},{"type":"Feature","geometry":{"type":"Point","coordinates":[7.05965,49.37061]},"properties":{"d":"32536","kva":400,"kwp":164.8,"ratio":0.41,"load":13,"rf":0}},{"type":"Feature","geometry":{"type":"Point","coordinates":[7.05742,49.37585]},"properties":{"d":"32536","kva":630,"kwp":217.5,"ratio":0.35,"load":22,"rf":0}},{"type":"Feature","geometry":{"type":"Point","coordinates":[7.01834,49.38345]},"properties":{"d":"32536","kva":800,"kwp":458.9,"ratio":0.57,"load":19,"rf":0}},{"type":"Feature","geometry":{"type":"Point","coordinates":[7.02002,49.37904]},"properties":{"d":"32536","kva":800,"kwp":346.5,"ratio":0.43,"load":13,"rf":0}},{"type":"Feature","geometry":{"type":"Point","coordinates":[7.00603,49.37225]},"properties":{"d":"32536","kva":250,"kwp":181.3,"ratio":0.73,"load":15,"rf":0}},{"type":"Feature","geometry":{"type":"Point","coordinates":[7.04435,49.38445]},"properties":{"d":"32536","kva":630,"kwp":290.1,"ratio":0.46,"load":39,"rf":0}},{"type":"Feature","geometry":{"type":"Point","coordinates":[7.03458,49.40177]},"properties":{"d":"32536","kva":630,"kwp":206.3,"ratio":0.33,"load":20,"rf":0}},{"type":"Feature","geometry":{"type":"Point","coordinates":[7.04613,49.37592]},"properties":{"d":"32536","kva":630,"kwp":348.3,"ratio":0.55,"load":38,"rf":0}},{"type":"Feature","geometry":{"type":"Point","coordinates":[7.01599,49.37962]},"properties":{"d":"32536","kva":630,"kwp":322.7,"ratio":0.51,"load":17,"rf":0}},{"type":"Feature","geometry":{"type":"Point","coordinates":[7.04089,49.39673]},"properties":{"d":"32536","kva":630,"kwp":307.0,"ratio":0.49,"load":15,"rf":0}},{"type":"Feature","geometry":{"type":"Point","coordinates":[7.01582,49.37003]},"properties":{"d":"32536","kva":630,"kwp":290.6,"ratio":0.46,"load":14,"rf":0}},{"type":"Feature","geometry":{"type":"Point","coordinates":[7.04146,49.3647]},"properties":{"d":"32536","kva":630,"kwp":555.2,"ratio":0.88,"load":31,"rf":0}},{"type":"Feature","geometry":{"type":"Point","coordinates":[7.03433,49.39832]},"properties":{"d":"32536","kva":630,"kwp":284.6,"ratio":0.45,"load":14,"rf":0}},{"type":"Feature","geometry":{"type":"Point","coordinates":[7.03044,49.37992]},"properties":{"d":"32536","kva":400,"kwp":114.4,"ratio":0.29,"load":18,"rf":0}},{"type":"Feature","geometry":{"type":"Point","coordinates":[7.06685,49.37324]},"properties":{"d":"32536","kva":400,"kwp":126.8,"ratio":0.32,"load":20,"rf":0}},{"type":"Feature","geometry":{"type":"Point","coordinates":[7.01836,49.37375]},"properties":{"d":"32536","kva":630,"kwp":231.2,"ratio":0.37,"load":23,"rf":0}},{"type":"Feature","geometry":{"type":"Point","coordinates":[7.01334,49.373]},"properties":{"d":"32536","kva":630,"kwp":292.5,"ratio":0.46,"load":15,"rf":0}},{"type":"Feature","geometry":{"type":"Point","coordinates":[7.04957,49.36823]},"properties":{"d":"32536","kva":630,"kwp":256.8,"ratio":0.41,"load":12,"rf":0}},{"type":"Feature","geometry":{"type":"Point","coordinates":[7.05507,49.37095]},"properties":{"d":"32536","kva":630,"kwp":397.8,"ratio":0.63,"load":21,"rf":0}},{"type":"Feature","geometry":{"type":"Point","coordinates":[7.04239,49.38825]},"properties":{"d":"32536","kva":630,"kwp":300.8,"ratio":0.48,"load":32,"rf":0}},{"type":"Feature","geometry":{"type":"Point","coordinates":[7.04919,49.37098]},"properties":{"d":"32536","kva":800,"kwp":326.9,"ratio":0.41,"load":12,"rf":0}},{"type":"Feature","geometry":{"type":"Point","coordinates":[7.04909,49.37817]},"properties":{"d":"32536","kva":630,"kwp":273.5,"ratio":0.43,"load":13,"rf":0}},{"type":"Feature","geometry":{"type":"Point","coordinates":[7.00978,49.36421]},"properties":{"d":"32536","kva":400,"kwp":360.5,"ratio":0.9,"load":31,"rf":0}},{"type":"Feature","geometry":{"type":"Point","coordinates":[7.05346,49.37441]},"properties":{"d":"32536","kva":630,"kwp":253.6,"ratio":0.4,"load":12,"rf":0}},{"type":"Feature","geometry":{"type":"Point","coordinates":[7.029,49.39838]},"properties":{"d":"32536","kva":400,"kwp":112.5,"ratio":0.28,"load":18,"rf":0}},{"type":"Feature","geometry":{"type":"Point","coordinates":[7.02639,49.37582]},"properties":{"d":"32536","kva":250,"kwp":93.2,"ratio":0.37,"load":7,"rf":0}},{"type":"Feature","geometry":{"type":"Point","coordinates":[7.03619,49.39315]},"properties":{"d":"32536","kva":160,"kwp":44.7,"ratio":0.28,"load":18,"rf":0}},{"type":"Feature","geometry":{"type":"Point","coordinates":[7.03958,49.3923]},"properties":{"d":"32536","kva":160,"kwp":47.2,"ratio":0.3,"load":18,"rf":0}},{"type":"Feature","geometry":{"type":"Point","coordinates":[7.08055,49.38155]},"properties":{"d":"32536","kva":800,"kwp":354.3,"ratio":0.44,"load":14,"rf":0}},{"type":"Feature","geometry":{"type":"Point","coordinates":[7.07016,49.38523]},"properties":{"d":"32536","kva":630,"kwp":203.9,"ratio":0.32,"load":20,"rf":0}},{"type":"Feature","geometry":{"type":"Point","coordinates":[7.07281,49.38989]},"properties":{"d":"32536","kva":400,"kwp":177.7,"ratio":0.44,"load":14,"rf":0}},{"type":"Feature","geometry":{"type":"Point","coordinates":[7.07753,49.38819]},"properties":{"d":"32536","kva":800,"kwp":350.5,"ratio":0.44,"load":13,"rf":0}},{"type":"Feature","geometry":{"type":"Point","coordinates":[7.06286,49.39137]},"properties":{"d":"32536","kva":800,"kwp":375.4,"ratio":0.47,"load":15,"rf":0}},{"type":"Feature","geometry":{"type":"Point","coordinates":[7.06257,49.3874]},"properties":{"d":"32536","kva":250,"kwp":99.4,"ratio":0.4,"load":7,"rf":0}},{"type":"Feature","geometry":{"type":"Point","coordinates":[7.07372,49.38113]},"properties":{"d":"32536","kva":250,"kwp":80.8,"ratio":0.32,"load":20,"rf":0}},{"type":"Feature","geometry":{"type":"Point","coordinates":[7.06809,49.38886]},"properties":{"d":"32536","kva":630,"kwp":222.5,"ratio":0.35,"load":22,"rf":0}},{"type":"Feature","geometry":{"type":"Point","coordinates":[7.08914,49.37727]},"properties":{"d":"32536","kva":100,"kwp":12.9,"ratio":0.13,"load":7,"rf":0}},{"type":"Feature","geometry":{"type":"Point","coordinates":[7.02611,49.35978]},"properties":{"d":"32536","kva":250,"kwp":38.2,"ratio":0.15,"load":7,"rf":0}},{"type":"Feature","geometry":{"type":"Point","coordinates":[7.0243,49.36736]},"properties":{"d":"32536","kva":100,"kwp":3.7,"ratio":0.04,"load":2,"rf":0}},{"type":"Feature","geometry":{"type":"Point","coordinates":[7.02851,49.38951]},"properties":{"d":"32536","kva":100,"kwp":1.2,"ratio":0.01,"load":1,"rf":0}},{"type":"Feature","geometry":{"type":"Point","coordinates":[7.09056,49.40861]},"properties":{"d":"32536","kva":100,"kwp":7.5,"ratio":0.07,"load":5,"rf":0}},{"type":"Feature","geometry":{"type":"Point","coordinates":[7.07971,49.40323]},"properties":{"d":"32536","kva":630,"kwp":271.0,"ratio":0.43,"load":13,"rf":0}},{"type":"Feature","geometry":{"type":"Point","coordinates":[7.09261,49.39621]},"properties":{"d":"32536","kva":800,"kwp":356.7,"ratio":0.45,"load":14,"rf":0}},{"type":"Feature","geometry":{"type":"Point","coordinates":[7.08722,49.39581]},"properties":{"d":"32536","kva":400,"kwp":162.8,"ratio":0.41,"load":10,"rf":0}},{"type":"Feature","geometry":{"type":"Point","coordinates":[7.08508,49.40491]},"properties":{"d":"32536","kva":250,"kwp":73.3,"ratio":0.29,"load":18,"rf":0}},{"type":"Feature","geometry":{"type":"Point","coordinates":[7.09985,49.4005]},"properties":{"d":"32536","kva":400,"kwp":209.2,"ratio":0.52,"load":16,"rf":0}},{"type":"Feature","geometry":{"type":"Point","coordinates":[7.07749,49.40037]},"properties":{"d":"32536","kva":630,"kwp":294.3,"ratio":0.47,"load":21,"rf":0}},{"type":"Feature","geometry":{"type":"Point","coordinates":[7.06558,49.4049]},"properties":{"d":"32536","kva":100,"kwp":3.7,"ratio":0.04,"load":2,"rf":0}},{"type":"Feature","geometry":{"type":"Point","coordinates":[7.10201,49.40318]},"properties":{"d":"32536","kva":100,"kwp":1.2,"ratio":0.01,"load":1,"rf":0}},{"type":"Feature","geometry":{"type":"Point","coordinates":[7.08462,49.41216]},"properties":{"d":"32536","kva":100,"kwp":7.5,"ratio":0.07,"load":5,"rf":0}},{"type":"Feature","geometry":{"type":"Point","coordinates":[7.0986,49.40524]},"properties":{"d":"32536","kva":100,"kwp":1.2,"ratio":0.01,"load":0,"rf":0}},{"type":"Feature","geometry":{"type":"Point","coordinates":[7.10865,49.40073]},"properties":{"d":"32536","kva":100,"kwp":3.9,"ratio":0.04,"load":2,"rf":0}},{"type":"Feature","geometry":{"type":"Point","coordinates":[7.05157,49.38809]},"properties":{"d":"32536","kva":100,"kwp":3.7,"ratio":0.04,"load":2,"rf":0}},{"type":"Feature","geometry":{"type":"Point","coordinates":[7.04138,49.37241]},"properties":{"d":"32536","kva":800,"kwp":344.3,"ratio":0.43,"load":13,"rf":0}},{"type":"Feature","geometry":{"type":"Point","coordinates":[7.05965,49.37061]},"properties":{"d":"32536","kva":400,"kwp":164.8,"ratio":0.41,"load":13,"rf":0}},{"type":"Feature","geometry":{"type":"Point","coordinates":[7.01834,49.38345]},"properties":{"d":"32536","kva":800,"kwp":458.9,"ratio":0.57,"load":19,"rf":0}},{"type":"Feature","geometry":{"type":"Point","coordinates":[7.02002,49.37904]},"properties":{"d":"32536","kva":800,"kwp":346.5,"ratio":0.43,"load":13,"rf":0}},{"type":"Feature","geometry":{"type":"Point","coordinates":[7.01599,49.37962]},"properties":{"d":"32536","kva":630,"kwp":322.7,"ratio":0.51,"load":17,"rf":0}},{"type":"Feature","geometry":{"type":"Point","coordinates":[7.04089,49.39673]},"properties":{"d":"32536","kva":630,"kwp":307.0,"ratio":0.49,"load":15,"rf":0}},{"type":"Feature","geometry":{"type":"Point","coordinates":[7.01582,49.37003]},"properties":{"d":"32536","kva":630,"kwp":290.6,"ratio":0.46,"load":14,"rf":0}},{"type":"Feature","geometry":{"type":"Point","coordinates":[7.04146,49.3647]},"properties":{"d":"32536","kva":630,"kwp":555.2,"ratio":0.88,"load":31,"rf":0}},{"type":"Feature","geometry":{"type":"Point","coordinates":[7.03433,49.39832]},"properties":{"d":"32536","kva":630,"kwp":284.6,"ratio":0.45,"load":14,"rf":0}},{"type":"Feature","geometry":{"type":"Point","coordinates":[7.04957,49.36823]},"properties":{"d":"32536","kva":630,"kwp":256.8,"ratio":0.41,"load":12,"rf":0}},{"type":"Feature","geometry":{"type":"Point","coordinates":[7.05507,49.37095]},"properties":{"d":"32536","kva":630,"kwp":397.8,"ratio":0.63,"load":21,"rf":0}},{"type":"Feature","geometry":{"type":"Point","coordinates":[7.04919,49.37098]},"properties":{"d":"32536","kva":800,"kwp":326.9,"ratio":0.41,"load":12,"rf":0}},{"type":"Feature","geometry":{"type":"Point","coordinates":[7.04909,49.37817]},"properties":{"d":"32536","kva":630,"kwp":273.5,"ratio":0.43,"load":13,"rf":0}},{"type":"Feature","geometry":{"type":"Point","coordinates":[7.00978,49.36421]},"properties":{"d":"32536","kva":400,"kwp":360.5,"ratio":0.9,"load":31,"rf":0}},{"type":"Feature","geometry":{"type":"Point","coordinates":[7.05346,49.37441]},"properties":{"d":"32536","kva":630,"kwp":253.6,"ratio":0.4,"load":12,"rf":0}},{"type":"Feature","geometry":{"type":"Point","coordinates":[7.08055,49.38155]},"properties":{"d":"32536","kva":800,"kwp":354.3,"ratio":0.44,"load":14,"rf":0}},{"type":"Feature","geometry":{"type":"Point","coordinates":[7.07281,49.38989]},"properties":{"d":"32536","kva":400,"kwp":177.7,"ratio":0.44,"load":14,"rf":0}},{"type":"Feature","geometry":{"type":"Point","coordinates":[7.07753,49.38819]},"properties":{"d":"32536","kva":800,"kwp":350.5,"ratio":0.44,"load":13,"rf":0}},{"type":"Feature","geometry":{"type":"Point","coordinates":[7.06286,49.39137]},"properties":{"d":"32536","kva":800,"kwp":375.4,"ratio":0.47,"load":15,"rf":0}},{"type":"Feature","geometry":{"type":"Point","coordinates":[7.07971,49.40323]},"properties":{"d":"32536","kva":630,"kwp":271.0,"ratio":0.43,"load":13,"rf":0}},{"type":"Feature","geometry":{"type":"Point","coordinates":[7.09261,49.39621]},"properties":{"d":"32536","kva":800,"kwp":356.7,"ratio":0.45,"load":14,"rf":0}},{"type":"Feature","geometry":{"type":"Point","coordinates":[7.09985,49.4005]},"properties":{"d":"32536","kva":400,"kwp":209.2,"ratio":0.52,"load":16,"rf":0}},{"type":"Feature","geometry":{"type":"Point","coordinates":[7.00603,49.37225]},"properties":{"d":"32536","kva":630,"kwp":181.3,"ratio":0.29,"load":15,"rf":0}},{"type":"Feature","geometry":{"type":"Point","coordinates":[7.01334,49.373]},"properties":{"d":"32536","kva":630,"kwp":292.5,"ratio":0.46,"load":15,"rf":0}},{"type":"Feature","geometry":{"type":"Point","coordinates":[7.02639,49.37582]},"properties":{"d":"32536","kva":630,"kwp":93.2,"ratio":0.15,"load":7,"rf":0}},{"type":"Feature","geometry":{"type":"Point","coordinates":[7.06257,49.3874]},"properties":{"d":"32536","kva":630,"kwp":99.4,"ratio":0.16,"load":7,"rf":0}},{"type":"Feature","geometry":{"type":"Point","coordinates":[7.08722,49.39581]},"properties":{"d":"32536","kva":630,"kwp":162.8,"ratio":0.26,"load":10,"rf":0}},{"type":"Feature","geometry":{"type":"Point","coordinates":[7.07749,49.40037]},"properties":{"d":"32536","kva":630,"kwp":294.3,"ratio":0.47,"load":21,"rf":0}},{"type":"Feature","geometry":{"type":"Point","coordinates":[7.19433,49.14934]},"properties":{"d":"32540","kva":100,"kwp":3.6,"ratio":0.04,"load":2,"rf":0}},{"type":"Feature","geometry":{"type":"Point","coordinates":[7.18082,49.13933]},"properties":{"d":"32540","kva":800,"kwp":379.9,"ratio":0.47,"load":15,"rf":0}},{"type":"Feature","geometry":{"type":"Point","coordinates":[7.18825,49.13569]},"properties":{"d":"32540","kva":400,"kwp":106.1,"ratio":0.27,"load":16,"rf":0}},{"type":"Feature","geometry":{"type":"Point","coordinates":[7.17868,49.14294]},"properties":{"d":"32540","kva":160,"kwp":47.0,"ratio":0.29,"load":18,"rf":0}},{"type":"Feature","geometry":{"type":"Point","coordinates":[7.19023,49.15029]},"properties":{"d":"32540","kva":100,"kwp":2.4,"ratio":0.02,"load":1,"rf":0}},{"type":"Feature","geometry":{"type":"Point","coordinates":[7.18993,49.18214]},"properties":{"d":"32540","kva":100,"kwp":8.1,"ratio":0.08,"load":6,"rf":0}},{"type":"Feature","geometry":{"type":"Point","coordinates":[7.21161,49.14943]},"properties":{"d":"32540","kva":630,"kwp":158.0,"ratio":0.25,"load":17,"rf":0}},{"type":"Feature","geometry":{"type":"Point","coordinates":[7.20062,49.14695]},"properties":{"d":"32540","kva":400,"kwp":281.6,"ratio":0.7,"load":24,"rf":0}},{"type":"Feature","geometry":{"type":"Point","coordinates":[7.20904,49.15617]},"properties":{"d":"32540","kva":400,"kwp":897.0,"ratio":2.24,"load":85,"rf":0}},{"type":"Feature","geometry":{"type":"Point","coordinates":[7.21507,49.14458]},"properties":{"d":"32540","kva":400,"kwp":126.6,"ratio":0.32,"load":20,"rf":0}},{"type":"Feature","geometry":{"type":"Point","coordinates":[7.20578,49.14832]},"properties":{"d":"32540","kva":630,"kwp":135.1,"ratio":0.21,"load":5,"rf":0}},{"type":"Feature","geometry":{"type":"Point","coordinates":[7.20515,49.17426]},"properties":{"d":"32540","kva":630,"kwp":206.2,"ratio":0.33,"load":20,"rf":0}},{"type":"Feature","geometry":{"type":"Point","coordinates":[7.2089,49.17597]},"properties":{"d":"32540","kva":400,"kwp":153.2,"ratio":0.38,"load":9,"rf":0}},{"type":"Feature","geometry":{"type":"Point","coordinates":[7.20361,49.15822]},"properties":{"d":"32540","kva":100,"kwp":3.6,"ratio":0.04,"load":2,"rf":0}},{"type":"Feature","geometry":{"type":"Point","coordinates":[7.20713,49.13413]},"properties":{"d":"32540","kva":400,"kwp":167.6,"ratio":0.42,"load":13,"rf":0}},{"type":"Feature","geometry":{"type":"Point","coordinates":[7.20376,49.1327]},"properties":{"d":"32540","kva":250,"kwp":96.5,"ratio":0.39,"load":7,"rf":0}},{"type":"Feature","geometry":{"type":"Point","coordinates":[7.21211,49.14039]},"properties":{"d":"32540","kva":100,"kwp":2.4,"ratio":0.02,"load":1,"rf":0}},{"type":"Feature","geometry":{"type":"Point","coordinates":[7.23583,49.17225]},"properties":{"d":"32540","kva":630,"kwp":307.5,"ratio":0.49,"load":15,"rf":0}},{"type":"Feature","geometry":{"type":"Point","coordinates":[7.22005,49.16808]},"properties":{"d":"32540","kva":630,"kwp":271.3,"ratio":0.43,"load":29,"rf":0}},{"type":"Feature","geometry":{"type":"Point","coordinates":[7.22435,49.16599]},"properties":{"d":"32540","kva":250,"kwp":54.3,"ratio":0.22,"load":14,"rf":0}},{"type":"Feature","geometry":{"type":"Point","coordinates":[7.23348,49.15511]},"properties":{"d":"32540","kva":400,"kwp":168.8,"ratio":0.42,"load":13,"rf":0}},{"type":"Feature","geometry":{"type":"Point","coordinates":[7.23232,49.16008]},"properties":{"d":"32540","kva":160,"kwp":27.7,"ratio":0.17,"load":11,"rf":0}},{"type":"Feature","geometry":{"type":"Point","coordinates":[7.22877,49.15114]},"properties":{"d":"32540","kva":400,"kwp":192.6,"ratio":0.48,"load":33,"rf":0}},{"type":"Feature","geometry":{"type":"Point","coordinates":[7.23421,49.15249]},"properties":{"d":"32540","kva":400,"kwp":183.1,"ratio":0.46,"load":32,"rf":0}},{"type":"Feature","geometry":{"type":"Point","coordinates":[7.23293,49.1313]},"properties":{"d":"32540","kva":100,"kwp":124.4,"ratio":1.24,"load":100,"rf":0}},{"type":"Feature","geometry":{"type":"Point","coordinates":[7.23766,49.13712]},"properties":{"d":"32540","kva":100,"kwp":3.6,"ratio":0.04,"load":2,"rf":0}},{"type":"Feature","geometry":{"type":"Point","coordinates":[7.24365,49.1596]},"properties":{"d":"32540","kva":100,"kwp":2.4,"ratio":0.02,"load":1,"rf":0}},{"type":"Feature","geometry":{"type":"Point","coordinates":[7.25822,49.15846]},"properties":{"d":"32540","kva":100,"kwp":44.6,"ratio":0.45,"load":37,"rf":0}},{"type":"Feature","geometry":{"type":"Point","coordinates":[7.26224,49.15451]},"properties":{"d":"32540","kva":100,"kwp":1.2,"ratio":0.01,"load":1,"rf":0}},{"type":"Feature","geometry":{"type":"Point","coordinates":[7.26877,49.14319]},"properties":{"d":"32540","kva":630,"kwp":231.6,"ratio":0.37,"load":11,"rf":0}},{"type":"Feature","geometry":{"type":"Point","coordinates":[7.28569,49.14423]},"properties":{"d":"32540","kva":400,"kwp":133.9,"ratio":0.33,"load":8,"rf":0}},{"type":"Feature","geometry":{"type":"Point","coordinates":[7.27027,49.16106]},"properties":{"d":"32540","kva":250,"kwp":71.2,"ratio":0.28,"load":18,"rf":0}},{"type":"Feature","geometry":{"type":"Point","coordinates":[7.2814,49.12574]},"properties":{"d":"32540","kva":100,"kwp":2.4,"ratio":0.02,"load":1,"rf":0}},{"type":"Feature","geometry":{"type":"Point","coordinates":[7.2759,49.15793]},"properties":{"d":"32540","kva":100,"kwp":3.6,"ratio":0.04,"load":2,"rf":0}},{"type":"Feature","geometry":{"type":"Point","coordinates":[7.28418,49.13789]},"properties":{"d":"32540","kva":100,"kwp":4.8,"ratio":0.05,"load":2,"rf":0}},{"type":"Feature","geometry":{"type":"Point","coordinates":[7.30052,49.12645]},"properties":{"d":"32540","kva":100,"kwp":57.5,"ratio":0.58,"load":42,"rf":0}},{"type":"Feature","geometry":{"type":"Point","coordinates":[7.18082,49.13933]},"properties":{"d":"32540","kva":800,"kwp":379.9,"ratio":0.47,"load":15,"rf":0}},{"type":"Feature","geometry":{"type":"Point","coordinates":[7.20062,49.14695]},"properties":{"d":"32540","kva":400,"kwp":281.6,"ratio":0.7,"load":24,"rf":0}},{"type":"Feature","geometry":{"type":"Point","coordinates":[7.20904,49.15617]},"properties":{"d":"32540","kva":400,"kwp":897.0,"ratio":2.24,"load":85,"rf":0}},{"type":"Feature","geometry":{"type":"Point","coordinates":[7.20713,49.13413]},"properties":{"d":"32540","kva":400,"kwp":167.6,"ratio":0.42,"load":13,"rf":0}},{"type":"Feature","geometry":{"type":"Point","coordinates":[7.23583,49.17225]},"properties":{"d":"32540","kva":630,"kwp":307.5,"ratio":0.49,"load":15,"rf":0}},{"type":"Feature","geometry":{"type":"Point","coordinates":[7.22005,49.16808]},"properties":{"d":"32540","kva":630,"kwp":271.3,"ratio":0.43,"load":29,"rf":0}},{"type":"Feature","geometry":{"type":"Point","coordinates":[7.23348,49.15511]},"properties":{"d":"32540","kva":400,"kwp":168.8,"ratio":0.42,"load":13,"rf":0}},{"type":"Feature","geometry":{"type":"Point","coordinates":[7.20578,49.14832]},"properties":{"d":"32540","kva":630,"kwp":135.1,"ratio":0.21,"load":5,"rf":0}},{"type":"Feature","geometry":{"type":"Point","coordinates":[7.2089,49.17597]},"properties":{"d":"32540","kva":630,"kwp":153.2,"ratio":0.24,"load":9,"rf":0}},{"type":"Feature","geometry":{"type":"Point","coordinates":[7.20376,49.1327]},"properties":{"d":"32540","kva":630,"kwp":96.5,"ratio":0.15,"load":7,"rf":0}},{"type":"Feature","geometry":{"type":"Point","coordinates":[7.26877,49.14319]},"properties":{"d":"32540","kva":630,"kwp":231.6,"ratio":0.37,"load":11,"rf":0}},{"type":"Feature","geometry":{"type":"Point","coordinates":[7.28569,49.14423]},"properties":{"d":"32540","kva":630,"kwp":133.9,"ratio":0.21,"load":8,"rf":0}},{"type":"Feature","geometry":{"type":"Point","coordinates":[6.80065,49.43955]},"properties":{"d":"32727","kva":100,"kwp":1.5,"ratio":0.01,"load":1,"rf":0}},{"type":"Feature","geometry":{"type":"Point","coordinates":[6.80633,49.44082]},"properties":{"d":"32727","kva":100,"kwp":1.5,"ratio":0.01,"load":1,"rf":0}},{"type":"Feature","geometry":{"type":"Point","coordinates":[6.8121,49.43969]},"properties":{"d":"32727","kva":100,"kwp":3.0,"ratio":0.03,"load":2,"rf":0}},{"type":"Feature","geometry":{"type":"Point","coordinates":[6.813,49.44575]},"properties":{"d":"32727","kva":100,"kwp":9.0,"ratio":0.09,"load":6,"rf":0}},{"type":"Feature","geometry":{"type":"Point","coordinates":[6.81707,49.41164]},"properties":{"d":"32727","kva":100,"kwp":7.4,"ratio":0.07,"load":4,"rf":0}},{"type":"Feature","geometry":{"type":"Point","coordinates":[6.81909,49.46158]},"properties":{"d":"32727","kva":100,"kwp":3.0,"ratio":0.03,"load":2,"rf":0}},{"type":"Feature","geometry":{"type":"Point","coordinates":[6.82458,49.45769]},"properties":{"d":"32727","kva":100,"kwp":3.0,"ratio":0.03,"load":2,"rf":0}},{"type":"Feature","geometry":{"type":"Point","coordinates":[6.8471,49.40603]},"properties":{"d":"32727","kva":100,"kwp":3.2,"ratio":0.03,"load":2,"rf":0}},{"type":"Feature","geometry":{"type":"Point","coordinates":[6.83748,49.46596]},"properties":{"d":"32727","kva":800,"kwp":449.8,"ratio":0.56,"load":19,"rf":0}},{"type":"Feature","geometry":{"type":"Point","coordinates":[6.84011,49.46227]},"properties":{"d":"32727","kva":250,"kwp":80.9,"ratio":0.32,"load":20,"rf":0}},{"type":"Feature","geometry":{"type":"Point","coordinates":[6.82735,49.46306]},"properties":{"d":"32727","kva":100,"kwp":3.0,"ratio":0.03,"load":2,"rf":0}},{"type":"Feature","geometry":{"type":"Point","coordinates":[6.84815,49.45906]},"properties":{"d":"32727","kva":100,"kwp":4.5,"ratio":0.04,"load":3,"rf":0}},{"type":"Feature","geometry":{"type":"Point","coordinates":[6.85229,49.46609]},"properties":{"d":"32727","kva":400,"kwp":164.9,"ratio":0.41,"load":10,"rf":0}},{"type":"Feature","geometry":{"type":"Point","coordinates":[6.85149,49.4778]},"properties":{"d":"32727","kva":160,"kwp":27.0,"ratio":0.17,"load":11,"rf":0}},{"type":"Feature","geometry":{"type":"Point","coordinates":[6.88511,49.47737]},"properties":{"d":"32727","kva":400,"kwp":146.9,"ratio":0.37,"load":24,"rf":0}},{"type":"Feature","geometry":{"type":"Point","coordinates":[6.89631,49.47824]},"properties":{"d":"32727","kva":630,"kwp":251.8,"ratio":0.4,"load":26,"rf":0}},{"type":"Feature","geometry":{"type":"Point","coordinates":[6.89733,49.47111]},"properties":{"d":"32727","kva":400,"kwp":166.4,"ratio":0.42,"load":11,"rf":0}},{"type":"Feature","geometry":{"type":"Point","coordinates":[6.90209,49.4742]},"properties":{"d":"32727","kva":630,"kwp":250.3,"ratio":0.4,"load":26,"rf":0}},{"type":"Feature","geometry":{"type":"Point","coordinates":[6.89593,49.47421]},"properties":{"d":"32727","kva":630,"kwp":283.3,"ratio":0.45,"load":14,"rf":0}},{"type":"Feature","geometry":{"type":"Point","coordinates":[6.86962,49.47512]},"properties":{"d":"32727","kva":630,"kwp":40.5,"ratio":0.06,"load":2,"rf":0}},{"type":"Feature","geometry":{"type":"Point","coordinates":[6.90291,49.47622]},"properties":{"d":"32727","kva":400,"kwp":187.4,"ratio":0.47,"load":15,"rf":0}},{"type":"Feature","geometry":{"type":"Point","coordinates":[6.85737,49.4419]},"properties":{"d":"32727","kva":1000,"kwp":356.8,"ratio":0.36,"load":15,"rf":0}},{"type":"Feature","geometry":{"type":"Point","coordinates":[6.84511,49.44655]},"properties":{"d":"32727","kva":1000,"kwp":503.6,"ratio":0.5,"load":16,"rf":0}},{"type":"Feature","geometry":{"type":"Point","coordinates":[6.83167,49.4244]},"properties":{"d":"32727","kva":800,"kwp":475.2,"ratio":0.59,"load":19,"rf":0}},{"type":"Feature","geometry":{"type":"Point","coordinates":[6.84299,49.43499]},"properties":{"d":"32727","kva":630,"kwp":432.4,"ratio":0.69,"load":22,"rf":0}},{"type":"Feature","geometry":{"type":"Point","coordinates":[6.86084,49.45008]},"properties":{"d":"32727","kva":630,"kwp":327.7,"ratio":0.52,"load":36,"rf":0}},{"type":"Feature","geometry":{"type":"Point","coordinates":[6.84257,49.45178]},"properties":{"d":"32727","kva":400,"kwp":164.9,"ratio":0.41,"load":10,"rf":0}},{"type":"Feature","geometry":{"type":"Point","coordinates":[6.83693,49.41684]},"properties":{"d":"32727","kva":630,"kwp":262.0,"ratio":0.42,"load":12,"rf":0}},{"type":"Feature","geometry":{"type":"Point","coordinates":[6.85133,49.44455]},"properties":{"d":"32727","kva":630,"kwp":301.3,"ratio":0.48,"load":15,"rf":0}},{"type":"Feature","geometry":{"type":"Point","coordinates":[6.8641,49.43969]},"properties":{"d":"32727","kva":630,"kwp":272.8,"ratio":0.43,"load":14,"rf":0}},{"type":"Feature","geometry":{"type":"Point","coordinates":[6.84279,49.42846]},"properties":{"d":"32727","kva":400,"kwp":187.4,"ratio":0.47,"load":12,"rf":0}},{"type":"Feature","geometry":{"type":"Point","coordinates":[6.87179,49.43886]},"properties":{"d":"32727","kva":400,"kwp":885.5,"ratio":2.21,"load":84,"rf":0}},{"type":"Feature","geometry":{"type":"Point","coordinates":[6.84815,49.43999]},"properties":{"d":"32727","kva":630,"kwp":310.3,"ratio":0.49,"load":16,"rf":0}},{"type":"Feature","geometry":{"type":"Point","coordinates":[6.84393,49.42276]},"properties":{"d":"32727","kva":630,"kwp":343.0,"ratio":0.54,"load":18,"rf":0}},{"type":"Feature","geometry":{"type":"Point","coordinates":[6.86108,49.43138]},"properties":{"d":"32727","kva":630,"kwp":226.3,"ratio":0.36,"load":23,"rf":0}},{"type":"Feature","geometry":{"type":"Point","coordinates":[6.85986,49.44688]},"properties":{"d":"32727","kva":400,"kwp":178.4,"ratio":0.45,"load":41,"rf":0}},{"type":"Feature","geometry":{"type":"Point","coordinates":[6.85681,49.40677]},"properties":{"d":"32727","kva":250,"kwp":66.0,"ratio":0.26,"load":17,"rf":0}},{"type":"Feature","geometry":{"type":"Point","coordinates":[6.84923,49.41561]},"properties":{"d":"32727","kva":400,"kwp":109.0,"ratio":0.27,"load":18,"rf":0}},{"type":"Feature","geometry":{"type":"Point","coordinates":[6.83558,49.4238]},"properties":{"d":"32727","kva":630,"kwp":293.8,"ratio":0.47,"load":15,"rf":0}},{"type":"Feature","geometry":{"type":"Point","coordinates":[6.84052,49.4174]},"properties":{"d":"32727","kva":630,"kwp":328.2,"ratio":0.52,"load":17,"rf":0}},{"type":"Feature","geometry":{"type":"Point","coordinates":[6.84077,49.44751]},"properties":{"d":"32727","kva":630,"kwp":227.8,"ratio":0.36,"load":23,"rf":0}},{"type":"Feature","geometry":{"type":"Point","coordinates":[6.85544,49.41245]},"properties":{"d":"32727","kva":630,"kwp":285.8,"ratio":0.45,"load":15,"rf":0}},{"type":"Feature","geometry":{"type":"Point","coordinates":[6.85698,49.43987]},"properties":{"d":"32727","kva":630,"kwp":351.5,"ratio":0.56,"load":18,"rf":0}},{"type":"Feature","geometry":{"type":"Point","coordinates":[6.84614,49.42543]},"properties":{"d":"32727","kva":630,"kwp":317.9,"ratio":0.5,"load":35,"rf":0}},{"type":"Feature","geometry":{"type":"Point","coordinates":[6.84339,49.4419]},"properties":{"d":"32727","kva":630,"kwp":196.4,"ratio":0.31,"load":20,"rf":0}},{"type":"Feature","geometry":{"type":"Point","coordinates":[6.85212,49.44192]},"properties":{"d":"32727","kva":630,"kwp":170.9,"ratio":0.27,"load":17,"rf":0}},{"type":"Feature","geometry":{"type":"Point","coordinates":[6.85945,49.43479]},"properties":{"d":"32727","kva":630,"kwp":238.3,"ratio":0.38,"load":24,"rf":0}},{"type":"Feature","geometry":{"type":"Point","coordinates":[6.84338,49.41885]},"properties":{"d":"32727","kva":630,"kwp":209.9,"ratio":0.33,"load":22,"rf":0}},{"type":"Feature","geometry":{"type":"Point","coordinates":[6.83696,49.42654]},"properties":{"d":"32727","kva":400,"kwp":133.4,"ratio":0.33,"load":22,"rf":0}},{"type":"Feature","geometry":{"type":"Point","coordinates":[6.85186,49.43411]},"properties":{"d":"32727","kva":160,"kwp":54.1,"ratio":0.34,"load":9,"rf":0}},{"type":"Feature","geometry":{"type":"Point","coordinates":[6.86666,49.44787]},"properties":{"d":"32727","kva":100,"kwp":6.0,"ratio":0.06,"load":3,"rf":0}},{"type":"Feature","geometry":{"type":"Point","coordinates":[6.85607,49.4546]},"properties":{"d":"32727","kva":100,"kwp":9.0,"ratio":0.09,"load":6,"rf":0}},{"type":"Feature","geometry":{"type":"Point","coordinates":[6.87099,49.43358]},"properties":{"d":"32727","kva":100,"kwp":3.0,"ratio":0.03,"load":2,"rf":0}},{"type":"Feature","geometry":{"type":"Point","coordinates":[6.8907,49.46649]},"properties":{"d":"32727","kva":100,"kwp":4.5,"ratio":0.04,"load":3,"rf":0}},{"type":"Feature","geometry":{"type":"Point","coordinates":[6.91843,49.48527]},"properties":{"d":"32727","kva":400,"kwp":190.6,"ratio":0.48,"load":12,"rf":0}},{"type":"Feature","geometry":{"type":"Point","coordinates":[6.92601,49.48927]},"properties":{"d":"32727","kva":100,"kwp":6.4,"ratio":0.06,"load":4,"rf":0}},{"type":"Feature","geometry":{"type":"Point","coordinates":[6.8602,49.47071]},"properties":{"d":"32727","kva":100,"kwp":1.5,"ratio":0.01,"load":1,"rf":0}},{"type":"Feature","geometry":{"type":"Point","coordinates":[6.83939,49.39811]},"properties":{"d":"32727","kva":100,"kwp":5.3,"ratio":0.05,"load":3,"rf":0}},{"type":"Feature","geometry":{"type":"Point","coordinates":[6.84416,49.39416]},"properties":{"d":"32727","kva":100,"kwp":10.6,"ratio":0.11,"load":6,"rf":0}},{"type":"Feature","geometry":{"type":"Point","coordinates":[6.79066,49.43845]},"properties":{"d":"32727","kva":100,"kwp":1.7,"ratio":0.02,"load":1,"rf":0}},{"type":"Feature","geometry":{"type":"Point","coordinates":[6.79426,49.43632]},"properties":{"d":"32727","kva":100,"kwp":3.3,"ratio":0.03,"load":4,"rf":0}},{"type":"Feature","geometry":{"type":"Point","coordinates":[6.83748,49.46596]},"properties":{"d":"32727","kva":800,"kwp":449.8,"ratio":0.56,"load":19,"rf":0}},{"type":"Feature","geometry":{"type":"Point","coordinates":[6.89593,49.47421]},"properties":{"d":"32727","kva":630,"kwp":283.3,"ratio":0.45,"load":14,"rf":0}},{"type":"Feature","geometry":{"type":"Point","coordinates":[6.90291,49.47622]},"properties":{"d":"32727","kva":400,"kwp":187.4,"ratio":0.47,"load":15,"rf":0}},{"type":"Feature","geometry":{"type":"Point","coordinates":[6.84511,49.44655]},"properties":{"d":"32727","kva":1000,"kwp":503.6,"ratio":0.5,"load":16,"rf":0}},{"type":"Feature","geometry":{"type":"Point","coordinates":[6.83167,49.4244]},"properties":{"d":"32727","kva":800,"kwp":475.2,"ratio":0.59,"load":19,"rf":0}},{"type":"Feature","geometry":{"type":"Point","coordinates":[6.84299,49.43499]},"properties":{"d":"32727","kva":630,"kwp":432.4,"ratio":0.69,"load":22,"rf":0}},{"type":"Feature","geometry":{"type":"Point","coordinates":[6.83693,49.41684]},"properties":{"d":"32727","kva":630,"kwp":262.0,"ratio":0.42,"load":12,"rf":0}},{"type":"Feature","geometry":{"type":"Point","coordinates":[6.85133,49.44455]},"properties":{"d":"32727","kva":630,"kwp":301.3,"ratio":0.48,"load":15,"rf":0}},{"type":"Feature","geometry":{"type":"Point","coordinates":[6.8641,49.43969]},"properties":{"d":"32727","kva":630,"kwp":272.8,"ratio":0.43,"load":14,"rf":0}},{"type":"Feature","geometry":{"type":"Point","coordinates":[6.87179,49.43886]},"properties":{"d":"32727","kva":400,"kwp":885.5,"ratio":2.21,"load":84,"rf":0}},{"type":"Feature","geometry":{"type":"Point","coordinates":[6.84815,49.43999]},"properties":{"d":"32727","kva":630,"kwp":310.3,"ratio":0.49,"load":16,"rf":0}},{"type":"Feature","geometry":{"type":"Point","coordinates":[6.84393,49.42276]},"properties":{"d":"32727","kva":630,"kwp":343.0,"ratio":0.54,"load":18,"rf":0}},{"type":"Feature","geometry":{"type":"Point","coordinates":[6.85986,49.44688]},"properties":{"d":"32727","kva":400,"kwp":178.4,"ratio":0.45,"load":41,"rf":0}},{"type":"Feature","geometry":{"type":"Point","coordinates":[6.84052,49.4174]},"properties":{"d":"32727","kva":630,"kwp":328.2,"ratio":0.52,"load":17,"rf":0}},{"type":"Feature","geometry":{"type":"Point","coordinates":[6.85698,49.43987]},"properties":{"d":"32727","kva":630,"kwp":351.5,"ratio":0.56,"load":18,"rf":0}},{"type":"Feature","geometry":{"type":"Point","coordinates":[6.85186,49.43411]},"properties":{"d":"32727","kva":160,"kwp":54.1,"ratio":0.34,"load":9,"rf":0}},{"type":"Feature","geometry":{"type":"Point","coordinates":[6.85229,49.46609]},"properties":{"d":"32727","kva":630,"kwp":164.9,"ratio":0.26,"load":10,"rf":0}},{"type":"Feature","geometry":{"type":"Point","coordinates":[6.89733,49.47111]},"properties":{"d":"32727","kva":630,"kwp":166.4,"ratio":0.26,"load":11,"rf":0}},{"type":"Feature","geometry":{"type":"Point","coordinates":[6.86962,49.47512]},"properties":{"d":"32727","kva":630,"kwp":40.5,"ratio":0.06,"load":2,"rf":0}},{"type":"Feature","geometry":{"type":"Point","coordinates":[6.85737,49.4419]},"properties":{"d":"32727","kva":630,"kwp":356.8,"ratio":0.57,"load":23,"rf":0}},{"type":"Feature","geometry":{"type":"Point","coordinates":[6.84257,49.45178]},"properties":{"d":"32727","kva":630,"kwp":164.9,"ratio":0.26,"load":10,"rf":0}},{"type":"Feature","geometry":{"type":"Point","coordinates":[6.84279,49.42846]},"properties":{"d":"32727","kva":630,"kwp":187.4,"ratio":0.3,"load":12,"rf":0}},{"type":"Feature","geometry":{"type":"Point","coordinates":[6.83558,49.4238]},"properties":{"d":"32727","kva":630,"kwp":293.8,"ratio":0.47,"load":15,"rf":0}},{"type":"Feature","geometry":{"type":"Point","coordinates":[6.85544,49.41245]},"properties":{"d":"32727","kva":630,"kwp":285.8,"ratio":0.45,"load":15,"rf":0}},{"type":"Feature","geometry":{"type":"Point","coordinates":[6.91843,49.48527]},"properties":{"d":"32727","kva":630,"kwp":190.6,"ratio":0.3,"load":12,"rf":0}},{"type":"Feature","geometry":{"type":"Point","coordinates":[6.81739,49.28809]},"properties":{"d":"32816","kva":160,"kwp":12.4,"ratio":0.08,"load":0,"rf":0}},{"type":"Feature","geometry":{"type":"Point","coordinates":[6.8451,49.29918]},"properties":{"d":"32816","kva":630,"kwp":331.7,"ratio":0.53,"load":17,"rf":0}},{"type":"Feature","geometry":{"type":"Point","coordinates":[6.85165,49.29002]},"properties":{"d":"32816","kva":400,"kwp":165.7,"ratio":0.41,"load":10,"rf":0}},{"type":"Feature","geometry":{"type":"Point","coordinates":[6.85528,49.30641]},"properties":{"d":"32816","kva":630,"kwp":238.7,"ratio":0.38,"load":24,"rf":0}},{"type":"Feature","geometry":{"type":"Point","coordinates":[6.83368,49.29005]},"properties":{"d":"32816","kva":800,"kwp":106.5,"ratio":0.13,"load":2,"rf":0}},{"type":"Feature","geometry":{"type":"Point","coordinates":[6.85058,49.30475]},"properties":{"d":"32816","kva":400,"kwp":169.0,"ratio":0.42,"load":15,"rf":0}},{"type":"Feature","geometry":{"type":"Point","coordinates":[6.83631,49.29277]},"properties":{"d":"32816","kva":630,"kwp":234.1,"ratio":0.37,"load":24,"rf":0}},{"type":"Feature","geometry":{"type":"Point","coordinates":[6.83865,49.28895]},"properties":{"d":"32816","kva":800,"kwp":98.2,"ratio":0.12,"load":2,"rf":0}},{"type":"Feature","geometry":{"type":"Point","coordinates":[6.82516,49.28872]},"properties":{"d":"32816","kva":400,"kwp":30.5,"ratio":0.08,"load":1,"rf":0}},{"type":"Feature","geometry":{"type":"Point","coordinates":[6.83955,49.29218]},"properties":{"d":"32816","kva":800,"kwp":372.0,"ratio":0.46,"load":14,"rf":0}},{"type":"Feature","geometry":{"type":"Point","coordinates":[6.84244,49.29741]},"properties":{"d":"32816","kva":630,"kwp":286.9,"ratio":0.46,"load":31,"rf":0}},{"type":"Feature","geometry":{"type":"Point","coordinates":[6.8498,49.30928]},"properties":{"d":"32816","kva":250,"kwp":117.8,"ratio":0.47,"load":9,"rf":0}},{"type":"Feature","geometry":{"type":"Point","coordinates":[6.83041,49.31855]},"properties":{"d":"32816","kva":100,"kwp":1.6,"ratio":0.02,"load":1,"rf":0}},{"type":"Feature","geometry":{"type":"Point","coordinates":[6.83875,49.31348]},"properties":{"d":"32816","kva":100,"kwp":4.7,"ratio":0.05,"load":3,"rf":0}},{"type":"Feature","geometry":{"type":"Point","coordinates":[6.85646,49.29926]},"properties":{"d":"32816","kva":100,"kwp":4.7,"ratio":0.05,"load":3,"rf":0}},{"type":"Feature","geometry":{"type":"Point","coordinates":[6.77998,49.31247]},"properties":{"d":"32816","kva":630,"kwp":106.9,"ratio":0.17,"load":3,"rf":0}},{"type":"Feature","geometry":{"type":"Point","coordinates":[6.82176,49.29972]},"properties":{"d":"32816","kva":630,"kwp":409.2,"ratio":0.65,"load":22,"rf":0}},{"type":"Feature","geometry":{"type":"Point","coordinates":[6.81996,49.32104]},"properties":{"d":"32816","kva":800,"kwp":447.9,"ratio":0.56,"load":19,"rf":0}},{"type":"Feature","geometry":{"type":"Point","coordinates":[6.77004,49.29132]},"properties":{"d":"32816","kva":400,"kwp":6.8,"ratio":0.02,"load":5,"rf":0}},{"type":"Feature","geometry":{"type":"Point","coordinates":[6.77446,49.30562]},"properties":{"d":"32816","kva":630,"kwp":92.0,"ratio":0.15,"load":2,"rf":0}},{"type":"Feature","geometry":{"type":"Point","coordinates":[6.8106,49.31943]},"properties":{"d":"32816","kva":630,"kwp":294.5,"ratio":0.47,"load":16,"rf":0}},{"type":"Feature","geometry":{"type":"Point","coordinates":[6.7785,49.30457]},"properties":{"d":"32816","kva":800,"kwp":131.2,"ratio":0.16,"load":3,"rf":0}},{"type":"Feature","geometry":{"type":"Point","coordinates":[6.80921,49.31134]},"properties":{"d":"32816","kva":400,"kwp":245.5,"ratio":0.61,"load":17,"rf":0}},{"type":"Feature","geometry":{"type":"Point","coordinates":[6.82834,49.30658]},"properties":{"d":"32816","kva":630,"kwp":272.8,"ratio":0.43,"load":29,"rf":0}},{"type":"Feature","geometry":{"type":"Point","coordinates":[6.78494,49.3121]},"properties":{"d":"32816","kva":400,"kwp":112.0,"ratio":0.28,"load":7,"rf":0}},{"type":"Feature","geometry":{"type":"Point","coordinates":[6.77809,49.30055]},"properties":{"d":"32816","kva":630,"kwp":100.6,"ratio":0.16,"load":3,"rf":0}},{"type":"Feature","geometry":{"type":"Point","coordinates":[6.77448,49.31341]},"properties":{"d":"32816","kva":400,"kwp":54.1,"ratio":0.14,"load":2,"rf":0}},{"type":"Feature","geometry":{"type":"Point","coordinates":[6.8026,49.29903]},"properties":{"d":"32816","kva":250,"kwp":34.7,"ratio":0.14,"load":1,"rf":0}},{"type":"Feature","geometry":{"type":"Point","coordinates":[6.82111,49.30933]},"properties":{"d":"32816","kva":400,"kwp":186.0,"ratio":0.46,"load":12,"rf":0}},{"type":"Feature","geometry":{"type":"Point","coordinates":[6.814,49.31368]},"properties":{"d":"32816","kva":630,"kwp":305.4,"ratio":0.48,"load":16,"rf":0}},{"type":"Feature","geometry":{"type":"Point","coordinates":[6.81644,49.32359]},"properties":{"d":"32816","kva":250,"kwp":96.1,"ratio":0.38,"load":7,"rf":0}},{"type":"Feature","geometry":{"type":"Point","coordinates":[6.78291,49.28945]},"properties":{"d":"32816","kva":400,"kwp":6.3,"ratio":0.02,"load":7,"rf":0}},{"type":"Feature","geometry":{"type":"Point","coordinates":[6.81986,49.31643]},"properties":{"d":"32816","kva":630,"kwp":277.4,"ratio":0.44,"load":30,"rf":0}},{"type":"Feature","geometry":{"type":"Point","coordinates":[6.81006,49.3152]},"properties":{"d":"32816","kva":630,"kwp":249.6,"ratio":0.4,"load":26,"rf":0}},{"type":"Feature","geometry":{"type":"Point","coordinates":[6.80495,49.29202]},"properties":{"d":"32816","kva":630,"kwp":72.8,"ratio":0.12,"load":2,"rf":0}},{"type":"Feature","geometry":{"type":"Point","coordinates":[6.82217,49.30551]},"properties":{"d":"32816","kva":400,"kwp":221.7,"ratio":0.55,"load":25,"rf":0}},{"type":"Feature","geometry":{"type":"Point","coordinates":[6.7782,49.30744]},"properties":{"d":"32816","kva":630,"kwp":132.1,"ratio":0.21,"load":15,"rf":0}},{"type":"Feature","geometry":{"type":"Point","coordinates":[6.80215,49.29657]},"properties":{"d":"32816","kva":400,"kwp":165.4,"ratio":0.41,"load":12,"rf":0}},{"type":"Feature","geometry":{"type":"Point","coordinates":[6.80948,49.29997]},"properties":{"d":"32816","kva":630,"kwp":279.2,"ratio":0.44,"load":14,"rf":0}},{"type":"Feature","geometry":{"type":"Point","coordinates":[6.81431,49.31915]},"properties":{"d":"32816","kva":630,"kwp":255.8,"ratio":0.41,"load":27,"rf":0}},{"type":"Feature","geometry":{"type":"Point","coordinates":[6.82046,49.29546]},"properties":{"d":"32816","kva":400,"kwp":213.9,"ratio":0.53,"load":18,"rf":0}},{"type":"Feature","geometry":{"type":"Point","coordinates":[6.77523,49.29942]},"properties":{"d":"32816","kva":250,"kwp":118.3,"ratio":0.47,"load":33,"rf":0}},{"type":"Feature","geometry":{"type":"Point","coordinates":[6.82876,49.32378]},"properties":{"d":"32816","kva":400,"kwp":161.2,"ratio":0.4,"load":27,"rf":0}},{"type":"Feature","geometry":{"type":"Point","coordinates":[6.8343,49.30963]},"properties":{"d":"32816","kva":400,"kwp":156.6,"ratio":0.39,"load":26,"rf":0}},{"type":"Feature","geometry":{"type":"Point","coordinates":[6.81928,49.31853]},"properties":{"d":"32816","kva":400,"kwp":147.2,"ratio":0.37,"load":25,"rf":0}},{"type":"Feature","geometry":{"type":"Point","coordinates":[6.78004,49.30121]},"properties":{"d":"32816","kva":400,"kwp":43.3,"ratio":0.11,"load":3,"rf":0}},{"type":"Feature","geometry":{"type":"Point","coordinates":[6.81176,49.30566]},"properties":{"d":"32816","kva":400,"kwp":221.9,"ratio":0.55,"load":15,"rf":0}},{"type":"Feature","geometry":{"type":"Point","coordinates":[6.80649,49.31914]},"properties":{"d":"32816","kva":630,"kwp":246.5,"ratio":0.39,"load":26,"rf":0}},{"type":"Feature","geometry":{"type":"Point","coordinates":[6.80576,49.30394]},"properties":{"d":"32816","kva":400,"kwp":69.9,"ratio":0.17,"load":8,"rf":0}},{"type":"Feature","geometry":{"type":"Point","coordinates":[6.82639,49.29996]},"properties":{"d":"32816","kva":400,"kwp":291.1,"ratio":0.73,"load":52,"rf":0}},{"type":"Feature","geometry":{"type":"Point","coordinates":[6.78645,49.30794]},"properties":{"d":"32816","kva":400,"kwp":64.0,"ratio":0.16,"load":3,"rf":0}},{"type":"Feature","geometry":{"type":"Point","coordinates":[6.77479,49.30949]},"properties":{"d":"32816","kva":400,"kwp":62.2,"ratio":0.16,"load":2,"rf":0}},{"type":"Feature","geometry":{"type":"Point","coordinates":[6.80096,49.30371]},"properties":{"d":"32816","kva":250,"kwp":180.1,"ratio":0.72,"load":25,"rf":0}},{"type":"Feature","geometry":{"type":"Point","coordinates":[6.81878,49.304]},"properties":{"d":"32816","kva":400,"kwp":179.8,"ratio":0.45,"load":12,"rf":0}},{"type":"Feature","geometry":{"type":"Point","coordinates":[6.78889,49.30482]},"properties":{"d":"32816","kva":400,"kwp":41.5,"ratio":0.1,"load":3,"rf":0}},{"type":"Feature","geometry":{"type":"Point","coordinates":[6.81827,49.32396]},"properties":{"d":"32816","kva":160,"kwp":68.2,"ratio":0.43,"load":6,"rf":0}},{"type":"Feature","geometry":{"type":"Point","coordinates":[6.7983,49.29794]},"properties":{"d":"32816","kva":400,"kwp":112.6,"ratio":0.28,"load":28,"rf":0}},{"type":"Feature","geometry":{"type":"Point","coordinates":[6.77811,49.30984]},"properties":{"d":"32816","kva":630,"kwp":71.3,"ratio":0.11,"load":4,"rf":0}},{"type":"Feature","geometry":{"type":"Point","coordinates":[6.81182,49.30325]},"properties":{"d":"32816","kva":400,"kwp":140.5,"ratio":0.35,"load":23,"rf":0}},{"type":"Feature","geometry":{"type":"Point","coordinates":[6.77789,49.29712]},"properties":{"d":"32816","kva":160,"kwp":15.3,"ratio":0.1,"load":3,"rf":0}},{"type":"Feature","geometry":{"type":"Point","coordinates":[6.81368,49.31708]},"properties":{"d":"32816","kva":400,"kwp":181.3,"ratio":0.45,"load":12,"rf":0}},{"type":"Feature","geometry":{"type":"Point","coordinates":[6.81322,49.32455]},"properties":{"d":"32816","kva":250,"kwp":253.1,"ratio":1.01,"load":34,"rf":0}},{"type":"Feature","geometry":{"type":"Point","coordinates":[6.80607,49.2983]},"properties":{"d":"32816","kva":250,"kwp":38.3,"ratio":0.15,"load":1,"rf":0}},{"type":"Feature","geometry":{"type":"Point","coordinates":[6.82333,49.29694]},"properties":{"d":"32816","kva":400,"kwp":203.1,"ratio":0.51,"load":17,"rf":0}},{"type":"Feature","geometry":{"type":"Point","coordinates":[6.77583,49.31891]},"properties":{"d":"32816","kva":250,"kwp":53.5,"ratio":0.21,"load":4,"rf":0}},{"type":"Feature","geometry":{"type":"Point","coordinates":[6.78483,49.30368]},"properties":{"d":"32816","kva":630,"kwp":76.2,"ratio":0.12,"load":4,"rf":0}},{"type":"Feature","geometry":{"type":"Point","coordinates":[6.80707,49.30164]},"properties":{"d":"32816","kva":400,"kwp":48.3,"ratio":0.12,"load":4,"rf":0}},{"type":"Feature","geometry":{"type":"Point","coordinates":[6.77466,49.30332]},"properties":{"d":"32816","kva":250,"kwp":38.8,"ratio":0.16,"load":2,"rf":0}},{"type":"Feature","geometry":{"type":"Point","coordinates":[6.78538,49.3061]},"properties":{"d":"32816","kva":400,"kwp":66.7,"ratio":0.17,"load":3,"rf":0}},{"type":"Feature","geometry":{"type":"Point","coordinates":[6.82253,49.3111]},"properties":{"d":"32816","kva":250,"kwp":99.2,"ratio":0.4,"load":27,"rf":0}},{"type":"Feature","geometry":{"type":"Point","coordinates":[6.79588,49.30409]},"properties":{"d":"32816","kva":100,"kwp":5.4,"ratio":0.05,"load":2,"rf":0}},{"type":"Feature","geometry":{"type":"Point","coordinates":[6.80082,49.31958]},"properties":{"d":"32816","kva":160,"kwp":11.7,"ratio":0.07,"load":2,"rf":0}},{"type":"Feature","geometry":{"type":"Point","coordinates":[6.80878,49.29277]},"properties":{"d":"32816","kva":250,"kwp":17.4,"ratio":0.07,"load":2,"rf":0}},{"type":"Feature","geometry":{"type":"Point","coordinates":[6.81748,49.3176]},"properties":{"d":"32816","kva":160,"kwp":57.4,"ratio":0.36,"load":24,"rf":0}},{"type":"Feature","geometry":{"type":"Point","coordinates":[6.8055,49.29451]},"properties":{"d":"32816","kva":630,"kwp":69.8,"ratio":0.11,"load":3,"rf":0}},{"type":"Feature","geometry":{"type":"Point","coordinates":[6.7999,49.29378]},"properties":{"d":"32816","kva":250,"kwp":25.3,"ratio":0.1,"load":3,"rf":0}},{"type":"Feature","geometry":{"type":"Point","coordinates":[6.81366,49.29693]},"properties":{"d":"32816","kva":250,"kwp":86.6,"ratio":0.35,"load":22,"rf":0}},{"type":"Feature","geometry":{"type":"Point","coordinates":[6.81389,49.30305]},"properties":{"d":"32816","kva":400,"kwp":169.0,"ratio":0.42,"load":29,"rf":0}},{"type":"Feature","geometry":{"type":"Point","coordinates":[6.81774,49.31505]},"properties":{"d":"32816","kva":400,"kwp":176.7,"ratio":0.44,"load":11,"rf":0}},{"type":"Feature","geometry":{"type":"Point","coordinates":[6.77888,49.29223]},"properties":{"d":"32816","kva":630,"kwp":163.4,"ratio":0.26,"load":6,"rf":0}},{"type":"Feature","geometry":{"type":"Point","coordinates":[6.78108,49.30841]},"properties":{"d":"32816","kva":250,"kwp":35.2,"ratio":0.14,"load":1,"rf":0}},{"type":"Feature","geometry":{"type":"Point","coordinates":[6.78265,49.29202]},"properties":{"d":"32816","kva":400,"kwp":205.2,"ratio":0.51,"load":13,"rf":0}},{"type":"Feature","geometry":{"type":"Point","coordinates":[6.82403,49.30699]},"properties":{"d":"32816","kva":250,"kwp":97.7,"ratio":0.39,"load":26,"rf":0}},{"type":"Feature","geometry":{"type":"Point","coordinates":[6.78183,49.30279]},"properties":{"d":"32816","kva":400,"kwp":47.4,"ratio":0.12,"load":4,"rf":0}},{"type":"Feature","geometry":{"type":"Point","coordinates":[6.79056,49.31186]},"properties":{"d":"32816","kva":100,"kwp":1.4,"ratio":0.01,"load":0,"rf":0}},{"type":"Feature","geometry":{"type":"Point","coordinates":[6.77897,49.27976]},"properties":{"d":"32816","kva":100,"kwp":1.4,"ratio":0.01,"load":3,"rf":0}},{"type":"Feature","geometry":{"type":"Point","coordinates":[6.7807,49.28439]},"properties":{"d":"32816","kva":100,"kwp":0.9,"ratio":0.01,"load":2,"rf":0}},{"type":"Feature","geometry":{"type":"Point","coordinates":[6.78466,49.28678]},"properties":{"d":"32816","kva":100,"kwp":1.4,"ratio":0.01,"load":0,"rf":0}},{"type":"Feature","geometry":{"type":"Point","coordinates":[6.79269,49.28472]},"properties":{"d":"32816","kva":100,"kwp":1.2,"ratio":0.01,"load":3,"rf":0}},{"type":"Feature","geometry":{"type":"Point","coordinates":[6.80629,49.28452]},"properties":{"d":"32816","kva":100,"kwp":3.1,"ratio":0.03,"load":1,"rf":0}},{"type":"Feature","geometry":{"type":"Point","coordinates":[6.8451,49.29918]},"properties":{"d":"32816","kva":630,"kwp":331.7,"ratio":0.53,"load":17,"rf":0}},{"type":"Feature","geometry":{"type":"Point","coordinates":[6.83368,49.29005]},"properties":{"d":"32816","kva":800,"kwp":106.5,"ratio":0.13,"load":2,"rf":0}},{"type":"Feature","geometry":{"type":"Point","coordinates":[6.77998,49.31247]},"properties":{"d":"32816","kva":630,"kwp":106.9,"ratio":0.17,"load":3,"rf":0}},{"type":"Feature","geometry":{"type":"Point","coordinates":[6.82176,49.29972]},"properties":{"d":"32816","kva":630,"kwp":409.2,"ratio":0.65,"load":22,"rf":0}},{"type":"Feature","geometry":{"type":"Point","coordinates":[6.81996,49.32104]},"properties":{"d":"32816","kva":800,"kwp":447.9,"ratio":0.56,"load":19,"rf":0}},{"type":"Feature","geometry":{"type":"Point","coordinates":[6.77004,49.29132]},"properties":{"d":"32816","kva":400,"kwp":6.8,"ratio":0.02,"load":5,"rf":0}},{"type":"Feature","geometry":{"type":"Point","coordinates":[6.77446,49.30562]},"properties":{"d":"32816","kva":630,"kwp":92.0,"ratio":0.15,"load":2,"rf":0}},{"type":"Feature","geometry":{"type":"Point","coordinates":[6.7785,49.30457]},"properties":{"d":"32816","kva":800,"kwp":131.2,"ratio":0.16,"load":3,"rf":0}},{"type":"Feature","geometry":{"type":"Point","coordinates":[6.78494,49.3121]},"properties":{"d":"32816","kva":400,"kwp":112.0,"ratio":0.28,"load":7,"rf":0}},{"type":"Feature","geometry":{"type":"Point","coordinates":[6.77809,49.30055]},"properties":{"d":"32816","kva":630,"kwp":100.6,"ratio":0.16,"load":3,"rf":0}},{"type":"Feature","geometry":{"type":"Point","coordinates":[6.78291,49.28945]},"properties":{"d":"32816","kva":400,"kwp":6.3,"ratio":0.02,"load":7,"rf":0}},{"type":"Feature","geometry":{"type":"Point","coordinates":[6.82217,49.30551]},"properties":{"d":"32816","kva":400,"kwp":221.7,"ratio":0.55,"load":25,"rf":0}},{"type":"Feature","geometry":{"type":"Point","coordinates":[6.80215,49.29657]},"properties":{"d":"32816","kva":400,"kwp":165.4,"ratio":0.41,"load":12,"rf":0}},{"type":"Feature","geometry":{"type":"Point","coordinates":[6.80948,49.29997]},"properties":{"d":"32816","kva":630,"kwp":279.2,"ratio":0.44,"load":14,"rf":0}},{"type":"Feature","geometry":{"type":"Point","coordinates":[6.82046,49.29546]},"properties":{"d":"32816","kva":400,"kwp":213.9,"ratio":0.53,"load":18,"rf":0}},{"type":"Feature","geometry":{"type":"Point","coordinates":[6.78645,49.30794]},"properties":{"d":"32816","kva":400,"kwp":64.0,"ratio":0.16,"load":3,"rf":0}},{"type":"Feature","geometry":{"type":"Point","coordinates":[6.80096,49.30371]},"properties":{"d":"32816","kva":250,"kwp":180.1,"ratio":0.72,"load":25,"rf":0}},{"type":"Feature","geometry":{"type":"Point","coordinates":[6.81322,49.32455]},"properties":{"d":"32816","kva":250,"kwp":253.1,"ratio":1.01,"load":34,"rf":0}},{"type":"Feature","geometry":{"type":"Point","coordinates":[6.82333,49.29694]},"properties":{"d":"32816","kva":400,"kwp":203.1,"ratio":0.51,"load":17,"rf":0}},{"type":"Feature","geometry":{"type":"Point","coordinates":[6.77583,49.31891]},"properties":{"d":"32816","kva":250,"kwp":53.5,"ratio":0.21,"load":4,"rf":0}},{"type":"Feature","geometry":{"type":"Point","coordinates":[6.77466,49.30332]},"properties":{"d":"32816","kva":250,"kwp":38.8,"ratio":0.16,"load":2,"rf":0}},{"type":"Feature","geometry":{"type":"Point","coordinates":[6.78538,49.3061]},"properties":{"d":"32816","kva":400,"kwp":66.7,"ratio":0.17,"load":3,"rf":0}},{"type":"Feature","geometry":{"type":"Point","coordinates":[6.77888,49.29223]},"properties":{"d":"32816","kva":630,"kwp":163.4,"ratio":0.26,"load":6,"rf":0}},{"type":"Feature","geometry":{"type":"Point","coordinates":[6.81739,49.28809]},"properties":{"d":"32816","kva":630,"kwp":12.4,"ratio":0.02,"load":0,"rf":0}},{"type":"Feature","geometry":{"type":"Point","coordinates":[6.85165,49.29002]},"properties":{"d":"32816","kva":630,"kwp":165.7,"ratio":0.26,"load":10,"rf":0}},{"type":"Feature","geometry":{"type":"Point","coordinates":[6.85058,49.30475]},"properties":{"d":"32816","kva":630,"kwp":169.0,"ratio":0.27,"load":15,"rf":0}},{"type":"Feature","geometry":{"type":"Point","coordinates":[6.83865,49.28895]},"properties":{"d":"32816","kva":630,"kwp":98.2,"ratio":0.16,"load":2,"rf":0}},{"type":"Feature","geometry":{"type":"Point","coordinates":[6.82516,49.28872]},"properties":{"d":"32816","kva":630,"kwp":30.5,"ratio":0.05,"load":1,"rf":0}},{"type":"Feature","geometry":{"type":"Point","coordinates":[6.83955,49.29218]},"properties":{"d":"32816","kva":630,"kwp":372.0,"ratio":0.59,"load":21,"rf":0}},{"type":"Feature","geometry":{"type":"Point","coordinates":[6.8498,49.30928]},"properties":{"d":"32816","kva":630,"kwp":117.8,"ratio":0.19,"load":9,"rf":0}},{"type":"Feature","geometry":{"type":"Point","coordinates":[6.8106,49.31943]},"properties":{"d":"32816","kva":630,"kwp":294.5,"ratio":0.47,"load":16,"rf":0}},{"type":"Feature","geometry":{"type":"Point","coordinates":[6.80921,49.31134]},"properties":{"d":"32816","kva":630,"kwp":245.5,"ratio":0.39,"load":17,"rf":0}},{"type":"Feature","geometry":{"type":"Point","coordinates":[6.77448,49.31341]},"properties":{"d":"32816","kva":630,"kwp":54.1,"ratio":0.09,"load":2,"rf":0}},{"type":"Feature","geometry":{"type":"Point","coordinates":[6.8026,49.29903]},"properties":{"d":"32816","kva":630,"kwp":34.7,"ratio":0.06,"load":1,"rf":0}},{"type":"Feature","geometry":{"type":"Point","coordinates":[6.82111,49.30933]},"properties":{"d":"32816","kva":630,"kwp":186.0,"ratio":0.3,"load":12,"rf":0}},{"type":"Feature","geometry":{"type":"Point","coordinates":[6.814,49.31368]},"properties":{"d":"32816","kva":630,"kwp":305.4,"ratio":0.48,"load":16,"rf":0}},{"type":"Feature","geometry":{"type":"Point","coordinates":[6.81644,49.32359]},"properties":{"d":"32816","kva":630,"kwp":96.1,"ratio":0.15,"load":7,"rf":0}},{"type":"Feature","geometry":{"type":"Point","coordinates":[6.80495,49.29202]},"properties":{"d":"32816","kva":630,"kwp":72.8,"ratio":0.12,"load":2,"rf":0}},{"type":"Feature","geometry":{"type":"Point","coordinates":[6.81176,49.30566]},"properties":{"d":"32816","kva":630,"kwp":221.9,"ratio":0.35,"load":15,"rf":0}},{"type":"Feature","geometry":{"type":"Point","coordinates":[6.77479,49.30949]},"properties":{"d":"32816","kva":630,"kwp":62.2,"ratio":0.1,"load":2,"rf":0}},{"type":"Feature","geometry":{"type":"Point","coordinates":[6.81878,49.304]},"properties":{"d":"32816","kva":630,"kwp":179.8,"ratio":0.29,"load":12,"rf":0}},{"type":"Feature","geometry":{"type":"Point","coordinates":[6.81827,49.32396]},"properties":{"d":"32816","kva":630,"kwp":68.2,"ratio":0.11,"load":6,"rf":0}},{"type":"Feature","geometry":{"type":"Point","coordinates":[6.81368,49.31708]},"properties":{"d":"32816","kva":630,"kwp":181.3,"ratio":0.29,"load":12,"rf":0}},{"type":"Feature","geometry":{"type":"Point","coordinates":[6.80607,49.2983]},"properties":{"d":"32816","kva":630,"kwp":38.3,"ratio":0.06,"load":1,"rf":0}},{"type":"Feature","geometry":{"type":"Point","coordinates":[6.81774,49.31505]},"properties":{"d":"32816","kva":630,"kwp":176.7,"ratio":0.28,"load":11,"rf":0}},{"type":"Feature","geometry":{"type":"Point","coordinates":[6.78108,49.30841]},"properties":{"d":"32816","kva":630,"kwp":35.2,"ratio":0.06,"load":1,"rf":0}},{"type":"Feature","geometry":{"type":"Point","coordinates":[6.78265,49.29202]},"properties":{"d":"32816","kva":630,"kwp":205.2,"ratio":0.33,"load":13,"rf":0}},{"type":"Feature","geometry":{"type":"Point","coordinates":[6.98809,49.28012]},"properties":{"d":"33003","kva":250,"kwp":282.9,"ratio":1.13,"load":91,"rf":1}},{"type":"Feature","geometry":{"type":"Point","coordinates":[7.04921,49.27174]},"properties":{"d":"33003","kva":800,"kwp":132.2,"ratio":0.17,"load":3,"rf":0}},{"type":"Feature","geometry":{"type":"Point","coordinates":[7.01418,49.26594]},"properties":{"d":"33003","kva":400,"kwp":123.8,"ratio":0.31,"load":7,"rf":0}},{"type":"Feature","geometry":{"type":"Point","coordinates":[7.0033,49.2664]},"properties":{"d":"33003","kva":800,"kwp":106.9,"ratio":0.13,"load":2,"rf":0}},{"type":"Feature","geometry":{"type":"Point","coordinates":[7.03461,49.27136]},"properties":{"d":"33003","kva":630,"kwp":126.6,"ratio":0.2,"load":2,"rf":0}},{"type":"Feature","geometry":{"type":"Point","coordinates":[7.03461,49.27136]},"properties":{"d":"33003","kva":630,"kwp":126.6,"ratio":0.2,"load":2,"rf":0}},{"type":"Feature","geometry":{"type":"Point","coordinates":[7.03865,49.27855]},"properties":{"d":"33003","kva":630,"kwp":63.0,"ratio":0.1,"load":3,"rf":0}},{"type":"Feature","geometry":{"type":"Point","coordinates":[7.04328,49.28993]},"properties":{"d":"33003","kva":400,"kwp":58.6,"ratio":0.15,"load":2,"rf":0}},{"type":"Feature","geometry":{"type":"Point","coordinates":[7.04475,49.26703]},"properties":{"d":"33003","kva":630,"kwp":95.1,"ratio":0.15,"load":2,"rf":0}},{"type":"Feature","geometry":{"type":"Point","coordinates":[7.0407,49.28713]},"properties":{"d":"33003","kva":800,"kwp":159.2,"ratio":0.2,"load":4,"rf":0}},{"type":"Feature","geometry":{"type":"Point","coordinates":[7.04399,49.275]},"properties":{"d":"33003","kva":800,"kwp":101.8,"ratio":0.13,"load":2,"rf":0}},{"type":"Feature","geometry":{"type":"Point","coordinates":[7.04075,49.27448]},"properties":{"d":"33003","kva":1000,"kwp":58.6,"ratio":0.06,"load":1,"rf":0}},{"type":"Feature","geometry":{"type":"Point","coordinates":[7.03077,49.26758]},"properties":{"d":"33003","kva":630,"kwp":91.8,"ratio":0.15,"load":2,"rf":0}},{"type":"Feature","geometry":{"type":"Point","coordinates":[7.03503,49.27953]},"properties":{"d":"33003","kva":800,"kwp":120.3,"ratio":0.15,"load":2,"rf":0}},{"type":"Feature","geometry":{"type":"Point","coordinates":[7.0317,49.28737]},"properties":{"d":"33003","kva":1000,"kwp":94.6,"ratio":0.09,"load":1,"rf":0}},{"type":"Feature","geometry":{"type":"Point","coordinates":[7.03909,49.27608]},"properties":{"d":"33003","kva":630,"kwp":104.0,"ratio":0.17,"load":2,"rf":0}},{"type":"Feature","geometry":{"type":"Point","coordinates":[7.03909,49.27608]},"properties":{"d":"33003","kva":630,"kwp":104.0,"ratio":0.17,"load":2,"rf":0}},{"type":"Feature","geometry":{"type":"Point","coordinates":[7.04201,49.28127]},"properties":{"d":"33003","kva":630,"kwp":84.1,"ratio":0.13,"load":2,"rf":0}},{"type":"Feature","geometry":{"type":"Point","coordinates":[7.00603,49.26331]},"properties":{"d":"33003","kva":630,"kwp":108.2,"ratio":0.17,"load":8,"rf":0}},{"type":"Feature","geometry":{"type":"Point","coordinates":[7.03081,49.27746]},"properties":{"d":"33003","kva":800,"kwp":63.0,"ratio":0.08,"load":3,"rf":0}},{"type":"Feature","geometry":{"type":"Point","coordinates":[7.01392,49.27586]},"properties":{"d":"33003","kva":630,"kwp":120.0,"ratio":0.19,"load":3,"rf":0}},{"type":"Feature","geometry":{"type":"Point","coordinates":[7.04753,49.27535]},"properties":{"d":"33003","kva":630,"kwp":82.4,"ratio":0.13,"load":4,"rf":0}},{"type":"Feature","geometry":{"type":"Point","coordinates":[7.05135,49.2689]},"properties":{"d":"33003","kva":800,"kwp":74.7,"ratio":0.09,"load":1,"rf":0}},{"type":"Feature","geometry":{"type":"Point","coordinates":[7.04574,49.27728]},"properties":{"d":"33003","kva":630,"kwp":52.5,"ratio":0.08,"load":2,"rf":0}},{"type":"Feature","geometry":{"type":"Point","coordinates":[7.01688,49.26942]},"properties":{"d":"33003","kva":400,"kwp":43.1,"ratio":0.11,"load":4,"rf":0}},{"type":"Feature","geometry":{"type":"Point","coordinates":[7.01438,49.2736]},"properties":{"d":"33003","kva":630,"kwp":103.4,"ratio":0.16,"load":3,"rf":0}},{"type":"Feature","geometry":{"type":"Point","coordinates":[7.02575,49.27016]},"properties":{"d":"33003","kva":400,"kwp":27.7,"ratio":0.07,"load":2,"rf":0}},{"type":"Feature","geometry":{"type":"Point","coordinates":[7.0223,49.27566]},"properties":{"d":"33003","kva":400,"kwp":73.7,"ratio":0.18,"load":10,"rf":0}},{"type":"Feature","geometry":{"type":"Point","coordinates":[7.0108,49.27149]},"properties":{"d":"33003","kva":630,"kwp":87.4,"ratio":0.14,"load":5,"rf":0}},{"type":"Feature","geometry":{"type":"Point","coordinates":[7.04226,49.26935]},"properties":{"d":"33003","kva":1000,"kwp":70.8,"ratio":0.07,"load":1,"rf":0}},{"type":"Feature","geometry":{"type":"Point","coordinates":[7.0381,49.27286]},"properties":{"d":"33003","kva":630,"kwp":255.2,"ratio":0.41,"load":28,"rf":0}},{"type":"Feature","geometry":{"type":"Point","coordinates":[7.04563,49.26541]},"properties":{"d":"33003","kva":630,"kwp":43.7,"ratio":0.07,"load":2,"rf":0}},{"type":"Feature","geometry":{"type":"Point","coordinates":[7.0293,49.28998]},"properties":{"d":"33003","kva":630,"kwp":51.2,"ratio":0.08,"load":3,"rf":0}},{"type":"Feature","geometry":{"type":"Point","coordinates":[7.0293,49.28998]},"properties":{"d":"33003","kva":630,"kwp":51.2,"ratio":0.08,"load":3,"rf":0}},{"type":"Feature","geometry":{"type":"Point","coordinates":[7.0233,49.28136]},"properties":{"d":"33003","kva":250,"kwp":28.8,"ratio":0.12,"load":4,"rf":0}},{"type":"Feature","geometry":{"type":"Point","coordinates":[7.04524,49.2809]},"properties":{"d":"33003","kva":250,"kwp":16.0,"ratio":0.06,"load":2,"rf":0}},{"type":"Feature","geometry":{"type":"Point","coordinates":[7.04505,49.28298]},"properties":{"d":"33003","kva":630,"kwp":73.5,"ratio":0.12,"load":4,"rf":0}},{"type":"Feature","geometry":{"type":"Point","coordinates":[7.04536,49.26926]},"properties":{"d":"33003","kva":1000,"kwp":37.6,"ratio":0.04,"load":3,"rf":0}},{"type":"Feature","geometry":{"type":"Point","coordinates":[7.03635,49.26889]},"properties":{"d":"33003","kva":800,"kwp":89.6,"ratio":0.11,"load":1,"rf":0}},{"type":"Feature","geometry":{"type":"Point","coordinates":[7.03222,49.27498]},"properties":{"d":"33003","kva":630,"kwp":47.6,"ratio":0.08,"load":2,"rf":0}},{"type":"Feature","geometry":{"type":"Point","coordinates":[7.02451,49.27712]},"properties":{"d":"33003","kva":250,"kwp":22.1,"ratio":0.09,"load":3,"rf":0}},{"type":"Feature","geometry":{"type":"Point","coordinates":[7.04059,49.29311]},"properties":{"d":"33003","kva":400,"kwp":7.2,"ratio":0.02,"load":7,"rf":0}},{"type":"Feature","geometry":{"type":"Point","coordinates":[7.05692,49.2718]},"properties":{"d":"33003","kva":400,"kwp":60.8,"ratio":0.15,"load":2,"rf":0}},{"type":"Feature","geometry":{"type":"Point","coordinates":[7.03759,49.26637]},"properties":{"d":"33003","kva":630,"kwp":53.1,"ratio":0.08,"load":2,"rf":0}},{"type":"Feature","geometry":{"type":"Point","coordinates":[7.03739,49.28253]},"properties":{"d":"33003","kva":630,"kwp":73.0,"ratio":0.12,"load":2,"rf":0}},{"type":"Feature","geometry":{"type":"Point","coordinates":[7.00263,49.25875]},"properties":{"d":"33003","kva":630,"kwp":165.3,"ratio":0.26,"load":15,"rf":0}},{"type":"Feature","geometry":{"type":"Point","coordinates":[7.04376,49.28727]},"properties":{"d":"33003","kva":250,"kwp":17.1,"ratio":0.07,"load":2,"rf":0}},{"type":"Feature","geometry":{"type":"Point","coordinates":[7.02994,49.28016]},"properties":{"d":"33003","kva":630,"kwp":66.4,"ratio":0.11,"load":3,"rf":0}},{"type":"Feature","geometry":{"type":"Point","coordinates":[7.0463,49.2708]},"properties":{"d":"33003","kva":800,"kwp":63.0,"ratio":0.08,"load":1,"rf":0}},{"type":"Feature","geometry":{"type":"Point","coordinates":[7.01586,49.27017]},"properties":{"d":"33003","kva":250,"kwp":18.8,"ratio":0.08,"load":2,"rf":0}},{"type":"Feature","geometry":{"type":"Point","coordinates":[7.00853,49.26936]},"properties":{"d":"33003","kva":400,"kwp":42.0,"ratio":0.11,"load":3,"rf":0}},{"type":"Feature","geometry":{"type":"Point","coordinates":[7.00827,49.26716]},"properties":{"d":"33003","kva":160,"kwp":12.7,"ratio":0.08,"load":3,"rf":0}},{"type":"Feature","geometry":{"type":"Point","coordinates":[7.00875,49.26497]},"properties":{"d":"33003","kva":400,"kwp":33.2,"ratio":0.08,"load":2,"rf":0}},{"type":"Feature","geometry":{"type":"Point","coordinates":[7.02054,49.27162]},"properties":{"d":"33003","kva":400,"kwp":38.2,"ratio":0.1,"load":13,"rf":0}},{"type":"Feature","geometry":{"type":"Point","coordinates":[7.04197,49.26558]},"properties":{"d":"33003","kva":800,"kwp":27.7,"ratio":0.03,"load":3,"rf":0}},{"type":"Feature","geometry":{"type":"Point","coordinates":[7.02581,49.2733]},"properties":{"d":"33003","kva":250,"kwp":51.9,"ratio":0.21,"load":11,"rf":0}},{"type":"Feature","geometry":{"type":"Point","coordinates":[7.01838,49.27742]},"properties":{"d":"33003","kva":250,"kwp":27.1,"ratio":0.11,"load":3,"rf":0}},{"type":"Feature","geometry":{"type":"Point","coordinates":[7.01915,49.27487]},"properties":{"d":"33003","kva":400,"kwp":60.3,"ratio":0.15,"load":2,"rf":0}},{"type":"Feature","geometry":{"type":"Point","coordinates":[7.0315,49.28238]},"properties":{"d":"33003","kva":630,"kwp":42.6,"ratio":0.07,"load":2,"rf":0}},{"type":"Feature","geometry":{"type":"Point","coordinates":[7.02705,49.27615]},"properties":{"d":"33003","kva":250,"kwp":28.8,"ratio":0.12,"load":4,"rf":0}},{"type":"Feature","geometry":{"type":"Point","coordinates":[7.05062,49.26641]},"properties":{"d":"33003","kva":400,"kwp":28.2,"ratio":0.07,"load":2,"rf":0}},{"type":"Feature","geometry":{"type":"Point","coordinates":[7.03052,49.28791]},"properties":{"d":"33003","kva":250,"kwp":16.6,"ratio":0.07,"load":2,"rf":0}},{"type":"Feature","geometry":{"type":"Point","coordinates":[7.03565,49.27453]},"properties":{"d":"33003","kva":630,"kwp":57.5,"ratio":0.09,"load":2,"rf":0}},{"type":"Feature","geometry":{"type":"Point","coordinates":[7.01357,49.26842]},"properties":{"d":"33003","kva":400,"kwp":44.2,"ratio":0.11,"load":4,"rf":0}},{"type":"Feature","geometry":{"type":"Point","coordinates":[7.04106,49.28336]},"properties":{"d":"33003","kva":100,"kwp":1.7,"ratio":0.02,"load":1,"rf":0}},{"type":"Feature","geometry":{"type":"Point","coordinates":[7.028,49.28124]},"properties":{"d":"33003","kva":400,"kwp":31.5,"ratio":0.08,"load":2,"rf":0}},{"type":"Feature","geometry":{"type":"Point","coordinates":[7.03468,49.27666]},"properties":{"d":"33003","kva":630,"kwp":28.8,"ratio":0.05,"load":4,"rf":0}},{"type":"Feature","geometry":{"type":"Point","coordinates":[7.03658,49.28134]},"properties":{"d":"33003","kva":400,"kwp":40.9,"ratio":0.1,"load":3,"rf":0}},{"type":"Feature","geometry":{"type":"Point","coordinates":[7.02584,49.28821]},"properties":{"d":"33003","kva":100,"kwp":1.7,"ratio":0.02,"load":6,"rf":0}},{"type":"Feature","geometry":{"type":"Point","coordinates":[7.0492,49.27648]},"properties":{"d":"33003","kva":160,"kwp":12.7,"ratio":0.08,"load":3,"rf":0}},{"type":"Feature","geometry":{"type":"Point","coordinates":[7.02723,49.28374]},"properties":{"d":"33003","kva":100,"kwp":3.3,"ratio":0.03,"load":1,"rf":0}},{"type":"Feature","geometry":{"type":"Point","coordinates":[7.0567,49.27081]},"properties":{"d":"33003","kva":100,"kwp":0.6,"ratio":0.01,"load":0,"rf":0}},{"type":"Feature","geometry":{"type":"Point","coordinates":[7.03066,49.2507]},"properties":{"d":"33003","kva":100,"kwp":2.3,"ratio":0.02,"load":1,"rf":0}},{"type":"Feature","geometry":{"type":"Point","coordinates":[6.99647,49.27539]},"properties":{"d":"33003","kva":100,"kwp":84.9,"ratio":0.85,"load":69,"rf":0}},{"type":"Feature","geometry":{"type":"Point","coordinates":[7.03004,49.29543]},"properties":{"d":"33003","kva":160,"kwp":17.7,"ratio":0.11,"load":4,"rf":0}},{"type":"Feature","geometry":{"type":"Point","coordinates":[7.02747,49.24833]},"properties":{"d":"33003","kva":100,"kwp":2.3,"ratio":0.02,"load":1,"rf":0}},{"type":"Feature","geometry":{"type":"Point","coordinates":[7.03933,49.25379]},"properties":{"d":"33003","kva":400,"kwp":153.5,"ratio":0.38,"load":11,"rf":0}},{"type":"Feature","geometry":{"type":"Point","coordinates":[7.03508,49.25028]},"properties":{"d":"33003","kva":250,"kwp":221.1,"ratio":0.88,"load":64,"rf":0}},{"type":"Feature","geometry":{"type":"Point","coordinates":[7.04277,49.25492]},"properties":{"d":"33003","kva":1000,"kwp":13.9,"ratio":0.01,"load":3,"rf":0}},{"type":"Feature","geometry":{"type":"Point","coordinates":[7.05141,49.25948]},"properties":{"d":"33003","kva":100,"kwp":1.4,"ratio":0.01,"load":0,"rf":0}},{"type":"Feature","geometry":{"type":"Point","coordinates":[7.05358,49.22893]},"properties":{"d":"33003","kva":100,"kwp":3.4,"ratio":0.03,"load":1,"rf":0}},{"type":"Feature","geometry":{"type":"Point","coordinates":[7.03986,49.22653]},"properties":{"d":"33003","kva":400,"kwp":30.8,"ratio":0.08,"load":2,"rf":0}},{"type":"Feature","geometry":{"type":"Point","coordinates":[7.04133,49.23277]},"properties":{"d":"33003","kva":250,"kwp":10.3,"ratio":0.04,"load":1,"rf":0}},{"type":"Feature","geometry":{"type":"Point","coordinates":[7.02681,49.23764]},"properties":{"d":"33003","kva":100,"kwp":4.6,"ratio":0.05,"load":1,"rf":0}},{"type":"Feature","geometry":{"type":"Point","coordinates":[6.99621,49.20878]},"properties":{"d":"33003","kva":100,"kwp":3.5,"ratio":0.03,"load":1,"rf":0}},{"type":"Feature","geometry":{"type":"Point","coordinates":[7.07227,49.24831]},"properties":{"d":"33003","kva":100,"kwp":6.5,"ratio":0.06,"load":2,"rf":0}},{"type":"Feature","geometry":{"type":"Point","coordinates":[7.00267,49.24322]},"properties":{"d":"33003","kva":400,"kwp":0.5,"ratio":0.0,"load":6,"rf":0}},{"type":"Feature","geometry":{"type":"Point","coordinates":[7.0152,49.24547]},"properties":{"d":"33003","kva":400,"kwp":39.3,"ratio":0.1,"load":3,"rf":0}},{"type":"Feature","geometry":{"type":"Point","coordinates":[7.0135,49.21665]},"properties":{"d":"33003","kva":400,"kwp":49.6,"ratio":0.12,"load":5,"rf":0}},{"type":"Feature","geometry":{"type":"Point","coordinates":[7.05207,49.23775]},"properties":{"d":"33003","kva":160,"kwp":19.3,"ratio":0.12,"load":4,"rf":0}},{"type":"Feature","geometry":{"type":"Point","coordinates":[7.01111,49.25052]},"properties":{"d":"33003","kva":160,"kwp":22.0,"ratio":0.14,"load":8,"rf":0}},{"type":"Feature","geometry":{"type":"Point","coordinates":[7.01554,49.24685]},"properties":{"d":"33003","kva":250,"kwp":5.8,"ratio":0.02,"load":2,"rf":0}},{"type":"Feature","geometry":{"type":"Point","coordinates":[7.01754,49.21474]},"properties":{"d":"33003","kva":630,"kwp":45.4,"ratio":0.07,"load":2,"rf":0}},{"type":"Feature","geometry":{"type":"Point","coordinates":[7.02427,49.23693]},"properties":{"d":"33003","kva":160,"kwp":21.4,"ratio":0.13,"load":7,"rf":0}},{"type":"Feature","geometry":{"type":"Point","coordinates":[7.0231,49.23634]},"properties":{"d":"33003","kva":250,"kwp":41.6,"ratio":0.17,"load":9,"rf":0}},{"type":"Feature","geometry":{"type":"Point","coordinates":[7.00877,49.22026]},"properties":{"d":"33003","kva":630,"kwp":43.3,"ratio":0.07,"load":3,"rf":0}},{"type":"Feature","geometry":{"type":"Point","coordinates":[7.03982,49.23488]},"properties":{"d":"33003","kva":630,"kwp":31.4,"ratio":0.05,"load":2,"rf":0}},{"type":"Feature","geometry":{"type":"Point","coordinates":[7.05765,49.24051]},"properties":{"d":"33003","kva":250,"kwp":14.4,"ratio":0.06,"load":2,"rf":0}},{"type":"Feature","geometry":{"type":"Point","coordinates":[7.04777,49.23766]},"properties":{"d":"33003","kva":800,"kwp":14.8,"ratio":0.02,"load":4,"rf":0}},{"type":"Feature","geometry":{"type":"Point","coordinates":[7.0114,49.23038]},"properties":{"d":"33003","kva":800,"kwp":2.1,"ratio":0.0,"load":3,"rf":0}},{"type":"Feature","geometry":{"type":"Point","coordinates":[7.01159,49.22634]},"properties":{"d":"33003","kva":250,"kwp":97.3,"ratio":0.39,"load":28,"rf":0}},{"type":"Feature","geometry":{"type":"Point","coordinates":[7.03433,49.23304]},"properties":{"d":"33003","kva":250,"kwp":24.0,"ratio":0.1,"load":3,"rf":0}},{"type":"Feature","geometry":{"type":"Point","coordinates":[7.03806,49.22872]},"properties":{"d":"33003","kva":400,"kwp":16.6,"ratio":0.04,"load":2,"rf":0}},{"type":"Feature","geometry":{"type":"Point","coordinates":[7.07006,49.24065]},"properties":{"d":"33003","kva":160,"kwp":13.5,"ratio":0.08,"load":2,"rf":0}},{"type":"Feature","geometry":{"type":"Point","coordinates":[7.04515,49.22733]},"properties":{"d":"33003","kva":250,"kwp":31.4,"ratio":0.13,"load":1,"rf":0}},{"type":"Feature","geometry":{"type":"Point","coordinates":[7.06674,49.24191]},"properties":{"d":"33003","kva":250,"kwp":22.3,"ratio":0.09,"load":3,"rf":0}},{"type":"Feature","geometry":{"type":"Point","coordinates":[7.01125,49.2329]},"properties":{"d":"33003","kva":800,"kwp":301.4,"ratio":0.38,"load":27,"rf":0}},{"type":"Feature","geometry":{"type":"Point","coordinates":[7.01419,49.22353]},"properties":{"d":"33003","kva":160,"kwp":0.8,"ratio":0.0,"load":6,"rf":0}},{"type":"Feature","geometry":{"type":"Point","coordinates":[7.00345,49.23486]},"properties":{"d":"33003","kva":1000,"kwp":4.7,"ratio":0.0,"load":4,"rf":0}},{"type":"Feature","geometry":{"type":"Point","coordinates":[7.01102,49.21333]},"properties":{"d":"33003","kva":630,"kwp":29.3,"ratio":0.05,"load":3,"rf":0}},{"type":"Feature","geometry":{"type":"Point","coordinates":[7.04169,49.22761]},"properties":{"d":"33003","kva":160,"kwp":99.7,"ratio":0.62,"load":44,"rf":0}},{"type":"Feature","geometry":{"type":"Point","coordinates":[7.04109,49.22688]},"properties":{"d":"33003","kva":400,"kwp":18.3,"ratio":0.05,"load":1,"rf":0}},{"type":"Feature","geometry":{"type":"Point","coordinates":[7.02136,49.23904]},"properties":{"d":"33003","kva":400,"kwp":71.7,"ratio":0.18,"load":9,"rf":0}},{"type":"Feature","geometry":{"type":"Point","coordinates":[7.00673,49.22984]},"properties":{"d":"33003","kva":1000,"kwp":4.4,"ratio":0.0,"load":4,"rf":0}},{"type":"Feature","geometry":{"type":"Point","coordinates":[7.05333,49.2334]},"properties":{"d":"33003","kva":400,"kwp":36.0,"ratio":0.09,"load":3,"rf":0}},{"type":"Feature","geometry":{"type":"Point","coordinates":[7.00482,49.2293]},"properties":{"d":"33003","kva":630,"kwp":3.1,"ratio":0.0,"load":7,"rf":0}},{"type":"Feature","geometry":{"type":"Point","coordinates":[7.02251,49.24337]},"properties":{"d":"33003","kva":250,"kwp":37.0,"ratio":0.15,"load":7,"rf":0}},{"type":"Feature","geometry":{"type":"Point","coordinates":[7.01149,49.21913]},"properties":{"d":"33003","kva":630,"kwp":39.1,"ratio":0.06,"load":2,"rf":0}},{"type":"Feature","geometry":{"type":"Point","coordinates":[7.00792,49.24945]},"properties":{"d":"33003","kva":630,"kwp":33.5,"ratio":0.05,"load":2,"rf":0}},{"type":"Feature","geometry":{"type":"Point","coordinates":[7.00392,49.23046]},"properties":{"d":"33003","kva":800,"kwp":4.7,"ratio":0.01,"load":4,"rf":0}},{"type":"Feature","geometry":{"type":"Point","coordinates":[7.02126,49.23281]},"properties":{"d":"33003","kva":400,"kwp":38.3,"ratio":0.1,"load":2,"rf":0}},{"type":"Feature","geometry":{"type":"Point","coordinates":[7.06049,49.24237]},"properties":{"d":"33003","kva":250,"kwp":9.3,"ratio":0.04,"load":1,"rf":0}},{"type":"Feature","geometry":{"type":"Point","coordinates":[7.00806,49.22315]},"properties":{"d":"33003","kva":630,"kwp":116.4,"ratio":0.18,"load":9,"rf":0}},{"type":"Feature","geometry":{"type":"Point","coordinates":[7.01049,49.23869]},"properties":{"d":"33003","kva":400,"kwp":4.1,"ratio":0.01,"load":3,"rf":0}},{"type":"Feature","geometry":{"type":"Point","coordinates":[7.02987,49.23512]},"properties":{"d":"33003","kva":400,"kwp":12.6,"ratio":0.03,"load":2,"rf":0}},{"type":"Feature","geometry":{"type":"Point","coordinates":[6.9993,49.21148]},"properties":{"d":"33003","kva":100,"kwp":12.6,"ratio":0.13,"load":7,"rf":0}},{"type":"Feature","geometry":{"type":"Point","coordinates":[7.05056,49.2305]},"properties":{"d":"33003","kva":250,"kwp":62.9,"ratio":0.25,"load":16,"rf":0}},{"type":"Feature","geometry":{"type":"Point","coordinates":[7.01447,49.24427]},"properties":{"d":"33003","kva":160,"kwp":13.9,"ratio":0.09,"load":3,"rf":0}},{"type":"Feature","geometry":{"type":"Point","coordinates":[7.01587,49.23502]},"properties":{"d":"33003","kva":630,"kwp":4.8,"ratio":0.01,"load":4,"rf":0}},{"type":"Feature","geometry":{"type":"Point","coordinates":[7.0158,49.2368]},"properties":{"d":"33003","kva":630,"kwp":40.6,"ratio":0.06,"load":2,"rf":0}},{"type":"Feature","geometry":{"type":"Point","coordinates":[7.01697,49.2172]},"properties":{"d":"33003","kva":630,"kwp":48.9,"ratio":0.08,"load":2,"rf":0}},{"type":"Feature","geometry":{"type":"Point","coordinates":[7.04512,49.22572]},"properties":{"d":"33003","kva":250,"kwp":143.0,"ratio":0.57,"load":40,"rf":0}},{"type":"Feature","geometry":{"type":"Point","coordinates":[7.02852,49.21968]},"properties":{"d":"33003","kva":400,"kwp":14.3,"ratio":0.04,"load":1,"rf":0}},{"type":"Feature","geometry":{"type":"Point","coordinates":[7.01592,49.23054]},"properties":{"d":"33003","kva":800,"kwp":55.2,"ratio":0.07,"load":1,"rf":0}},{"type":"Feature","geometry":{"type":"Point","coordinates":[7.01053,49.23055]},"properties":{"d":"33003","kva":630,"kwp":4.2,"ratio":0.01,"load":6,"rf":0}},{"type":"Feature","geometry":{"type":"Point","coordinates":[7.01053,49.23055]},"properties":{"d":"33003","kva":630,"kwp":4.2,"ratio":0.01,"load":6,"rf":0}},{"type":"Feature","geometry":{"type":"Point","coordinates":[7.04871,49.22662]},"properties":{"d":"33003","kva":250,"kwp":22.3,"ratio":0.09,"load":3,"rf":0}},{"type":"Feature","geometry":{"type":"Point","coordinates":[7.01159,49.23518]},"properties":{"d":"33003","kva":630,"kwp":1.4,"ratio":0.0,"load":5,"rf":0}},{"type":"Feature","geometry":{"type":"Point","coordinates":[7.01159,49.23518]},"properties":{"d":"33003","kva":630,"kwp":1.4,"ratio":0.0,"load":5,"rf":0}},{"type":"Feature","geometry":{"type":"Point","coordinates":[7.00596,49.23933]},"properties":{"d":"33003","kva":1000,"kwp":3.2,"ratio":0.0,"load":4,"rf":0}},{"type":"Feature","geometry":{"type":"Point","coordinates":[7.00377,49.24465]},"properties":{"d":"33003","kva":400,"kwp":0.8,"ratio":0.0,"load":6,"rf":0}},{"type":"Feature","geometry":{"type":"Point","coordinates":[7.04921,49.22967]},"properties":{"d":"33003","kva":400,"kwp":28.0,"ratio":0.07,"load":2,"rf":0}},{"type":"Feature","geometry":{"type":"Point","coordinates":[7.03998,49.23246]},"properties":{"d":"33003","kva":100,"kwp":5.7,"ratio":0.06,"load":2,"rf":0}},{"type":"Feature","geometry":{"type":"Point","coordinates":[7.02232,49.24075]},"properties":{"d":"33003","kva":400,"kwp":55.5,"ratio":0.14,"load":6,"rf":0}},{"type":"Feature","geometry":{"type":"Point","coordinates":[7.04514,49.23409]},"properties":{"d":"33003","kva":400,"kwp":87.5,"ratio":0.22,"load":12,"rf":0}},{"type":"Feature","geometry":{"type":"Point","coordinates":[7.03656,49.22994]},"properties":{"d":"33003","kva":630,"kwp":20.0,"ratio":0.03,"load":2,"rf":0}},{"type":"Feature","geometry":{"type":"Point","coordinates":[7.00998,49.21437]},"properties":{"d":"33003","kva":800,"kwp":157.6,"ratio":0.2,"load":4,"rf":0}},{"type":"Feature","geometry":{"type":"Point","coordinates":[7.01125,49.21761]},"properties":{"d":"33003","kva":630,"kwp":55.8,"ratio":0.09,"load":2,"rf":0}},{"type":"Feature","geometry":{"type":"Point","coordinates":[7.04189,49.2378]},"properties":{"d":"33003","kva":630,"kwp":20.0,"ratio":0.03,"load":3,"rf":0}},{"type":"Feature","geometry":{"type":"Point","coordinates":[7.00968,49.22954]},"properties":{"d":"33003","kva":630,"kwp":6.1,"ratio":0.01,"load":6,"rf":0}},{"type":"Feature","geometry":{"type":"Point","coordinates":[7.00968,49.22954]},"properties":{"d":"33003","kva":630,"kwp":6.1,"ratio":0.01,"load":6,"rf":0}},{"type":"Feature","geometry":{"type":"Point","coordinates":[7.02399,49.22668]},"properties":{"d":"33003","kva":250,"kwp":8.0,"ratio":0.03,"load":4,"rf":0}},{"type":"Feature","geometry":{"type":"Point","coordinates":[7.06713,49.2526]},"properties":{"d":"33003","kva":630,"kwp":37.6,"ratio":0.06,"load":3,"rf":0}},{"type":"Feature","geometry":{"type":"Point","coordinates":[7.01064,49.24498]},"properties":{"d":"33003","kva":630,"kwp":98.3,"ratio":0.16,"load":3,"rf":0}},{"type":"Feature","geometry":{"type":"Point","coordinates":[7.00699,49.21578]},"properties":{"d":"33003","kva":400,"kwp":35.6,"ratio":0.09,"load":3,"rf":0}},{"type":"Feature","geometry":{"type":"Point","coordinates":[7.01336,49.23298]},"properties":{"d":"33003","kva":1000,"kwp":64.8,"ratio":0.06,"load":2,"rf":0}},{"type":"Feature","geometry":{"type":"Point","coordinates":[7.01897,49.24144]},"properties":{"d":"33003","kva":630,"kwp":109.8,"ratio":0.17,"load":8,"rf":0}},{"type":"Feature","geometry":{"type":"Point","coordinates":[7.02112,49.23442]},"properties":{"d":"33003","kva":400,"kwp":59.7,"ratio":0.15,"load":2,"rf":0}},{"type":"Feature","geometry":{"type":"Point","coordinates":[7.05304,49.2438]},"properties":{"d":"33003","kva":400,"kwp":45.5,"ratio":0.11,"load":3,"rf":0}},{"type":"Feature","geometry":{"type":"Point","coordinates":[7.04454,49.23652]},"properties":{"d":"33003","kva":800,"kwp":100.0,"ratio":0.12,"load":2,"rf":0}},{"type":"Feature","geometry":{"type":"Point","coordinates":[7.0356,49.2319]},"properties":{"d":"33003","kva":400,"kwp":33.7,"ratio":0.08,"load":2,"rf":0}},{"type":"Feature","geometry":{"type":"Point","coordinates":[7.02254,49.22427]},"properties":{"d":"33003","kva":400,"kwp":4.0,"ratio":0.01,"load":3,"rf":0}},{"type":"Feature","geometry":{"type":"Point","coordinates":[7.01233,49.22149]},"properties":{"d":"33003","kva":630,"kwp":49.6,"ratio":0.08,"load":2,"rf":0}},{"type":"Feature","geometry":{"type":"Point","coordinates":[7.01798,49.23945]},"properties":{"d":"33003","kva":630,"kwp":95.9,"ratio":0.15,"load":7,"rf":0}},{"type":"Feature","geometry":{"type":"Point","coordinates":[7.03119,49.22854]},"properties":{"d":"33003","kva":630,"kwp":70.7,"ratio":0.11,"load":2,"rf":0}},{"type":"Feature","geometry":{"type":"Point","coordinates":[7.0003,49.23046]},"properties":{"d":"33003","kva":800,"kwp":7.9,"ratio":0.01,"load":4,"rf":0}},{"type":"Feature","geometry":{"type":"Point","coordinates":[7.0003,49.23046]},"properties":{"d":"33003","kva":800,"kwp":7.9,"ratio":0.01,"load":4,"rf":0}},{"type":"Feature","geometry":{"type":"Point","coordinates":[7.02062,49.22764]},"properties":{"d":"33003","kva":630,"kwp":10.3,"ratio":0.02,"load":4,"rf":0}},{"type":"Feature","geometry":{"type":"Point","coordinates":[7.02061,49.23575]},"properties":{"d":"33003","kva":800,"kwp":123.8,"ratio":0.15,"load":3,"rf":0}},{"type":"Feature","geometry":{"type":"Point","coordinates":[6.99943,49.22568]},"properties":{"d":"33003","kva":400,"kwp":1.6,"ratio":0.0,"load":5,"rf":0}},{"type":"Feature","geometry":{"type":"Point","coordinates":[7.00885,49.21918]},"properties":{"d":"33003","kva":400,"kwp":41.2,"ratio":0.1,"load":3,"rf":0}},{"type":"Feature","geometry":{"type":"Point","coordinates":[7.00711,49.251]},"properties":{"d":"33003","kva":400,"kwp":46.2,"ratio":0.12,"load":5,"rf":0}},{"type":"Feature","geometry":{"type":"Point","coordinates":[7.01296,49.21484]},"properties":{"d":"33003","kva":630,"kwp":87.2,"ratio":0.14,"load":3,"rf":0}},{"type":"Feature","geometry":{"type":"Point","coordinates":[7.01296,49.21484]},"properties":{"d":"33003","kva":630,"kwp":87.2,"ratio":0.14,"load":3,"rf":0}},{"type":"Feature","geometry":{"type":"Point","coordinates":[7.02492,49.23811]},"properties":{"d":"33003","kva":250,"kwp":47.9,"ratio":0.19,"load":10,"rf":0}},{"type":"Feature","geometry":{"type":"Point","coordinates":[7.04408,49.22918]},"properties":{"d":"33003","kva":630,"kwp":69.7,"ratio":0.11,"load":3,"rf":0}},{"type":"Feature","geometry":{"type":"Point","coordinates":[7.05843,49.23089]},"properties":{"d":"33003","kva":250,"kwp":47.6,"ratio":0.19,"load":6,"rf":0}},{"type":"Feature","geometry":{"type":"Point","coordinates":[7.00722,49.24823]},"properties":{"d":"33003","kva":1000,"kwp":69.4,"ratio":0.07,"load":1,"rf":0}},{"type":"Feature","geometry":{"type":"Point","coordinates":[7.00171,49.23335]},"properties":{"d":"33003","kva":630,"kwp":5.9,"ratio":0.01,"load":6,"rf":0}},{"type":"Feature","geometry":{"type":"Point","coordinates":[7.00171,49.23335]},"properties":{"d":"33003","kva":630,"kwp":5.9,"ratio":0.01,"load":6,"rf":0}},{"type":"Feature","geometry":{"type":"Point","coordinates":[7.00848,49.2407]},"properties":{"d":"33003","kva":630,"kwp":13.5,"ratio":0.02,"load":5,"rf":0}},{"type":"Feature","geometry":{"type":"Point","coordinates":[7.00848,49.2407]},"properties":{"d":"33003","kva":630,"kwp":13.5,"ratio":0.02,"load":5,"rf":0}},{"type":"Feature","geometry":{"type":"Point","coordinates":[7.02486,49.23202]},"properties":{"d":"33003","kva":630,"kwp":57.1,"ratio":0.09,"load":1,"rf":0}},{"type":"Feature","geometry":{"type":"Point","coordinates":[7.01194,49.24779]},"properties":{"d":"33003","kva":1000,"kwp":218.5,"ratio":0.22,"load":5,"rf":0}},{"type":"Feature","geometry":{"type":"Point","coordinates":[7.05611,49.23735]},"properties":{"d":"33003","kva":250,"kwp":16.8,"ratio":0.07,"load":2,"rf":0}},{"type":"Feature","geometry":{"type":"Point","coordinates":[7.00838,49.22764]},"properties":{"d":"33003","kva":630,"kwp":8.5,"ratio":0.01,"load":6,"rf":0}},{"type":"Feature","geometry":{"type":"Point","coordinates":[7.00838,49.22764]},"properties":{"d":"33003","kva":630,"kwp":8.5,"ratio":0.01,"load":6,"rf":0}},{"type":"Feature","geometry":{"type":"Point","coordinates":[7.05773,49.25114]},"properties":{"d":"33003","kva":630,"kwp":45.0,"ratio":0.07,"load":2,"rf":0}},{"type":"Feature","geometry":{"type":"Point","coordinates":[7.01171,49.22776]},"properties":{"d":"33003","kva":800,"kwp":6.1,"ratio":0.01,"load":5,"rf":0}},{"type":"Feature","geometry":{"type":"Point","coordinates":[7.01171,49.22776]},"properties":{"d":"33003","kva":800,"kwp":6.1,"ratio":0.01,"load":5,"rf":0}},{"type":"Feature","geometry":{"type":"Point","coordinates":[7.01673,49.2248]},"properties":{"d":"33003","kva":1000,"kwp":76.2,"ratio":0.08,"load":3,"rf":0}},{"type":"Feature","geometry":{"type":"Point","coordinates":[7.0048,49.21657]},"properties":{"d":"33003","kva":400,"kwp":27.9,"ratio":0.07,"load":2,"rf":0}},{"type":"Feature","geometry":{"type":"Point","coordinates":[7.05565,49.24691]},"properties":{"d":"33003","kva":630,"kwp":53.4,"ratio":0.08,"load":2,"rf":0}},{"type":"Feature","geometry":{"type":"Point","coordinates":[7.01513,49.22567]},"properties":{"d":"33003","kva":800,"kwp":204.9,"ratio":0.26,"load":3,"rf":0}},{"type":"Feature","geometry":{"type":"Point","coordinates":[7.0371,49.23484]},"properties":{"d":"33003","kva":400,"kwp":28.0,"ratio":0.07,"load":2,"rf":0}},{"type":"Feature","geometry":{"type":"Point","coordinates":[7.00589,49.23248]},"properties":{"d":"33003","kva":1000,"kwp":161.9,"ratio":0.16,"load":3,"rf":0}},{"type":"Feature","geometry":{"type":"Point","coordinates":[7.00039,49.22451]},"properties":{"d":"33003","kva":1000,"kwp":26.1,"ratio":0.03,"load":3,"rf":0}},{"type":"Feature","geometry":{"type":"Point","coordinates":[7.03759,49.2257]},"properties":{"d":"33003","kva":400,"kwp":115.7,"ratio":0.29,"load":8,"rf":0}},{"type":"Feature","geometry":{"type":"Point","coordinates":[7.01584,49.24158]},"properties":{"d":"33003","kva":1000,"kwp":173.2,"ratio":0.17,"load":4,"rf":0}},{"type":"Feature","geometry":{"type":"Point","coordinates":[7.07004,49.24321]},"properties":{"d":"33003","kva":400,"kwp":48.3,"ratio":0.12,"load":1,"rf":0}},{"type":"Feature","geometry":{"type":"Point","coordinates":[7.01728,49.23363]},"properties":{"d":"33003","kva":1000,"kwp":18.5,"ratio":0.02,"load":3,"rf":0}},{"type":"Feature","geometry":{"type":"Point","coordinates":[7.00488,49.23162]},"properties":{"d":"33003","kva":630,"kwp":5.3,"ratio":0.01,"load":6,"rf":0}},{"type":"Feature","geometry":{"type":"Point","coordinates":[7.00488,49.23162]},"properties":{"d":"33003","kva":630,"kwp":5.3,"ratio":0.01,"load":6,"rf":0}},{"type":"Feature","geometry":{"type":"Point","coordinates":[7.03692,49.23689]},"properties":{"d":"33003","kva":800,"kwp":97.1,"ratio":0.12,"load":2,"rf":0}},{"type":"Feature","geometry":{"type":"Point","coordinates":[7.01454,49.21886]},"properties":{"d":"33003","kva":630,"kwp":192.6,"ratio":0.31,"load":3,"rf":0}},{"type":"Feature","geometry":{"type":"Point","coordinates":[7.01454,49.21886]},"properties":{"d":"33003","kva":630,"kwp":192.6,"ratio":0.31,"load":3,"rf":0}},{"type":"Feature","geometry":{"type":"Point","coordinates":[7.00164,49.23733]},"properties":{"d":"33003","kva":800,"kwp":107.3,"ratio":0.13,"load":4,"rf":0}},{"type":"Feature","geometry":{"type":"Point","coordinates":[7.00164,49.23733]},"properties":{"d":"33003","kva":800,"kwp":107.3,"ratio":0.13,"load":4,"rf":0}},{"type":"Feature","geometry":{"type":"Point","coordinates":[7.00164,49.23733]},"properties":{"d":"33003","kva":800,"kwp":107.3,"ratio":0.13,"load":4,"rf":0}},{"type":"Feature","geometry":{"type":"Point","coordinates":[7.0268,49.23269]},"properties":{"d":"33003","kva":1000,"kwp":24.0,"ratio":0.02,"load":2,"rf":0}},{"type":"Feature","geometry":{"type":"Point","coordinates":[7.03114,49.22603]},"properties":{"d":"33003","kva":630,"kwp":9.1,"ratio":0.01,"load":6,"rf":0}},{"type":"Feature","geometry":{"type":"Point","coordinates":[7.00815,49.24511]},"properties":{"d":"33003","kva":630,"kwp":83.8,"ratio":0.13,"load":2,"rf":0}},{"type":"Feature","geometry":{"type":"Point","coordinates":[7.00672,49.24293]},"properties":{"d":"33003","kva":800,"kwp":15.2,"ratio":0.02,"load":5,"rf":0}},{"type":"Feature","geometry":{"type":"Point","coordinates":[7.00672,49.24293]},"properties":{"d":"33003","kva":800,"kwp":15.2,"ratio":0.02,"load":5,"rf":0}},{"type":"Feature","geometry":{"type":"Point","coordinates":[7.00627,49.21768]},"properties":{"d":"33003","kva":800,"kwp":90.7,"ratio":0.11,"load":2,"rf":0}},{"type":"Feature","geometry":{"type":"Point","coordinates":[7.04838,49.23449]},"properties":{"d":"33003","kva":800,"kwp":85.1,"ratio":0.11,"load":2,"rf":0}},{"type":"Feature","geometry":{"type":"Point","coordinates":[7.04838,49.23449]},"properties":{"d":"33003","kva":800,"kwp":85.1,"ratio":0.11,"load":2,"rf":0}},{"type":"Feature","geometry":{"type":"Point","coordinates":[7.03138,49.22935]},"properties":{"d":"33003","kva":800,"kwp":28.0,"ratio":0.03,"load":3,"rf":0}},{"type":"Feature","geometry":{"type":"Point","coordinates":[7.002,49.24039]},"properties":{"d":"33003","kva":800,"kwp":2.4,"ratio":0.0,"load":5,"rf":0}},{"type":"Feature","geometry":{"type":"Point","coordinates":[7.01728,49.22807]},"properties":{"d":"33003","kva":630,"kwp":108.7,"ratio":0.17,"load":3,"rf":0}},{"type":"Feature","geometry":{"type":"Point","coordinates":[7.01728,49.22807]},"properties":{"d":"33003","kva":630,"kwp":108.7,"ratio":0.17,"load":3,"rf":0}},{"type":"Feature","geometry":{"type":"Point","coordinates":[7.06076,49.24809]},"properties":{"d":"33003","kva":630,"kwp":40.8,"ratio":0.06,"load":2,"rf":0}},{"type":"Feature","geometry":{"type":"Point","coordinates":[6.9997,49.23166]},"properties":{"d":"33003","kva":1000,"kwp":6.6,"ratio":0.01,"load":5,"rf":0}},{"type":"Feature","geometry":{"type":"Point","coordinates":[7.04025,49.22453]},"properties":{"d":"33003","kva":400,"kwp":266.2,"ratio":0.67,"load":22,"rf":0}},{"type":"Feature","geometry":{"type":"Point","coordinates":[7.00476,49.23735]},"properties":{"d":"33003","kva":800,"kwp":82.7,"ratio":0.1,"load":3,"rf":0}},{"type":"Feature","geometry":{"type":"Point","coordinates":[7.00476,49.23735]},"properties":{"d":"33003","kva":800,"kwp":82.7,"ratio":0.1,"load":3,"rf":0}},{"type":"Feature","geometry":{"type":"Point","coordinates":[7.02701,49.2265]},"properties":{"d":"33003","kva":630,"kwp":184.2,"ratio":0.29,"load":7,"rf":0}},{"type":"Feature","geometry":{"type":"Point","coordinates":[7.01757,49.24421]},"properties":{"d":"33003","kva":630,"kwp":93.6,"ratio":0.15,"load":2,"rf":0}},{"type":"Feature","geometry":{"type":"Point","coordinates":[7.01757,49.24421]},"properties":{"d":"33003","kva":630,"kwp":93.6,"ratio":0.15,"load":2,"rf":0}},{"type":"Feature","geometry":{"type":"Point","coordinates":[7.00087,49.23508]},"properties":{"d":"33003","kva":630,"kwp":7.4,"ratio":0.01,"load":6,"rf":0}},{"type":"Feature","geometry":{"type":"Point","coordinates":[7.00087,49.23508]},"properties":{"d":"33003","kva":630,"kwp":7.4,"ratio":0.01,"load":6,"rf":0}},{"type":"Feature","geometry":{"type":"Point","coordinates":[7.05421,49.25009]},"properties":{"d":"33003","kva":630,"kwp":53.4,"ratio":0.08,"load":3,"rf":0}},{"type":"Feature","geometry":{"type":"Point","coordinates":[7.00459,49.2251]},"properties":{"d":"33003","kva":630,"kwp":22.2,"ratio":0.04,"load":3,"rf":0}},{"type":"Feature","geometry":{"type":"Point","coordinates":[7.06074,49.24472]},"properties":{"d":"33003","kva":800,"kwp":76.1,"ratio":0.1,"load":1,"rf":0}},{"type":"Feature","geometry":{"type":"Point","coordinates":[7.0205,49.23051]},"properties":{"d":"33003","kva":400,"kwp":34.3,"ratio":0.09,"load":2,"rf":0}},{"type":"Feature","geometry":{"type":"Point","coordinates":[7.04802,49.23179]},"properties":{"d":"33003","kva":630,"kwp":45.1,"ratio":0.07,"load":3,"rf":0}},{"type":"Feature","geometry":{"type":"Point","coordinates":[7.04802,49.23179]},"properties":{"d":"33003","kva":630,"kwp":45.1,"ratio":0.07,"load":3,"rf":0}},{"type":"Feature","geometry":{"type":"Point","coordinates":[7.06637,49.23547]},"properties":{"d":"33003","kva":100,"kwp":4.6,"ratio":0.05,"load":1,"rf":0}},{"type":"Feature","geometry":{"type":"Point","coordinates":[7.0321,49.2226]},"properties":{"d":"33003","kva":100,"kwp":0.6,"ratio":0.01,"load":4,"rf":0}},{"type":"Feature","geometry":{"type":"Point","coordinates":[7.04921,49.27174]},"properties":{"d":"33003","kva":800,"kwp":132.2,"ratio":0.17,"load":3,"rf":0}},{"type":"Feature","geometry":{"type":"Point","coordinates":[7.0033,49.2664]},"properties":{"d":"33003","kva":800,"kwp":106.9,"ratio":0.13,"load":2,"rf":0}},{"type":"Feature","geometry":{"type":"Point","coordinates":[7.04475,49.26703]},"properties":{"d":"33003","kva":630,"kwp":95.1,"ratio":0.15,"load":2,"rf":0}},{"type":"Feature","geometry":{"type":"Point","coordinates":[7.03077,49.26758]},"properties":{"d":"33003","kva":630,"kwp":91.8,"ratio":0.15,"load":2,"rf":0}},{"type":"Feature","geometry":{"type":"Point","coordinates":[7.03909,49.27608]},"properties":{"d":"33003","kva":630,"kwp":104.0,"ratio":0.17,"load":2,"rf":0}},{"type":"Feature","geometry":{"type":"Point","coordinates":[7.01392,49.27586]},"properties":{"d":"33003","kva":630,"kwp":120.0,"ratio":0.19,"load":3,"rf":0}},{"type":"Feature","geometry":{"type":"Point","coordinates":[7.01438,49.2736]},"properties":{"d":"33003","kva":630,"kwp":103.4,"ratio":0.16,"load":3,"rf":0}},{"type":"Feature","geometry":{"type":"Point","coordinates":[7.04059,49.29311]},"properties":{"d":"33003","kva":400,"kwp":7.2,"ratio":0.02,"load":7,"rf":0}},{"type":"Feature","geometry":{"type":"Point","coordinates":[7.02994,49.28016]},"properties":{"d":"33003","kva":630,"kwp":66.4,"ratio":0.11,"load":3,"rf":0}},{"type":"Feature","geometry":{"type":"Point","coordinates":[7.03565,49.27453]},"properties":{"d":"33003","kva":630,"kwp":57.5,"ratio":0.09,"load":2,"rf":0}},{"type":"Feature","geometry":{"type":"Point","coordinates":[7.02584,49.28821]},"properties":{"d":"33003","kva":100,"kwp":1.7,"ratio":0.02,"load":6,"rf":0}},{"type":"Feature","geometry":{"type":"Point","coordinates":[7.03933,49.25379]},"properties":{"d":"33003","kva":400,"kwp":153.5,"ratio":0.38,"load":11,"rf":0}},{"type":"Feature","geometry":{"type":"Point","coordinates":[7.00267,49.24322]},"properties":{"d":"33003","kva":400,"kwp":0.5,"ratio":0.0,"load":6,"rf":0}},{"type":"Feature","geometry":{"type":"Point","coordinates":[7.01419,49.22353]},"properties":{"d":"33003","kva":160,"kwp":0.8,"ratio":0.0,"load":6,"rf":0}},{"type":"Feature","geometry":{"type":"Point","coordinates":[7.02126,49.23281]},"properties":{"d":"33003","kva":400,"kwp":38.3,"ratio":0.1,"load":2,"rf":0}},{"type":"Feature","geometry":{"type":"Point","coordinates":[7.00377,49.24465]},"properties":{"d":"33003","kva":400,"kwp":0.8,"ratio":0.0,"load":6,"rf":0}},{"type":"Feature","geometry":{"type":"Point","coordinates":[7.02399,49.22668]},"properties":{"d":"33003","kva":250,"kwp":8.0,"ratio":0.03,"load":4,"rf":0}},{"type":"Feature","geometry":{"type":"Point","coordinates":[7.01233,49.22149]},"properties":{"d":"33003","kva":630,"kwp":49.6,"ratio":0.08,"load":2,"rf":0}},{"type":"Feature","geometry":{"type":"Point","coordinates":[7.0003,49.23046]},"properties":{"d":"33003","kva":800,"kwp":7.9,"ratio":0.01,"load":4,"rf":0}},{"type":"Feature","geometry":{"type":"Point","coordinates":[7.00171,49.23335]},"properties":{"d":"33003","kva":630,"kwp":5.9,"ratio":0.01,"load":6,"rf":0}},{"type":"Feature","geometry":{"type":"Point","coordinates":[7.00838,49.22764]},"properties":{"d":"33003","kva":630,"kwp":8.5,"ratio":0.01,"load":6,"rf":0}},{"type":"Feature","geometry":{"type":"Point","coordinates":[7.01171,49.22776]},"properties":{"d":"33003","kva":800,"kwp":6.1,"ratio":0.01,"load":5,"rf":0}},{"type":"Feature","geometry":{"type":"Point","coordinates":[7.01673,49.2248]},"properties":{"d":"33003","kva":1000,"kwp":76.2,"ratio":0.08,"load":3,"rf":0}},{"type":"Feature","geometry":{"type":"Point","coordinates":[7.01513,49.22567]},"properties":{"d":"33003","kva":800,"kwp":204.9,"ratio":0.26,"load":3,"rf":0}},{"type":"Feature","geometry":{"type":"Point","coordinates":[7.03759,49.2257]},"properties":{"d":"33003","kva":400,"kwp":115.7,"ratio":0.29,"load":8,"rf":0}},{"type":"Feature","geometry":{"type":"Point","coordinates":[7.01454,49.21886]},"properties":{"d":"33003","kva":630,"kwp":192.6,"ratio":0.31,"load":3,"rf":0}},{"type":"Feature","geometry":{"type":"Point","coordinates":[7.00164,49.23733]},"properties":{"d":"33003","kva":800,"kwp":107.3,"ratio":0.13,"load":4,"rf":0}},{"type":"Feature","geometry":{"type":"Point","coordinates":[7.03114,49.22603]},"properties":{"d":"33003","kva":630,"kwp":9.1,"ratio":0.01,"load":6,"rf":0}},{"type":"Feature","geometry":{"type":"Point","coordinates":[7.03138,49.22935]},"properties":{"d":"33003","kva":800,"kwp":28.0,"ratio":0.03,"load":3,"rf":0}},{"type":"Feature","geometry":{"type":"Point","coordinates":[7.002,49.24039]},"properties":{"d":"33003","kva":800,"kwp":2.4,"ratio":0.0,"load":5,"rf":0}},{"type":"Feature","geometry":{"type":"Point","coordinates":[7.01728,49.22807]},"properties":{"d":"33003","kva":630,"kwp":108.7,"ratio":0.17,"load":3,"rf":0}},{"type":"Feature","geometry":{"type":"Point","coordinates":[6.9997,49.23166]},"properties":{"d":"33003","kva":1000,"kwp":6.6,"ratio":0.01,"load":5,"rf":0}},{"type":"Feature","geometry":{"type":"Point","coordinates":[7.04025,49.22453]},"properties":{"d":"33003","kva":400,"kwp":266.2,"ratio":0.67,"load":22,"rf":0}},{"type":"Feature","geometry":{"type":"Point","coordinates":[7.00476,49.23735]},"properties":{"d":"33003","kva":800,"kwp":82.7,"ratio":0.1,"load":3,"rf":0}},{"type":"Feature","geometry":{"type":"Point","coordinates":[7.02701,49.2265]},"properties":{"d":"33003","kva":630,"kwp":184.2,"ratio":0.29,"load":7,"rf":0}},{"type":"Feature","geometry":{"type":"Point","coordinates":[7.00087,49.23508]},"properties":{"d":"33003","kva":630,"kwp":7.4,"ratio":0.01,"load":6,"rf":0}},{"type":"Feature","geometry":{"type":"Point","coordinates":[7.00459,49.2251]},"properties":{"d":"33003","kva":630,"kwp":22.2,"ratio":0.04,"load":3,"rf":0}},{"type":"Feature","geometry":{"type":"Point","coordinates":[7.01418,49.26594]},"properties":{"d":"33003","kva":630,"kwp":123.8,"ratio":0.2,"load":7,"rf":0}},{"type":"Feature","geometry":{"type":"Point","coordinates":[7.03461,49.27136]},"properties":{"d":"33003","kva":630,"kwp":126.6,"ratio":0.2,"load":2,"rf":0}},{"type":"Feature","geometry":{"type":"Point","coordinates":[7.04328,49.28993]},"properties":{"d":"33003","kva":630,"kwp":58.6,"ratio":0.09,"load":2,"rf":0}},{"type":"Feature","geometry":{"type":"Point","coordinates":[7.0407,49.28713]},"properties":{"d":"33003","kva":630,"kwp":159.2,"ratio":0.25,"load":6,"rf":0}},{"type":"Feature","geometry":{"type":"Point","coordinates":[7.04399,49.275]},"properties":{"d":"33003","kva":630,"kwp":101.8,"ratio":0.16,"load":3,"rf":0}},{"type":"Feature","geometry":{"type":"Point","coordinates":[7.04075,49.27448]},"properties":{"d":"33003","kva":630,"kwp":58.6,"ratio":0.09,"load":2,"rf":0}},{"type":"Feature","geometry":{"type":"Point","coordinates":[7.03503,49.27953]},"properties":{"d":"33003","kva":630,"kwp":120.3,"ratio":0.19,"load":3,"rf":0}},{"type":"Feature","geometry":{"type":"Point","coordinates":[7.0317,49.28737]},"properties":{"d":"33003","kva":630,"kwp":94.6,"ratio":0.15,"load":2,"rf":0}},{"type":"Feature","geometry":{"type":"Point","coordinates":[7.04201,49.28127]},"properties":{"d":"33003","kva":630,"kwp":84.1,"ratio":0.13,"load":2,"rf":0}},{"type":"Feature","geometry":{"type":"Point","coordinates":[7.03081,49.27746]},"properties":{"d":"33003","kva":630,"kwp":63.0,"ratio":0.1,"load":5,"rf":0}},{"type":"Feature","geometry":{"type":"Point","coordinates":[7.05135,49.2689]},"properties":{"d":"33003","kva":630,"kwp":74.7,"ratio":0.12,"load":2,"rf":0}},{"type":"Feature","geometry":{"type":"Point","coordinates":[7.04226,49.26935]},"properties":{"d":"33003","kva":630,"kwp":70.8,"ratio":0.11,"load":2,"rf":0}},{"type":"Feature","geometry":{"type":"Point","coordinates":[7.03635,49.26889]},"properties":{"d":"33003","kva":630,"kwp":89.6,"ratio":0.14,"load":2,"rf":0}},{"type":"Feature","geometry":{"type":"Point","coordinates":[7.05692,49.2718]},"properties":{"d":"33003","kva":630,"kwp":60.8,"ratio":0.1,"load":2,"rf":0}},{"type":"Feature","geometry":{"type":"Point","coordinates":[7.03739,49.28253]},"properties":{"d":"33003","kva":630,"kwp":73.0,"ratio":0.12,"load":2,"rf":0}},{"type":"Feature","geometry":{"type":"Point","coordinates":[7.0463,49.2708]},"properties":{"d":"33003","kva":630,"kwp":63.0,"ratio":0.1,"load":1,"rf":0}},{"type":"Feature","geometry":{"type":"Point","coordinates":[7.01915,49.27487]},"properties":{"d":"33003","kva":630,"kwp":60.3,"ratio":0.1,"load":2,"rf":0}},{"type":"Feature","geometry":{"type":"Point","coordinates":[7.0315,49.28238]},"properties":{"d":"33003","kva":630,"kwp":42.6,"ratio":0.07,"load":2,"rf":0}},{"type":"Feature","geometry":{"type":"Point","coordinates":[7.04277,49.25492]},"properties":{"d":"33003","kva":630,"kwp":13.9,"ratio":0.02,"load":5,"rf":0}},{"type":"Feature","geometry":{"type":"Point","coordinates":[7.02681,49.23764]},"properties":{"d":"33003","kva":630,"kwp":4.6,"ratio":0.01,"load":1,"rf":0}},{"type":"Feature","geometry":{"type":"Point","coordinates":[7.0114,49.23038]},"properties":{"d":"33003","kva":630,"kwp":2.1,"ratio":0.0,"load":4,"rf":0}},{"type":"Feature","geometry":{"type":"Point","coordinates":[7.04515,49.22733]},"properties":{"d":"33003","kva":630,"kwp":31.4,"ratio":0.05,"load":1,"rf":0}},{"type":"Feature","geometry":{"type":"Point","coordinates":[7.00345,49.23486]},"properties":{"d":"33003","kva":630,"kwp":4.7,"ratio":0.01,"load":6,"rf":0}},{"type":"Feature","geometry":{"type":"Point","coordinates":[7.00673,49.22984]},"properties":{"d":"33003","kva":630,"kwp":4.4,"ratio":0.01,"load":7,"rf":0}},{"type":"Feature","geometry":{"type":"Point","coordinates":[7.00392,49.23046]},"properties":{"d":"33003","kva":630,"kwp":4.7,"ratio":0.01,"load":6,"rf":0}},{"type":"Feature","geometry":{"type":"Point","coordinates":[7.01049,49.23869]},"properties":{"d":"33003","kva":630,"kwp":4.1,"ratio":0.01,"load":3,"rf":0}},{"type":"Feature","geometry":{"type":"Point","coordinates":[7.01587,49.23502]},"properties":{"d":"33003","kva":630,"kwp":4.8,"ratio":0.01,"load":4,"rf":0}},{"type":"Feature","geometry":{"type":"Point","coordinates":[7.01592,49.23054]},"properties":{"d":"33003","kva":630,"kwp":55.2,"ratio":0.09,"load":2,"rf":0}},{"type":"Feature","geometry":{"type":"Point","coordinates":[7.01053,49.23055]},"properties":{"d":"33003","kva":630,"kwp":4.2,"ratio":0.01,"load":6,"rf":0}},{"type":"Feature","geometry":{"type":"Point","coordinates":[7.00596,49.23933]},"properties":{"d":"33003","kva":630,"kwp":3.2,"ratio":0.01,"load":6,"rf":0}},{"type":"Feature","geometry":{"type":"Point","coordinates":[7.00998,49.21437]},"properties":{"d":"33003","kva":630,"kwp":157.6,"ratio":0.25,"load":6,"rf":0}},{"type":"Feature","geometry":{"type":"Point","coordinates":[7.00968,49.22954]},"properties":{"d":"33003","kva":630,"kwp":6.1,"ratio":0.01,"load":6,"rf":0}},{"type":"Feature","geometry":{"type":"Point","coordinates":[7.01064,49.24498]},"properties":{"d":"33003","kva":630,"kwp":98.3,"ratio":0.16,"load":3,"rf":0}},{"type":"Feature","geometry":{"type":"Point","coordinates":[7.02112,49.23442]},"properties":{"d":"33003","kva":630,"kwp":59.7,"ratio":0.09,"load":2,"rf":0}},{"type":"Feature","geometry":{"type":"Point","coordinates":[7.04454,49.23652]},"properties":{"d":"33003","kva":630,"kwp":100.0,"ratio":0.16,"load":3,"rf":0}},{"type":"Feature","geometry":{"type":"Point","coordinates":[7.02254,49.22427]},"properties":{"d":"33003","kva":630,"kwp":4.0,"ratio":0.01,"load":3,"rf":0}},{"type":"Feature","geometry":{"type":"Point","coordinates":[7.03119,49.22854]},"properties":{"d":"33003","kva":630,"kwp":70.7,"ratio":0.11,"load":2,"rf":0}},{"type":"Feature","geometry":{"type":"Point","coordinates":[7.0003,49.23046]},"properties":{"d":"33003","kva":630,"kwp":7.9,"ratio":0.01,"load":7,"rf":0}},{"type":"Feature","geometry":{"type":"Point","coordinates":[7.02062,49.22764]},"properties":{"d":"33003","kva":630,"kwp":10.3,"ratio":0.02,"load":4,"rf":0}},{"type":"Feature","geometry":{"type":"Point","coordinates":[7.02061,49.23575]},"properties":{"d":"33003","kva":630,"kwp":123.8,"ratio":0.2,"load":4,"rf":0}},{"type":"Feature","geometry":{"type":"Point","coordinates":[7.05843,49.23089]},"properties":{"d":"33003","kva":630,"kwp":47.6,"ratio":0.08,"load":6,"rf":0}},{"type":"Feature","geometry":{"type":"Point","coordinates":[7.00722,49.24823]},"properties":{"d":"33003","kva":630,"kwp":69.4,"ratio":0.11,"load":2,"rf":0}},{"type":"Feature","geometry":{"type":"Point","coordinates":[7.00848,49.2407]},"properties":{"d":"33003","kva":630,"kwp":13.5,"ratio":0.02,"load":5,"rf":0}},{"type":"Feature","geometry":{"type":"Point","coordinates":[7.02486,49.23202]},"properties":{"d":"33003","kva":630,"kwp":57.1,"ratio":0.09,"load":1,"rf":0}},{"type":"Feature","geometry":{"type":"Point","coordinates":[7.01194,49.24779]},"properties":{"d":"33003","kva":630,"kwp":218.5,"ratio":0.35,"load":8,"rf":0}},{"type":"Feature","geometry":{"type":"Point","coordinates":[7.01171,49.22776]},"properties":{"d":"33003","kva":630,"kwp":6.1,"ratio":0.01,"load":7,"rf":0}},{"type":"Feature","geometry":{"type":"Point","coordinates":[7.01673,49.2248]},"properties":{"d":"33003","kva":630,"kwp":76.2,"ratio":0.12,"load":5,"rf":0}},{"type":"Feature","geometry":{"type":"Point","coordinates":[7.01513,49.22567]},"properties":{"d":"33003","kva":630,"kwp":204.9,"ratio":0.33,"load":4,"rf":0}},{"type":"Feature","geometry":{"type":"Point","coordinates":[7.00589,49.23248]},"properties":{"d":"33003","kva":630,"kwp":161.9,"ratio":0.26,"load":4,"rf":0}},{"type":"Feature","geometry":{"type":"Point","coordinates":[7.00039,49.22451]},"properties":{"d":"33003","kva":630,"kwp":26.1,"ratio":0.04,"load":4,"rf":0}},{"type":"Feature","geometry":{"type":"Point","coordinates":[7.01584,49.24158]},"properties":{"d":"33003","kva":630,"kwp":173.2,"ratio":0.27,"load":6,"rf":0}},{"type":"Feature","geometry":{"type":"Point","coordinates":[7.07004,49.24321]},"properties":{"d":"33003","kva":630,"kwp":48.3,"ratio":0.08,"load":1,"rf":0}},{"type":"Feature","geometry":{"type":"Point","coordinates":[7.01728,49.23363]},"properties":{"d":"33003","kva":630,"kwp":18.5,"ratio":0.03,"load":5,"rf":0}},{"type":"Feature","geometry":{"type":"Point","coordinates":[7.00488,49.23162]},"properties":{"d":"33003","kva":630,"kwp":5.3,"ratio":0.01,"load":6,"rf":0}},{"type":"Feature","geometry":{"type":"Point","coordinates":[7.03692,49.23689]},"properties":{"d":"33003","kva":630,"kwp":97.1,"ratio":0.15,"load":3,"rf":0}},{"type":"Feature","geometry":{"type":"Point","coordinates":[7.00164,49.23733]},"properties":{"d":"33003","kva":630,"kwp":107.3,"ratio":0.17,"load":5,"rf":0}},{"type":"Feature","geometry":{"type":"Point","coordinates":[7.0268,49.23269]},"properties":{"d":"33003","kva":630,"kwp":24.0,"ratio":0.04,"load":4,"rf":0}},{"type":"Feature","geometry":{"type":"Point","coordinates":[7.00815,49.24511]},"properties":{"d":"33003","kva":630,"kwp":83.8,"ratio":0.13,"load":2,"rf":0}},{"type":"Feature","geometry":{"type":"Point","coordinates":[7.00672,49.24293]},"properties":{"d":"33003","kva":630,"kwp":15.2,"ratio":0.02,"load":7,"rf":0}},{"type":"Feature","geometry":{"type":"Point","coordinates":[7.00627,49.21768]},"properties":{"d":"33003","kva":630,"kwp":90.7,"ratio":0.14,"load":2,"rf":0}},{"type":"Feature","geometry":{"type":"Point","coordinates":[7.03138,49.22935]},"properties":{"d":"33003","kva":630,"kwp":28.0,"ratio":0.04,"load":5,"rf":0}},{"type":"Feature","geometry":{"type":"Point","coordinates":[7.01728,49.22807]},"properties":{"d":"33003","kva":630,"kwp":108.7,"ratio":0.17,"load":3,"rf":0}},{"type":"Feature","geometry":{"type":"Point","coordinates":[7.00476,49.23735]},"properties":{"d":"33003","kva":630,"kwp":82.7,"ratio":0.13,"load":5,"rf":0}},{"type":"Feature","geometry":{"type":"Point","coordinates":[7.06074,49.24472]},"properties":{"d":"33003","kva":630,"kwp":76.1,"ratio":0.12,"load":2,"rf":0}},{"type":"Feature","geometry":{"type":"Point","coordinates":[6.86076,49.27641]},"properties":{"d":"33005","kva":100,"kwp":9.9,"ratio":0.1,"load":6,"rf":0}},{"type":"Feature","geometry":{"type":"Point","coordinates":[6.91073,49.27066]},"properties":{"d":"33005","kva":100,"kwp":0.2,"ratio":0.0,"load":0,"rf":0}},{"type":"Feature","geometry":{"type":"Point","coordinates":[6.88351,49.29302]},"properties":{"d":"33005","kva":800,"kwp":322.6,"ratio":0.4,"load":12,"rf":0}},{"type":"Feature","geometry":{"type":"Point","coordinates":[6.88215,49.28367]},"properties":{"d":"33005","kva":630,"kwp":288.9,"ratio":0.46,"load":15,"rf":0}},{"type":"Feature","geometry":{"type":"Point","coordinates":[6.87097,49.28359]},"properties":{"d":"33005","kva":800,"kwp":293.9,"ratio":0.37,"load":10,"rf":0}},{"type":"Feature","geometry":{"type":"Point","coordinates":[6.88958,49.30098]},"properties":{"d":"33005","kva":630,"kwp":291.2,"ratio":0.46,"load":31,"rf":0}},{"type":"Feature","geometry":{"type":"Point","coordinates":[6.9129,49.28054]},"properties":{"d":"33005","kva":630,"kwp":65.4,"ratio":0.1,"load":2,"rf":0}},{"type":"Feature","geometry":{"type":"Point","coordinates":[6.87721,49.29177]},"properties":{"d":"33005","kva":630,"kwp":280.2,"ratio":0.44,"load":13,"rf":0}},{"type":"Feature","geometry":{"type":"Point","coordinates":[6.89089,49.29342]},"properties":{"d":"33005","kva":630,"kwp":188.6,"ratio":0.3,"load":30,"rf":0}},{"type":"Feature","geometry":{"type":"Point","coordinates":[6.8752,49.28153]},"properties":{"d":"33005","kva":800,"kwp":324.0,"ratio":0.4,"load":13,"rf":0}},{"type":"Feature","geometry":{"type":"Point","coordinates":[6.88499,49.28903]},"properties":{"d":"33005","kva":1000,"kwp":348.0,"ratio":0.35,"load":10,"rf":0}},{"type":"Feature","geometry":{"type":"Point","coordinates":[6.87788,49.28614]},"properties":{"d":"33005","kva":1000,"kwp":414.2,"ratio":0.41,"load":12,"rf":0}},{"type":"Feature","geometry":{"type":"Point","coordinates":[6.89123,49.28665]},"properties":{"d":"33005","kva":630,"kwp":468.9,"ratio":0.74,"load":15,"rf":0}},{"type":"Feature","geometry":{"type":"Point","coordinates":[6.89123,49.28665]},"properties":{"d":"33005","kva":630,"kwp":468.9,"ratio":0.74,"load":15,"rf":0}},{"type":"Feature","geometry":{"type":"Point","coordinates":[6.89836,49.29603]},"properties":{"d":"33005","kva":400,"kwp":146.3,"ratio":0.37,"load":9,"rf":0}},{"type":"Feature","geometry":{"type":"Point","coordinates":[6.88409,49.27907]},"properties":{"d":"33005","kva":250,"kwp":16.4,"ratio":0.07,"load":1,"rf":0}},{"type":"Feature","geometry":{"type":"Point","coordinates":[6.87156,49.28108]},"properties":{"d":"33005","kva":630,"kwp":155.8,"ratio":0.25,"load":15,"rf":0}},{"type":"Feature","geometry":{"type":"Point","coordinates":[6.90047,49.27771]},"properties":{"d":"33005","kva":630,"kwp":217.4,"ratio":0.35,"load":9,"rf":0}},{"type":"Feature","geometry":{"type":"Point","coordinates":[6.87627,49.28819]},"properties":{"d":"33005","kva":400,"kwp":147.6,"ratio":0.37,"load":11,"rf":0}},{"type":"Feature","geometry":{"type":"Point","coordinates":[6.89217,49.2832]},"properties":{"d":"33005","kva":630,"kwp":210.5,"ratio":0.33,"load":21,"rf":0}},{"type":"Feature","geometry":{"type":"Point","coordinates":[6.90372,49.29156]},"properties":{"d":"33005","kva":400,"kwp":112.1,"ratio":0.28,"load":6,"rf":0}},{"type":"Feature","geometry":{"type":"Point","coordinates":[6.90421,49.28015]},"properties":{"d":"33005","kva":630,"kwp":157.6,"ratio":0.25,"load":6,"rf":0}},{"type":"Feature","geometry":{"type":"Point","coordinates":[6.88918,49.30692]},"properties":{"d":"33005","kva":400,"kwp":102.5,"ratio":0.26,"load":16,"rf":0}},{"type":"Feature","geometry":{"type":"Point","coordinates":[6.88629,49.28657]},"properties":{"d":"33005","kva":1000,"kwp":270.7,"ratio":0.27,"load":6,"rf":0}},{"type":"Feature","geometry":{"type":"Point","coordinates":[6.88807,49.2815]},"properties":{"d":"33005","kva":400,"kwp":131.2,"ratio":0.33,"load":21,"rf":0}},{"type":"Feature","geometry":{"type":"Point","coordinates":[6.88189,49.29522]},"properties":{"d":"33005","kva":630,"kwp":345.0,"ratio":0.55,"load":18,"rf":0}},{"type":"Feature","geometry":{"type":"Point","coordinates":[6.88871,49.2895]},"properties":{"d":"33005","kva":250,"kwp":93.0,"ratio":0.37,"load":24,"rf":0}},{"type":"Feature","geometry":{"type":"Point","coordinates":[6.89827,49.28071]},"properties":{"d":"33005","kva":630,"kwp":409.4,"ratio":0.65,"load":46,"rf":0}},{"type":"Feature","geometry":{"type":"Point","coordinates":[6.88902,49.27718]},"properties":{"d":"33005","kva":400,"kwp":102.5,"ratio":0.26,"load":16,"rf":0}},{"type":"Feature","geometry":{"type":"Point","coordinates":[6.89833,49.28386]},"properties":{"d":"33005","kva":630,"kwp":136.7,"ratio":0.22,"load":12,"rf":0}},{"type":"Feature","geometry":{"type":"Point","coordinates":[6.87975,49.29021]},"properties":{"d":"33005","kva":400,"kwp":163.0,"ratio":0.41,"load":27,"rf":0}},{"type":"Feature","geometry":{"type":"Point","coordinates":[6.88014,49.28769]},"properties":{"d":"33005","kva":630,"kwp":168.1,"ratio":0.27,"load":15,"rf":0}},{"type":"Feature","geometry":{"type":"Point","coordinates":[6.90467,49.27796]},"properties":{"d":"33005","kva":630,"kwp":45.2,"ratio":0.07,"load":2,"rf":0}},{"type":"Feature","geometry":{"type":"Point","coordinates":[6.87017,49.27822]},"properties":{"d":"33005","kva":250,"kwp":6.8,"ratio":0.03,"load":1,"rf":0}},{"type":"Feature","geometry":{"type":"Point","coordinates":[6.87342,49.27963]},"properties":{"d":"33005","kva":250,"kwp":68.3,"ratio":0.27,"load":17,"rf":0}},{"type":"Feature","geometry":{"type":"Point","coordinates":[6.89282,49.3036]},"properties":{"d":"33005","kva":250,"kwp":61.5,"ratio":0.25,"load":16,"rf":0}},{"type":"Feature","geometry":{"type":"Point","coordinates":[6.89753,49.29879]},"properties":{"d":"33005","kva":100,"kwp":24.6,"ratio":0.25,"load":16,"rf":0}},{"type":"Feature","geometry":{"type":"Point","coordinates":[6.88363,49.27384]},"properties":{"d":"33005","kva":100,"kwp":4.1,"ratio":0.04,"load":2,"rf":0}},{"type":"Feature","geometry":{"type":"Point","coordinates":[6.88351,49.29302]},"properties":{"d":"33005","kva":800,"kwp":322.6,"ratio":0.4,"load":12,"rf":0}},{"type":"Feature","geometry":{"type":"Point","coordinates":[6.9129,49.28054]},"properties":{"d":"33005","kva":630,"kwp":65.4,"ratio":0.1,"load":2,"rf":0}},{"type":"Feature","geometry":{"type":"Point","coordinates":[6.87721,49.29177]},"properties":{"d":"33005","kva":630,"kwp":280.2,"ratio":0.44,"load":13,"rf":0}},{"type":"Feature","geometry":{"type":"Point","coordinates":[6.8752,49.28153]},"properties":{"d":"33005","kva":800,"kwp":324.0,"ratio":0.4,"load":13,"rf":0}},{"type":"Feature","geometry":{"type":"Point","coordinates":[6.88499,49.28903]},"properties":{"d":"33005","kva":1000,"kwp":348.0,"ratio":0.35,"load":10,"rf":0}},{"type":"Feature","geometry":{"type":"Point","coordinates":[6.87788,49.28614]},"properties":{"d":"33005","kva":1000,"kwp":414.2,"ratio":0.41,"load":12,"rf":0}},{"type":"Feature","geometry":{"type":"Point","coordinates":[6.89123,49.28665]},"properties":{"d":"33005","kva":630,"kwp":468.9,"ratio":0.74,"load":15,"rf":0}},{"type":"Feature","geometry":{"type":"Point","coordinates":[6.90047,49.27771]},"properties":{"d":"33005","kva":630,"kwp":217.4,"ratio":0.35,"load":9,"rf":0}},{"type":"Feature","geometry":{"type":"Point","coordinates":[6.87627,49.28819]},"properties":{"d":"33005","kva":400,"kwp":147.6,"ratio":0.37,"load":11,"rf":0}},{"type":"Feature","geometry":{"type":"Point","coordinates":[6.90421,49.28015]},"properties":{"d":"33005","kva":630,"kwp":157.6,"ratio":0.25,"load":6,"rf":0}},{"type":"Feature","geometry":{"type":"Point","coordinates":[6.88629,49.28657]},"properties":{"d":"33005","kva":1000,"kwp":270.7,"ratio":0.27,"load":6,"rf":0}},{"type":"Feature","geometry":{"type":"Point","coordinates":[6.88189,49.29522]},"properties":{"d":"33005","kva":630,"kwp":345.0,"ratio":0.55,"load":18,"rf":0}},{"type":"Feature","geometry":{"type":"Point","coordinates":[6.88215,49.28367]},"properties":{"d":"33005","kva":630,"kwp":288.9,"ratio":0.46,"load":15,"rf":0}},{"type":"Feature","geometry":{"type":"Point","coordinates":[6.87097,49.28359]},"properties":{"d":"33005","kva":630,"kwp":293.9,"ratio":0.47,"load":16,"rf":0}},{"type":"Feature","geometry":{"type":"Point","coordinates":[6.89836,49.29603]},"properties":{"d":"33005","kva":630,"kwp":146.3,"ratio":0.23,"load":9,"rf":0}},{"type":"Feature","geometry":{"type":"Point","coordinates":[6.88409,49.27907]},"properties":{"d":"33005","kva":630,"kwp":16.4,"ratio":0.03,"load":1,"rf":0}},{"type":"Feature","geometry":{"type":"Point","coordinates":[6.90372,49.29156]},"properties":{"d":"33005","kva":630,"kwp":112.1,"ratio":0.18,"load":6,"rf":0}},{"type":"Feature","geometry":{"type":"Point","coordinates":[6.82274,49.36045]},"properties":{"d":"33006","kva":100,"kwp":4.9,"ratio":0.05,"load":3,"rf":0}},{"type":"Feature","geometry":{"type":"Point","coordinates":[6.84053,49.34294]},"properties":{"d":"33006","kva":100,"kwp":4.9,"ratio":0.05,"load":4,"rf":0}},{"type":"Feature","geometry":{"type":"Point","coordinates":[6.85035,49.33196]},"properties":{"d":"33006","kva":100,"kwp":1.6,"ratio":0.02,"load":1,"rf":0}},{"type":"Feature","geometry":{"type":"Point","coordinates":[6.8523,49.35302]},"properties":{"d":"33006","kva":400,"kwp":284.5,"ratio":0.71,"load":74,"rf":1}},{"type":"Feature","geometry":{"type":"Point","coordinates":[6.84938,49.33943]},"properties":{"d":"33006","kva":100,"kwp":102.2,"ratio":1.02,"load":84,"rf":0}},{"type":"Feature","geometry":{"type":"Point","coordinates":[6.85948,49.32856]},"properties":{"d":"33006","kva":400,"kwp":195.0,"ratio":0.49,"load":12,"rf":0}},{"type":"Feature","geometry":{"type":"Point","coordinates":[6.85985,49.33613]},"properties":{"d":"33006","kva":800,"kwp":426.6,"ratio":0.53,"load":17,"rf":0}},{"type":"Feature","geometry":{"type":"Point","coordinates":[6.85757,49.33062]},"properties":{"d":"33006","kva":630,"kwp":240.1,"ratio":0.38,"load":25,"rf":0}},{"type":"Feature","geometry":{"type":"Point","coordinates":[6.86332,49.33397]},"properties":{"d":"33006","kva":630,"kwp":235.2,"ratio":0.37,"load":24,"rf":0}},{"type":"Feature","geometry":{"type":"Point","coordinates":[6.86762,49.33599]},"properties":{"d":"33006","kva":630,"kwp":307.4,"ratio":0.49,"load":34,"rf":0}},{"type":"Feature","geometry":{"type":"Point","coordinates":[6.85473,49.32233]},"properties":{"d":"33006","kva":400,"kwp":207.7,"ratio":0.52,"load":17,"rf":0}},{"type":"Feature","geometry":{"type":"Point","coordinates":[6.86605,49.33269]},"properties":{"d":"33006","kva":630,"kwp":272.5,"ratio":0.43,"load":14,"rf":0}},{"type":"Feature","geometry":{"type":"Point","coordinates":[6.87336,49.3601]},"properties":{"d":"33006","kva":630,"kwp":324.4,"ratio":0.51,"load":17,"rf":0}},{"type":"Feature","geometry":{"type":"Point","coordinates":[6.89218,49.36187]},"properties":{"d":"33006","kva":630,"kwp":436.3,"ratio":0.69,"load":24,"rf":0}},{"type":"Feature","geometry":{"type":"Point","coordinates":[6.86309,49.35987]},"properties":{"d":"33006","kva":630,"kwp":301.7,"ratio":0.48,"load":16,"rf":0}},{"type":"Feature","geometry":{"type":"Point","coordinates":[6.88525,49.36046]},"properties":{"d":"33006","kva":400,"kwp":270.8,"ratio":0.68,"load":18,"rf":0}},{"type":"Feature","geometry":{"type":"Point","coordinates":[6.8682,49.35787]},"properties":{"d":"33006","kva":250,"kwp":102.2,"ratio":0.41,"load":27,"rf":0}},{"type":"Feature","geometry":{"type":"Point","coordinates":[6.87562,49.36252]},"properties":{"d":"33006","kva":400,"kwp":167.1,"ratio":0.42,"load":11,"rf":0}},{"type":"Feature","geometry":{"type":"Point","coordinates":[6.87317,49.37123]},"properties":{"d":"33006","kva":100,"kwp":1.6,"ratio":0.02,"load":0,"rf":0}},{"type":"Feature","geometry":{"type":"Point","coordinates":[6.90586,49.35813]},"properties":{"d":"33006","kva":100,"kwp":4.9,"ratio":0.05,"load":4,"rf":0}},{"type":"Feature","geometry":{"type":"Point","coordinates":[6.91564,49.36426]},"properties":{"d":"33006","kva":100,"kwp":6.5,"ratio":0.06,"load":4,"rf":0}},{"type":"Feature","geometry":{"type":"Point","coordinates":[6.76133,49.38976]},"properties":{"d":"33006","kva":250,"kwp":57.7,"ratio":0.23,"load":13,"rf":0}},{"type":"Feature","geometry":{"type":"Point","coordinates":[6.77183,49.35223]},"properties":{"d":"33006","kva":100,"kwp":0.7,"ratio":0.01,"load":6,"rf":0}},{"type":"Feature","geometry":{"type":"Point","coordinates":[6.83482,49.39573]},"properties":{"d":"33006","kva":400,"kwp":155.2,"ratio":0.39,"load":11,"rf":0}},{"type":"Feature","geometry":{"type":"Point","coordinates":[6.80094,49.38763]},"properties":{"d":"33006","kva":400,"kwp":160.5,"ratio":0.4,"load":14,"rf":0}},{"type":"Feature","geometry":{"type":"Point","coordinates":[6.79185,49.37581]},"properties":{"d":"33006","kva":630,"kwp":181.8,"ratio":0.29,"load":17,"rf":0}},{"type":"Feature","geometry":{"type":"Point","coordinates":[6.78769,49.38313]},"properties":{"d":"33006","kva":400,"kwp":156.3,"ratio":0.39,"load":12,"rf":0}},{"type":"Feature","geometry":{"type":"Point","coordinates":[6.78606,49.388]},"properties":{"d":"33006","kva":160,"kwp":27.6,"ratio":0.17,"load":10,"rf":0}},{"type":"Feature","geometry":{"type":"Point","coordinates":[6.79398,49.37213]},"properties":{"d":"33006","kva":250,"kwp":202.3,"ratio":0.81,"load":17,"rf":0}},{"type":"Feature","geometry":{"type":"Point","coordinates":[6.78641,49.37786]},"properties":{"d":"33006","kva":630,"kwp":157.3,"ratio":0.25,"load":15,"rf":0}},{"type":"Feature","geometry":{"type":"Point","coordinates":[6.7885,49.37915]},"properties":{"d":"33006","kva":630,"kwp":179.6,"ratio":0.29,"load":16,"rf":0}},{"type":"Feature","geometry":{"type":"Point","coordinates":[6.78305,49.36136]},"properties":{"d":"33006","kva":400,"kwp":332.1,"ratio":0.83,"load":61,"rf":0}},{"type":"Feature","geometry":{"type":"Point","coordinates":[6.79255,49.38179]},"properties":{"d":"33006","kva":400,"kwp":98.9,"ratio":0.25,"load":15,"rf":0}},{"type":"Feature","geometry":{"type":"Point","coordinates":[6.83795,49.39017]},"properties":{"d":"33006","kva":400,"kwp":140.3,"ratio":0.35,"load":8,"rf":0}},{"type":"Feature","geometry":{"type":"Point","coordinates":[6.77702,49.37459]},"properties":{"d":"33006","kva":630,"kwp":241.3,"ratio":0.38,"load":11,"rf":0}},{"type":"Feature","geometry":{"type":"Point","coordinates":[6.82548,49.38542]},"properties":{"d":"33006","kva":400,"kwp":127.6,"ratio":0.32,"load":7,"rf":0}},{"type":"Feature","geometry":{"type":"Point","coordinates":[6.81722,49.38184]},"properties":{"d":"33006","kva":400,"kwp":98.9,"ratio":0.25,"load":15,"rf":0}},{"type":"Feature","geometry":{"type":"Point","coordinates":[6.77834,49.3651]},"properties":{"d":"33006","kva":400,"kwp":84.5,"ratio":0.21,"load":4,"rf":0}},{"type":"Feature","geometry":{"type":"Point","coordinates":[6.77991,49.38057]},"properties":{"d":"33006","kva":400,"kwp":96.7,"ratio":0.24,"load":14,"rf":0}},{"type":"Feature","geometry":{"type":"Point","coordinates":[6.77428,49.3634]},"properties":{"d":"33006","kva":250,"kwp":50.1,"ratio":0.2,"load":1,"rf":0}},{"type":"Feature","geometry":{"type":"Point","coordinates":[6.82917,49.38725]},"properties":{"d":"33006","kva":400,"kwp":119.1,"ratio":0.3,"load":7,"rf":0}},{"type":"Feature","geometry":{"type":"Point","coordinates":[6.77586,49.37851]},"properties":{"d":"33006","kva":250,"kwp":84.0,"ratio":0.34,"load":6,"rf":0}},{"type":"Feature","geometry":{"type":"Point","coordinates":[6.78242,49.37811]},"properties":{"d":"33006","kva":400,"kwp":96.7,"ratio":0.24,"load":14,"rf":0}},{"type":"Feature","geometry":{"type":"Point","coordinates":[6.80659,49.39051]},"properties":{"d":"33006","kva":400,"kwp":107.4,"ratio":0.27,"load":16,"rf":0}},{"type":"Feature","geometry":{"type":"Point","coordinates":[6.8227,49.39196]},"properties":{"d":"33006","kva":250,"kwp":55.3,"ratio":0.22,"load":13,"rf":0}},{"type":"Feature","geometry":{"type":"Point","coordinates":[6.84228,49.39281]},"properties":{"d":"33006","kva":400,"kwp":108.4,"ratio":0.27,"load":16,"rf":0}},{"type":"Feature","geometry":{"type":"Point","coordinates":[6.78342,49.37583]},"properties":{"d":"33006","kva":400,"kwp":149.9,"ratio":0.37,"load":11,"rf":0}},{"type":"Feature","geometry":{"type":"Point","coordinates":[6.83832,49.39656]},"properties":{"d":"33006","kva":400,"kwp":118.0,"ratio":0.29,"load":18,"rf":0}},{"type":"Feature","geometry":{"type":"Point","coordinates":[6.81577,49.3907]},"properties":{"d":"33006","kva":400,"kwp":86.1,"ratio":0.22,"load":13,"rf":0}},{"type":"Feature","geometry":{"type":"Point","coordinates":[6.82277,49.38333]},"properties":{"d":"33006","kva":250,"kwp":86.1,"ratio":0.34,"load":6,"rf":0}},{"type":"Feature","geometry":{"type":"Point","coordinates":[6.83431,49.39008]},"properties":{"d":"33006","kva":400,"kwp":104.2,"ratio":0.26,"load":15,"rf":0}},{"type":"Feature","geometry":{"type":"Point","coordinates":[6.80058,49.39496]},"properties":{"d":"33006","kva":250,"kwp":47.8,"ratio":0.19,"load":11,"rf":0}},{"type":"Feature","geometry":{"type":"Point","coordinates":[6.78646,49.36718]},"properties":{"d":"33006","kva":250,"kwp":11.7,"ratio":0.05,"load":1,"rf":0}},{"type":"Feature","geometry":{"type":"Point","coordinates":[6.84067,49.38637]},"properties":{"d":"33006","kva":250,"kwp":71.2,"ratio":0.28,"load":5,"rf":0}},{"type":"Feature","geometry":{"type":"Point","coordinates":[6.78309,49.38055]},"properties":{"d":"33006","kva":400,"kwp":90.4,"ratio":0.23,"load":13,"rf":0}},{"type":"Feature","geometry":{"type":"Point","coordinates":[6.80058,49.39276]},"properties":{"d":"33006","kva":400,"kwp":139.3,"ratio":0.35,"load":8,"rf":0}},{"type":"Feature","geometry":{"type":"Point","coordinates":[6.80718,49.38712]},"properties":{"d":"33006","kva":100,"kwp":13.8,"ratio":0.14,"load":8,"rf":0}},{"type":"Feature","geometry":{"type":"Point","coordinates":[6.84584,49.39071]},"properties":{"d":"33006","kva":160,"kwp":42.5,"ratio":0.27,"load":3,"rf":0}},{"type":"Feature","geometry":{"type":"Point","coordinates":[6.81419,49.3787]},"properties":{"d":"33006","kva":400,"kwp":131.8,"ratio":0.33,"load":8,"rf":0}},{"type":"Feature","geometry":{"type":"Point","coordinates":[6.83515,49.39226]},"properties":{"d":"33006","kva":160,"kwp":43.6,"ratio":0.27,"load":3,"rf":0}},{"type":"Feature","geometry":{"type":"Point","coordinates":[6.80379,49.3892]},"properties":{"d":"33006","kva":400,"kwp":154.1,"ratio":0.39,"load":12,"rf":0}},{"type":"Feature","geometry":{"type":"Point","coordinates":[6.8125,49.38187]},"properties":{"d":"33006","kva":250,"kwp":85.0,"ratio":0.34,"load":6,"rf":0}},{"type":"Feature","geometry":{"type":"Point","coordinates":[6.79602,49.3812]},"properties":{"d":"33006","kva":160,"kwp":38.3,"ratio":0.24,"load":14,"rf":0}},{"type":"Feature","geometry":{"type":"Point","coordinates":[6.7766,49.38286]},"properties":{"d":"33006","kva":160,"kwp":42.5,"ratio":0.27,"load":16,"rf":0}},{"type":"Feature","geometry":{"type":"Point","coordinates":[6.81977,49.39138]},"properties":{"d":"33006","kva":160,"kwp":45.7,"ratio":0.29,"load":17,"rf":0}},{"type":"Feature","geometry":{"type":"Point","coordinates":[6.81131,49.3899]},"properties":{"d":"33006","kva":250,"kwp":53.1,"ratio":0.21,"load":13,"rf":0}},{"type":"Feature","geometry":{"type":"Point","coordinates":[6.79825,49.39144]},"properties":{"d":"33006","kva":250,"kwp":82.9,"ratio":0.33,"load":6,"rf":0}},{"type":"Feature","geometry":{"type":"Point","coordinates":[6.79822,49.36396]},"properties":{"d":"33006","kva":800,"kwp":315.0,"ratio":0.39,"load":12,"rf":0}},{"type":"Feature","geometry":{"type":"Point","coordinates":[6.81913,49.35165]},"properties":{"d":"33006","kva":630,"kwp":377.9,"ratio":0.6,"load":20,"rf":0}},{"type":"Feature","geometry":{"type":"Point","coordinates":[6.79484,49.35464]},"properties":{"d":"33006","kva":800,"kwp":454.2,"ratio":0.57,"load":19,"rf":0}},{"type":"Feature","geometry":{"type":"Point","coordinates":[6.80847,49.34528]},"properties":{"d":"33006","kva":630,"kwp":269.3,"ratio":0.43,"load":29,"rf":0}},{"type":"Feature","geometry":{"type":"Point","coordinates":[6.80909,49.35024]},"properties":{"d":"33006","kva":630,"kwp":300.1,"ratio":0.48,"load":16,"rf":0}},{"type":"Feature","geometry":{"type":"Point","coordinates":[6.7895,49.35642]},"properties":{"d":"33006","kva":400,"kwp":216.5,"ratio":0.54,"load":16,"rf":0}},{"type":"Feature","geometry":{"type":"Point","coordinates":[6.78241,49.35011]},"properties":{"d":"33006","kva":100,"kwp":594.1,"ratio":5.94,"load":56,"rf":0}},{"type":"Feature","geometry":{"type":"Point","coordinates":[6.80632,49.35302]},"properties":{"d":"33006","kva":630,"kwp":379.3,"ratio":0.6,"load":21,"rf":0}},{"type":"Feature","geometry":{"type":"Point","coordinates":[6.80062,49.35221]},"properties":{"d":"33006","kva":630,"kwp":308.9,"ratio":0.49,"load":34,"rf":0}},{"type":"Feature","geometry":{"type":"Point","coordinates":[6.8107,49.35979]},"properties":{"d":"33006","kva":630,"kwp":383.4,"ratio":0.61,"load":21,"rf":0}},{"type":"Feature","geometry":{"type":"Point","coordinates":[6.81527,49.35365]},"properties":{"d":"33006","kva":400,"kwp":188.2,"ratio":0.47,"load":12,"rf":0}},{"type":"Feature","geometry":{"type":"Point","coordinates":[6.79713,49.34832]},"properties":{"d":"33006","kva":630,"kwp":343.9,"ratio":0.55,"load":18,"rf":0}},{"type":"Feature","geometry":{"type":"Point","coordinates":[6.80538,49.35615]},"properties":{"d":"33006","kva":1000,"kwp":556.3,"ratio":0.56,"load":19,"rf":0}},{"type":"Feature","geometry":{"type":"Point","coordinates":[6.82972,49.35129]},"properties":{"d":"33006","kva":100,"kwp":22.7,"ratio":0.23,"load":33,"rf":0}},{"type":"Feature","geometry":{"type":"Point","coordinates":[6.80415,49.3484]},"properties":{"d":"33006","kva":400,"kwp":251.4,"ratio":0.63,"load":21,"rf":0}},{"type":"Feature","geometry":{"type":"Point","coordinates":[6.79814,49.35682]},"properties":{"d":"33006","kva":630,"kwp":337.4,"ratio":0.54,"load":18,"rf":0}},{"type":"Feature","geometry":{"type":"Point","coordinates":[6.80217,49.36098]},"properties":{"d":"33006","kva":250,"kwp":203.0,"ratio":0.81,"load":17,"rf":0}},{"type":"Feature","geometry":{"type":"Point","coordinates":[6.81038,49.35307]},"properties":{"d":"33006","kva":400,"kwp":219.0,"ratio":0.55,"load":14,"rf":0}},{"type":"Feature","geometry":{"type":"Point","coordinates":[6.80317,49.35488]},"properties":{"d":"33006","kva":630,"kwp":363.3,"ratio":0.58,"load":20,"rf":0}},{"type":"Feature","geometry":{"type":"Point","coordinates":[6.79569,49.36708]},"properties":{"d":"33006","kva":160,"kwp":81.8,"ratio":0.51,"load":36,"rf":0}},{"type":"Feature","geometry":{"type":"Point","coordinates":[6.78437,49.34407]},"properties":{"d":"33006","kva":100,"kwp":13.0,"ratio":0.13,"load":9,"rf":0}},{"type":"Feature","geometry":{"type":"Point","coordinates":[6.81069,49.34245]},"properties":{"d":"33006","kva":100,"kwp":4.9,"ratio":0.05,"load":3,"rf":0}},{"type":"Feature","geometry":{"type":"Point","coordinates":[6.76701,49.38736]},"properties":{"d":"33006","kva":100,"kwp":3.2,"ratio":0.03,"load":2,"rf":0}},{"type":"Feature","geometry":{"type":"Point","coordinates":[6.78599,49.40119]},"properties":{"d":"33006","kva":100,"kwp":3.2,"ratio":0.03,"load":2,"rf":0}},{"type":"Feature","geometry":{"type":"Point","coordinates":[6.78726,49.39825]},"properties":{"d":"33006","kva":100,"kwp":8.5,"ratio":0.09,"load":5,"rf":0}},{"type":"Feature","geometry":{"type":"Point","coordinates":[6.79113,49.34043]},"properties":{"d":"33006","kva":100,"kwp":4.9,"ratio":0.05,"load":3,"rf":0}},{"type":"Feature","geometry":{"type":"Point","coordinates":[6.8071,49.33601]},"properties":{"d":"33006","kva":100,"kwp":11.4,"ratio":0.11,"load":7,"rf":0}},{"type":"Feature","geometry":{"type":"Point","coordinates":[6.79877,49.40111]},"properties":{"d":"33006","kva":100,"kwp":12.8,"ratio":0.13,"load":8,"rf":0}},{"type":"Feature","geometry":{"type":"Point","coordinates":[6.85985,49.33613]},"properties":{"d":"33006","kva":800,"kwp":426.6,"ratio":0.53,"load":17,"rf":0}},{"type":"Feature","geometry":{"type":"Point","coordinates":[6.85473,49.32233]},"properties":{"d":"33006","kva":400,"kwp":207.7,"ratio":0.52,"load":17,"rf":0}},{"type":"Feature","geometry":{"type":"Point","coordinates":[6.89218,49.36187]},"properties":{"d":"33006","kva":630,"kwp":436.3,"ratio":0.69,"load":24,"rf":0}},{"type":"Feature","geometry":{"type":"Point","coordinates":[6.83482,49.39573]},"properties":{"d":"33006","kva":400,"kwp":155.2,"ratio":0.39,"load":11,"rf":0}},{"type":"Feature","geometry":{"type":"Point","coordinates":[6.80094,49.38763]},"properties":{"d":"33006","kva":400,"kwp":160.5,"ratio":0.4,"load":14,"rf":0}},{"type":"Feature","geometry":{"type":"Point","coordinates":[6.78769,49.38313]},"properties":{"d":"33006","kva":400,"kwp":156.3,"ratio":0.39,"load":12,"rf":0}},{"type":"Feature","geometry":{"type":"Point","coordinates":[6.77702,49.37459]},"properties":{"d":"33006","kva":630,"kwp":241.3,"ratio":0.38,"load":11,"rf":0}},{"type":"Feature","geometry":{"type":"Point","coordinates":[6.77834,49.3651]},"properties":{"d":"33006","kva":400,"kwp":84.5,"ratio":0.21,"load":4,"rf":0}},{"type":"Feature","geometry":{"type":"Point","coordinates":[6.77428,49.3634]},"properties":{"d":"33006","kva":250,"kwp":50.1,"ratio":0.2,"load":1,"rf":0}},{"type":"Feature","geometry":{"type":"Point","coordinates":[6.78342,49.37583]},"properties":{"d":"33006","kva":400,"kwp":149.9,"ratio":0.37,"load":11,"rf":0}},{"type":"Feature","geometry":{"type":"Point","coordinates":[6.80379,49.3892]},"properties":{"d":"33006","kva":400,"kwp":154.1,"ratio":0.39,"load":12,"rf":0}},{"type":"Feature","geometry":{"type":"Point","coordinates":[6.79822,49.36396]},"properties":{"d":"33006","kva":800,"kwp":315.0,"ratio":0.39,"load":12,"rf":0}},{"type":"Feature","geometry":{"type":"Point","coordinates":[6.81913,49.35165]},"properties":{"d":"33006","kva":630,"kwp":377.9,"ratio":0.6,"load":20,"rf":0}},{"type":"Feature","geometry":{"type":"Point","coordinates":[6.79484,49.35464]},"properties":{"d":"33006","kva":800,"kwp":454.2,"ratio":0.57,"load":19,"rf":0}},{"type":"Feature","geometry":{"type":"Point","coordinates":[6.7895,49.35642]},"properties":{"d":"33006","kva":400,"kwp":216.5,"ratio":0.54,"load":16,"rf":0}},{"type":"Feature","geometry":{"type":"Point","coordinates":[6.78241,49.35011]},"properties":{"d":"33006","kva":100,"kwp":594.1,"ratio":5.94,"load":56,"rf":0}},{"type":"Feature","geometry":{"type":"Point","coordinates":[6.80632,49.35302]},"properties":{"d":"33006","kva":630,"kwp":379.3,"ratio":0.6,"load":21,"rf":0}},{"type":"Feature","geometry":{"type":"Point","coordinates":[6.8107,49.35979]},"properties":{"d":"33006","kva":630,"kwp":383.4,"ratio":0.61,"load":21,"rf":0}},{"type":"Feature","geometry":{"type":"Point","coordinates":[6.79713,49.34832]},"properties":{"d":"33006","kva":630,"kwp":343.9,"ratio":0.55,"load":18,"rf":0}},{"type":"Feature","geometry":{"type":"Point","coordinates":[6.80538,49.35615]},"properties":{"d":"33006","kva":1000,"kwp":556.3,"ratio":0.56,"load":19,"rf":0}},{"type":"Feature","geometry":{"type":"Point","coordinates":[6.80415,49.3484]},"properties":{"d":"33006","kva":400,"kwp":251.4,"ratio":0.63,"load":21,"rf":0}},{"type":"Feature","geometry":{"type":"Point","coordinates":[6.80317,49.35488]},"properties":{"d":"33006","kva":630,"kwp":363.3,"ratio":0.58,"load":20,"rf":0}},{"type":"Feature","geometry":{"type":"Point","coordinates":[6.85948,49.32856]},"properties":{"d":"33006","kva":630,"kwp":195.0,"ratio":0.31,"load":12,"rf":0}},{"type":"Feature","geometry":{"type":"Point","coordinates":[6.86605,49.33269]},"properties":{"d":"33006","kva":630,"kwp":272.5,"ratio":0.43,"load":14,"rf":0}},{"type":"Feature","geometry":{"type":"Point","coordinates":[6.87336,49.3601]},"properties":{"d":"33006","kva":630,"kwp":324.4,"ratio":0.51,"load":17,"rf":0}},{"type":"Feature","geometry":{"type":"Point","coordinates":[6.86309,49.35987]},"properties":{"d":"33006","kva":630,"kwp":301.7,"ratio":0.48,"load":16,"rf":0}},{"type":"Feature","geometry":{"type":"Point","coordinates":[6.88525,49.36046]},"properties":{"d":"33006","kva":630,"kwp":270.8,"ratio":0.43,"load":18,"rf":0}},{"type":"Feature","geometry":{"type":"Point","coordinates":[6.87562,49.36252]},"properties":{"d":"33006","kva":630,"kwp":167.1,"ratio":0.27,"load":11,"rf":0}},{"type":"Feature","geometry":{"type":"Point","coordinates":[6.79398,49.37213]},"properties":{"d":"33006","kva":630,"kwp":202.3,"ratio":0.32,"load":17,"rf":0}},{"type":"Feature","geometry":{"type":"Point","coordinates":[6.83795,49.39017]},"properties":{"d":"33006","kva":630,"kwp":140.3,"ratio":0.22,"load":8,"rf":0}},{"type":"Feature","geometry":{"type":"Point","coordinates":[6.82548,49.38542]},"properties":{"d":"33006","kva":630,"kwp":127.6,"ratio":0.2,"load":7,"rf":0}},{"type":"Feature","geometry":{"type":"Point","coordinates":[6.77428,49.3634]},"properties":{"d":"33006","kva":630,"kwp":50.1,"ratio":0.08,"load":1,"rf":0}},{"type":"Feature","geometry":{"type":"Point","coordinates":[6.82917,49.38725]},"properties":{"d":"33006","kva":630,"kwp":119.1,"ratio":0.19,"load":7,"rf":0}},{"type":"Feature","geometry":{"type":"Point","coordinates":[6.77586,49.37851]},"properties":{"d":"33006","kva":630,"kwp":84.0,"ratio":0.13,"load":6,"rf":0}},{"type":"Feature","geometry":{"type":"Point","coordinates":[6.82277,49.38333]},"properties":{"d":"33006","kva":630,"kwp":86.1,"ratio":0.14,"load":6,"rf":0}},{"type":"Feature","geometry":{"type":"Point","coordinates":[6.78646,49.36718]},"properties":{"d":"33006","kva":630,"kwp":11.7,"ratio":0.02,"load":1,"rf":0}},{"type":"Feature","geometry":{"type":"Point","coordinates":[6.84067,49.38637]},"properties":{"d":"33006","kva":630,"kwp":71.2,"ratio":0.11,"load":5,"rf":0}},{"type":"Feature","geometry":{"type":"Point","coordinates":[6.80058,49.39276]},"properties":{"d":"33006","kva":630,"kwp":139.3,"ratio":0.22,"load":8,"rf":0}},{"type":"Feature","geometry":{"type":"Point","coordinates":[6.84584,49.39071]},"properties":{"d":"33006","kva":630,"kwp":42.5,"ratio":0.07,"load":3,"rf":0}},{"type":"Feature","geometry":{"type":"Point","coordinates":[6.81419,49.3787]},"properties":{"d":"33006","kva":630,"kwp":131.8,"ratio":0.21,"load":8,"rf":0}},{"type":"Feature","geometry":{"type":"Point","coordinates":[6.83515,49.39226]},"properties":{"d":"33006","kva":630,"kwp":43.6,"ratio":0.07,"load":3,"rf":0}},{"type":"Feature","geometry":{"type":"Point","coordinates":[6.8125,49.38187]},"properties":{"d":"33006","kva":630,"kwp":85.0,"ratio":0.13,"load":6,"rf":0}},{"type":"Feature","geometry":{"type":"Point","coordinates":[6.79825,49.39144]},"properties":{"d":"33006","kva":630,"kwp":82.9,"ratio":0.13,"load":6,"rf":0}},{"type":"Feature","geometry":{"type":"Point","coordinates":[6.80909,49.35024]},"properties":{"d":"33006","kva":630,"kwp":300.1,"ratio":0.48,"load":16,"rf":0}},{"type":"Feature","geometry":{"type":"Point","coordinates":[6.78241,49.35011]},"properties":{"d":"33006","kva":630,"kwp":594.1,"ratio":0.94,"load":56,"rf":0}},{"type":"Feature","geometry":{"type":"Point","coordinates":[6.81527,49.35365]},"properties":{"d":"33006","kva":630,"kwp":188.2,"ratio":0.3,"load":12,"rf":0}},{"type":"Feature","geometry":{"type":"Point","coordinates":[6.79814,49.35682]},"properties":{"d":"33006","kva":630,"kwp":337.4,"ratio":0.54,"load":18,"rf":0}},{"type":"Feature","geometry":{"type":"Point","coordinates":[6.80217,49.36098]},"properties":{"d":"33006","kva":630,"kwp":203.0,"ratio":0.32,"load":17,"rf":0}},{"type":"Feature","geometry":{"type":"Point","coordinates":[6.81038,49.35307]},"properties":{"d":"33006","kva":630,"kwp":219.0,"ratio":0.35,"load":14,"rf":0}},{"type":"Feature","geometry":{"type":"Point","coordinates":[6.87331,49.26852]},"properties":{"d":"33015","kva":100,"kwp":5.5,"ratio":0.05,"load":4,"rf":0}},{"type":"Feature","geometry":{"type":"Point","coordinates":[6.83179,49.26604]},"properties":{"d":"33015","kva":1000,"kwp":6.2,"ratio":0.01,"load":5,"rf":0}},{"type":"Feature","geometry":{"type":"Point","coordinates":[6.83931,49.27147]},"properties":{"d":"33015","kva":400,"kwp":30.5,"ratio":0.08,"load":1,"rf":0}},{"type":"Feature","geometry":{"type":"Point","coordinates":[6.82881,49.27341]},"properties":{"d":"33015","kva":400,"kwp":31.7,"ratio":0.08,"load":1,"rf":0}},{"type":"Feature","geometry":{"type":"Point","coordinates":[6.83388,49.26968]},"properties":{"d":"33015","kva":400,"kwp":32.3,"ratio":0.08,"load":1,"rf":0}},{"type":"Feature","geometry":{"type":"Point","coordinates":[6.83276,49.27278]},"properties":{"d":"33015","kva":630,"kwp":41.1,"ratio":0.07,"load":2,"rf":0}},{"type":"Feature","geometry":{"type":"Point","coordinates":[6.83232,49.2703]},"properties":{"d":"33015","kva":160,"kwp":12.1,"ratio":0.08,"load":2,"rf":0}},{"type":"Feature","geometry":{"type":"Point","coordinates":[6.88369,49.2571]},"properties":{"d":"33015","kva":630,"kwp":123.1,"ratio":0.2,"load":3,"rf":0}},{"type":"Feature","geometry":{"type":"Point","coordinates":[6.86357,49.24354]},"properties":{"d":"33015","kva":630,"kwp":25.2,"ratio":0.04,"load":4,"rf":0}},{"type":"Feature","geometry":{"type":"Point","coordinates":[6.88312,49.24809]},"properties":{"d":"33015","kva":630,"kwp":54.8,"ratio":0.09,"load":2,"rf":0}},{"type":"Feature","geometry":{"type":"Point","coordinates":[6.87954,49.25267]},"properties":{"d":"33015","kva":250,"kwp":8.7,"ratio":0.03,"load":5,"rf":0}},{"type":"Feature","geometry":{"type":"Point","coordinates":[6.88101,49.2573]},"properties":{"d":"33015","kva":630,"kwp":27.8,"ratio":0.04,"load":5,"rf":0}},{"type":"Feature","geometry":{"type":"Point","coordinates":[6.86629,49.2601]},"properties":{"d":"33015","kva":630,"kwp":38.2,"ratio":0.06,"load":3,"rf":0}},{"type":"Feature","geometry":{"type":"Point","coordinates":[6.87875,49.25444]},"properties":{"d":"33015","kva":630,"kwp":47.9,"ratio":0.08,"load":2,"rf":0}},{"type":"Feature","geometry":{"type":"Point","coordinates":[6.88488,49.23549]},"properties":{"d":"33015","kva":160,"kwp":307.3,"ratio":1.92,"load":70,"rf":0}},{"type":"Feature","geometry":{"type":"Point","coordinates":[6.85768,49.26417]},"properties":{"d":"33015","kva":400,"kwp":33.0,"ratio":0.08,"load":3,"rf":0}},{"type":"Feature","geometry":{"type":"Point","coordinates":[6.8704,49.26442]},"properties":{"d":"33015","kva":400,"kwp":68.6,"ratio":0.17,"load":3,"rf":0}},{"type":"Feature","geometry":{"type":"Point","coordinates":[6.89258,49.24501]},"properties":{"d":"33015","kva":160,"kwp":11.1,"ratio":0.07,"load":2,"rf":0}},{"type":"Feature","geometry":{"type":"Point","coordinates":[6.88734,49.25912]},"properties":{"d":"33015","kva":630,"kwp":27.8,"ratio":0.04,"load":3,"rf":0}},{"type":"Feature","geometry":{"type":"Point","coordinates":[6.87649,49.25691]},"properties":{"d":"33015","kva":630,"kwp":34.7,"ratio":0.06,"load":2,"rf":0}},{"type":"Feature","geometry":{"type":"Point","coordinates":[6.88527,49.25412]},"properties":{"d":"33015","kva":630,"kwp":13.9,"ratio":0.02,"load":6,"rf":0}},{"type":"Feature","geometry":{"type":"Point","coordinates":[6.88317,49.24313]},"properties":{"d":"33015","kva":100,"kwp":0.4,"ratio":0.0,"load":6,"rf":0}},{"type":"Feature","geometry":{"type":"Point","coordinates":[6.88887,49.25073]},"properties":{"d":"33015","kva":400,"kwp":15.3,"ratio":0.04,"load":2,"rf":0}},{"type":"Feature","geometry":{"type":"Point","coordinates":[6.86571,49.26255]},"properties":{"d":"33015","kva":250,"kwp":18.0,"ratio":0.07,"load":1,"rf":0}},{"type":"Feature","geometry":{"type":"Point","coordinates":[6.86743,49.26472]},"properties":{"d":"33015","kva":400,"kwp":25.2,"ratio":0.06,"load":2,"rf":0}},{"type":"Feature","geometry":{"type":"Point","coordinates":[6.87139,49.2465]},"properties":{"d":"33015","kva":400,"kwp":13.8,"ratio":0.03,"load":3,"rf":0}},{"type":"Feature","geometry":{"type":"Point","coordinates":[6.86642,49.23895]},"properties":{"d":"33015","kva":400,"kwp":27.1,"ratio":0.07,"load":3,"rf":0}},{"type":"Feature","geometry":{"type":"Point","coordinates":[6.8655,49.25881]},"properties":{"d":"33015","kva":400,"kwp":28.3,"ratio":0.07,"load":3,"rf":0}},{"type":"Feature","geometry":{"type":"Point","coordinates":[6.87407,49.25334]},"properties":{"d":"33015","kva":630,"kwp":33.2,"ratio":0.05,"load":4,"rf":0}},{"type":"Feature","geometry":{"type":"Point","coordinates":[6.8595,49.26413]},"properties":{"d":"33015","kva":400,"kwp":20.3,"ratio":0.05,"load":2,"rf":0}},{"type":"Feature","geometry":{"type":"Point","coordinates":[6.86483,49.25057]},"properties":{"d":"33015","kva":250,"kwp":16.0,"ratio":0.06,"load":2,"rf":0}},{"type":"Feature","geometry":{"type":"Point","coordinates":[6.86586,49.2413]},"properties":{"d":"33015","kva":630,"kwp":38.6,"ratio":0.06,"load":3,"rf":0}},{"type":"Feature","geometry":{"type":"Point","coordinates":[6.87223,49.24067]},"properties":{"d":"33015","kva":400,"kwp":30.6,"ratio":0.08,"load":2,"rf":0}},{"type":"Feature","geometry":{"type":"Point","coordinates":[6.87168,49.23472]},"properties":{"d":"33015","kva":250,"kwp":21.8,"ratio":0.09,"load":2,"rf":0}},{"type":"Feature","geometry":{"type":"Point","coordinates":[6.8631,49.25575]},"properties":{"d":"33015","kva":630,"kwp":42.0,"ratio":0.07,"load":2,"rf":0}},{"type":"Feature","geometry":{"type":"Point","coordinates":[6.89013,49.25972]},"properties":{"d":"33015","kva":400,"kwp":14.3,"ratio":0.04,"load":4,"rf":0}},{"type":"Feature","geometry":{"type":"Point","coordinates":[6.86336,49.24214]},"properties":{"d":"33015","kva":630,"kwp":36.7,"ratio":0.06,"load":3,"rf":0}},{"type":"Feature","geometry":{"type":"Point","coordinates":[6.88856,49.24478]},"properties":{"d":"33015","kva":630,"kwp":26.7,"ratio":0.04,"load":4,"rf":0}},{"type":"Feature","geometry":{"type":"Point","coordinates":[6.88787,49.25557]},"properties":{"d":"33015","kva":630,"kwp":11.6,"ratio":0.02,"load":3,"rf":0}},{"type":"Feature","geometry":{"type":"Point","coordinates":[6.88936,49.25436]},"properties":{"d":"33015","kva":160,"kwp":3.9,"ratio":0.02,"load":4,"rf":0}},{"type":"Feature","geometry":{"type":"Point","coordinates":[6.86841,49.25238]},"properties":{"d":"33015","kva":630,"kwp":26.7,"ratio":0.04,"load":4,"rf":0}},{"type":"Feature","geometry":{"type":"Point","coordinates":[6.88711,49.26093]},"properties":{"d":"33015","kva":250,"kwp":12.5,"ratio":0.05,"load":1,"rf":0}},{"type":"Feature","geometry":{"type":"Point","coordinates":[6.86936,49.24257]},"properties":{"d":"33015","kva":400,"kwp":76.3,"ratio":0.19,"load":9,"rf":0}},{"type":"Feature","geometry":{"type":"Point","coordinates":[6.86529,49.25383]},"properties":{"d":"33015","kva":630,"kwp":38.2,"ratio":0.06,"load":2,"rf":0}},{"type":"Feature","geometry":{"type":"Point","coordinates":[6.89491,49.25075]},"properties":{"d":"33015","kva":630,"kwp":93.4,"ratio":0.15,"load":2,"rf":0}},{"type":"Feature","geometry":{"type":"Point","coordinates":[6.87849,49.24655]},"properties":{"d":"33015","kva":400,"kwp":5.3,"ratio":0.01,"load":3,"rf":0}},{"type":"Feature","geometry":{"type":"Point","coordinates":[6.89481,49.24734]},"properties":{"d":"33015","kva":100,"kwp":0.7,"ratio":0.01,"load":0,"rf":0}},{"type":"Feature","geometry":{"type":"Point","coordinates":[6.86546,49.25679]},"properties":{"d":"33015","kva":250,"kwp":18.0,"ratio":0.07,"load":2,"rf":0}},{"type":"Feature","geometry":{"type":"Point","coordinates":[6.88113,49.25406]},"properties":{"d":"33015","kva":400,"kwp":9.9,"ratio":0.02,"load":3,"rf":0}},{"type":"Feature","geometry":{"type":"Point","coordinates":[6.87312,49.23778]},"properties":{"d":"33015","kva":250,"kwp":23.7,"ratio":0.09,"load":1,"rf":0}},{"type":"Feature","geometry":{"type":"Point","coordinates":[6.88883,49.24786]},"properties":{"d":"33015","kva":250,"kwp":15.7,"ratio":0.06,"load":2,"rf":0}},{"type":"Feature","geometry":{"type":"Point","coordinates":[6.87661,49.25104]},"properties":{"d":"33015","kva":100,"kwp":1.1,"ratio":0.01,"load":2,"rf":0}},{"type":"Feature","geometry":{"type":"Point","coordinates":[6.87892,49.24927]},"properties":{"d":"33015","kva":1000,"kwp":8.0,"ratio":0.01,"load":4,"rf":0}},{"type":"Feature","geometry":{"type":"Point","coordinates":[6.88325,49.24484]},"properties":{"d":"33015","kva":100,"kwp":5.0,"ratio":0.05,"load":2,"rf":0}},{"type":"Feature","geometry":{"type":"Point","coordinates":[6.86768,49.26199]},"properties":{"d":"33015","kva":250,"kwp":17.7,"ratio":0.07,"load":1,"rf":0}},{"type":"Feature","geometry":{"type":"Point","coordinates":[6.86606,49.24637]},"properties":{"d":"33015","kva":630,"kwp":2.7,"ratio":0.0,"load":5,"rf":0}},{"type":"Feature","geometry":{"type":"Point","coordinates":[6.87479,49.25513]},"properties":{"d":"33015","kva":400,"kwp":31.7,"ratio":0.08,"load":2,"rf":0}},{"type":"Feature","geometry":{"type":"Point","coordinates":[6.87161,49.24866]},"properties":{"d":"33015","kva":160,"kwp":0.8,"ratio":0.0,"load":3,"rf":0}},{"type":"Feature","geometry":{"type":"Point","coordinates":[6.87329,49.24424]},"properties":{"d":"33015","kva":160,"kwp":4.6,"ratio":0.03,"load":1,"rf":0}},{"type":"Feature","geometry":{"type":"Point","coordinates":[6.86893,49.24745]},"properties":{"d":"33015","kva":400,"kwp":64.4,"ratio":0.16,"load":2,"rf":0}},{"type":"Feature","geometry":{"type":"Point","coordinates":[6.88555,49.25744]},"properties":{"d":"33015","kva":400,"kwp":15.3,"ratio":0.04,"load":2,"rf":0}},{"type":"Feature","geometry":{"type":"Point","coordinates":[6.8924,49.25996]},"properties":{"d":"33015","kva":250,"kwp":7.3,"ratio":0.03,"load":4,"rf":0}},{"type":"Feature","geometry":{"type":"Point","coordinates":[6.8728,49.24262]},"properties":{"d":"33015","kva":250,"kwp":2.3,"ratio":0.01,"load":6,"rf":0}},{"type":"Feature","geometry":{"type":"Point","coordinates":[6.86336,49.26038]},"properties":{"d":"33015","kva":160,"kwp":6.1,"ratio":0.04,"load":1,"rf":0}},{"type":"Feature","geometry":{"type":"Point","coordinates":[6.83179,49.26604]},"properties":{"d":"33015","kva":1000,"kwp":6.2,"ratio":0.01,"load":5,"rf":0}},{"type":"Feature","geometry":{"type":"Point","coordinates":[6.88369,49.2571]},"properties":{"d":"33015","kva":630,"kwp":123.1,"ratio":0.2,"load":3,"rf":0}},{"type":"Feature","geometry":{"type":"Point","coordinates":[6.86357,49.24354]},"properties":{"d":"33015","kva":630,"kwp":25.2,"ratio":0.04,"load":4,"rf":0}},{"type":"Feature","geometry":{"type":"Point","coordinates":[6.88312,49.24809]},"properties":{"d":"33015","kva":630,"kwp":54.8,"ratio":0.09,"load":2,"rf":0}},{"type":"Feature","geometry":{"type":"Point","coordinates":[6.88488,49.23549]},"properties":{"d":"33015","kva":160,"kwp":307.3,"ratio":1.92,"load":70,"rf":0}},{"type":"Feature","geometry":{"type":"Point","coordinates":[6.8704,49.26442]},"properties":{"d":"33015","kva":400,"kwp":68.6,"ratio":0.17,"load":3,"rf":0}},{"type":"Feature","geometry":{"type":"Point","coordinates":[6.88317,49.24313]},"properties":{"d":"33015","kva":100,"kwp":0.4,"ratio":0.0,"load":6,"rf":0}},{"type":"Feature","geometry":{"type":"Point","coordinates":[6.87139,49.2465]},"properties":{"d":"33015","kva":400,"kwp":13.8,"ratio":0.03,"load":3,"rf":0}},{"type":"Feature","geometry":{"type":"Point","coordinates":[6.88856,49.24478]},"properties":{"d":"33015","kva":630,"kwp":26.7,"ratio":0.04,"load":4,"rf":0}},{"type":"Feature","geometry":{"type":"Point","coordinates":[6.89491,49.25075]},"properties":{"d":"33015","kva":630,"kwp":93.4,"ratio":0.15,"load":2,"rf":0}},{"type":"Feature","geometry":{"type":"Point","coordinates":[6.87661,49.25104]},"properties":{"d":"33015","kva":100,"kwp":1.1,"ratio":0.01,"load":2,"rf":0}},{"type":"Feature","geometry":{"type":"Point","coordinates":[6.87892,49.24927]},"properties":{"d":"33015","kva":1000,"kwp":8.0,"ratio":0.01,"load":4,"rf":0}},{"type":"Feature","geometry":{"type":"Point","coordinates":[6.86606,49.24637]},"properties":{"d":"33015","kva":630,"kwp":2.7,"ratio":0.0,"load":5,"rf":0}},{"type":"Feature","geometry":{"type":"Point","coordinates":[6.87161,49.24866]},"properties":{"d":"33015","kva":160,"kwp":0.8,"ratio":0.0,"load":3,"rf":0}},{"type":"Feature","geometry":{"type":"Point","coordinates":[6.86893,49.24745]},"properties":{"d":"33015","kva":400,"kwp":64.4,"ratio":0.16,"load":2,"rf":0}},{"type":"Feature","geometry":{"type":"Point","coordinates":[6.8728,49.24262]},"properties":{"d":"33015","kva":250,"kwp":2.3,"ratio":0.01,"load":6,"rf":0}},{"type":"Feature","geometry":{"type":"Point","coordinates":[6.83179,49.26604]},"properties":{"d":"33015","kva":630,"kwp":6.2,"ratio":0.01,"load":7,"rf":0}},{"type":"Feature","geometry":{"type":"Point","coordinates":[6.83931,49.27147]},"properties":{"d":"33015","kva":630,"kwp":30.5,"ratio":0.05,"load":1,"rf":0}},{"type":"Feature","geometry":{"type":"Point","coordinates":[6.82881,49.27341]},"properties":{"d":"33015","kva":630,"kwp":31.7,"ratio":0.05,"load":1,"rf":0}},{"type":"Feature","geometry":{"type":"Point","coordinates":[6.83388,49.26968]},"properties":{"d":"33015","kva":630,"kwp":32.3,"ratio":0.05,"load":1,"rf":0}},{"type":"Feature","geometry":{"type":"Point","coordinates":[6.87875,49.25444]},"properties":{"d":"33015","kva":630,"kwp":47.9,"ratio":0.08,"load":2,"rf":0}},{"type":"Feature","geometry":{"type":"Point","coordinates":[6.88734,49.25912]},"properties":{"d":"33015","kva":630,"kwp":27.8,"ratio":0.04,"load":3,"rf":0}},{"type":"Feature","geometry":{"type":"Point","coordinates":[6.88887,49.25073]},"properties":{"d":"33015","kva":630,"kwp":15.3,"ratio":0.02,"load":2,"rf":0}},{"type":"Feature","geometry":{"type":"Point","coordinates":[6.86571,49.26255]},"properties":{"d":"33015","kva":630,"kwp":18.0,"ratio":0.03,"load":1,"rf":0}},{"type":"Feature","geometry":{"type":"Point","coordinates":[6.86743,49.26472]},"properties":{"d":"33015","kva":630,"kwp":25.2,"ratio":0.04,"load":2,"rf":0}},{"type":"Feature","geometry":{"type":"Point","coordinates":[6.8631,49.25575]},"properties":{"d":"33015","kva":630,"kwp":42.0,"ratio":0.07,"load":2,"rf":0}},{"type":"Feature","geometry":{"type":"Point","coordinates":[6.88711,49.26093]},"properties":{"d":"33015","kva":630,"kwp":12.5,"ratio":0.02,"load":1,"rf":0}},{"type":"Feature","geometry":{"type":"Point","coordinates":[6.86529,49.25383]},"properties":{"d":"33015","kva":630,"kwp":38.2,"ratio":0.06,"load":2,"rf":0}},{"type":"Feature","geometry":{"type":"Point","coordinates":[6.87849,49.24655]},"properties":{"d":"33015","kva":630,"kwp":5.3,"ratio":0.01,"load":3,"rf":0}},{"type":"Feature","geometry":{"type":"Point","coordinates":[6.88113,49.25406]},"properties":{"d":"33015","kva":630,"kwp":9.9,"ratio":0.02,"load":3,"rf":0}},{"type":"Feature","geometry":{"type":"Point","coordinates":[6.87312,49.23778]},"properties":{"d":"33015","kva":630,"kwp":23.7,"ratio":0.04,"load":1,"rf":0}},{"type":"Feature","geometry":{"type":"Point","coordinates":[6.87661,49.25104]},"properties":{"d":"33015","kva":630,"kwp":1.1,"ratio":0.0,"load":2,"rf":0}},{"type":"Feature","geometry":{"type":"Point","coordinates":[6.87892,49.24927]},"properties":{"d":"33015","kva":630,"kwp":8.0,"ratio":0.01,"load":7,"rf":0}},{"type":"Feature","geometry":{"type":"Point","coordinates":[6.86768,49.26199]},"properties":{"d":"33015","kva":630,"kwp":17.7,"ratio":0.03,"load":1,"rf":0}},{"type":"Feature","geometry":{"type":"Point","coordinates":[6.87161,49.24866]},"properties":{"d":"33015","kva":630,"kwp":0.8,"ratio":0.0,"load":3,"rf":0}},{"type":"Feature","geometry":{"type":"Point","coordinates":[6.87329,49.24424]},"properties":{"d":"33015","kva":630,"kwp":4.6,"ratio":0.01,"load":1,"rf":0}},{"type":"Feature","geometry":{"type":"Point","coordinates":[6.88555,49.25744]},"properties":{"d":"33015","kva":630,"kwp":15.3,"ratio":0.02,"load":2,"rf":0}},{"type":"Feature","geometry":{"type":"Point","coordinates":[7.26184,49.36516]},"properties":{"d":"33019","kva":630,"kwp":198.1,"ratio":0.31,"load":9,"rf":0}},{"type":"Feature","geometry":{"type":"Point","coordinates":[7.26459,49.34587]},"properties":{"d":"33019","kva":630,"kwp":235.6,"ratio":0.37,"load":24,"rf":0}},{"type":"Feature","geometry":{"type":"Point","coordinates":[7.25019,49.3573]},"properties":{"d":"33019","kva":630,"kwp":182.5,"ratio":0.29,"load":8,"rf":0}},{"type":"Feature","geometry":{"type":"Point","coordinates":[7.27348,49.3589]},"properties":{"d":"33019","kva":630,"kwp":692.2,"ratio":1.1,"load":87,"rf":1}},{"type":"Feature","geometry":{"type":"Point","coordinates":[7.26087,49.34873]},"properties":{"d":"33019","kva":800,"kwp":188.6,"ratio":0.24,"load":5,"rf":0}},{"type":"Feature","geometry":{"type":"Point","coordinates":[7.25507,49.35646]},"properties":{"d":"33019","kva":630,"kwp":203.8,"ratio":0.32,"load":10,"rf":0}},{"type":"Feature","geometry":{"type":"Point","coordinates":[7.23849,49.36181]},"properties":{"d":"33019","kva":400,"kwp":10.4,"ratio":0.03,"load":4,"rf":0}},{"type":"Feature","geometry":{"type":"Point","coordinates":[7.2512,49.3615]},"properties":{"d":"33019","kva":400,"kwp":129.5,"ratio":0.32,"load":9,"rf":0}},{"type":"Feature","geometry":{"type":"Point","coordinates":[7.26682,49.35926]},"properties":{"d":"33019","kva":400,"kwp":90.4,"ratio":0.23,"load":4,"rf":0}},{"type":"Feature","geometry":{"type":"Point","coordinates":[7.26616,49.36818]},"properties":{"d":"33019","kva":400,"kwp":79.9,"ratio":0.2,"load":11,"rf":0}},{"type":"Feature","geometry":{"type":"Point","coordinates":[7.24886,49.35379]},"properties":{"d":"33019","kva":400,"kwp":143.1,"ratio":0.36,"load":9,"rf":0}},{"type":"Feature","geometry":{"type":"Point","coordinates":[7.26009,49.35381]},"properties":{"d":"33019","kva":630,"kwp":197.3,"ratio":0.31,"load":9,"rf":0}},{"type":"Feature","geometry":{"type":"Point","coordinates":[7.27158,49.34751]},"properties":{"d":"33019","kva":400,"kwp":183.3,"ratio":0.46,"load":12,"rf":0}},{"type":"Feature","geometry":{"type":"Point","coordinates":[7.2495,49.36357]},"properties":{"d":"33019","kva":400,"kwp":100.8,"ratio":0.25,"load":5,"rf":0}},{"type":"Feature","geometry":{"type":"Point","coordinates":[7.25084,49.35028]},"properties":{"d":"33019","kva":630,"kwp":149.5,"ratio":0.24,"load":6,"rf":0}},{"type":"Feature","geometry":{"type":"Point","coordinates":[7.28325,49.34536]},"properties":{"d":"33019","kva":250,"kwp":230.8,"ratio":0.92,"load":70,"rf":0}},{"type":"Feature","geometry":{"type":"Point","coordinates":[7.2526,49.34827]},"properties":{"d":"33019","kva":400,"kwp":129.5,"ratio":0.32,"load":9,"rf":0}},{"type":"Feature","geometry":{"type":"Point","coordinates":[7.26373,49.35947]},"properties":{"d":"33019","kva":630,"kwp":135.6,"ratio":0.22,"load":19,"rf":0}},{"type":"Feature","geometry":{"type":"Point","coordinates":[7.24568,49.35127]},"properties":{"d":"33019","kva":250,"kwp":160.0,"ratio":0.64,"load":45,"rf":0}},{"type":"Feature","geometry":{"type":"Point","coordinates":[7.24834,49.35656]},"properties":{"d":"33019","kva":400,"kwp":108.6,"ratio":0.27,"load":6,"rf":0}},{"type":"Feature","geometry":{"type":"Point","coordinates":[7.27829,49.35395]},"properties":{"d":"33019","kva":160,"kwp":30.4,"ratio":0.19,"load":90,"rf":0}},{"type":"Feature","geometry":{"type":"Point","coordinates":[7.27306,49.3644]},"properties":{"d":"33019","kva":400,"kwp":96.5,"ratio":0.24,"load":13,"rf":0}},{"type":"Feature","geometry":{"type":"Point","coordinates":[7.25313,49.35266]},"properties":{"d":"33019","kva":400,"kwp":127.7,"ratio":0.32,"load":9,"rf":0}},{"type":"Feature","geometry":{"type":"Point","coordinates":[7.29741,49.34796]},"properties":{"d":"33019","kva":400,"kwp":91.2,"ratio":0.23,"load":13,"rf":0}},{"type":"Feature","geometry":{"type":"Point","coordinates":[7.26638,49.3485]},"properties":{"d":"33019","kva":400,"kwp":162.0,"ratio":0.41,"load":10,"rf":0}},{"type":"Feature","geometry":{"type":"Point","coordinates":[7.27312,49.34924]},"properties":{"d":"33019","kva":250,"kwp":289.8,"ratio":1.16,"load":89,"rf":0}},{"type":"Feature","geometry":{"type":"Point","coordinates":[7.25965,49.3642]},"properties":{"d":"33019","kva":400,"kwp":99.1,"ratio":0.25,"load":6,"rf":0}},{"type":"Feature","geometry":{"type":"Point","coordinates":[7.25755,49.34801]},"properties":{"d":"33019","kva":800,"kwp":175.5,"ratio":0.22,"load":5,"rf":0}},{"type":"Feature","geometry":{"type":"Point","coordinates":[7.25967,49.3578]},"properties":{"d":"33019","kva":400,"kwp":108.6,"ratio":0.27,"load":6,"rf":0}},{"type":"Feature","geometry":{"type":"Point","coordinates":[7.26615,49.35771]},"properties":{"d":"33019","kva":400,"kwp":116.4,"ratio":0.29,"load":8,"rf":0}},{"type":"Feature","geometry":{"type":"Point","coordinates":[7.27006,49.37124]},"properties":{"d":"33019","kva":160,"kwp":56.0,"ratio":0.35,"load":26,"rf":0}},{"type":"Feature","geometry":{"type":"Point","coordinates":[7.27232,49.35313]},"properties":{"d":"33019","kva":400,"kwp":69.5,"ratio":0.17,"load":9,"rf":0}},{"type":"Feature","geometry":{"type":"Point","coordinates":[7.25699,49.36713]},"properties":{"d":"33019","kva":400,"kwp":75.6,"ratio":0.19,"load":10,"rf":0}},{"type":"Feature","geometry":{"type":"Point","coordinates":[7.27136,49.34438]},"properties":{"d":"33019","kva":160,"kwp":96.3,"ratio":0.6,"load":6,"rf":0}},{"type":"Feature","geometry":{"type":"Point","coordinates":[7.25508,49.34949]},"properties":{"d":"33019","kva":400,"kwp":95.6,"ratio":0.24,"load":6,"rf":0}},{"type":"Feature","geometry":{"type":"Point","coordinates":[7.26513,49.35132]},"properties":{"d":"33019","kva":630,"kwp":166.0,"ratio":0.26,"load":7,"rf":0}},{"type":"Feature","geometry":{"type":"Point","coordinates":[7.29027,49.3469]},"properties":{"d":"33019","kva":400,"kwp":93.0,"ratio":0.23,"load":12,"rf":0}},{"type":"Feature","geometry":{"type":"Point","coordinates":[7.26139,49.34634]},"properties":{"d":"33019","kva":400,"kwp":93.0,"ratio":0.23,"load":6,"rf":0}},{"type":"Feature","geometry":{"type":"Point","coordinates":[7.26092,49.36238]},"properties":{"d":"33019","kva":400,"kwp":167.3,"ratio":0.42,"load":10,"rf":0}},{"type":"Feature","geometry":{"type":"Point","coordinates":[7.24832,49.34798]},"properties":{"d":"33019","kva":250,"kwp":65.2,"ratio":0.26,"load":4,"rf":0}},{"type":"Feature","geometry":{"type":"Point","coordinates":[7.29359,49.34423]},"properties":{"d":"33019","kva":250,"kwp":65.2,"ratio":0.26,"load":4,"rf":0}},{"type":"Feature","geometry":{"type":"Point","coordinates":[7.26666,49.36544]},"properties":{"d":"33019","kva":400,"kwp":77.3,"ratio":0.19,"load":11,"rf":0}},{"type":"Feature","geometry":{"type":"Point","coordinates":[7.28747,49.34933]},"properties":{"d":"33019","kva":160,"kwp":23.5,"ratio":0.15,"load":8,"rf":0}},{"type":"Feature","geometry":{"type":"Point","coordinates":[7.25866,49.3505]},"properties":{"d":"33019","kva":250,"kwp":55.6,"ratio":0.22,"load":12,"rf":0}},{"type":"Feature","geometry":{"type":"Point","coordinates":[7.26336,49.35531]},"properties":{"d":"33019","kva":250,"kwp":45.2,"ratio":0.18,"load":10,"rf":0}},{"type":"Feature","geometry":{"type":"Point","coordinates":[7.24505,49.35324]},"properties":{"d":"33019","kva":400,"kwp":93.0,"ratio":0.23,"load":12,"rf":0}},{"type":"Feature","geometry":{"type":"Point","coordinates":[7.26847,49.35018]},"properties":{"d":"33019","kva":400,"kwp":69.5,"ratio":0.17,"load":3,"rf":0}},{"type":"Feature","geometry":{"type":"Point","coordinates":[7.25613,49.3622]},"properties":{"d":"33019","kva":400,"kwp":123.4,"ratio":0.31,"load":9,"rf":0}},{"type":"Feature","geometry":{"type":"Point","coordinates":[7.27135,49.36033]},"properties":{"d":"33019","kva":250,"kwp":132.9,"ratio":0.53,"load":17,"rf":0}},{"type":"Feature","geometry":{"type":"Point","coordinates":[7.29229,49.3479]},"properties":{"d":"33019","kva":250,"kwp":40.8,"ratio":0.16,"load":9,"rf":0}},{"type":"Feature","geometry":{"type":"Point","coordinates":[7.25298,49.36771]},"properties":{"d":"33019","kva":160,"kwp":31.3,"ratio":0.2,"load":11,"rf":0}},{"type":"Feature","geometry":{"type":"Point","coordinates":[7.24636,49.35889]},"properties":{"d":"33019","kva":160,"kwp":111.3,"ratio":0.7,"load":22,"rf":0}},{"type":"Feature","geometry":{"type":"Point","coordinates":[7.29558,49.34556]},"properties":{"d":"33019","kva":250,"kwp":74.7,"ratio":0.3,"load":5,"rf":0}},{"type":"Feature","geometry":{"type":"Point","coordinates":[7.24452,49.35625]},"properties":{"d":"33019","kva":160,"kwp":29.5,"ratio":0.18,"load":10,"rf":0}},{"type":"Feature","geometry":{"type":"Point","coordinates":[7.26999,49.35279]},"properties":{"d":"33019","kva":250,"kwp":47.8,"ratio":0.19,"load":11,"rf":0}},{"type":"Feature","geometry":{"type":"Point","coordinates":[7.25616,49.35352]},"properties":{"d":"33019","kva":250,"kwp":39.1,"ratio":0.16,"load":7,"rf":0}},{"type":"Feature","geometry":{"type":"Point","coordinates":[7.23401,49.3635]},"properties":{"d":"33019","kva":630,"kwp":8.7,"ratio":0.01,"load":6,"rf":0}},{"type":"Feature","geometry":{"type":"Point","coordinates":[7.28653,49.33997]},"properties":{"d":"33019","kva":100,"kwp":2.6,"ratio":0.03,"load":2,"rf":0}},{"type":"Feature","geometry":{"type":"Point","coordinates":[7.2558,49.38135]},"properties":{"d":"33019","kva":630,"kwp":218.1,"ratio":0.35,"load":9,"rf":0}},{"type":"Feature","geometry":{"type":"Point","coordinates":[7.27152,49.38942]},"properties":{"d":"33019","kva":800,"kwp":253.7,"ratio":0.32,"load":9,"rf":0}},{"type":"Feature","geometry":{"type":"Point","coordinates":[7.26223,49.37671]},"properties":{"d":"33019","kva":400,"kwp":115.6,"ratio":0.29,"load":6,"rf":0}},{"type":"Feature","geometry":{"type":"Point","coordinates":[7.26214,49.38869]},"properties":{"d":"33019","kva":400,"kwp":101.7,"ratio":0.25,"load":5,"rf":0}},{"type":"Feature","geometry":{"type":"Point","coordinates":[7.27672,49.38696]},"properties":{"d":"33019","kva":400,"kwp":73.0,"ratio":0.18,"load":10,"rf":0}},{"type":"Feature","geometry":{"type":"Point","coordinates":[7.25608,49.38313]},"properties":{"d":"33019","kva":400,"kwp":118.2,"ratio":0.3,"load":8,"rf":0}},{"type":"Feature","geometry":{"type":"Point","coordinates":[7.27499,49.39484]},"properties":{"d":"33019","kva":250,"kwp":44.3,"ratio":0.18,"load":10,"rf":0}},{"type":"Feature","geometry":{"type":"Point","coordinates":[7.2557,49.37676]},"properties":{"d":"33019","kva":630,"kwp":220.3,"ratio":0.35,"load":10,"rf":0}},{"type":"Feature","geometry":{"type":"Point","coordinates":[7.26629,49.39101]},"properties":{"d":"33019","kva":400,"kwp":109.5,"ratio":0.27,"load":6,"rf":0}},{"type":"Feature","geometry":{"type":"Point","coordinates":[7.25215,49.38266]},"properties":{"d":"33019","kva":630,"kwp":201.6,"ratio":0.32,"load":9,"rf":0}},{"type":"Feature","geometry":{"type":"Point","coordinates":[7.26184,49.36516]},"properties":{"d":"33019","kva":630,"kwp":198.1,"ratio":0.31,"load":9,"rf":0}},{"type":"Feature","geometry":{"type":"Point","coordinates":[7.25019,49.3573]},"properties":{"d":"33019","kva":630,"kwp":182.5,"ratio":0.29,"load":8,"rf":0}},{"type":"Feature","geometry":{"type":"Point","coordinates":[7.26087,49.34873]},"properties":{"d":"33019","kva":800,"kwp":188.6,"ratio":0.24,"load":5,"rf":0}},{"type":"Feature","geometry":{"type":"Point","coordinates":[7.23849,49.36181]},"properties":{"d":"33019","kva":400,"kwp":10.4,"ratio":0.03,"load":4,"rf":0}},{"type":"Feature","geometry":{"type":"Point","coordinates":[7.2512,49.3615]},"properties":{"d":"33019","kva":400,"kwp":129.5,"ratio":0.32,"load":9,"rf":0}},{"type":"Feature","geometry":{"type":"Point","coordinates":[7.26009,49.35381]},"properties":{"d":"33019","kva":630,"kwp":197.3,"ratio":0.31,"load":9,"rf":0}},{"type":"Feature","geometry":{"type":"Point","coordinates":[7.25084,49.35028]},"properties":{"d":"33019","kva":630,"kwp":149.5,"ratio":0.24,"load":6,"rf":0}},{"type":"Feature","geometry":{"type":"Point","coordinates":[7.2526,49.34827]},"properties":{"d":"33019","kva":400,"kwp":129.5,"ratio":0.32,"load":9,"rf":0}},{"type":"Feature","geometry":{"type":"Point","coordinates":[7.27829,49.35395]},"properties":{"d":"33019","kva":160,"kwp":30.4,"ratio":0.19,"load":90,"rf":0}},{"type":"Feature","geometry":{"type":"Point","coordinates":[7.25313,49.35266]},"properties":{"d":"33019","kva":400,"kwp":127.7,"ratio":0.32,"load":9,"rf":0}},{"type":"Feature","geometry":{"type":"Point","coordinates":[7.25965,49.3642]},"properties":{"d":"33019","kva":400,"kwp":99.1,"ratio":0.25,"load":6,"rf":0}},{"type":"Feature","geometry":{"type":"Point","coordinates":[7.25755,49.34801]},"properties":{"d":"33019","kva":800,"kwp":175.5,"ratio":0.22,"load":5,"rf":0}},{"type":"Feature","geometry":{"type":"Point","coordinates":[7.26615,49.35771]},"properties":{"d":"33019","kva":400,"kwp":116.4,"ratio":0.29,"load":8,"rf":0}},{"type":"Feature","geometry":{"type":"Point","coordinates":[7.27136,49.34438]},"properties":{"d":"33019","kva":160,"kwp":96.3,"ratio":0.6,"load":6,"rf":0}},{"type":"Feature","geometry":{"type":"Point","coordinates":[7.25508,49.34949]},"properties":{"d":"33019","kva":400,"kwp":95.6,"ratio":0.24,"load":6,"rf":0}},{"type":"Feature","geometry":{"type":"Point","coordinates":[7.26139,49.34634]},"properties":{"d":"33019","kva":400,"kwp":93.0,"ratio":0.23,"load":6,"rf":0}},{"type":"Feature","geometry":{"type":"Point","coordinates":[7.25613,49.3622]},"properties":{"d":"33019","kva":400,"kwp":123.4,"ratio":0.31,"load":9,"rf":0}},{"type":"Feature","geometry":{"type":"Point","coordinates":[7.27135,49.36033]},"properties":{"d":"33019","kva":250,"kwp":132.9,"ratio":0.53,"load":17,"rf":0}},{"type":"Feature","geometry":{"type":"Point","coordinates":[7.23401,49.3635]},"properties":{"d":"33019","kva":630,"kwp":8.7,"ratio":0.01,"load":6,"rf":0}},{"type":"Feature","geometry":{"type":"Point","coordinates":[7.2558,49.38135]},"properties":{"d":"33019","kva":630,"kwp":218.1,"ratio":0.35,"load":9,"rf":0}},{"type":"Feature","geometry":{"type":"Point","coordinates":[7.27152,49.38942]},"properties":{"d":"33019","kva":800,"kwp":253.7,"ratio":0.32,"load":9,"rf":0}},{"type":"Feature","geometry":{"type":"Point","coordinates":[7.25608,49.38313]},"properties":{"d":"33019","kva":400,"kwp":118.2,"ratio":0.3,"load":8,"rf":0}},{"type":"Feature","geometry":{"type":"Point","coordinates":[7.2557,49.37676]},"properties":{"d":"33019","kva":630,"kwp":220.3,"ratio":0.35,"load":10,"rf":0}},{"type":"Feature","geometry":{"type":"Point","coordinates":[7.25215,49.38266]},"properties":{"d":"33019","kva":630,"kwp":201.6,"ratio":0.32,"load":9,"rf":0}},{"type":"Feature","geometry":{"type":"Point","coordinates":[7.25507,49.35646]},"properties":{"d":"33019","kva":630,"kwp":203.8,"ratio":0.32,"load":10,"rf":0}},{"type":"Feature","geometry":{"type":"Point","coordinates":[7.23849,49.36181]},"properties":{"d":"33019","kva":630,"kwp":10.4,"ratio":0.02,"load":4,"rf":0}},{"type":"Feature","geometry":{"type":"Point","coordinates":[7.26682,49.35926]},"properties":{"d":"33019","kva":630,"kwp":90.4,"ratio":0.14,"load":4,"rf":0}},{"type":"Feature","geometry":{"type":"Point","coordinates":[7.24886,49.35379]},"properties":{"d":"33019","kva":630,"kwp":143.1,"ratio":0.23,"load":9,"rf":0}},{"type":"Feature","geometry":{"type":"Point","coordinates":[7.27158,49.34751]},"properties":{"d":"33019","kva":630,"kwp":183.3,"ratio":0.29,"load":12,"rf":0}},{"type":"Feature","geometry":{"type":"Point","coordinates":[7.2495,49.36357]},"properties":{"d":"33019","kva":630,"kwp":100.8,"ratio":0.16,"load":5,"rf":0}},{"type":"Feature","geometry":{"type":"Point","coordinates":[7.24834,49.35656]},"properties":{"d":"33019","kva":630,"kwp":108.6,"ratio":0.17,"load":6,"rf":0}},{"type":"Feature","geometry":{"type":"Point","coordinates":[7.26638,49.3485]},"properties":{"d":"33019","kva":630,"kwp":162.0,"ratio":0.26,"load":10,"rf":0}},{"type":"Feature","geometry":{"type":"Point","coordinates":[7.25967,49.3578]},"properties":{"d":"33019","kva":630,"kwp":108.6,"ratio":0.17,"load":6,"rf":0}},{"type":"Feature","geometry":{"type":"Point","coordinates":[7.27136,49.34438]},"properties":{"d":"33019","kva":630,"kwp":96.3,"ratio":0.15,"load":6,"rf":0}},{"type":"Feature","geometry":{"type":"Point","coordinates":[7.26513,49.35132]},"properties":{"d":"33019","kva":630,"kwp":166.0,"ratio":0.26,"load":7,"rf":0}},{"type":"Feature","geometry":{"type":"Point","coordinates":[7.26092,49.36238]},"properties":{"d":"33019","kva":630,"kwp":167.3,"ratio":0.27,"load":10,"rf":0}},{"type":"Feature","geometry":{"type":"Point","coordinates":[7.24832,49.34798]},"properties":{"d":"33019","kva":630,"kwp":65.2,"ratio":0.1,"load":4,"rf":0}},{"type":"Feature","geometry":{"type":"Point","coordinates":[7.29359,49.34423]},"properties":{"d":"33019","kva":630,"kwp":65.2,"ratio":0.1,"load":4,"rf":0}},{"type":"Feature","geometry":{"type":"Point","coordinates":[7.26847,49.35018]},"properties":{"d":"33019","kva":630,"kwp":69.5,"ratio":0.11,"load":3,"rf":0}},{"type":"Feature","geometry":{"type":"Point","coordinates":[7.24636,49.35889]},"properties":{"d":"33019","kva":630,"kwp":111.3,"ratio":0.18,"load":22,"rf":0}},{"type":"Feature","geometry":{"type":"Point","coordinates":[7.29558,49.34556]},"properties":{"d":"33019","kva":630,"kwp":74.7,"ratio":0.12,"load":5,"rf":0}},{"type":"Feature","geometry":{"type":"Point","coordinates":[7.26223,49.37671]},"properties":{"d":"33019","kva":630,"kwp":115.6,"ratio":0.18,"load":6,"rf":0}},{"type":"Feature","geometry":{"type":"Point","coordinates":[7.26214,49.38869]},"properties":{"d":"33019","kva":630,"kwp":101.7,"ratio":0.16,"load":5,"rf":0}},{"type":"Feature","geometry":{"type":"Point","coordinates":[7.26629,49.39101]},"properties":{"d":"33019","kva":630,"kwp":109.5,"ratio":0.17,"load":6,"rf":0}},{"type":"Feature","geometry":{"type":"Point","coordinates":[7.14618,49.26463]},"properties":{"d":"33025","kva":100,"kwp":2.1,"ratio":0.02,"load":1,"rf":0}},{"type":"Feature","geometry":{"type":"Point","coordinates":[7.17321,49.27782]},"properties":{"d":"33025","kva":630,"kwp":82.1,"ratio":0.13,"load":4,"rf":0}},{"type":"Feature","geometry":{"type":"Point","coordinates":[7.13398,49.28999]},"properties":{"d":"33025","kva":1000,"kwp":361.2,"ratio":0.36,"load":11,"rf":0}},{"type":"Feature","geometry":{"type":"Point","coordinates":[7.16429,49.29106]},"properties":{"d":"33025","kva":630,"kwp":99.5,"ratio":0.16,"load":6,"rf":0}},{"type":"Feature","geometry":{"type":"Point","coordinates":[7.16145,49.28358]},"properties":{"d":"33025","kva":800,"kwp":287.3,"ratio":0.36,"load":10,"rf":0}},{"type":"Feature","geometry":{"type":"Point","coordinates":[7.16276,49.2785]},"properties":{"d":"33025","kva":630,"kwp":169.5,"ratio":0.27,"load":7,"rf":0}},{"type":"Feature","geometry":{"type":"Point","coordinates":[7.15792,49.28387]},"properties":{"d":"33025","kva":630,"kwp":329.2,"ratio":0.52,"load":38,"rf":0}},{"type":"Feature","geometry":{"type":"Point","coordinates":[7.16648,49.28079]},"properties":{"d":"33025","kva":400,"kwp":129.5,"ratio":0.32,"load":7,"rf":0}},{"type":"Feature","geometry":{"type":"Point","coordinates":[7.17114,49.28638]},"properties":{"d":"33025","kva":400,"kwp":64.3,"ratio":0.16,"load":7,"rf":0}},{"type":"Feature","geometry":{"type":"Point","coordinates":[7.17977,49.27553]},"properties":{"d":"33025","kva":800,"kwp":111.7,"ratio":0.14,"load":2,"rf":0}},{"type":"Feature","geometry":{"type":"Point","coordinates":[7.17072,49.26389]},"properties":{"d":"33025","kva":400,"kwp":120.0,"ratio":0.3,"load":7,"rf":0}},{"type":"Feature","geometry":{"type":"Point","coordinates":[7.15377,49.27495]},"properties":{"d":"33025","kva":1000,"kwp":239.7,"ratio":0.24,"load":3,"rf":0}},{"type":"Feature","geometry":{"type":"Point","coordinates":[7.14843,49.27316]},"properties":{"d":"33025","kva":1000,"kwp":543.0,"ratio":0.54,"load":11,"rf":0}},{"type":"Feature","geometry":{"type":"Point","coordinates":[7.16151,49.27044]},"properties":{"d":"33025","kva":400,"kwp":143.2,"ratio":0.36,"load":10,"rf":0}},{"type":"Feature","geometry":{"type":"Point","coordinates":[7.12923,49.27342]},"properties":{"d":"33025","kva":400,"kwp":102.9,"ratio":0.26,"load":5,"rf":0}},{"type":"Feature","geometry":{"type":"Point","coordinates":[7.16085,49.26366]},"properties":{"d":"33025","kva":400,"kwp":112.7,"ratio":0.28,"load":17,"rf":0}},{"type":"Feature","geometry":{"type":"Point","coordinates":[7.15373,49.28312]},"properties":{"d":"33025","kva":400,"kwp":144.3,"ratio":0.36,"load":11,"rf":0}},{"type":"Feature","geometry":{"type":"Point","coordinates":[7.16748,49.26582]},"properties":{"d":"33025","kva":400,"kwp":126.4,"ratio":0.32,"load":7,"rf":0}},{"type":"Feature","geometry":{"type":"Point","coordinates":[7.16113,49.28674]},"properties":{"d":"33025","kva":630,"kwp":165.6,"ratio":0.26,"load":6,"rf":0}},{"type":"Feature","geometry":{"type":"Point","coordinates":[7.16337,49.2645]},"properties":{"d":"33025","kva":400,"kwp":91.6,"ratio":0.23,"load":14,"rf":0}},{"type":"Feature","geometry":{"type":"Point","coordinates":[7.15859,49.28979]},"properties":{"d":"33025","kva":400,"kwp":133.7,"ratio":0.33,"load":22,"rf":0}},{"type":"Feature","geometry":{"type":"Point","coordinates":[7.16983,49.26766]},"properties":{"d":"33025","kva":630,"kwp":154.8,"ratio":0.25,"load":14,"rf":0}},{"type":"Feature","geometry":{"type":"Point","coordinates":[7.17224,49.2854]},"properties":{"d":"33025","kva":400,"kwp":55.6,"ratio":0.14,"load":6,"rf":0}},{"type":"Feature","geometry":{"type":"Point","coordinates":[7.15245,49.26625]},"properties":{"d":"33025","kva":400,"kwp":92.7,"ratio":0.23,"load":14,"rf":0}},{"type":"Feature","geometry":{"type":"Point","coordinates":[7.16711,49.28834]},"properties":{"d":"33025","kva":400,"kwp":71.0,"ratio":0.18,"load":3,"rf":0}},{"type":"Feature","geometry":{"type":"Point","coordinates":[7.12983,49.28296]},"properties":{"d":"33025","kva":400,"kwp":96.9,"ratio":0.24,"load":6,"rf":0}},{"type":"Feature","geometry":{"type":"Point","coordinates":[7.16405,49.26962]},"properties":{"d":"33025","kva":400,"kwp":139.0,"ratio":0.35,"load":10,"rf":0}},{"type":"Feature","geometry":{"type":"Point","coordinates":[7.12961,49.27965]},"properties":{"d":"33025","kva":630,"kwp":161.1,"ratio":0.26,"load":14,"rf":0}},{"type":"Feature","geometry":{"type":"Point","coordinates":[7.16002,49.26517]},"properties":{"d":"33025","kva":400,"kwp":127.4,"ratio":0.32,"load":7,"rf":0}},{"type":"Feature","geometry":{"type":"Point","coordinates":[7.13291,49.28567]},"properties":{"d":"33025","kva":250,"kwp":46.3,"ratio":0.19,"load":9,"rf":0}},{"type":"Feature","geometry":{"type":"Point","coordinates":[7.15899,49.27922]},"properties":{"d":"33025","kva":400,"kwp":112.7,"ratio":0.28,"load":6,"rf":0}},{"type":"Feature","geometry":{"type":"Point","coordinates":[7.16879,49.28362]},"properties":{"d":"33025","kva":400,"kwp":136.1,"ratio":0.34,"load":22,"rf":0}},{"type":"Feature","geometry":{"type":"Point","coordinates":[7.13081,49.28829]},"properties":{"d":"33025","kva":630,"kwp":198.0,"ratio":0.31,"load":9,"rf":0}},{"type":"Feature","geometry":{"type":"Point","coordinates":[7.12645,49.28717]},"properties":{"d":"33025","kva":630,"kwp":134.8,"ratio":0.21,"load":12,"rf":0}},{"type":"Feature","geometry":{"type":"Point","coordinates":[7.16784,49.2775]},"properties":{"d":"33025","kva":250,"kwp":63.2,"ratio":0.25,"load":14,"rf":0}},{"type":"Feature","geometry":{"type":"Point","coordinates":[7.14032,49.27341]},"properties":{"d":"33025","kva":400,"kwp":231.4,"ratio":0.58,"load":19,"rf":0}},{"type":"Feature","geometry":{"type":"Point","coordinates":[7.15235,49.28687]},"properties":{"d":"33025","kva":400,"kwp":125.3,"ratio":0.31,"load":7,"rf":0}},{"type":"Feature","geometry":{"type":"Point","coordinates":[7.14979,49.2868]},"properties":{"d":"33025","kva":400,"kwp":539.9,"ratio":1.35,"load":50,"rf":0}},{"type":"Feature","geometry":{"type":"Point","coordinates":[7.15882,49.26868]},"properties":{"d":"33025","kva":250,"kwp":62.1,"ratio":0.25,"load":15,"rf":0}},{"type":"Feature","geometry":{"type":"Point","coordinates":[7.16192,49.28221]},"properties":{"d":"33025","kva":400,"kwp":84.2,"ratio":0.21,"load":12,"rf":0}},{"type":"Feature","geometry":{"type":"Point","coordinates":[7.16713,49.26116]},"properties":{"d":"33025","kva":250,"kwp":51.6,"ratio":0.21,"load":12,"rf":0}},{"type":"Feature","geometry":{"type":"Point","coordinates":[7.13102,49.27153]},"properties":{"d":"33025","kva":250,"kwp":2.1,"ratio":0.01,"load":6,"rf":0}},{"type":"Feature","geometry":{"type":"Point","coordinates":[7.15581,49.27946]},"properties":{"d":"33025","kva":400,"kwp":107.4,"ratio":0.27,"load":6,"rf":0}},{"type":"Feature","geometry":{"type":"Point","coordinates":[7.16376,49.26683]},"properties":{"d":"33025","kva":400,"kwp":125.3,"ratio":0.31,"load":7,"rf":0}},{"type":"Feature","geometry":{"type":"Point","coordinates":[7.13243,49.27365]},"properties":{"d":"33025","kva":400,"kwp":111.6,"ratio":0.28,"load":6,"rf":0}},{"type":"Feature","geometry":{"type":"Point","coordinates":[7.16318,49.28888]},"properties":{"d":"33025","kva":400,"kwp":64.9,"ratio":0.16,"load":7,"rf":0}},{"type":"Feature","geometry":{"type":"Point","coordinates":[7.13556,49.26892]},"properties":{"d":"33025","kva":100,"kwp":1.1,"ratio":0.01,"load":5,"rf":0}},{"type":"Feature","geometry":{"type":"Point","coordinates":[7.13613,49.27158]},"properties":{"d":"33025","kva":400,"kwp":68.4,"ratio":0.17,"load":9,"rf":0}},{"type":"Feature","geometry":{"type":"Point","coordinates":[7.16305,49.26196]},"properties":{"d":"33025","kva":250,"kwp":53.7,"ratio":0.21,"load":13,"rf":0}},{"type":"Feature","geometry":{"type":"Point","coordinates":[7.17045,49.27975]},"properties":{"d":"33025","kva":400,"kwp":97.9,"ratio":0.24,"load":14,"rf":0}},{"type":"Feature","geometry":{"type":"Point","coordinates":[7.12694,49.2817]},"properties":{"d":"33025","kva":400,"kwp":89.5,"ratio":0.22,"load":12,"rf":0}},{"type":"Feature","geometry":{"type":"Point","coordinates":[7.1273,49.2842]},"properties":{"d":"33025","kva":250,"kwp":55.8,"ratio":0.22,"load":13,"rf":0}},{"type":"Feature","geometry":{"type":"Point","coordinates":[7.18323,49.27768]},"properties":{"d":"33025","kva":100,"kwp":1.1,"ratio":0.01,"load":1,"rf":0}},{"type":"Feature","geometry":{"type":"Point","coordinates":[7.18267,49.27489]},"properties":{"d":"33025","kva":100,"kwp":5.3,"ratio":0.05,"load":1,"rf":0}},{"type":"Feature","geometry":{"type":"Point","coordinates":[7.10837,49.30041]},"properties":{"d":"33025","kva":160,"kwp":39.9,"ratio":0.25,"load":17,"rf":0}},{"type":"Feature","geometry":{"type":"Point","coordinates":[7.13021,49.25478]},"properties":{"d":"33025","kva":100,"kwp":7.4,"ratio":0.07,"load":4,"rf":0}},{"type":"Feature","geometry":{"type":"Point","coordinates":[7.14207,49.2434]},"properties":{"d":"33025","kva":630,"kwp":159.5,"ratio":0.25,"load":6,"rf":0}},{"type":"Feature","geometry":{"type":"Point","coordinates":[7.14789,49.24301]},"properties":{"d":"33025","kva":630,"kwp":200.8,"ratio":0.32,"load":8,"rf":0}},{"type":"Feature","geometry":{"type":"Point","coordinates":[7.13578,49.24658]},"properties":{"d":"33025","kva":250,"kwp":75.3,"ratio":0.3,"load":5,"rf":0}},{"type":"Feature","geometry":{"type":"Point","coordinates":[7.15481,49.24625]},"properties":{"d":"33025","kva":250,"kwp":62.1,"ratio":0.25,"load":15,"rf":0}},{"type":"Feature","geometry":{"type":"Point","coordinates":[7.14093,49.24034]},"properties":{"d":"33025","kva":400,"kwp":69.2,"ratio":0.17,"load":3,"rf":0}},{"type":"Feature","geometry":{"type":"Point","coordinates":[7.16186,49.24786]},"properties":{"d":"33025","kva":160,"kwp":33.7,"ratio":0.21,"load":12,"rf":0}},{"type":"Feature","geometry":{"type":"Point","coordinates":[7.13919,49.25505]},"properties":{"d":"33025","kva":100,"kwp":3.2,"ratio":0.03,"load":2,"rf":0}},{"type":"Feature","geometry":{"type":"Point","coordinates":[7.15368,49.25534]},"properties":{"d":"33025","kva":100,"kwp":3.2,"ratio":0.03,"load":2,"rf":0}},{"type":"Feature","geometry":{"type":"Point","coordinates":[7.16053,49.29777]},"properties":{"d":"33025","kva":100,"kwp":2.4,"ratio":0.02,"load":1,"rf":0}},{"type":"Feature","geometry":{"type":"Point","coordinates":[7.16835,49.25218]},"properties":{"d":"33025","kva":100,"kwp":3.2,"ratio":0.03,"load":2,"rf":0}},{"type":"Feature","geometry":{"type":"Point","coordinates":[7.1765,49.25163]},"properties":{"d":"33025","kva":100,"kwp":6.3,"ratio":0.06,"load":4,"rf":0}},{"type":"Feature","geometry":{"type":"Point","coordinates":[7.17896,49.26966]},"properties":{"d":"33025","kva":100,"kwp":2.1,"ratio":0.02,"load":1,"rf":0}},{"type":"Feature","geometry":{"type":"Point","coordinates":[7.17709,49.29654]},"properties":{"d":"33025","kva":100,"kwp":3.0,"ratio":0.03,"load":1,"rf":0}},{"type":"Feature","geometry":{"type":"Point","coordinates":[7.13398,49.28999]},"properties":{"d":"33025","kva":1000,"kwp":361.2,"ratio":0.36,"load":11,"rf":0}},{"type":"Feature","geometry":{"type":"Point","coordinates":[7.16145,49.28358]},"properties":{"d":"33025","kva":800,"kwp":287.3,"ratio":0.36,"load":10,"rf":0}},{"type":"Feature","geometry":{"type":"Point","coordinates":[7.17977,49.27553]},"properties":{"d":"33025","kva":800,"kwp":111.7,"ratio":0.14,"load":2,"rf":0}},{"type":"Feature","geometry":{"type":"Point","coordinates":[7.13035,49.26818]},"properties":{"d":"33025","kva":630,"kwp":66.3,"ratio":0.11,"load":6,"rf":0}},{"type":"Feature","geometry":{"type":"Point","coordinates":[7.13035,49.26818]},"properties":{"d":"33025","kva":630,"kwp":66.3,"ratio":0.11,"load":6,"rf":0}},{"type":"Feature","geometry":{"type":"Point","coordinates":[7.13035,49.26818]},"properties":{"d":"33025","kva":630,"kwp":66.3,"ratio":0.11,"load":6,"rf":0}},{"type":"Feature","geometry":{"type":"Point","coordinates":[7.13035,49.26818]},"properties":{"d":"33025","kva":630,"kwp":66.3,"ratio":0.11,"load":6,"rf":0}},{"type":"Feature","geometry":{"type":"Point","coordinates":[7.15377,49.27495]},"properties":{"d":"33025","kva":1000,"kwp":239.7,"ratio":0.24,"load":3,"rf":0}},{"type":"Feature","geometry":{"type":"Point","coordinates":[7.14843,49.27316]},"properties":{"d":"33025","kva":1000,"kwp":543.0,"ratio":0.54,"load":11,"rf":0}},{"type":"Feature","geometry":{"type":"Point","coordinates":[7.16151,49.27044]},"properties":{"d":"33025","kva":400,"kwp":143.2,"ratio":0.36,"load":10,"rf":0}},{"type":"Feature","geometry":{"type":"Point","coordinates":[7.12923,49.27342]},"properties":{"d":"33025","kva":400,"kwp":102.9,"ratio":0.26,"load":5,"rf":0}},{"type":"Feature","geometry":{"type":"Point","coordinates":[7.15373,49.28312]},"properties":{"d":"33025","kva":400,"kwp":144.3,"ratio":0.36,"load":11,"rf":0}},{"type":"Feature","geometry":{"type":"Point","coordinates":[7.16113,49.28674]},"properties":{"d":"33025","kva":630,"kwp":165.6,"ratio":0.26,"load":6,"rf":0}},{"type":"Feature","geometry":{"type":"Point","coordinates":[7.12983,49.28296]},"properties":{"d":"33025","kva":400,"kwp":96.9,"ratio":0.24,"load":6,"rf":0}},{"type":"Feature","geometry":{"type":"Point","coordinates":[7.16405,49.26962]},"properties":{"d":"33025","kva":400,"kwp":139.0,"ratio":0.35,"load":10,"rf":0}},{"type":"Feature","geometry":{"type":"Point","coordinates":[7.13081,49.28829]},"properties":{"d":"33025","kva":630,"kwp":198.0,"ratio":0.31,"load":9,"rf":0}},{"type":"Feature","geometry":{"type":"Point","coordinates":[7.14032,49.27341]},"properties":{"d":"33025","kva":400,"kwp":231.4,"ratio":0.58,"load":19,"rf":0}},{"type":"Feature","geometry":{"type":"Point","coordinates":[7.14979,49.2868]},"properties":{"d":"33025","kva":400,"kwp":539.9,"ratio":1.35,"load":50,"rf":0}},{"type":"Feature","geometry":{"type":"Point","coordinates":[7.13102,49.27153]},"properties":{"d":"33025","kva":250,"kwp":2.1,"ratio":0.01,"load":6,"rf":0}},{"type":"Feature","geometry":{"type":"Point","coordinates":[7.13556,49.26892]},"properties":{"d":"33025","kva":100,"kwp":1.1,"ratio":0.01,"load":5,"rf":0}},{"type":"Feature","geometry":{"type":"Point","coordinates":[7.14207,49.2434]},"properties":{"d":"33025","kva":630,"kwp":159.5,"ratio":0.25,"load":6,"rf":0}},{"type":"Feature","geometry":{"type":"Point","coordinates":[7.14789,49.24301]},"properties":{"d":"33025","kva":630,"kwp":200.8,"ratio":0.32,"load":8,"rf":0}},{"type":"Feature","geometry":{"type":"Point","coordinates":[7.16276,49.2785]},"properties":{"d":"33025","kva":630,"kwp":169.5,"ratio":0.27,"load":7,"rf":0}},{"type":"Feature","geometry":{"type":"Point","coordinates":[7.16648,49.28079]},"properties":{"d":"33025","kva":630,"kwp":129.5,"ratio":0.21,"load":7,"rf":0}},{"type":"Feature","geometry":{"type":"Point","coordinates":[7.17977,49.27553]},"properties":{"d":"33025","kva":630,"kwp":111.7,"ratio":0.18,"load":3,"rf":0}},{"type":"Feature","geometry":{"type":"Point","coordinates":[7.17072,49.26389]},"properties":{"d":"33025","kva":630,"kwp":120.0,"ratio":0.19,"load":7,"rf":0}},{"type":"Feature","geometry":{"type":"Point","coordinates":[7.15377,49.27495]},"properties":{"d":"33025","kva":630,"kwp":239.7,"ratio":0.38,"load":4,"rf":0}},{"type":"Feature","geometry":{"type":"Point","coordinates":[7.14843,49.27316]},"properties":{"d":"33025","kva":630,"kwp":543.0,"ratio":0.86,"load":16,"rf":0}},{"type":"Feature","geometry":{"type":"Point","coordinates":[7.16748,49.26582]},"properties":{"d":"33025","kva":630,"kwp":126.4,"ratio":0.2,"load":7,"rf":0}},{"type":"Feature","geometry":{"type":"Point","coordinates":[7.16711,49.28834]},"properties":{"d":"33025","kva":630,"kwp":71.0,"ratio":0.11,"load":3,"rf":0}},{"type":"Feature","geometry":{"type":"Point","coordinates":[7.16002,49.26517]},"properties":{"d":"33025","kva":630,"kwp":127.4,"ratio":0.2,"load":7,"rf":0}},{"type":"Feature","geometry":{"type":"Point","coordinates":[7.15899,49.27922]},"properties":{"d":"33025","kva":630,"kwp":112.7,"ratio":0.18,"load":6,"rf":0}},{"type":"Feature","geometry":{"type":"Point","coordinates":[7.15235,49.28687]},"properties":{"d":"33025","kva":630,"kwp":125.3,"ratio":0.2,"load":7,"rf":0}},{"type":"Feature","geometry":{"type":"Point","coordinates":[7.15581,49.27946]},"properties":{"d":"33025","kva":630,"kwp":107.4,"ratio":0.17,"load":6,"rf":0}},{"type":"Feature","geometry":{"type":"Point","coordinates":[7.16376,49.26683]},"properties":{"d":"33025","kva":630,"kwp":125.3,"ratio":0.2,"load":7,"rf":0}},{"type":"Feature","geometry":{"type":"Point","coordinates":[7.13243,49.27365]},"properties":{"d":"33025","kva":630,"kwp":111.6,"ratio":0.18,"load":6,"rf":0}},{"type":"Feature","geometry":{"type":"Point","coordinates":[7.18323,49.27768]},"properties":{"d":"33025","kva":630,"kwp":1.1,"ratio":0.0,"load":1,"rf":0}},{"type":"Feature","geometry":{"type":"Point","coordinates":[7.18267,49.27489]},"properties":{"d":"33025","kva":630,"kwp":5.3,"ratio":0.01,"load":1,"rf":0}},{"type":"Feature","geometry":{"type":"Point","coordinates":[7.13578,49.24658]},"properties":{"d":"33025","kva":630,"kwp":75.3,"ratio":0.12,"load":5,"rf":0}},{"type":"Feature","geometry":{"type":"Point","coordinates":[7.14093,49.24034]},"properties":{"d":"33025","kva":630,"kwp":69.2,"ratio":0.11,"load":3,"rf":0}},{"type":"Feature","geometry":{"type":"Point","coordinates":[6.46795,49.5278]},"properties":{"d":"33035","kva":100,"kwp":47.0,"ratio":0.47,"load":38,"rf":0}},{"type":"Feature","geometry":{"type":"Point","coordinates":[6.50623,49.4776]},"properties":{"d":"33035","kva":630,"kwp":244.1,"ratio":0.39,"load":11,"rf":0}},{"type":"Feature","geometry":{"type":"Point","coordinates":[6.49759,49.47332]},"properties":{"d":"33035","kva":400,"kwp":156.8,"ratio":0.39,"load":25,"rf":0}},{"type":"Feature","geometry":{"type":"Point","coordinates":[6.49685,49.48509]},"properties":{"d":"33035","kva":100,"kwp":1.2,"ratio":0.01,"load":1,"rf":0}},{"type":"Feature","geometry":{"type":"Point","coordinates":[6.48651,49.52519]},"properties":{"d":"33035","kva":3000,"kwp":5764.9,"ratio":1.92,"load":75,"rf":1}},{"type":"Feature","geometry":{"type":"Point","coordinates":[6.49767,49.50095]},"properties":{"d":"33035","kva":100,"kwp":3.5,"ratio":0.04,"load":2,"rf":0}},{"type":"Feature","geometry":{"type":"Point","coordinates":[6.51106,49.46223]},"properties":{"d":"33035","kva":630,"kwp":352.6,"ratio":0.56,"load":39,"rf":0}},{"type":"Feature","geometry":{"type":"Point","coordinates":[6.52473,49.47726]},"properties":{"d":"33035","kva":100,"kwp":3.5,"ratio":0.04,"load":2,"rf":0}},{"type":"Feature","geometry":{"type":"Point","coordinates":[6.50109,49.50328]},"properties":{"d":"33035","kva":100,"kwp":3.5,"ratio":0.04,"load":2,"rf":0}},{"type":"Feature","geometry":{"type":"Point","coordinates":[6.51615,49.45407]},"properties":{"d":"33035","kva":100,"kwp":70.4,"ratio":0.7,"load":54,"rf":0}},{"type":"Feature","geometry":{"type":"Point","coordinates":[6.51116,49.4972]},"properties":{"d":"33035","kva":100,"kwp":3.5,"ratio":0.04,"load":2,"rf":0}},{"type":"Feature","geometry":{"type":"Point","coordinates":[6.53986,49.50916]},"properties":{"d":"33035","kva":630,"kwp":141.3,"ratio":0.22,"load":5,"rf":0}},{"type":"Feature","geometry":{"type":"Point","coordinates":[6.53066,49.50564]},"properties":{"d":"33035","kva":630,"kwp":188.3,"ratio":0.3,"load":18,"rf":0}},{"type":"Feature","geometry":{"type":"Point","coordinates":[6.52213,49.50435]},"properties":{"d":"33035","kva":630,"kwp":258.1,"ratio":0.41,"load":13,"rf":0}},{"type":"Feature","geometry":{"type":"Point","coordinates":[6.52563,49.50391]},"properties":{"d":"33035","kva":630,"kwp":224.3,"ratio":0.36,"load":11,"rf":0}},{"type":"Feature","geometry":{"type":"Point","coordinates":[6.53467,49.50906]},"properties":{"d":"33035","kva":400,"kwp":163.5,"ratio":0.41,"load":12,"rf":0}},{"type":"Feature","geometry":{"type":"Point","coordinates":[6.52429,49.50691]},"properties":{"d":"33035","kva":630,"kwp":242.9,"ratio":0.39,"load":11,"rf":0}},{"type":"Feature","geometry":{"type":"Point","coordinates":[6.52893,49.50701]},"properties":{"d":"33035","kva":630,"kwp":244.8,"ratio":0.39,"load":25,"rf":0}},{"type":"Feature","geometry":{"type":"Point","coordinates":[6.52255,49.50137]},"properties":{"d":"33035","kva":400,"kwp":141.3,"ratio":0.35,"load":8,"rf":0}},{"type":"Feature","geometry":{"type":"Point","coordinates":[6.52959,49.51086]},"properties":{"d":"33035","kva":400,"kwp":101.6,"ratio":0.25,"load":25,"rf":0}},{"type":"Feature","geometry":{"type":"Point","coordinates":[6.52567,49.51061]},"properties":{"d":"33035","kva":250,"kwp":51.4,"ratio":0.21,"load":12,"rf":0}},{"type":"Feature","geometry":{"type":"Point","coordinates":[6.52309,49.44631]},"properties":{"d":"33035","kva":400,"kwp":135.5,"ratio":0.34,"load":8,"rf":0}},{"type":"Feature","geometry":{"type":"Point","coordinates":[6.52433,49.48635]},"properties":{"d":"33035","kva":100,"kwp":1.2,"ratio":0.01,"load":0,"rf":0}},{"type":"Feature","geometry":{"type":"Point","coordinates":[6.52141,49.48645]},"properties":{"d":"33035","kva":100,"kwp":3.5,"ratio":0.04,"load":2,"rf":0}},{"type":"Feature","geometry":{"type":"Point","coordinates":[6.53341,49.45989]},"properties":{"d":"33035","kva":400,"kwp":122.6,"ratio":0.31,"load":7,"rf":0}},{"type":"Feature","geometry":{"type":"Point","coordinates":[6.53001,49.52107]},"properties":{"d":"33035","kva":100,"kwp":1.2,"ratio":0.01,"load":0,"rf":0}},{"type":"Feature","geometry":{"type":"Point","coordinates":[6.54073,49.48467]},"properties":{"d":"33035","kva":630,"kwp":219.6,"ratio":0.35,"load":11,"rf":0}},{"type":"Feature","geometry":{"type":"Point","coordinates":[6.53654,49.48435]},"properties":{"d":"33035","kva":250,"kwp":80.6,"ratio":0.32,"load":6,"rf":0}},{"type":"Feature","geometry":{"type":"Point","coordinates":[6.54536,49.49754]},"properties":{"d":"33035","kva":100,"kwp":1.2,"ratio":0.01,"load":0,"rf":0}},{"type":"Feature","geometry":{"type":"Point","coordinates":[6.55095,49.47632]},"properties":{"d":"33035","kva":100,"kwp":3.5,"ratio":0.04,"load":2,"rf":0}},{"type":"Feature","geometry":{"type":"Point","coordinates":[6.54985,49.47353]},"properties":{"d":"33035","kva":100,"kwp":1.2,"ratio":0.01,"load":0,"rf":0}},{"type":"Feature","geometry":{"type":"Point","coordinates":[6.54943,49.49568]},"properties":{"d":"33035","kva":100,"kwp":1.2,"ratio":0.01,"load":0,"rf":0}},{"type":"Feature","geometry":{"type":"Point","coordinates":[6.55683,49.42659]},"properties":{"d":"33035","kva":100,"kwp":73.5,"ratio":0.73,"load":59,"rf":0}},{"type":"Feature","geometry":{"type":"Point","coordinates":[6.5528,49.44483]},"properties":{"d":"33035","kva":400,"kwp":175.0,"ratio":0.44,"load":14,"rf":0}},{"type":"Feature","geometry":{"type":"Point","coordinates":[6.53303,49.52815]},"properties":{"d":"33035","kva":630,"kwp":273.3,"ratio":0.43,"load":13,"rf":0}},{"type":"Feature","geometry":{"type":"Point","coordinates":[6.54051,49.53016]},"properties":{"d":"33035","kva":630,"kwp":203.2,"ratio":0.32,"load":19,"rf":0}},{"type":"Feature","geometry":{"type":"Point","coordinates":[6.53858,49.5339]},"properties":{"d":"33035","kva":250,"kwp":59.6,"ratio":0.24,"load":14,"rf":0}},{"type":"Feature","geometry":{"type":"Point","coordinates":[6.55737,49.42913]},"properties":{"d":"33035","kva":100,"kwp":46.5,"ratio":0.47,"load":37,"rf":0}},{"type":"Feature","geometry":{"type":"Point","coordinates":[6.5544,49.48146]},"properties":{"d":"33035","kva":100,"kwp":2.3,"ratio":0.02,"load":1,"rf":0}},{"type":"Feature","geometry":{"type":"Point","coordinates":[6.55855,49.48921]},"properties":{"d":"33035","kva":100,"kwp":1.2,"ratio":0.01,"load":0,"rf":0}},{"type":"Feature","geometry":{"type":"Point","coordinates":[6.56736,49.45631]},"properties":{"d":"33035","kva":400,"kwp":172.4,"ratio":0.43,"load":14,"rf":0}},{"type":"Feature","geometry":{"type":"Point","coordinates":[6.61891,49.43892]},"properties":{"d":"33035","kva":400,"kwp":192.1,"ratio":0.48,"load":16,"rf":0}},{"type":"Feature","geometry":{"type":"Point","coordinates":[6.62558,49.44581]},"properties":{"d":"33035","kva":400,"kwp":252.0,"ratio":0.63,"load":65,"rf":0}},{"type":"Feature","geometry":{"type":"Point","coordinates":[6.60819,49.44043]},"properties":{"d":"33035","kva":400,"kwp":186.9,"ratio":0.47,"load":15,"rf":0}},{"type":"Feature","geometry":{"type":"Point","coordinates":[6.60246,49.45284]},"properties":{"d":"33035","kva":250,"kwp":67.1,"ratio":0.27,"load":17,"rf":0}},{"type":"Feature","geometry":{"type":"Point","coordinates":[6.61148,49.44108]},"properties":{"d":"33035","kva":400,"kwp":125.0,"ratio":0.31,"load":7,"rf":0}},{"type":"Feature","geometry":{"type":"Point","coordinates":[6.6016,49.45127]},"properties":{"d":"33035","kva":400,"kwp":126.3,"ratio":0.32,"load":20,"rf":0}},{"type":"Feature","geometry":{"type":"Point","coordinates":[6.59945,49.44459]},"properties":{"d":"33035","kva":250,"kwp":76.3,"ratio":0.31,"load":20,"rf":0}},{"type":"Feature","geometry":{"type":"Point","coordinates":[6.62082,49.44091]},"properties":{"d":"33035","kva":400,"kwp":126.3,"ratio":0.32,"load":20,"rf":0}},{"type":"Feature","geometry":{"type":"Point","coordinates":[6.59224,49.46318]},"properties":{"d":"33035","kva":400,"kwp":171.6,"ratio":0.43,"load":11,"rf":0}},{"type":"Feature","geometry":{"type":"Point","coordinates":[6.58399,49.46705]},"properties":{"d":"33035","kva":160,"kwp":27.6,"ratio":0.17,"load":11,"rf":0}},{"type":"Feature","geometry":{"type":"Point","coordinates":[6.59603,49.44329]},"properties":{"d":"33035","kva":400,"kwp":135.5,"ratio":0.34,"load":22,"rf":0}},{"type":"Feature","geometry":{"type":"Point","coordinates":[6.61661,49.44133]},"properties":{"d":"33035","kva":400,"kwp":195.1,"ratio":0.49,"load":13,"rf":0}},{"type":"Feature","geometry":{"type":"Point","coordinates":[6.58751,49.46635]},"properties":{"d":"33035","kva":400,"kwp":238.5,"ratio":0.6,"load":42,"rf":0}},{"type":"Feature","geometry":{"type":"Point","coordinates":[6.61217,49.43415]},"properties":{"d":"33035","kva":250,"kwp":84.2,"ratio":0.34,"load":22,"rf":0}},{"type":"Feature","geometry":{"type":"Point","coordinates":[6.59175,49.4663]},"properties":{"d":"33035","kva":400,"kwp":171.1,"ratio":0.43,"load":11,"rf":0}},{"type":"Feature","geometry":{"type":"Point","coordinates":[6.59642,49.45863]},"properties":{"d":"33035","kva":250,"kwp":79.0,"ratio":0.32,"load":20,"rf":0}},{"type":"Feature","geometry":{"type":"Point","coordinates":[6.59171,49.4435]},"properties":{"d":"33035","kva":400,"kwp":110.5,"ratio":0.28,"load":18,"rf":0}},{"type":"Feature","geometry":{"type":"Point","coordinates":[6.61374,49.44552]},"properties":{"d":"33035","kva":250,"kwp":250.2,"ratio":1.0,"load":79,"rf":0}},{"type":"Feature","geometry":{"type":"Point","coordinates":[6.61686,49.43212]},"properties":{"d":"33035","kva":400,"kwp":139.5,"ratio":0.35,"load":22,"rf":0}},{"type":"Feature","geometry":{"type":"Point","coordinates":[6.58138,49.45997]},"properties":{"d":"33035","kva":630,"kwp":73.7,"ratio":0.12,"load":50,"rf":0}},{"type":"Feature","geometry":{"type":"Point","coordinates":[6.61337,49.43734]},"properties":{"d":"33035","kva":160,"kwp":116.8,"ratio":0.73,"load":54,"rf":0}},{"type":"Feature","geometry":{"type":"Point","coordinates":[6.58685,49.47312]},"properties":{"d":"33035","kva":160,"kwp":43.4,"ratio":0.27,"load":18,"rf":0}},{"type":"Feature","geometry":{"type":"Point","coordinates":[6.58624,49.46338]},"properties":{"d":"33035","kva":250,"kwp":111.9,"ratio":0.45,"load":14,"rf":0}},{"type":"Feature","geometry":{"type":"Point","coordinates":[6.58783,49.46854]},"properties":{"d":"33035","kva":160,"kwp":59.2,"ratio":0.37,"load":5,"rf":0}},{"type":"Feature","geometry":{"type":"Point","coordinates":[6.58741,49.44102]},"properties":{"d":"33035","kva":160,"kwp":44.7,"ratio":0.28,"load":18,"rf":0}},{"type":"Feature","geometry":{"type":"Point","coordinates":[6.61079,49.44829]},"properties":{"d":"33035","kva":250,"kwp":79.0,"ratio":0.32,"load":20,"rf":0}},{"type":"Feature","geometry":{"type":"Point","coordinates":[6.61919,49.43355]},"properties":{"d":"33035","kva":400,"kwp":152.7,"ratio":0.38,"load":9,"rf":0}},{"type":"Feature","geometry":{"type":"Point","coordinates":[6.60708,49.45201]},"properties":{"d":"33035","kva":250,"kwp":120.5,"ratio":0.48,"load":33,"rf":0}},{"type":"Feature","geometry":{"type":"Point","coordinates":[6.59535,49.46454]},"properties":{"d":"33035","kva":250,"kwp":55.3,"ratio":0.22,"load":14,"rf":0}},{"type":"Feature","geometry":{"type":"Point","coordinates":[6.61192,49.4317]},"properties":{"d":"33035","kva":250,"kwp":79.0,"ratio":0.32,"load":20,"rf":0}},{"type":"Feature","geometry":{"type":"Point","coordinates":[6.57976,49.46252]},"properties":{"d":"33035","kva":250,"kwp":68.4,"ratio":0.27,"load":17,"rf":0}},{"type":"Feature","geometry":{"type":"Point","coordinates":[6.61521,49.44099]},"properties":{"d":"33035","kva":250,"kwp":101.3,"ratio":0.41,"load":7,"rf":0}},{"type":"Feature","geometry":{"type":"Point","coordinates":[6.60777,49.44949]},"properties":{"d":"33035","kva":250,"kwp":107.9,"ratio":0.43,"load":8,"rf":0}},{"type":"Feature","geometry":{"type":"Point","coordinates":[6.60526,49.4479]},"properties":{"d":"33035","kva":100,"kwp":22.4,"ratio":0.22,"load":14,"rf":0}},{"type":"Feature","geometry":{"type":"Point","coordinates":[6.5997,49.45323]},"properties":{"d":"33035","kva":100,"kwp":10.5,"ratio":0.11,"load":7,"rf":0}},{"type":"Feature","geometry":{"type":"Point","coordinates":[6.58442,49.46367]},"properties":{"d":"33035","kva":160,"kwp":34.2,"ratio":0.21,"load":7,"rf":0}},{"type":"Feature","geometry":{"type":"Point","coordinates":[6.62137,49.43142]},"properties":{"d":"33035","kva":100,"kwp":13.2,"ratio":0.13,"load":8,"rf":0}},{"type":"Feature","geometry":{"type":"Point","coordinates":[6.57154,49.42343]},"properties":{"d":"33035","kva":400,"kwp":193.5,"ratio":0.48,"load":15,"rf":0}},{"type":"Feature","geometry":{"type":"Point","coordinates":[6.56592,49.48524]},"properties":{"d":"33035","kva":250,"kwp":74.8,"ratio":0.3,"load":18,"rf":0}},{"type":"Feature","geometry":{"type":"Point","coordinates":[6.57075,49.43613]},"properties":{"d":"33035","kva":100,"kwp":1.3,"ratio":0.01,"load":2,"rf":0}},{"type":"Feature","geometry":{"type":"Point","coordinates":[6.5683,49.51007]},"properties":{"d":"33035","kva":100,"kwp":3.5,"ratio":0.04,"load":2,"rf":0}},{"type":"Feature","geometry":{"type":"Point","coordinates":[6.58467,49.48525]},"properties":{"d":"33035","kva":100,"kwp":10.5,"ratio":0.11,"load":6,"rf":0}},{"type":"Feature","geometry":{"type":"Point","coordinates":[6.59131,49.4918]},"properties":{"d":"33035","kva":400,"kwp":120.3,"ratio":0.3,"load":7,"rf":0}},{"type":"Feature","geometry":{"type":"Point","coordinates":[6.60714,49.4935]},"properties":{"d":"33035","kva":250,"kwp":65.4,"ratio":0.26,"load":6,"rf":0}},{"type":"Feature","geometry":{"type":"Point","coordinates":[6.58266,49.4949]},"properties":{"d":"33035","kva":400,"kwp":137.8,"ratio":0.34,"load":10,"rf":0}},{"type":"Feature","geometry":{"type":"Point","coordinates":[6.58707,49.49319]},"properties":{"d":"33035","kva":630,"kwp":316.3,"ratio":0.5,"load":16,"rf":0}},{"type":"Feature","geometry":{"type":"Point","coordinates":[6.60337,49.49143]},"properties":{"d":"33035","kva":630,"kwp":230.0,"ratio":0.37,"load":11,"rf":0}},{"type":"Feature","geometry":{"type":"Point","coordinates":[6.61667,49.49363]},"properties":{"d":"33035","kva":400,"kwp":132.0,"ratio":0.33,"load":8,"rf":0}},{"type":"Feature","geometry":{"type":"Point","coordinates":[6.5886,49.49803]},"properties":{"d":"33035","kva":630,"kwp":270.1,"ratio":0.43,"load":28,"rf":0}},{"type":"Feature","geometry":{"type":"Point","coordinates":[6.59836,49.49305]},"properties":{"d":"33035","kva":1000,"kwp":65.4,"ratio":0.07,"load":2,"rf":0}},{"type":"Feature","geometry":{"type":"Point","coordinates":[6.60179,49.49685]},"properties":{"d":"33035","kva":630,"kwp":89.9,"ratio":0.14,"load":2,"rf":0}},{"type":"Feature","geometry":{"type":"Point","coordinates":[6.59696,49.49743]},"properties":{"d":"33035","kva":250,"kwp":216.7,"ratio":0.87,"load":65,"rf":0}},{"type":"Feature","geometry":{"type":"Point","coordinates":[6.57497,49.49611]},"properties":{"d":"33035","kva":630,"kwp":177.5,"ratio":0.28,"load":17,"rf":0}},{"type":"Feature","geometry":{"type":"Point","coordinates":[6.60274,49.493]},"properties":{"d":"33035","kva":630,"kwp":200.1,"ratio":0.32,"load":8,"rf":0}},{"type":"Feature","geometry":{"type":"Point","coordinates":[6.57766,49.49623]},"properties":{"d":"33035","kva":250,"kwp":82.9,"ratio":0.33,"load":6,"rf":0}},{"type":"Feature","geometry":{"type":"Point","coordinates":[6.58398,49.48195]},"properties":{"d":"33035","kva":100,"kwp":1.2,"ratio":0.01,"load":1,"rf":0}},{"type":"Feature","geometry":{"type":"Point","coordinates":[6.59016,49.43333]},"properties":{"d":"33035","kva":100,"kwp":3.9,"ratio":0.04,"load":3,"rf":0}},{"type":"Feature","geometry":{"type":"Point","coordinates":[6.5952,49.41646]},"properties":{"d":"33035","kva":630,"kwp":317.9,"ratio":0.5,"load":17,"rf":0}},{"type":"Feature","geometry":{"type":"Point","coordinates":[6.6026,49.41887]},"properties":{"d":"33035","kva":400,"kwp":113.2,"ratio":0.28,"load":36,"rf":0}},{"type":"Feature","geometry":{"type":"Point","coordinates":[6.59311,49.48043]},"properties":{"d":"33035","kva":100,"kwp":1.2,"ratio":0.01,"load":1,"rf":0}},{"type":"Feature","geometry":{"type":"Point","coordinates":[6.63078,49.45499]},"properties":{"d":"33035","kva":630,"kwp":75.0,"ratio":0.12,"load":2,"rf":0}},{"type":"Feature","geometry":{"type":"Point","coordinates":[6.63962,49.45623]},"properties":{"d":"33035","kva":400,"kwp":180.3,"ratio":0.45,"load":14,"rf":0}},{"type":"Feature","geometry":{"type":"Point","coordinates":[6.6604,49.43982]},"properties":{"d":"33035","kva":400,"kwp":176.3,"ratio":0.44,"load":14,"rf":0}},{"type":"Feature","geometry":{"type":"Point","coordinates":[6.61541,49.47454]},"properties":{"d":"33035","kva":250,"kwp":100.0,"ratio":0.4,"load":7,"rf":0}},{"type":"Feature","geometry":{"type":"Point","coordinates":[6.65839,49.44839]},"properties":{"d":"33035","kva":630,"kwp":205.3,"ratio":0.33,"load":8,"rf":0}},{"type":"Feature","geometry":{"type":"Point","coordinates":[6.63527,49.45105]},"properties":{"d":"33035","kva":630,"kwp":403.5,"ratio":0.64,"load":21,"rf":0}},{"type":"Feature","geometry":{"type":"Point","coordinates":[6.64235,49.44041]},"properties":{"d":"33035","kva":630,"kwp":173.7,"ratio":0.28,"load":17,"rf":0}},{"type":"Feature","geometry":{"type":"Point","coordinates":[6.66003,49.4458]},"properties":{"d":"33035","kva":630,"kwp":210.6,"ratio":0.33,"load":10,"rf":0}},{"type":"Feature","geometry":{"type":"Point","coordinates":[6.63767,49.44155]},"properties":{"d":"33035","kva":630,"kwp":160.5,"ratio":0.25,"load":10,"rf":0}},{"type":"Feature","geometry":{"type":"Point","coordinates":[6.63621,49.44547]},"properties":{"d":"33035","kva":630,"kwp":398.7,"ratio":0.63,"load":12,"rf":0}},{"type":"Feature","geometry":{"type":"Point","coordinates":[6.63621,49.44547]},"properties":{"d":"33035","kva":630,"kwp":398.7,"ratio":0.63,"load":12,"rf":0}},{"type":"Feature","geometry":{"type":"Point","coordinates":[6.60509,49.47306]},"properties":{"d":"33035","kva":400,"kwp":177.7,"ratio":0.44,"load":14,"rf":0}},{"type":"Feature","geometry":{"type":"Point","coordinates":[6.64497,49.44417]},"properties":{"d":"33035","kva":630,"kwp":152.7,"ratio":0.24,"load":21,"rf":0}},{"type":"Feature","geometry":{"type":"Point","coordinates":[6.63117,49.43249]},"properties":{"d":"33035","kva":800,"kwp":32.9,"ratio":0.04,"load":3,"rf":0}},{"type":"Feature","geometry":{"type":"Point","coordinates":[6.60683,49.47454]},"properties":{"d":"33035","kva":630,"kwp":221.9,"ratio":0.35,"load":22,"rf":0}},{"type":"Feature","geometry":{"type":"Point","coordinates":[6.61961,49.46228]},"properties":{"d":"33035","kva":400,"kwp":178.2,"ratio":0.45,"load":13,"rf":0}},{"type":"Feature","geometry":{"type":"Point","coordinates":[6.63453,49.42663]},"properties":{"d":"33035","kva":250,"kwp":188.3,"ratio":0.75,"load":16,"rf":0}},{"type":"Feature","geometry":{"type":"Point","coordinates":[6.63224,49.44052]},"properties":{"d":"33035","kva":160,"kwp":21.1,"ratio":0.13,"load":2,"rf":0}},{"type":"Feature","geometry":{"type":"Point","coordinates":[6.65024,49.44312]},"properties":{"d":"33035","kva":630,"kwp":240.8,"ratio":0.38,"load":12,"rf":0}},{"type":"Feature","geometry":{"type":"Point","coordinates":[6.61157,49.47789]},"properties":{"d":"33035","kva":400,"kwp":136.9,"ratio":0.34,"load":22,"rf":0}},{"type":"Feature","geometry":{"type":"Point","coordinates":[6.63289,49.4547]},"properties":{"d":"33035","kva":630,"kwp":98.7,"ratio":0.16,"load":44,"rf":0}},{"type":"Feature","geometry":{"type":"Point","coordinates":[6.62535,49.46562]},"properties":{"d":"33035","kva":630,"kwp":95.8,"ratio":0.15,"load":2,"rf":0}},{"type":"Feature","geometry":{"type":"Point","coordinates":[6.61089,49.46837]},"properties":{"d":"33035","kva":400,"kwp":303.8,"ratio":0.76,"load":26,"rf":0}},{"type":"Feature","geometry":{"type":"Point","coordinates":[6.64767,49.44573]},"properties":{"d":"33035","kva":630,"kwp":147.4,"ratio":0.23,"load":5,"rf":0}},{"type":"Feature","geometry":{"type":"Point","coordinates":[6.6527,49.46299]},"properties":{"d":"33035","kva":630,"kwp":127.7,"ratio":0.2,"load":19,"rf":0}},{"type":"Feature","geometry":{"type":"Point","coordinates":[6.64526,49.4621]},"properties":{"d":"33035","kva":630,"kwp":173.7,"ratio":0.28,"load":16,"rf":0}},{"type":"Feature","geometry":{"type":"Point","coordinates":[6.64179,49.44296]},"properties":{"d":"33035","kva":630,"kwp":223.7,"ratio":0.36,"load":23,"rf":0}},{"type":"Feature","geometry":{"type":"Point","coordinates":[6.6673,49.44813]},"properties":{"d":"33035","kva":400,"kwp":139.5,"ratio":0.35,"load":22,"rf":0}},{"type":"Feature","geometry":{"type":"Point","coordinates":[6.66693,49.45301]},"properties":{"d":"33035","kva":160,"kwp":38.2,"ratio":0.24,"load":15,"rf":0}},{"type":"Feature","geometry":{"type":"Point","coordinates":[6.6138,49.46935]},"properties":{"d":"33035","kva":400,"kwp":119.8,"ratio":0.3,"load":19,"rf":0}},{"type":"Feature","geometry":{"type":"Point","coordinates":[6.66566,49.44495]},"properties":{"d":"33035","kva":250,"kwp":69.7,"ratio":0.28,"load":18,"rf":0}},{"type":"Feature","geometry":{"type":"Point","coordinates":[6.64295,49.46025]},"properties":{"d":"33035","kva":250,"kwp":89.5,"ratio":0.36,"load":6,"rf":0}},{"type":"Feature","geometry":{"type":"Point","coordinates":[6.62803,49.45847]},"properties":{"d":"33035","kva":160,"kwp":47.4,"ratio":0.3,"load":19,"rf":0}},{"type":"Feature","geometry":{"type":"Point","coordinates":[6.60183,49.47764]},"properties":{"d":"33035","kva":400,"kwp":222.6,"ratio":0.56,"load":19,"rf":0}},{"type":"Feature","geometry":{"type":"Point","coordinates":[6.62192,49.45853]},"properties":{"d":"33035","kva":400,"kwp":80.8,"ratio":0.2,"load":3,"rf":0}},{"type":"Feature","geometry":{"type":"Point","coordinates":[6.636,49.43499]},"properties":{"d":"33035","kva":250,"kwp":35.5,"ratio":0.14,"load":27,"rf":0}},{"type":"Feature","geometry":{"type":"Point","coordinates":[6.63142,49.43763]},"properties":{"d":"33035","kva":400,"kwp":95.9,"ratio":0.24,"load":5,"rf":0}},{"type":"Feature","geometry":{"type":"Point","coordinates":[6.60928,49.47938]},"properties":{"d":"33035","kva":250,"kwp":82.9,"ratio":0.33,"load":21,"rf":0}},{"type":"Feature","geometry":{"type":"Point","coordinates":[6.61166,49.47205]},"properties":{"d":"33035","kva":400,"kwp":155.3,"ratio":0.39,"load":10,"rf":0}},{"type":"Feature","geometry":{"type":"Point","coordinates":[6.63715,49.45369]},"properties":{"d":"33035","kva":400,"kwp":117.1,"ratio":0.29,"load":18,"rf":0}},{"type":"Feature","geometry":{"type":"Point","coordinates":[6.65198,49.44566]},"properties":{"d":"33035","kva":630,"kwp":161.9,"ratio":0.26,"load":6,"rf":0}},{"type":"Feature","geometry":{"type":"Point","coordinates":[6.6379,49.44261]},"properties":{"d":"33035","kva":630,"kwp":126.3,"ratio":0.2,"load":5,"rf":0}},{"type":"Feature","geometry":{"type":"Point","coordinates":[6.625,49.46237]},"properties":{"d":"33035","kva":160,"kwp":86.5,"ratio":0.54,"load":40,"rf":0}},{"type":"Feature","geometry":{"type":"Point","coordinates":[6.61454,49.48002]},"properties":{"d":"33035","kva":250,"kwp":84.2,"ratio":0.34,"load":21,"rf":0}},{"type":"Feature","geometry":{"type":"Point","coordinates":[6.65731,49.44261]},"properties":{"d":"33035","kva":250,"kwp":92.1,"ratio":0.37,"load":7,"rf":0}},{"type":"Feature","geometry":{"type":"Point","coordinates":[6.63688,49.44905]},"properties":{"d":"33035","kva":630,"kwp":230.3,"ratio":0.37,"load":11,"rf":0}},{"type":"Feature","geometry":{"type":"Point","coordinates":[6.60452,49.47711]},"properties":{"d":"33035","kva":400,"kwp":150.0,"ratio":0.38,"load":24,"rf":0}},{"type":"Feature","geometry":{"type":"Point","coordinates":[6.65187,49.44847]},"properties":{"d":"33035","kva":400,"kwp":36.8,"ratio":0.09,"load":1,"rf":0}},{"type":"Feature","geometry":{"type":"Point","coordinates":[6.66453,49.44666]},"properties":{"d":"33035","kva":400,"kwp":169.8,"ratio":0.42,"load":11,"rf":0}},{"type":"Feature","geometry":{"type":"Point","coordinates":[6.61996,49.45833]},"properties":{"d":"33035","kva":800,"kwp":54.1,"ratio":0.07,"load":4,"rf":0}},{"type":"Feature","geometry":{"type":"Point","coordinates":[6.62273,49.47162]},"properties":{"d":"33035","kva":160,"kwp":48.7,"ratio":0.3,"load":20,"rf":0}},{"type":"Feature","geometry":{"type":"Point","coordinates":[6.66018,49.45127]},"properties":{"d":"33035","kva":250,"kwp":88.2,"ratio":0.35,"load":6,"rf":0}},{"type":"Feature","geometry":{"type":"Point","coordinates":[6.6407,49.45712]},"properties":{"d":"33035","kva":400,"kwp":167.1,"ratio":0.42,"load":10,"rf":0}},{"type":"Feature","geometry":{"type":"Point","coordinates":[6.64081,49.44466]},"properties":{"d":"33035","kva":800,"kwp":271.1,"ratio":0.34,"load":9,"rf":0}},{"type":"Feature","geometry":{"type":"Point","coordinates":[6.64889,49.46335]},"properties":{"d":"33035","kva":400,"kwp":117.1,"ratio":0.29,"load":17,"rf":0}},{"type":"Feature","geometry":{"type":"Point","coordinates":[6.61568,49.47186]},"properties":{"d":"33035","kva":250,"kwp":76.3,"ratio":0.31,"load":20,"rf":0}},{"type":"Feature","geometry":{"type":"Point","coordinates":[6.66264,49.44405]},"properties":{"d":"33035","kva":250,"kwp":67.1,"ratio":0.27,"load":79,"rf":0}},{"type":"Feature","geometry":{"type":"Point","coordinates":[6.63499,49.43045]},"properties":{"d":"33035","kva":250,"kwp":48.7,"ratio":0.19,"load":11,"rf":0}},{"type":"Feature","geometry":{"type":"Point","coordinates":[6.66785,49.44627]},"properties":{"d":"33035","kva":250,"kwp":72.4,"ratio":0.29,"load":18,"rf":0}},{"type":"Feature","geometry":{"type":"Point","coordinates":[6.6192,49.46931]},"properties":{"d":"33035","kva":400,"kwp":160.6,"ratio":0.4,"load":10,"rf":0}},{"type":"Feature","geometry":{"type":"Point","coordinates":[6.61886,49.46706]},"properties":{"d":"33035","kva":100,"kwp":14.5,"ratio":0.14,"load":9,"rf":0}},{"type":"Feature","geometry":{"type":"Point","coordinates":[6.65617,49.45836]},"properties":{"d":"33035","kva":100,"kwp":5.3,"ratio":0.05,"load":2,"rf":0}},{"type":"Feature","geometry":{"type":"Point","coordinates":[6.66202,49.4596]},"properties":{"d":"33035","kva":160,"kwp":3.9,"ratio":0.02,"load":1,"rf":0}},{"type":"Feature","geometry":{"type":"Point","coordinates":[6.6717,49.45711]},"properties":{"d":"33035","kva":100,"kwp":1.3,"ratio":0.01,"load":1,"rf":0}},{"type":"Feature","geometry":{"type":"Point","coordinates":[6.60623,49.40388]},"properties":{"d":"33035","kva":100,"kwp":5.8,"ratio":0.06,"load":4,"rf":0}},{"type":"Feature","geometry":{"type":"Point","coordinates":[6.60515,49.5148]},"properties":{"d":"33035","kva":800,"kwp":376.1,"ratio":0.47,"load":9,"rf":0}},{"type":"Feature","geometry":{"type":"Point","coordinates":[6.61376,49.50752]},"properties":{"d":"33035","kva":400,"kwp":100.4,"ratio":0.25,"load":15,"rf":0}},{"type":"Feature","geometry":{"type":"Point","coordinates":[6.60725,49.51024]},"properties":{"d":"33035","kva":630,"kwp":199.7,"ratio":0.32,"load":9,"rf":0}},{"type":"Feature","geometry":{"type":"Point","coordinates":[6.61011,49.51312]},"properties":{"d":"33035","kva":400,"kwp":153.3,"ratio":0.38,"load":25,"rf":0}},{"type":"Feature","geometry":{"type":"Point","coordinates":[6.60584,49.42969]},"properties":{"d":"33035","kva":100,"kwp":3.9,"ratio":0.04,"load":3,"rf":0}},{"type":"Feature","geometry":{"type":"Point","coordinates":[6.61599,49.50063]},"properties":{"d":"33035","kva":100,"kwp":1.2,"ratio":0.01,"load":1,"rf":0}},{"type":"Feature","geometry":{"type":"Point","coordinates":[6.62971,49.419]},"properties":{"d":"33035","kva":630,"kwp":291.4,"ratio":0.46,"load":15,"rf":0}},{"type":"Feature","geometry":{"type":"Point","coordinates":[6.62818,49.42149]},"properties":{"d":"33035","kva":400,"kwp":121.1,"ratio":0.3,"load":19,"rf":0}},{"type":"Feature","geometry":{"type":"Point","coordinates":[6.64042,49.41078]},"properties":{"d":"33035","kva":100,"kwp":28.8,"ratio":0.29,"load":20,"rf":0}},{"type":"Feature","geometry":{"type":"Point","coordinates":[6.64644,49.4102]},"properties":{"d":"33035","kva":100,"kwp":3.8,"ratio":0.04,"load":2,"rf":0}},{"type":"Feature","geometry":{"type":"Point","coordinates":[6.64575,49.41348]},"properties":{"d":"33035","kva":100,"kwp":5.2,"ratio":0.05,"load":4,"rf":0}},{"type":"Feature","geometry":{"type":"Point","coordinates":[6.64166,49.4705]},"properties":{"d":"33035","kva":100,"kwp":1.3,"ratio":0.01,"load":1,"rf":0}},{"type":"Feature","geometry":{"type":"Point","coordinates":[6.68285,49.40975]},"properties":{"d":"33035","kva":100,"kwp":9.9,"ratio":0.1,"load":6,"rf":0}},{"type":"Feature","geometry":{"type":"Point","coordinates":[6.65198,49.42036]},"properties":{"d":"33035","kva":630,"kwp":286.9,"ratio":0.46,"load":14,"rf":0}},{"type":"Feature","geometry":{"type":"Point","coordinates":[6.67009,49.40724]},"properties":{"d":"33035","kva":630,"kwp":247.8,"ratio":0.39,"load":26,"rf":0}},{"type":"Feature","geometry":{"type":"Point","coordinates":[6.65824,49.41376]},"properties":{"d":"33035","kva":630,"kwp":238.2,"ratio":0.38,"load":25,"rf":0}},{"type":"Feature","geometry":{"type":"Point","coordinates":[6.66161,49.40724]},"properties":{"d":"33035","kva":400,"kwp":151.6,"ratio":0.38,"load":26,"rf":0}},{"type":"Feature","geometry":{"type":"Point","coordinates":[6.65335,49.41488]},"properties":{"d":"33035","kva":630,"kwp":304.5,"ratio":0.48,"load":16,"rf":0}},{"type":"Feature","geometry":{"type":"Point","coordinates":[6.65692,49.43481]},"properties":{"d":"33035","kva":100,"kwp":2.6,"ratio":0.03,"load":2,"rf":0}},{"type":"Feature","geometry":{"type":"Point","coordinates":[6.66272,49.45594]},"properties":{"d":"33035","kva":100,"kwp":7.9,"ratio":0.08,"load":5,"rf":0}},{"type":"Feature","geometry":{"type":"Point","coordinates":[6.67719,49.46871]},"properties":{"d":"33035","kva":1000,"kwp":627.6,"ratio":0.63,"load":14,"rf":0}},{"type":"Feature","geometry":{"type":"Point","coordinates":[6.68209,49.47571]},"properties":{"d":"33035","kva":2000,"kwp":4738.6,"ratio":2.37,"load":91,"rf":1}},{"type":"Feature","geometry":{"type":"Point","coordinates":[6.67131,49.47539]},"properties":{"d":"33035","kva":400,"kwp":322.4,"ratio":0.81,"load":28,"rf":0}},{"type":"Feature","geometry":{"type":"Point","coordinates":[6.67713,49.46443]},"properties":{"d":"33035","kva":400,"kwp":318.9,"ratio":0.8,"load":70,"rf":0}},{"type":"Feature","geometry":{"type":"Point","coordinates":[6.67442,49.46343]},"properties":{"d":"33035","kva":400,"kwp":119.8,"ratio":0.3,"load":7,"rf":0}},{"type":"Feature","geometry":{"type":"Point","coordinates":[6.67519,49.47675]},"properties":{"d":"33035","kva":3000,"kwp":2540.8,"ratio":0.85,"load":68,"rf":1}},{"type":"Feature","geometry":{"type":"Point","coordinates":[6.68277,49.46838]},"properties":{"d":"33035","kva":630,"kwp":637.9,"ratio":1.01,"load":79,"rf":1}},{"type":"Feature","geometry":{"type":"Point","coordinates":[6.67918,49.47336]},"properties":{"d":"33035","kva":800,"kwp":1880.5,"ratio":2.35,"load":90,"rf":1}},{"type":"Feature","geometry":{"type":"Point","coordinates":[6.66862,49.478]},"properties":{"d":"33035","kva":250,"kwp":93.4,"ratio":0.37,"load":7,"rf":0}},{"type":"Feature","geometry":{"type":"Point","coordinates":[6.67225,49.41735]},"properties":{"d":"33035","kva":100,"kwp":8.3,"ratio":0.08,"load":5,"rf":0}},{"type":"Feature","geometry":{"type":"Point","coordinates":[6.68111,49.44002]},"properties":{"d":"33035","kva":630,"kwp":326.4,"ratio":0.52,"load":36,"rf":0}},{"type":"Feature","geometry":{"type":"Point","coordinates":[6.67705,49.43935]},"properties":{"d":"33035","kva":630,"kwp":210.2,"ratio":0.33,"load":21,"rf":0}},{"type":"Feature","geometry":{"type":"Point","coordinates":[6.68365,49.44339]},"properties":{"d":"33035","kva":250,"kwp":92.7,"ratio":0.37,"load":25,"rf":0}},{"type":"Feature","geometry":{"type":"Point","coordinates":[6.69033,49.48244]},"properties":{"d":"33035","kva":630,"kwp":604.5,"ratio":0.96,"load":74,"rf":1}},{"type":"Feature","geometry":{"type":"Point","coordinates":[6.50623,49.4776]},"properties":{"d":"33035","kva":630,"kwp":244.1,"ratio":0.39,"load":11,"rf":0}},{"type":"Feature","geometry":{"type":"Point","coordinates":[6.48651,49.52519]},"properties":{"d":"33035","kva":3000,"kwp":5764.9,"ratio":1.92,"load":75,"rf":1}},{"type":"Feature","geometry":{"type":"Point","coordinates":[6.53986,49.50916]},"properties":{"d":"33035","kva":630,"kwp":141.3,"ratio":0.22,"load":5,"rf":0}},{"type":"Feature","geometry":{"type":"Point","coordinates":[6.52213,49.50435]},"properties":{"d":"33035","kva":630,"kwp":258.1,"ratio":0.41,"load":13,"rf":0}},{"type":"Feature","geometry":{"type":"Point","coordinates":[6.52563,49.50391]},"properties":{"d":"33035","kva":630,"kwp":224.3,"ratio":0.36,"load":11,"rf":0}},{"type":"Feature","geometry":{"type":"Point","coordinates":[6.53467,49.50906]},"properties":{"d":"33035","kva":400,"kwp":163.5,"ratio":0.41,"load":12,"rf":0}},{"type":"Feature","geometry":{"type":"Point","coordinates":[6.52429,49.50691]},"properties":{"d":"33035","kva":630,"kwp":242.9,"ratio":0.39,"load":11,"rf":0}},{"type":"Feature","geometry":{"type":"Point","coordinates":[6.5528,49.44483]},"properties":{"d":"33035","kva":400,"kwp":175.0,"ratio":0.44,"load":14,"rf":0}},{"type":"Feature","geometry":{"type":"Point","coordinates":[6.53303,49.52815]},"properties":{"d":"33035","kva":630,"kwp":273.3,"ratio":0.43,"load":13,"rf":0}},{"type":"Feature","geometry":{"type":"Point","coordinates":[6.56736,49.45631]},"properties":{"d":"33035","kva":400,"kwp":172.4,"ratio":0.43,"load":14,"rf":0}},{"type":"Feature","geometry":{"type":"Point","coordinates":[6.61891,49.43892]},"properties":{"d":"33035","kva":400,"kwp":192.1,"ratio":0.48,"load":16,"rf":0}},{"type":"Feature","geometry":{"type":"Point","coordinates":[6.62558,49.44581]},"properties":{"d":"33035","kva":400,"kwp":252.0,"ratio":0.63,"load":65,"rf":0}},{"type":"Feature","geometry":{"type":"Point","coordinates":[6.60819,49.44043]},"properties":{"d":"33035","kva":400,"kwp":186.9,"ratio":0.47,"load":15,"rf":0}},{"type":"Feature","geometry":{"type":"Point","coordinates":[6.58138,49.45997]},"properties":{"d":"33035","kva":630,"kwp":73.7,"ratio":0.12,"load":50,"rf":0}},{"type":"Feature","geometry":{"type":"Point","coordinates":[6.58624,49.46338]},"properties":{"d":"33035","kva":250,"kwp":111.9,"ratio":0.45,"load":14,"rf":0}},{"type":"Feature","geometry":{"type":"Point","coordinates":[6.58442,49.46367]},"properties":{"d":"33035","kva":160,"kwp":34.2,"ratio":0.21,"load":7,"rf":0}},{"type":"Feature","geometry":{"type":"Point","coordinates":[6.57154,49.42343]},"properties":{"d":"33035","kva":400,"kwp":193.5,"ratio":0.48,"load":15,"rf":0}},{"type":"Feature","geometry":{"type":"Point","coordinates":[6.57075,49.43613]},"properties":{"d":"33035","kva":100,"kwp":1.3,"ratio":0.01,"load":2,"rf":0}},{"type":"Feature","geometry":{"type":"Point","coordinates":[6.60714,49.4935]},"properties":{"d":"33035","kva":250,"kwp":65.4,"ratio":0.26,"load":6,"rf":0}},{"type":"Feature","geometry":{"type":"Point","coordinates":[6.58266,49.4949]},"properties":{"d":"33035","kva":400,"kwp":137.8,"ratio":0.34,"load":10,"rf":0}},{"type":"Feature","geometry":{"type":"Point","coordinates":[6.58707,49.49319]},"properties":{"d":"33035","kva":630,"kwp":316.3,"ratio":0.5,"load":16,"rf":0}},{"type":"Feature","geometry":{"type":"Point","coordinates":[6.60337,49.49143]},"properties":{"d":"33035","kva":630,"kwp":230.0,"ratio":0.37,"load":11,"rf":0}},{"type":"Feature","geometry":{"type":"Point","coordinates":[6.59836,49.49305]},"properties":{"d":"33035","kva":1000,"kwp":65.4,"ratio":0.07,"load":2,"rf":0}},{"type":"Feature","geometry":{"type":"Point","coordinates":[6.60274,49.493]},"properties":{"d":"33035","kva":630,"kwp":200.1,"ratio":0.32,"load":8,"rf":0}},{"type":"Feature","geometry":{"type":"Point","coordinates":[6.5952,49.41646]},"properties":{"d":"33035","kva":630,"kwp":317.9,"ratio":0.5,"load":17,"rf":0}},{"type":"Feature","geometry":{"type":"Point","coordinates":[6.63962,49.45623]},"properties":{"d":"33035","kva":400,"kwp":180.3,"ratio":0.45,"load":14,"rf":0}},{"type":"Feature","geometry":{"type":"Point","coordinates":[6.6604,49.43982]},"properties":{"d":"33035","kva":400,"kwp":176.3,"ratio":0.44,"load":14,"rf":0}},{"type":"Feature","geometry":{"type":"Point","coordinates":[6.65839,49.44839]},"properties":{"d":"33035","kva":630,"kwp":205.3,"ratio":0.33,"load":8,"rf":0}},{"type":"Feature","geometry":{"type":"Point","coordinates":[6.63527,49.45105]},"properties":{"d":"33035","kva":630,"kwp":403.5,"ratio":0.64,"load":21,"rf":0}},{"type":"Feature","geometry":{"type":"Point","coordinates":[6.63767,49.44155]},"properties":{"d":"33035","kva":630,"kwp":160.5,"ratio":0.25,"load":10,"rf":0}},{"type":"Feature","geometry":{"type":"Point","coordinates":[6.63621,49.44547]},"properties":{"d":"33035","kva":630,"kwp":398.7,"ratio":0.63,"load":12,"rf":0}},{"type":"Feature","geometry":{"type":"Point","coordinates":[6.60509,49.47306]},"properties":{"d":"33035","kva":400,"kwp":177.7,"ratio":0.44,"load":14,"rf":0}},{"type":"Feature","geometry":{"type":"Point","coordinates":[6.63117,49.43249]},"properties":{"d":"33035","kva":800,"kwp":32.9,"ratio":0.04,"load":3,"rf":0}},{"type":"Feature","geometry":{"type":"Point","coordinates":[6.61961,49.46228]},"properties":{"d":"33035","kva":400,"kwp":178.2,"ratio":0.45,"load":13,"rf":0}},{"type":"Feature","geometry":{"type":"Point","coordinates":[6.63224,49.44052]},"properties":{"d":"33035","kva":160,"kwp":21.1,"ratio":0.13,"load":2,"rf":0}},{"type":"Feature","geometry":{"type":"Point","coordinates":[6.62535,49.46562]},"properties":{"d":"33035","kva":630,"kwp":95.8,"ratio":0.15,"load":2,"rf":0}},{"type":"Feature","geometry":{"type":"Point","coordinates":[6.61089,49.46837]},"properties":{"d":"33035","kva":400,"kwp":303.8,"ratio":0.76,"load":26,"rf":0}},{"type":"Feature","geometry":{"type":"Point","coordinates":[6.64767,49.44573]},"properties":{"d":"33035","kva":630,"kwp":147.4,"ratio":0.23,"load":5,"rf":0}},{"type":"Feature","geometry":{"type":"Point","coordinates":[6.60183,49.47764]},"properties":{"d":"33035","kva":400,"kwp":222.6,"ratio":0.56,"load":19,"rf":0}},{"type":"Feature","geometry":{"type":"Point","coordinates":[6.63142,49.43763]},"properties":{"d":"33035","kva":400,"kwp":95.9,"ratio":0.24,"load":5,"rf":0}},{"type":"Feature","geometry":{"type":"Point","coordinates":[6.65198,49.44566]},"properties":{"d":"33035","kva":630,"kwp":161.9,"ratio":0.26,"load":6,"rf":0}},{"type":"Feature","geometry":{"type":"Point","coordinates":[6.61996,49.45833]},"properties":{"d":"33035","kva":800,"kwp":54.1,"ratio":0.07,"load":4,"rf":0}},{"type":"Feature","geometry":{"type":"Point","coordinates":[6.64081,49.44466]},"properties":{"d":"33035","kva":800,"kwp":271.1,"ratio":0.34,"load":9,"rf":0}},{"type":"Feature","geometry":{"type":"Point","coordinates":[6.60515,49.5148]},"properties":{"d":"33035","kva":800,"kwp":376.1,"ratio":0.47,"load":9,"rf":0}},{"type":"Feature","geometry":{"type":"Point","coordinates":[6.62971,49.419]},"properties":{"d":"33035","kva":630,"kwp":291.4,"ratio":0.46,"load":15,"rf":0}},{"type":"Feature","geometry":{"type":"Point","coordinates":[6.65198,49.42036]},"properties":{"d":"33035","kva":630,"kwp":286.9,"ratio":0.46,"load":14,"rf":0}},{"type":"Feature","geometry":{"type":"Point","coordinates":[6.65335,49.41488]},"properties":{"d":"33035","kva":630,"kwp":304.5,"ratio":0.48,"load":16,"rf":0}},{"type":"Feature","geometry":{"type":"Point","coordinates":[6.67719,49.46871]},"properties":{"d":"33035","kva":1000,"kwp":627.6,"ratio":0.63,"load":14,"rf":0}},{"type":"Feature","geometry":{"type":"Point","coordinates":[6.68209,49.47571]},"properties":{"d":"33035","kva":2000,"kwp":4738.6,"ratio":2.37,"load":91,"rf":1}},{"type":"Feature","geometry":{"type":"Point","coordinates":[6.67131,49.47539]},"properties":{"d":"33035","kva":400,"kwp":322.4,"ratio":0.81,"load":28,"rf":0}},{"type":"Feature","geometry":{"type":"Point","coordinates":[6.67918,49.47336]},"properties":{"d":"33035","kva":800,"kwp":1880.5,"ratio":2.35,"load":90,"rf":1}},{"type":"Feature","geometry":{"type":"Point","coordinates":[6.70255,49.43664]},"properties":{"d":"33035","kva":630,"kwp":3.3,"ratio":0.01,"load":0,"rf":0}},{"type":"Feature","geometry":{"type":"Point","coordinates":[6.52255,49.50137]},"properties":{"d":"33035","kva":630,"kwp":141.3,"ratio":0.22,"load":8,"rf":0}},{"type":"Feature","geometry":{"type":"Point","coordinates":[6.52309,49.44631]},"properties":{"d":"33035","kva":630,"kwp":135.5,"ratio":0.22,"load":8,"rf":0}},{"type":"Feature","geometry":{"type":"Point","coordinates":[6.53341,49.45989]},"properties":{"d":"33035","kva":630,"kwp":122.6,"ratio":0.19,"load":7,"rf":0}},{"type":"Feature","geometry":{"type":"Point","coordinates":[6.54073,49.48467]},"properties":{"d":"33035","kva":630,"kwp":219.6,"ratio":0.35,"load":11,"rf":0}},{"type":"Feature","geometry":{"type":"Point","coordinates":[6.53654,49.48435]},"properties":{"d":"33035","kva":630,"kwp":80.6,"ratio":0.13,"load":6,"rf":0}},{"type":"Feature","geometry":{"type":"Point","coordinates":[6.61148,49.44108]},"properties":{"d":"33035","kva":630,"kwp":125.0,"ratio":0.2,"load":7,"rf":0}},{"type":"Feature","geometry":{"type":"Point","coordinates":[6.59224,49.46318]},"properties":{"d":"33035","kva":630,"kwp":171.6,"ratio":0.27,"load":11,"rf":0}},{"type":"Feature","geometry":{"type":"Point","coordinates":[6.61661,49.44133]},"properties":{"d":"33035","kva":630,"kwp":195.1,"ratio":0.31,"load":13,"rf":0}},{"type":"Feature","geometry":{"type":"Point","coordinates":[6.59175,49.4663]},"properties":{"d":"33035","kva":630,"kwp":171.1,"ratio":0.27,"load":11,"rf":0}},{"type":"Feature","geometry":{"type":"Point","coordinates":[6.58783,49.46854]},"properties":{"d":"33035","kva":630,"kwp":59.2,"ratio":0.09,"load":5,"rf":0}},{"type":"Feature","geometry":{"type":"Point","coordinates":[6.61919,49.43355]},"properties":{"d":"33035","kva":630,"kwp":152.7,"ratio":0.24,"load":9,"rf":0}},{"type":"Feature","geometry":{"type":"Point","coordinates":[6.61521,49.44099]},"properties":{"d":"33035","kva":630,"kwp":101.3,"ratio":0.16,"load":7,"rf":0}},{"type":"Feature","geometry":{"type":"Point","coordinates":[6.60777,49.44949]},"properties":{"d":"33035","kva":630,"kwp":107.9,"ratio":0.17,"load":8,"rf":0}},{"type":"Feature","geometry":{"type":"Point","coordinates":[6.57075,49.43613]},"properties":{"d":"33035","kva":630,"kwp":1.3,"ratio":0.0,"load":2,"rf":0}},{"type":"Feature","geometry":{"type":"Point","coordinates":[6.59131,49.4918]},"properties":{"d":"33035","kva":630,"kwp":120.3,"ratio":0.19,"load":7,"rf":0}},{"type":"Feature","geometry":{"type":"Point","coordinates":[6.61667,49.49363]},"properties":{"d":"33035","kva":630,"kwp":132.0,"ratio":0.21,"load":8,"rf":0}},{"type":"Feature","geometry":{"type":"Point","coordinates":[6.59836,49.49305]},"properties":{"d":"33035","kva":630,"kwp":65.4,"ratio":0.1,"load":3,"rf":0}},{"type":"Feature","geometry":{"type":"Point","coordinates":[6.60179,49.49685]},"properties":{"d":"33035","kva":630,"kwp":89.9,"ratio":0.14,"load":2,"rf":0}},{"type":"Feature","geometry":{"type":"Point","coordinates":[6.57766,49.49623]},"properties":{"d":"33035","kva":630,"kwp":82.9,"ratio":0.13,"load":6,"rf":0}},{"type":"Feature","geometry":{"type":"Point","coordinates":[6.63078,49.45499]},"properties":{"d":"33035","kva":630,"kwp":75.0,"ratio":0.12,"load":2,"rf":0}},{"type":"Feature","geometry":{"type":"Point","coordinates":[6.61541,49.47454]},"properties":{"d":"33035","kva":630,"kwp":100.0,"ratio":0.16,"load":7,"rf":0}},{"type":"Feature","geometry":{"type":"Point","coordinates":[6.66003,49.4458]},"properties":{"d":"33035","kva":630,"kwp":210.6,"ratio":0.33,"load":10,"rf":0}},{"type":"Feature","geometry":{"type":"Point","coordinates":[6.63117,49.43249]},"properties":{"d":"33035","kva":630,"kwp":32.9,"ratio":0.05,"load":4,"rf":0}},{"type":"Feature","geometry":{"type":"Point","coordinates":[6.63453,49.42663]},"properties":{"d":"33035","kva":630,"kwp":188.3,"ratio":0.3,"load":16,"rf":0}},{"type":"Feature","geometry":{"type":"Point","coordinates":[6.65024,49.44312]},"properties":{"d":"33035","kva":630,"kwp":240.8,"ratio":0.38,"load":12,"rf":0}},{"type":"Feature","geometry":{"type":"Point","coordinates":[6.64295,49.46025]},"properties":{"d":"33035","kva":630,"kwp":89.5,"ratio":0.14,"load":6,"rf":0}},{"type":"Feature","geometry":{"type":"Point","coordinates":[6.62192,49.45853]},"properties":{"d":"33035","kva":630,"kwp":80.8,"ratio":0.13,"load":3,"rf":0}},{"type":"Feature","geometry":{"type":"Point","coordinates":[6.61166,49.47205]},"properties":{"d":"33035","kva":630,"kwp":155.3,"ratio":0.25,"load":10,"rf":0}},{"type":"Feature","geometry":{"type":"Point","coordinates":[6.6379,49.44261]},"properties":{"d":"33035","kva":630,"kwp":126.3,"ratio":0.2,"load":5,"rf":0}},{"type":"Feature","geometry":{"type":"Point","coordinates":[6.65731,49.44261]},"properties":{"d":"33035","kva":630,"kwp":92.1,"ratio":0.15,"load":7,"rf":0}},{"type":"Feature","geometry":{"type":"Point","coordinates":[6.63688,49.44905]},"properties":{"d":"33035","kva":630,"kwp":230.3,"ratio":0.37,"load":11,"rf":0}},{"type":"Feature","geometry":{"type":"Point","coordinates":[6.65187,49.44847]},"properties":{"d":"33035","kva":630,"kwp":36.8,"ratio":0.06,"load":1,"rf":0}},{"type":"Feature","geometry":{"type":"Point","coordinates":[6.66453,49.44666]},"properties":{"d":"33035","kva":630,"kwp":169.8,"ratio":0.27,"load":11,"rf":0}},{"type":"Feature","geometry":{"type":"Point","coordinates":[6.61996,49.45833]},"properties":{"d":"33035","kva":630,"kwp":54.1,"ratio":0.09,"load":5,"rf":0}},{"type":"Feature","geometry":{"type":"Point","coordinates":[6.66018,49.45127]},"properties":{"d":"33035","kva":630,"kwp":88.2,"ratio":0.14,"load":6,"rf":0}},{"type":"Feature","geometry":{"type":"Point","coordinates":[6.6407,49.45712]},"properties":{"d":"33035","kva":630,"kwp":167.1,"ratio":0.27,"load":10,"rf":0}},{"type":"Feature","geometry":{"type":"Point","coordinates":[6.6192,49.46931]},"properties":{"d":"33035","kva":630,"kwp":160.6,"ratio":0.25,"load":10,"rf":0}},{"type":"Feature","geometry":{"type":"Point","coordinates":[6.66202,49.4596]},"properties":{"d":"33035","kva":630,"kwp":3.9,"ratio":0.01,"load":1,"rf":0}},{"type":"Feature","geometry":{"type":"Point","coordinates":[6.60515,49.5148]},"properties":{"d":"33035","kva":630,"kwp":376.1,"ratio":0.6,"load":13,"rf":0}},{"type":"Feature","geometry":{"type":"Point","coordinates":[6.60725,49.51024]},"properties":{"d":"33035","kva":630,"kwp":199.7,"ratio":0.32,"load":9,"rf":0}},{"type":"Feature","geometry":{"type":"Point","coordinates":[6.67719,49.46871]},"properties":{"d":"33035","kva":630,"kwp":627.6,"ratio":1.0,"load":21,"rf":0}},{"type":"Feature","geometry":{"type":"Point","coordinates":[6.67442,49.46343]},"properties":{"d":"33035","kva":630,"kwp":119.8,"ratio":0.19,"load":7,"rf":0}},{"type":"Feature","geometry":{"type":"Point","coordinates":[6.66862,49.478]},"properties":{"d":"33035","kva":630,"kwp":93.4,"ratio":0.15,"load":7,"rf":0}},{"type":"Feature","geometry":{"type":"Point","coordinates":[6.54886,49.41189]},"properties":{"d":"33036","kva":400,"kwp":188.8,"ratio":0.47,"load":15,"rf":0}},{"type":"Feature","geometry":{"type":"Point","coordinates":[6.55829,49.3984]},"properties":{"d":"33036","kva":100,"kwp":5.8,"ratio":0.06,"load":4,"rf":0}},{"type":"Feature","geometry":{"type":"Point","coordinates":[6.56679,49.39754]},"properties":{"d":"33036","kva":400,"kwp":226.4,"ratio":0.57,"load":15,"rf":0}},{"type":"Feature","geometry":{"type":"Point","coordinates":[6.57652,49.34167]},"properties":{"d":"33036","kva":100,"kwp":1.9,"ratio":0.02,"load":1,"rf":0}},{"type":"Feature","geometry":{"type":"Point","coordinates":[6.59066,49.34178]},"properties":{"d":"33036","kva":630,"kwp":353.1,"ratio":0.56,"load":19,"rf":0}},{"type":"Feature","geometry":{"type":"Point","coordinates":[6.59608,49.33864]},"properties":{"d":"33036","kva":250,"kwp":132.4,"ratio":0.53,"load":10,"rf":0}},{"type":"Feature","geometry":{"type":"Point","coordinates":[6.58991,49.38352]},"properties":{"d":"33036","kva":250,"kwp":214.4,"ratio":0.86,"load":71,"rf":1}},{"type":"Feature","geometry":{"type":"Point","coordinates":[6.58699,49.39518]},"properties":{"d":"33036","kva":100,"kwp":11.5,"ratio":0.12,"load":8,"rf":0}},{"type":"Feature","geometry":{"type":"Point","coordinates":[6.59454,49.37691]},"properties":{"d":"33036","kva":630,"kwp":343.5,"ratio":0.55,"load":38,"rf":0}},{"type":"Feature","geometry":{"type":"Point","coordinates":[6.59259,49.3888]},"properties":{"d":"33036","kva":100,"kwp":5.8,"ratio":0.06,"load":57,"rf":0}},{"type":"Feature","geometry":{"type":"Point","coordinates":[6.59666,49.39268]},"properties":{"d":"33036","kva":100,"kwp":49.9,"ratio":0.5,"load":82,"rf":0}},{"type":"Feature","geometry":{"type":"Point","coordinates":[6.60422,49.35082]},"properties":{"d":"33036","kva":100,"kwp":3.8,"ratio":0.04,"load":2,"rf":0}},{"type":"Feature","geometry":{"type":"Point","coordinates":[6.60561,49.34883]},"properties":{"d":"33036","kva":100,"kwp":19.2,"ratio":0.19,"load":13,"rf":0}},{"type":"Feature","geometry":{"type":"Point","coordinates":[6.61428,49.3545]},"properties":{"d":"33036","kva":800,"kwp":573.8,"ratio":0.72,"load":25,"rf":0}},{"type":"Feature","geometry":{"type":"Point","coordinates":[6.61254,49.35766]},"properties":{"d":"33036","kva":400,"kwp":280.4,"ratio":0.7,"load":20,"rf":0}},{"type":"Feature","geometry":{"type":"Point","coordinates":[6.62505,49.35503]},"properties":{"d":"33036","kva":400,"kwp":168.9,"ratio":0.42,"load":29,"rf":0}},{"type":"Feature","geometry":{"type":"Point","coordinates":[6.62331,49.3585]},"properties":{"d":"33036","kva":630,"kwp":343.5,"ratio":0.55,"load":38,"rf":0}},{"type":"Feature","geometry":{"type":"Point","coordinates":[6.61273,49.35175]},"properties":{"d":"33036","kva":630,"kwp":364.6,"ratio":0.58,"load":20,"rf":0}},{"type":"Feature","geometry":{"type":"Point","coordinates":[6.61612,49.38717]},"properties":{"d":"33036","kva":630,"kwp":410.7,"ratio":0.65,"load":23,"rf":0}},{"type":"Feature","geometry":{"type":"Point","coordinates":[6.61905,49.38166]},"properties":{"d":"33036","kva":250,"kwp":124.7,"ratio":0.5,"load":10,"rf":0}},{"type":"Feature","geometry":{"type":"Point","coordinates":[6.61926,49.40151]},"properties":{"d":"33036","kva":100,"kwp":1.9,"ratio":0.02,"load":1,"rf":0}},{"type":"Feature","geometry":{"type":"Point","coordinates":[6.61796,49.36854]},"properties":{"d":"33036","kva":100,"kwp":1.9,"ratio":0.02,"load":1,"rf":0}},{"type":"Feature","geometry":{"type":"Point","coordinates":[6.62483,49.38637]},"properties":{"d":"33036","kva":100,"kwp":5.8,"ratio":0.06,"load":4,"rf":0}},{"type":"Feature","geometry":{"type":"Point","coordinates":[6.6391,49.37898]},"properties":{"d":"33036","kva":100,"kwp":7.7,"ratio":0.08,"load":5,"rf":0}},{"type":"Feature","geometry":{"type":"Point","coordinates":[6.65108,49.40147]},"properties":{"d":"33036","kva":630,"kwp":372.3,"ratio":0.59,"load":21,"rf":0}},{"type":"Feature","geometry":{"type":"Point","coordinates":[6.64777,49.40628]},"properties":{"d":"33036","kva":630,"kwp":385.7,"ratio":0.61,"load":21,"rf":0}},{"type":"Feature","geometry":{"type":"Point","coordinates":[6.64583,49.40239]},"properties":{"d":"33036","kva":400,"kwp":174.6,"ratio":0.44,"load":30,"rf":0}},{"type":"Feature","geometry":{"type":"Point","coordinates":[6.66615,49.36252]},"properties":{"d":"33036","kva":800,"kwp":656.3,"ratio":0.82,"load":29,"rf":0}},{"type":"Feature","geometry":{"type":"Point","coordinates":[6.65282,49.38152]},"properties":{"d":"33036","kva":630,"kwp":360.8,"ratio":0.57,"load":20,"rf":0}},{"type":"Feature","geometry":{"type":"Point","coordinates":[6.65778,49.36781]},"properties":{"d":"33036","kva":630,"kwp":408.7,"ratio":0.65,"load":23,"rf":0}},{"type":"Feature","geometry":{"type":"Point","coordinates":[6.66414,49.36005]},"properties":{"d":"33036","kva":630,"kwp":332.0,"ratio":0.53,"load":36,"rf":0}},{"type":"Feature","geometry":{"type":"Point","coordinates":[6.67288,49.36336]},"properties":{"d":"33036","kva":400,"kwp":197.6,"ratio":0.49,"load":13,"rf":0}},{"type":"Feature","geometry":{"type":"Point","coordinates":[6.66346,49.35652]},"properties":{"d":"33036","kva":630,"kwp":464.4,"ratio":0.74,"load":26,"rf":0}},{"type":"Feature","geometry":{"type":"Point","coordinates":[6.6695,49.35323]},"properties":{"d":"33036","kva":800,"kwp":1398.3,"ratio":1.75,"load":68,"rf":0}},{"type":"Feature","geometry":{"type":"Point","coordinates":[6.67173,49.36016]},"properties":{"d":"33036","kva":400,"kwp":186.1,"ratio":0.47,"load":32,"rf":0}},{"type":"Feature","geometry":{"type":"Point","coordinates":[6.6555,49.35987]},"properties":{"d":"33036","kva":400,"kwp":371.0,"ratio":0.93,"load":68,"rf":0}},{"type":"Feature","geometry":{"type":"Point","coordinates":[6.65352,49.37322]},"properties":{"d":"33036","kva":250,"kwp":78.7,"ratio":0.31,"load":39,"rf":0}},{"type":"Feature","geometry":{"type":"Point","coordinates":[6.67093,49.36632]},"properties":{"d":"33036","kva":400,"kwp":282.1,"ratio":0.71,"load":25,"rf":0}},{"type":"Feature","geometry":{"type":"Point","coordinates":[6.66101,49.3619]},"properties":{"d":"33036","kva":400,"kwp":358.7,"ratio":0.9,"load":67,"rf":0}},{"type":"Feature","geometry":{"type":"Point","coordinates":[6.66755,49.37667]},"properties":{"d":"33036","kva":100,"kwp":84.6,"ratio":0.85,"load":70,"rf":0}},{"type":"Feature","geometry":{"type":"Point","coordinates":[6.66749,49.38422]},"properties":{"d":"33036","kva":100,"kwp":3.8,"ratio":0.04,"load":2,"rf":0}},{"type":"Feature","geometry":{"type":"Point","coordinates":[6.67678,49.37328]},"properties":{"d":"33036","kva":630,"kwp":248.6,"ratio":0.39,"load":12,"rf":0}},{"type":"Feature","geometry":{"type":"Point","coordinates":[6.68851,49.37042]},"properties":{"d":"33036","kva":400,"kwp":544.9,"ratio":1.36,"load":56,"rf":0}},{"type":"Feature","geometry":{"type":"Point","coordinates":[6.68872,49.37895]},"properties":{"d":"33036","kva":800,"kwp":209.7,"ratio":0.26,"load":6,"rf":0}},{"type":"Feature","geometry":{"type":"Point","coordinates":[6.67871,49.38069]},"properties":{"d":"33036","kva":630,"kwp":263.1,"ratio":0.42,"load":28,"rf":0}},{"type":"Feature","geometry":{"type":"Point","coordinates":[6.6798,49.37873]},"properties":{"d":"33036","kva":630,"kwp":183.0,"ratio":0.29,"load":17,"rf":0}},{"type":"Feature","geometry":{"type":"Point","coordinates":[6.68447,49.38127]},"properties":{"d":"33036","kva":800,"kwp":208.2,"ratio":0.26,"load":6,"rf":0}},{"type":"Feature","geometry":{"type":"Point","coordinates":[6.68311,49.3753]},"properties":{"d":"33036","kva":630,"kwp":122.8,"ratio":0.19,"load":4,"rf":0}},{"type":"Feature","geometry":{"type":"Point","coordinates":[6.69231,49.36792]},"properties":{"d":"33036","kva":250,"kwp":298.9,"ratio":1.2,"load":44,"rf":0}},{"type":"Feature","geometry":{"type":"Point","coordinates":[6.68595,49.37703]},"properties":{"d":"33036","kva":400,"kwp":78.3,"ratio":0.2,"load":3,"rf":0}},{"type":"Feature","geometry":{"type":"Point","coordinates":[6.67677,49.37642]},"properties":{"d":"33036","kva":400,"kwp":167.4,"ratio":0.42,"load":28,"rf":0}},{"type":"Feature","geometry":{"type":"Point","coordinates":[6.54886,49.41189]},"properties":{"d":"33036","kva":400,"kwp":188.8,"ratio":0.47,"load":15,"rf":0}},{"type":"Feature","geometry":{"type":"Point","coordinates":[6.59666,49.39268]},"properties":{"d":"33036","kva":100,"kwp":49.9,"ratio":0.5,"load":82,"rf":0}},{"type":"Feature","geometry":{"type":"Point","coordinates":[6.61428,49.3545]},"properties":{"d":"33036","kva":800,"kwp":573.8,"ratio":0.72,"load":25,"rf":0}},{"type":"Feature","geometry":{"type":"Point","coordinates":[6.61612,49.38717]},"properties":{"d":"33036","kva":630,"kwp":410.7,"ratio":0.65,"load":23,"rf":0}},{"type":"Feature","geometry":{"type":"Point","coordinates":[6.66615,49.36252]},"properties":{"d":"33036","kva":800,"kwp":656.3,"ratio":0.82,"load":29,"rf":0}},{"type":"Feature","geometry":{"type":"Point","coordinates":[6.65778,49.36781]},"properties":{"d":"33036","kva":630,"kwp":408.7,"ratio":0.65,"load":23,"rf":0}},{"type":"Feature","geometry":{"type":"Point","coordinates":[6.66346,49.35652]},"properties":{"d":"33036","kva":630,"kwp":464.4,"ratio":0.74,"load":26,"rf":0}},{"type":"Feature","geometry":{"type":"Point","coordinates":[6.6695,49.35323]},"properties":{"d":"33036","kva":800,"kwp":1398.3,"ratio":1.75,"load":68,"rf":0}},{"type":"Feature","geometry":{"type":"Point","coordinates":[6.67093,49.36632]},"properties":{"d":"33036","kva":400,"kwp":282.1,"ratio":0.71,"load":25,"rf":0}},{"type":"Feature","geometry":{"type":"Point","coordinates":[6.68851,49.37042]},"properties":{"d":"33036","kva":400,"kwp":544.9,"ratio":1.36,"load":56,"rf":0}},{"type":"Feature","geometry":{"type":"Point","coordinates":[6.68872,49.37895]},"properties":{"d":"33036","kva":800,"kwp":209.7,"ratio":0.26,"load":6,"rf":0}},{"type":"Feature","geometry":{"type":"Point","coordinates":[6.68447,49.38127]},"properties":{"d":"33036","kva":800,"kwp":208.2,"ratio":0.26,"load":6,"rf":0}},{"type":"Feature","geometry":{"type":"Point","coordinates":[6.69231,49.36792]},"properties":{"d":"33036","kva":250,"kwp":298.9,"ratio":1.2,"load":44,"rf":0}},{"type":"Feature","geometry":{"type":"Point","coordinates":[6.56679,49.39754]},"properties":{"d":"33036","kva":630,"kwp":226.4,"ratio":0.36,"load":15,"rf":0}},{"type":"Feature","geometry":{"type":"Point","coordinates":[6.59066,49.34178]},"properties":{"d":"33036","kva":630,"kwp":353.1,"ratio":0.56,"load":19,"rf":0}},{"type":"Feature","geometry":{"type":"Point","coordinates":[6.59608,49.33864]},"properties":{"d":"33036","kva":630,"kwp":132.4,"ratio":0.21,"load":10,"rf":0}},{"type":"Feature","geometry":{"type":"Point","coordinates":[6.61254,49.35766]},"properties":{"d":"33036","kva":630,"kwp":280.4,"ratio":0.45,"load":20,"rf":0}},{"type":"Feature","geometry":{"type":"Point","coordinates":[6.61273,49.35175]},"properties":{"d":"33036","kva":630,"kwp":364.6,"ratio":0.58,"load":20,"rf":0}},{"type":"Feature","geometry":{"type":"Point","coordinates":[6.61905,49.38166]},"properties":{"d":"33036","kva":630,"kwp":124.7,"ratio":0.2,"load":10,"rf":0}},{"type":"Feature","geometry":{"type":"Point","coordinates":[6.65108,49.40147]},"properties":{"d":"33036","kva":630,"kwp":372.3,"ratio":0.59,"load":21,"rf":0}},{"type":"Feature","geometry":{"type":"Point","coordinates":[6.64777,49.40628]},"properties":{"d":"33036","kva":630,"kwp":385.7,"ratio":0.61,"load":21,"rf":0}},{"type":"Feature","geometry":{"type":"Point","coordinates":[6.65282,49.38152]},"properties":{"d":"33036","kva":630,"kwp":360.8,"ratio":0.57,"load":20,"rf":0}},{"type":"Feature","geometry":{"type":"Point","coordinates":[6.67288,49.36336]},"properties":{"d":"33036","kva":630,"kwp":197.6,"ratio":0.31,"load":13,"rf":0}},{"type":"Feature","geometry":{"type":"Point","coordinates":[6.67678,49.37328]},"properties":{"d":"33036","kva":630,"kwp":248.6,"ratio":0.39,"load":12,"rf":0}},{"type":"Feature","geometry":{"type":"Point","coordinates":[6.68311,49.3753]},"properties":{"d":"33036","kva":630,"kwp":122.8,"ratio":0.19,"load":4,"rf":0}},{"type":"Feature","geometry":{"type":"Point","coordinates":[6.68595,49.37703]},"properties":{"d":"33036","kva":630,"kwp":78.3,"ratio":0.12,"load":3,"rf":0}},{"type":"Feature","geometry":{"type":"Point","coordinates":[6.59666,49.39268]},"properties":{"d":"33036","kva":100,"kwp":49.9,"ratio":0.5,"load":82,"rf":0}},{"type":"Feature","geometry":{"type":"Point","coordinates":[6.89419,49.25932]},"properties":{"d":"33076","kva":100,"kwp":0.2,"ratio":0.0,"load":0,"rf":0}},{"type":"Feature","geometry":{"type":"Point","coordinates":[6.90734,49.24982]},"properties":{"d":"33076","kva":800,"kwp":19.0,"ratio":0.02,"load":4,"rf":0}},{"type":"Feature","geometry":{"type":"Point","coordinates":[6.90692,49.25793]},"properties":{"d":"33076","kva":400,"kwp":11.0,"ratio":0.03,"load":5,"rf":0}},{"type":"Feature","geometry":{"type":"Point","coordinates":[6.90331,49.24806]},"properties":{"d":"33076","kva":630,"kwp":104.7,"ratio":0.17,"load":8,"rf":0}},{"type":"Feature","geometry":{"type":"Point","coordinates":[6.8975,49.24939]},"properties":{"d":"33076","kva":400,"kwp":8.0,"ratio":0.02,"load":5,"rf":0}},{"type":"Feature","geometry":{"type":"Point","coordinates":[6.90495,49.26202]},"properties":{"d":"33076","kva":100,"kwp":0.2,"ratio":0.0,"load":0,"rf":0}},{"type":"Feature","geometry":{"type":"Point","coordinates":[6.90734,49.24982]},"properties":{"d":"33076","kva":800,"kwp":19.0,"ratio":0.02,"load":4,"rf":0}},{"type":"Feature","geometry":{"type":"Point","coordinates":[6.8975,49.24939]},"properties":{"d":"33076","kva":400,"kwp":8.0,"ratio":0.02,"load":5,"rf":0}},{"type":"Feature","geometry":{"type":"Point","coordinates":[6.73155,49.26554]},"properties":{"d":"33185","kva":400,"kwp":138.1,"ratio":0.35,"load":4,"rf":0}},{"type":"Feature","geometry":{"type":"Point","coordinates":[6.7039,49.23951]},"properties":{"d":"33185","kva":1000,"kwp":387.0,"ratio":0.39,"load":12,"rf":0}},{"type":"Feature","geometry":{"type":"Point","coordinates":[6.70608,49.25414]},"properties":{"d":"33185","kva":630,"kwp":295.5,"ratio":0.47,"load":32,"rf":0}},{"type":"Feature","geometry":{"type":"Point","coordinates":[6.70994,49.24716]},"properties":{"d":"33185","kva":1000,"kwp":255.1,"ratio":0.26,"load":3,"rf":0}},{"type":"Feature","geometry":{"type":"Point","coordinates":[6.69897,49.27446]},"properties":{"d":"33185","kva":630,"kwp":337.8,"ratio":0.54,"load":18,"rf":0}},{"type":"Feature","geometry":{"type":"Point","coordinates":[6.70451,49.27291]},"properties":{"d":"33185","kva":400,"kwp":213.2,"ratio":0.53,"load":18,"rf":0}},{"type":"Feature","geometry":{"type":"Point","coordinates":[6.70302,49.23636]},"properties":{"d":"33185","kva":800,"kwp":396.9,"ratio":0.5,"load":16,"rf":0}},{"type":"Feature","geometry":{"type":"Point","coordinates":[6.69607,49.23215]},"properties":{"d":"33185","kva":630,"kwp":244.4,"ratio":0.39,"load":25,"rf":0}},{"type":"Feature","geometry":{"type":"Point","coordinates":[6.6959,49.23852]},"properties":{"d":"33185","kva":630,"kwp":417.6,"ratio":0.66,"load":47,"rf":0}},{"type":"Feature","geometry":{"type":"Point","coordinates":[6.70157,49.24693]},"properties":{"d":"33185","kva":630,"kwp":72.2,"ratio":0.11,"load":2,"rf":0}},{"type":"Feature","geometry":{"type":"Point","coordinates":[6.70943,49.27439]},"properties":{"d":"33185","kva":630,"kwp":383.8,"ratio":0.61,"load":20,"rf":0}},{"type":"Feature","geometry":{"type":"Point","coordinates":[6.69939,49.26003]},"properties":{"d":"33185","kva":400,"kwp":184.1,"ratio":0.46,"load":32,"rf":0}},{"type":"Feature","geometry":{"type":"Point","coordinates":[6.70987,49.23504]},"properties":{"d":"33185","kva":400,"kwp":193.5,"ratio":0.48,"load":12,"rf":0}},{"type":"Feature","geometry":{"type":"Point","coordinates":[6.68828,49.26054]},"properties":{"d":"33185","kva":400,"kwp":360.4,"ratio":0.9,"load":32,"rf":0}},{"type":"Feature","geometry":{"type":"Point","coordinates":[6.69792,49.24416]},"properties":{"d":"33185","kva":630,"kwp":259.1,"ratio":0.41,"load":17,"rf":0}},{"type":"Feature","geometry":{"type":"Point","coordinates":[6.72199,49.27177]},"properties":{"d":"33185","kva":100,"kwp":16.4,"ratio":0.16,"load":1,"rf":0}},{"type":"Feature","geometry":{"type":"Point","coordinates":[6.69742,49.26439]},"properties":{"d":"33185","kva":630,"kwp":298.5,"ratio":0.47,"load":32,"rf":0}},{"type":"Feature","geometry":{"type":"Point","coordinates":[6.69764,49.25321]},"properties":{"d":"33185","kva":400,"kwp":264.3,"ratio":0.66,"load":18,"rf":0}},{"type":"Feature","geometry":{"type":"Point","coordinates":[6.71004,49.24155]},"properties":{"d":"33185","kva":630,"kwp":241.1,"ratio":0.38,"load":11,"rf":0}},{"type":"Feature","geometry":{"type":"Point","coordinates":[6.7067,49.23519]},"properties":{"d":"33185","kva":630,"kwp":285.4,"ratio":0.45,"load":15,"rf":0}},{"type":"Feature","geometry":{"type":"Point","coordinates":[6.70807,49.27576]},"properties":{"d":"33185","kva":400,"kwp":185.3,"ratio":0.46,"load":31,"rf":0}},{"type":"Feature","geometry":{"type":"Point","coordinates":[6.69328,49.2645]},"properties":{"d":"33185","kva":400,"kwp":216.5,"ratio":0.54,"load":18,"rf":0}},{"type":"Feature","geometry":{"type":"Point","coordinates":[6.70551,49.23245]},"properties":{"d":"33185","kva":400,"kwp":116.4,"ratio":0.29,"load":18,"rf":0}},{"type":"Feature","geometry":{"type":"Point","coordinates":[6.71323,49.27483]},"properties":{"d":"33185","kva":250,"kwp":67.2,"ratio":0.27,"load":17,"rf":0}},{"type":"Feature","geometry":{"type":"Point","coordinates":[6.69469,49.24686]},"properties":{"d":"33185","kva":630,"kwp":328.3,"ratio":0.52,"load":36,"rf":0}},{"type":"Feature","geometry":{"type":"Point","coordinates":[6.70148,49.26756]},"properties":{"d":"33185","kva":250,"kwp":113.2,"ratio":0.45,"load":31,"rf":0}},{"type":"Feature","geometry":{"type":"Point","coordinates":[6.73735,49.26692]},"properties":{"d":"33185","kva":100,"kwp":105.7,"ratio":1.06,"load":83,"rf":0}},{"type":"Feature","geometry":{"type":"Point","coordinates":[6.69497,49.2416]},"properties":{"d":"33185","kva":400,"kwp":196.8,"ratio":0.49,"load":13,"rf":0}},{"type":"Feature","geometry":{"type":"Point","coordinates":[6.70988,49.23773]},"properties":{"d":"33185","kva":400,"kwp":177.1,"ratio":0.44,"load":11,"rf":0}},{"type":"Feature","geometry":{"type":"Point","coordinates":[6.70627,49.26814]},"properties":{"d":"33185","kva":250,"kwp":111.5,"ratio":0.45,"load":8,"rf":0}},{"type":"Feature","geometry":{"type":"Point","coordinates":[6.69869,49.24093]},"properties":{"d":"33185","kva":630,"kwp":275.5,"ratio":0.44,"load":14,"rf":0}},{"type":"Feature","geometry":{"type":"Point","coordinates":[6.70363,49.27592]},"properties":{"d":"33185","kva":400,"kwp":180.4,"ratio":0.45,"load":12,"rf":0}},{"type":"Feature","geometry":{"type":"Point","coordinates":[6.70121,49.25742]},"properties":{"d":"33185","kva":250,"kwp":116.4,"ratio":0.47,"load":14,"rf":0}},{"type":"Feature","geometry":{"type":"Point","coordinates":[6.72646,49.26851]},"properties":{"d":"33185","kva":400,"kwp":27.9,"ratio":0.07,"load":3,"rf":0}},{"type":"Feature","geometry":{"type":"Point","coordinates":[6.68606,49.25173]},"properties":{"d":"33185","kva":100,"kwp":6.6,"ratio":0.07,"load":4,"rf":0}},{"type":"Feature","geometry":{"type":"Point","coordinates":[6.68208,49.26828]},"properties":{"d":"33185","kva":100,"kwp":3.3,"ratio":0.03,"load":50,"rf":0}},{"type":"Feature","geometry":{"type":"Point","coordinates":[6.68578,49.27362]},"properties":{"d":"33185","kva":100,"kwp":4.9,"ratio":0.05,"load":3,"rf":0}},{"type":"Feature","geometry":{"type":"Point","coordinates":[6.69794,49.22262]},"properties":{"d":"33185","kva":100,"kwp":13.1,"ratio":0.13,"load":9,"rf":0}},{"type":"Feature","geometry":{"type":"Point","coordinates":[6.69807,49.22629]},"properties":{"d":"33185","kva":100,"kwp":1.6,"ratio":0.02,"load":1,"rf":0}},{"type":"Feature","geometry":{"type":"Point","coordinates":[6.70736,49.26335]},"properties":{"d":"33185","kva":100,"kwp":4.9,"ratio":0.05,"load":4,"rf":0}},{"type":"Feature","geometry":{"type":"Point","coordinates":[6.71321,49.22074]},"properties":{"d":"33185","kva":100,"kwp":4.9,"ratio":0.05,"load":3,"rf":0}},{"type":"Feature","geometry":{"type":"Point","coordinates":[6.71057,49.28036]},"properties":{"d":"33185","kva":100,"kwp":104.7,"ratio":1.05,"load":83,"rf":0}},{"type":"Feature","geometry":{"type":"Point","coordinates":[6.71847,49.26113]},"properties":{"d":"33185","kva":100,"kwp":3.3,"ratio":0.03,"load":2,"rf":0}},{"type":"Feature","geometry":{"type":"Point","coordinates":[6.71514,49.26343]},"properties":{"d":"33185","kva":100,"kwp":1.6,"ratio":0.02,"load":1,"rf":0}},{"type":"Feature","geometry":{"type":"Point","coordinates":[6.70124,49.29259]},"properties":{"d":"33185","kva":800,"kwp":1263.1,"ratio":1.58,"load":59,"rf":0}},{"type":"Feature","geometry":{"type":"Point","coordinates":[6.69434,49.29004]},"properties":{"d":"33185","kva":1000,"kwp":1083.0,"ratio":1.08,"load":83,"rf":1}},{"type":"Feature","geometry":{"type":"Point","coordinates":[6.68685,49.29548]},"properties":{"d":"33185","kva":630,"kwp":1891.8,"ratio":3.0,"load":91,"rf":1}},{"type":"Feature","geometry":{"type":"Point","coordinates":[6.71731,49.29572]},"properties":{"d":"33185","kva":160,"kwp":18.2,"ratio":0.11,"load":6,"rf":0}},{"type":"Feature","geometry":{"type":"Point","coordinates":[6.73114,49.25181]},"properties":{"d":"33185","kva":160,"kwp":135.3,"ratio":0.85,"load":66,"rf":1}},{"type":"Feature","geometry":{"type":"Point","coordinates":[6.73155,49.26554]},"properties":{"d":"33185","kva":400,"kwp":138.1,"ratio":0.35,"load":4,"rf":0}},{"type":"Feature","geometry":{"type":"Point","coordinates":[6.70994,49.24716]},"properties":{"d":"33185","kva":1000,"kwp":255.1,"ratio":0.26,"load":3,"rf":0}},{"type":"Feature","geometry":{"type":"Point","coordinates":[6.69897,49.27446]},"properties":{"d":"33185","kva":630,"kwp":337.8,"ratio":0.54,"load":18,"rf":0}},{"type":"Feature","geometry":{"type":"Point","coordinates":[6.70451,49.27291]},"properties":{"d":"33185","kva":400,"kwp":213.2,"ratio":0.53,"load":18,"rf":0}},{"type":"Feature","geometry":{"type":"Point","coordinates":[6.70302,49.23636]},"properties":{"d":"33185","kva":800,"kwp":396.9,"ratio":0.5,"load":16,"rf":0}},{"type":"Feature","geometry":{"type":"Point","coordinates":[6.70943,49.27439]},"properties":{"d":"33185","kva":630,"kwp":383.8,"ratio":0.61,"load":20,"rf":0}},{"type":"Feature","geometry":{"type":"Point","coordinates":[6.68828,49.26054]},"properties":{"d":"33185","kva":400,"kwp":360.4,"ratio":0.9,"load":32,"rf":0}},{"type":"Feature","geometry":{"type":"Point","coordinates":[6.69792,49.24416]},"properties":{"d":"33185","kva":630,"kwp":259.1,"ratio":0.41,"load":17,"rf":0}},{"type":"Feature","geometry":{"type":"Point","coordinates":[6.71004,49.24155]},"properties":{"d":"33185","kva":630,"kwp":241.1,"ratio":0.38,"load":11,"rf":0}},{"type":"Feature","geometry":{"type":"Point","coordinates":[6.69328,49.2645]},"properties":{"d":"33185","kva":400,"kwp":216.5,"ratio":0.54,"load":18,"rf":0}},{"type":"Feature","geometry":{"type":"Point","coordinates":[6.72646,49.26851]},"properties":{"d":"33185","kva":400,"kwp":27.9,"ratio":0.07,"load":3,"rf":0}},{"type":"Feature","geometry":{"type":"Point","coordinates":[6.68208,49.26828]},"properties":{"d":"33185","kva":100,"kwp":3.3,"ratio":0.03,"load":50,"rf":0}},{"type":"Feature","geometry":{"type":"Point","coordinates":[6.70124,49.29259]},"properties":{"d":"33185","kva":800,"kwp":1263.1,"ratio":1.58,"load":59,"rf":0}},{"type":"Feature","geometry":{"type":"Point","coordinates":[6.73155,49.26554]},"properties":{"d":"33185","kva":630,"kwp":138.1,"ratio":0.22,"load":4,"rf":0}},{"type":"Feature","geometry":{"type":"Point","coordinates":[6.7039,49.23951]},"properties":{"d":"33185","kva":630,"kwp":387.0,"ratio":0.61,"load":18,"rf":0}},{"type":"Feature","geometry":{"type":"Point","coordinates":[6.70994,49.24716]},"properties":{"d":"33185","kva":630,"kwp":255.1,"ratio":0.4,"load":4,"rf":0}},{"type":"Feature","geometry":{"type":"Point","coordinates":[6.70157,49.24693]},"properties":{"d":"33185","kva":630,"kwp":72.2,"ratio":0.11,"load":2,"rf":0}},{"type":"Feature","geometry":{"type":"Point","coordinates":[6.70987,49.23504]},"properties":{"d":"33185","kva":630,"kwp":193.5,"ratio":0.31,"load":12,"rf":0}},{"type":"Feature","geometry":{"type":"Point","coordinates":[6.72199,49.27177]},"properties":{"d":"33185","kva":630,"kwp":16.4,"ratio":0.03,"load":1,"rf":0}},{"type":"Feature","geometry":{"type":"Point","coordinates":[6.69764,49.25321]},"properties":{"d":"33185","kva":630,"kwp":264.3,"ratio":0.42,"load":18,"rf":0}},{"type":"Feature","geometry":{"type":"Point","coordinates":[6.7067,49.23519]},"properties":{"d":"33185","kva":630,"kwp":285.4,"ratio":0.45,"load":15,"rf":0}},{"type":"Feature","geometry":{"type":"Point","coordinates":[6.69497,49.2416]},"properties":{"d":"33185","kva":630,"kwp":196.8,"ratio":0.31,"load":13,"rf":0}},{"type":"Feature","geometry":{"type":"Point","coordinates":[6.70988,49.23773]},"properties":{"d":"33185","kva":630,"kwp":177.1,"ratio":0.28,"load":11,"rf":0}},{"type":"Feature","geometry":{"type":"Point","coordinates":[6.70627,49.26814]},"properties":{"d":"33185","kva":630,"kwp":111.5,"ratio":0.18,"load":8,"rf":0}},{"type":"Feature","geometry":{"type":"Point","coordinates":[6.69869,49.24093]},"properties":{"d":"33185","kva":630,"kwp":275.5,"ratio":0.44,"load":14,"rf":0}},{"type":"Feature","geometry":{"type":"Point","coordinates":[6.70363,49.27592]},"properties":{"d":"33185","kva":630,"kwp":180.4,"ratio":0.29,"load":12,"rf":0}},{"type":"Feature","geometry":{"type":"Point","coordinates":[6.70121,49.25742]},"properties":{"d":"33185","kva":630,"kwp":116.4,"ratio":0.18,"load":14,"rf":0}},{"type":"Feature","geometry":{"type":"Point","coordinates":[6.69807,49.22629]},"properties":{"d":"33185","kva":630,"kwp":1.6,"ratio":0.0,"load":1,"rf":0}},{"type":"Feature","geometry":{"type":"Point","coordinates":[6.68685,49.29548]},"properties":{"d":"33185","kva":1000,"kwp":1891.8,"ratio":1.89,"load":91,"rf":1}},{"type":"Feature","geometry":{"type":"Point","coordinates":[7.08791,49.33052]},"properties":{"d":"33286","kva":400,"kwp":56.5,"ratio":0.14,"load":5,"rf":0}},{"type":"Feature","geometry":{"type":"Point","coordinates":[7.09275,49.31882]},"properties":{"d":"33286","kva":400,"kwp":54.8,"ratio":0.14,"load":2,"rf":0}},{"type":"Feature","geometry":{"type":"Point","coordinates":[7.09899,49.32057]},"properties":{"d":"33286","kva":630,"kwp":66.7,"ratio":0.11,"load":3,"rf":0}},{"type":"Feature","geometry":{"type":"Point","coordinates":[7.09919,49.3177]},"properties":{"d":"33286","kva":630,"kwp":130.7,"ratio":0.21,"load":5,"rf":0}},{"type":"Feature","geometry":{"type":"Point","coordinates":[7.08399,49.33371]},"properties":{"d":"33286","kva":250,"kwp":135.4,"ratio":0.54,"load":11,"rf":0}},{"type":"Feature","geometry":{"type":"Point","coordinates":[7.09522,49.32819]},"properties":{"d":"33286","kva":630,"kwp":28.2,"ratio":0.04,"load":3,"rf":0}},{"type":"Feature","geometry":{"type":"Point","coordinates":[7.10248,49.33437]},"properties":{"d":"33286","kva":630,"kwp":129.3,"ratio":0.21,"load":11,"rf":0}},{"type":"Feature","geometry":{"type":"Point","coordinates":[7.07639,49.31757]},"properties":{"d":"33286","kva":100,"kwp":0.6,"ratio":0.01,"load":0,"rf":0}},{"type":"Feature","geometry":{"type":"Point","coordinates":[7.07786,49.32063]},"properties":{"d":"33286","kva":400,"kwp":26.0,"ratio":0.06,"load":2,"rf":0}},{"type":"Feature","geometry":{"type":"Point","coordinates":[7.08459,49.32475]},"properties":{"d":"33286","kva":400,"kwp":55.4,"ratio":0.14,"load":5,"rf":0}},{"type":"Feature","geometry":{"type":"Point","coordinates":[7.10327,49.32871]},"properties":{"d":"33286","kva":160,"kwp":19.2,"ratio":0.12,"load":4,"rf":0}},{"type":"Feature","geometry":{"type":"Point","coordinates":[7.08684,49.32734]},"properties":{"d":"33286","kva":630,"kwp":79.1,"ratio":0.13,"load":4,"rf":0}},{"type":"Feature","geometry":{"type":"Point","coordinates":[7.1048,49.33611]},"properties":{"d":"33286","kva":400,"kwp":56.5,"ratio":0.14,"load":2,"rf":0}},{"type":"Feature","geometry":{"type":"Point","coordinates":[7.09606,49.33232]},"properties":{"d":"33286","kva":400,"kwp":42.9,"ratio":0.11,"load":3,"rf":0}},{"type":"Feature","geometry":{"type":"Point","coordinates":[7.07262,49.31453]},"properties":{"d":"33286","kva":400,"kwp":76.6,"ratio":0.19,"load":4,"rf":0}},{"type":"Feature","geometry":{"type":"Point","coordinates":[7.10643,49.32295]},"properties":{"d":"33286","kva":400,"kwp":37.3,"ratio":0.09,"load":13,"rf":0}},{"type":"Feature","geometry":{"type":"Point","coordinates":[7.10049,49.32158]},"properties":{"d":"33286","kva":400,"kwp":50.8,"ratio":0.13,"load":4,"rf":0}},{"type":"Feature","geometry":{"type":"Point","coordinates":[7.09593,49.33567]},"properties":{"d":"33286","kva":400,"kwp":55.9,"ratio":0.14,"load":5,"rf":0}},{"type":"Feature","geometry":{"type":"Point","coordinates":[7.0865,49.33294]},"properties":{"d":"33286","kva":400,"kwp":68.9,"ratio":0.17,"load":3,"rf":0}},{"type":"Feature","geometry":{"type":"Point","coordinates":[7.09744,49.33434]},"properties":{"d":"33286","kva":400,"kwp":100.8,"ratio":0.25,"load":14,"rf":0}},{"type":"Feature","geometry":{"type":"Point","coordinates":[7.09537,49.3245]},"properties":{"d":"33286","kva":400,"kwp":33.9,"ratio":0.08,"load":2,"rf":0}},{"type":"Feature","geometry":{"type":"Point","coordinates":[7.09943,49.3273]},"properties":{"d":"33286","kva":400,"kwp":58.2,"ratio":0.15,"load":5,"rf":0}},{"type":"Feature","geometry":{"type":"Point","coordinates":[7.09303,49.33338]},"properties":{"d":"33286","kva":630,"kwp":92.1,"ratio":0.15,"load":5,"rf":0}},{"type":"Feature","geometry":{"type":"Point","coordinates":[7.09864,49.32852]},"properties":{"d":"33286","kva":400,"kwp":66.1,"ratio":0.17,"load":2,"rf":0}},{"type":"Feature","geometry":{"type":"Point","coordinates":[7.08227,49.3235]},"properties":{"d":"33286","kva":400,"kwp":42.9,"ratio":0.11,"load":3,"rf":0}},{"type":"Feature","geometry":{"type":"Point","coordinates":[7.08589,49.32327]},"properties":{"d":"33286","kva":250,"kwp":31.6,"ratio":0.13,"load":4,"rf":0}},{"type":"Feature","geometry":{"type":"Point","coordinates":[7.09205,49.32566]},"properties":{"d":"33286","kva":160,"kwp":71.9,"ratio":0.45,"load":37,"rf":0}},{"type":"Feature","geometry":{"type":"Point","coordinates":[7.10117,49.31875]},"properties":{"d":"33286","kva":100,"kwp":9.0,"ratio":0.09,"load":3,"rf":0}},{"type":"Feature","geometry":{"type":"Point","coordinates":[7.09517,49.31934]},"properties":{"d":"33286","kva":630,"kwp":66.1,"ratio":0.1,"load":3,"rf":0}},{"type":"Feature","geometry":{"type":"Point","coordinates":[7.09763,49.32282]},"properties":{"d":"33286","kva":400,"kwp":34.5,"ratio":0.09,"load":2,"rf":0}},{"type":"Feature","geometry":{"type":"Point","coordinates":[7.10088,49.3243]},"properties":{"d":"33286","kva":250,"kwp":35.6,"ratio":0.14,"load":1,"rf":0}},{"type":"Feature","geometry":{"type":"Point","coordinates":[7.06889,49.3132]},"properties":{"d":"33286","kva":160,"kwp":19.9,"ratio":0.12,"load":5,"rf":0}},{"type":"Feature","geometry":{"type":"Point","coordinates":[7.08316,49.33018]},"properties":{"d":"33286","kva":100,"kwp":0.6,"ratio":0.01,"load":0,"rf":0}},{"type":"Feature","geometry":{"type":"Point","coordinates":[7.09537,49.32167]},"properties":{"d":"33286","kva":630,"kwp":65.5,"ratio":0.1,"load":3,"rf":0}},{"type":"Feature","geometry":{"type":"Point","coordinates":[7.08909,49.31831]},"properties":{"d":"33286","kva":400,"kwp":144.2,"ratio":0.36,"load":22,"rf":0}},{"type":"Feature","geometry":{"type":"Point","coordinates":[7.08521,49.32857]},"properties":{"d":"33286","kva":250,"kwp":21.5,"ratio":0.09,"load":3,"rf":0}},{"type":"Feature","geometry":{"type":"Point","coordinates":[7.10938,49.3374]},"properties":{"d":"33286","kva":160,"kwp":17.5,"ratio":0.11,"load":4,"rf":0}},{"type":"Feature","geometry":{"type":"Point","coordinates":[7.09297,49.321]},"properties":{"d":"33286","kva":250,"kwp":22.6,"ratio":0.09,"load":3,"rf":0}},{"type":"Feature","geometry":{"type":"Point","coordinates":[7.09566,49.33125]},"properties":{"d":"33286","kva":400,"kwp":44.1,"ratio":0.11,"load":4,"rf":0}},{"type":"Feature","geometry":{"type":"Point","coordinates":[7.10591,49.33799]},"properties":{"d":"33286","kva":250,"kwp":36.2,"ratio":0.14,"load":1,"rf":0}},{"type":"Feature","geometry":{"type":"Point","coordinates":[7.09036,49.32296]},"properties":{"d":"33286","kva":400,"kwp":41.8,"ratio":0.1,"load":1,"rf":0}},{"type":"Feature","geometry":{"type":"Point","coordinates":[7.08806,49.32606]},"properties":{"d":"33286","kva":250,"kwp":24.9,"ratio":0.1,"load":3,"rf":0}},{"type":"Feature","geometry":{"type":"Point","coordinates":[7.09658,49.33037]},"properties":{"d":"33286","kva":250,"kwp":21.5,"ratio":0.09,"load":3,"rf":0}},{"type":"Feature","geometry":{"type":"Point","coordinates":[7.08778,49.32137]},"properties":{"d":"33286","kva":250,"kwp":31.1,"ratio":0.12,"load":4,"rf":0}},{"type":"Feature","geometry":{"type":"Point","coordinates":[7.02848,49.34785]},"properties":{"d":"33286","kva":100,"kwp":2.0,"ratio":0.02,"load":1,"rf":0}},{"type":"Feature","geometry":{"type":"Point","coordinates":[7.03578,49.34824]},"properties":{"d":"33286","kva":100,"kwp":1.0,"ratio":0.01,"load":1,"rf":0}},{"type":"Feature","geometry":{"type":"Point","coordinates":[7.06961,49.36038]},"properties":{"d":"33286","kva":630,"kwp":224.2,"ratio":0.36,"load":10,"rf":0}},{"type":"Feature","geometry":{"type":"Point","coordinates":[7.06317,49.36135]},"properties":{"d":"33286","kva":1000,"kwp":287.8,"ratio":0.29,"load":8,"rf":0}},{"type":"Feature","geometry":{"type":"Point","coordinates":[7.08103,49.36666]},"properties":{"d":"33286","kva":400,"kwp":104.6,"ratio":0.26,"load":15,"rf":0}},{"type":"Feature","geometry":{"type":"Point","coordinates":[7.08357,49.37411]},"properties":{"d":"33286","kva":630,"kwp":224.8,"ratio":0.36,"load":10,"rf":0}},{"type":"Feature","geometry":{"type":"Point","coordinates":[7.09016,49.37539]},"properties":{"d":"33286","kva":630,"kwp":155.7,"ratio":0.25,"load":6,"rf":0}},{"type":"Feature","geometry":{"type":"Point","coordinates":[7.07927,49.37811]},"properties":{"d":"33286","kva":630,"kwp":236.2,"ratio":0.37,"load":24,"rf":0}},{"type":"Feature","geometry":{"type":"Point","coordinates":[7.06203,49.35845]},"properties":{"d":"33286","kva":630,"kwp":277.8,"ratio":0.44,"load":14,"rf":0}},{"type":"Feature","geometry":{"type":"Point","coordinates":[7.05208,49.36078]},"properties":{"d":"33286","kva":400,"kwp":151.7,"ratio":0.38,"load":11,"rf":0}},{"type":"Feature","geometry":{"type":"Point","coordinates":[7.05822,49.35893]},"properties":{"d":"33286","kva":800,"kwp":232.0,"ratio":0.29,"load":8,"rf":0}},{"type":"Feature","geometry":{"type":"Point","coordinates":[7.08772,49.36714]},"properties":{"d":"33286","kva":630,"kwp":158.1,"ratio":0.25,"load":7,"rf":0}},{"type":"Feature","geometry":{"type":"Point","coordinates":[7.05429,49.3551]},"properties":{"d":"33286","kva":800,"kwp":302.5,"ratio":0.38,"load":11,"rf":0}},{"type":"Feature","geometry":{"type":"Point","coordinates":[7.06741,49.35445]},"properties":{"d":"33286","kva":630,"kwp":197.8,"ratio":0.31,"load":8,"rf":0}},{"type":"Feature","geometry":{"type":"Point","coordinates":[7.0549,49.35253]},"properties":{"d":"33286","kva":630,"kwp":226.4,"ratio":0.36,"load":23,"rf":0}},{"type":"Feature","geometry":{"type":"Point","coordinates":[7.07177,49.37341]},"properties":{"d":"33286","kva":630,"kwp":202.6,"ratio":0.32,"load":21,"rf":0}},{"type":"Feature","geometry":{"type":"Point","coordinates":[7.04841,49.34625]},"properties":{"d":"33286","kva":400,"kwp":114.2,"ratio":0.29,"load":6,"rf":0}},{"type":"Feature","geometry":{"type":"Point","coordinates":[7.0494,49.35837]},"properties":{"d":"33286","kva":630,"kwp":187.0,"ratio":0.3,"load":9,"rf":0}},{"type":"Feature","geometry":{"type":"Point","coordinates":[7.09122,49.37207]},"properties":{"d":"33286","kva":630,"kwp":180.7,"ratio":0.29,"load":7,"rf":0}},{"type":"Feature","geometry":{"type":"Point","coordinates":[7.05851,49.3638]},"properties":{"d":"33286","kva":630,"kwp":164.5,"ratio":0.26,"load":15,"rf":0}},{"type":"Feature","geometry":{"type":"Point","coordinates":[7.07777,49.36399]},"properties":{"d":"33286","kva":400,"kwp":131.2,"ratio":0.33,"load":10,"rf":0}},{"type":"Feature","geometry":{"type":"Point","coordinates":[7.06354,49.35254]},"properties":{"d":"33286","kva":630,"kwp":374.7,"ratio":0.59,"load":43,"rf":0}},{"type":"Feature","geometry":{"type":"Point","coordinates":[7.09459,49.37455]},"properties":{"d":"33286","kva":400,"kwp":165.4,"ratio":0.41,"load":27,"rf":0}},{"type":"Feature","geometry":{"type":"Point","coordinates":[7.08837,49.36941]},"properties":{"d":"33286","kva":630,"kwp":295.9,"ratio":0.47,"load":32,"rf":0}},{"type":"Feature","geometry":{"type":"Point","coordinates":[7.07769,49.37302]},"properties":{"d":"33286","kva":400,"kwp":159.1,"ratio":0.4,"load":10,"rf":0}},{"type":"Feature","geometry":{"type":"Point","coordinates":[7.05622,49.3502]},"properties":{"d":"33286","kva":250,"kwp":81.3,"ratio":0.33,"load":5,"rf":0}},{"type":"Feature","geometry":{"type":"Point","coordinates":[7.04994,49.35096]},"properties":{"d":"33286","kva":250,"kwp":146.7,"ratio":0.59,"load":42,"rf":0}},{"type":"Feature","geometry":{"type":"Point","coordinates":[7.08296,49.37067]},"properties":{"d":"33286","kva":630,"kwp":243.8,"ratio":0.39,"load":26,"rf":0}},{"type":"Feature","geometry":{"type":"Point","coordinates":[7.09184,49.3669]},"properties":{"d":"33286","kva":250,"kwp":35.8,"ratio":0.14,"load":7,"rf":0}},{"type":"Feature","geometry":{"type":"Point","coordinates":[7.06892,49.32534]},"properties":{"d":"33286","kva":250,"kwp":39.0,"ratio":0.16,"load":2,"rf":0}},{"type":"Feature","geometry":{"type":"Point","coordinates":[7.07045,49.32142]},"properties":{"d":"33286","kva":160,"kwp":8.5,"ratio":0.05,"load":1,"rf":0}},{"type":"Feature","geometry":{"type":"Point","coordinates":[7.07259,49.32312]},"properties":{"d":"33286","kva":250,"kwp":1.7,"ratio":0.01,"load":6,"rf":0}},{"type":"Feature","geometry":{"type":"Point","coordinates":[7.07509,49.34182]},"properties":{"d":"33286","kva":100,"kwp":9.2,"ratio":0.09,"load":4,"rf":0}},{"type":"Feature","geometry":{"type":"Point","coordinates":[7.07651,49.35242]},"properties":{"d":"33286","kva":100,"kwp":2.0,"ratio":0.02,"load":1,"rf":0}},{"type":"Feature","geometry":{"type":"Point","coordinates":[7.07262,49.31453]},"properties":{"d":"33286","kva":400,"kwp":76.6,"ratio":0.19,"load":4,"rf":0}},{"type":"Feature","geometry":{"type":"Point","coordinates":[7.0865,49.33294]},"properties":{"d":"33286","kva":400,"kwp":68.9,"ratio":0.17,"load":3,"rf":0}},{"type":"Feature","geometry":{"type":"Point","coordinates":[7.06961,49.36038]},"properties":{"d":"33286","kva":630,"kwp":224.2,"ratio":0.36,"load":10,"rf":0}},{"type":"Feature","geometry":{"type":"Point","coordinates":[7.06317,49.36135]},"properties":{"d":"33286","kva":1000,"kwp":287.8,"ratio":0.29,"load":8,"rf":0}},{"type":"Feature","geometry":{"type":"Point","coordinates":[7.08357,49.37411]},"properties":{"d":"33286","kva":630,"kwp":224.8,"ratio":0.36,"load":10,"rf":0}},{"type":"Feature","geometry":{"type":"Point","coordinates":[7.06203,49.35845]},"properties":{"d":"33286","kva":630,"kwp":277.8,"ratio":0.44,"load":14,"rf":0}},{"type":"Feature","geometry":{"type":"Point","coordinates":[7.05208,49.36078]},"properties":{"d":"33286","kva":400,"kwp":151.7,"ratio":0.38,"load":11,"rf":0}},{"type":"Feature","geometry":{"type":"Point","coordinates":[7.05822,49.35893]},"properties":{"d":"33286","kva":800,"kwp":232.0,"ratio":0.29,"load":8,"rf":0}},{"type":"Feature","geometry":{"type":"Point","coordinates":[7.05429,49.3551]},"properties":{"d":"33286","kva":800,"kwp":302.5,"ratio":0.38,"load":11,"rf":0}},{"type":"Feature","geometry":{"type":"Point","coordinates":[7.06741,49.35445]},"properties":{"d":"33286","kva":630,"kwp":197.8,"ratio":0.31,"load":8,"rf":0}},{"type":"Feature","geometry":{"type":"Point","coordinates":[7.09122,49.37207]},"properties":{"d":"33286","kva":630,"kwp":180.7,"ratio":0.29,"load":7,"rf":0}},{"type":"Feature","geometry":{"type":"Point","coordinates":[7.07777,49.36399]},"properties":{"d":"33286","kva":400,"kwp":131.2,"ratio":0.33,"load":10,"rf":0}},{"type":"Feature","geometry":{"type":"Point","coordinates":[7.07259,49.32312]},"properties":{"d":"33286","kva":250,"kwp":1.7,"ratio":0.01,"load":6,"rf":0}},{"type":"Feature","geometry":{"type":"Point","coordinates":[7.09275,49.31882]},"properties":{"d":"33286","kva":630,"kwp":54.8,"ratio":0.09,"load":2,"rf":0}},{"type":"Feature","geometry":{"type":"Point","coordinates":[7.09919,49.3177]},"properties":{"d":"33286","kva":630,"kwp":130.7,"ratio":0.21,"load":5,"rf":0}},{"type":"Feature","geometry":{"type":"Point","coordinates":[7.08399,49.33371]},"properties":{"d":"33286","kva":630,"kwp":135.4,"ratio":0.21,"load":11,"rf":0}},{"type":"Feature","geometry":{"type":"Point","coordinates":[7.1048,49.33611]},"properties":{"d":"33286","kva":630,"kwp":56.5,"ratio":0.09,"load":2,"rf":0}},{"type":"Feature","geometry":{"type":"Point","coordinates":[7.09864,49.32852]},"properties":{"d":"33286","kva":630,"kwp":66.1,"ratio":0.1,"load":2,"rf":0}},{"type":"Feature","geometry":{"type":"Point","coordinates":[7.10088,49.3243]},"properties":{"d":"33286","kva":630,"kwp":35.6,"ratio":0.06,"load":1,"rf":0}},{"type":"Feature","geometry":{"type":"Point","coordinates":[7.10591,49.33799]},"properties":{"d":"33286","kva":630,"kwp":36.2,"ratio":0.06,"load":1,"rf":0}},{"type":"Feature","geometry":{"type":"Point","coordinates":[7.09036,49.32296]},"properties":{"d":"33286","kva":630,"kwp":41.8,"ratio":0.07,"load":1,"rf":0}},{"type":"Feature","geometry":{"type":"Point","coordinates":[7.09016,49.37539]},"properties":{"d":"33286","kva":630,"kwp":155.7,"ratio":0.25,"load":6,"rf":0}},{"type":"Feature","geometry":{"type":"Point","coordinates":[7.08772,49.36714]},"properties":{"d":"33286","kva":630,"kwp":158.1,"ratio":0.25,"load":7,"rf":0}},{"type":"Feature","geometry":{"type":"Point","coordinates":[7.04841,49.34625]},"properties":{"d":"33286","kva":630,"kwp":114.2,"ratio":0.18,"load":6,"rf":0}},{"type":"Feature","geometry":{"type":"Point","coordinates":[7.0494,49.35837]},"properties":{"d":"33286","kva":630,"kwp":187.0,"ratio":0.3,"load":9,"rf":0}},{"type":"Feature","geometry":{"type":"Point","coordinates":[7.07769,49.37302]},"properties":{"d":"33286","kva":630,"kwp":159.1,"ratio":0.25,"load":10,"rf":0}},{"type":"Feature","geometry":{"type":"Point","coordinates":[7.05622,49.3502]},"properties":{"d":"33286","kva":630,"kwp":81.3,"ratio":0.13,"load":5,"rf":0}},{"type":"Feature","geometry":{"type":"Point","coordinates":[7.06892,49.32534]},"properties":{"d":"33286","kva":630,"kwp":39.0,"ratio":0.06,"load":2,"rf":0}},{"type":"Feature","geometry":{"type":"Point","coordinates":[7.07045,49.32142]},"properties":{"d":"33286","kva":630,"kwp":8.5,"ratio":0.01,"load":1,"rf":0}},{"type":"Feature","geometry":{"type":"Point","coordinates":[7.05244,49.32724]},"properties":{"d":"33318","kva":800,"kwp":265.5,"ratio":0.33,"load":9,"rf":0}},{"type":"Feature","geometry":{"type":"Point","coordinates":[7.04129,49.3257]},"properties":{"d":"33318","kva":630,"kwp":187.9,"ratio":0.3,"load":9,"rf":0}},{"type":"Feature","geometry":{"type":"Point","coordinates":[7.05338,49.32055]},"properties":{"d":"33318","kva":630,"kwp":160.0,"ratio":0.25,"load":6,"rf":0}},{"type":"Feature","geometry":{"type":"Point","coordinates":[7.04767,49.31699]},"properties":{"d":"33318","kva":800,"kwp":246.9,"ratio":0.31,"load":8,"rf":0}},{"type":"Feature","geometry":{"type":"Point","coordinates":[7.05272,49.33097]},"properties":{"d":"33318","kva":800,"kwp":185.9,"ratio":0.23,"load":5,"rf":0}},{"type":"Feature","geometry":{"type":"Point","coordinates":[7.05732,49.33042]},"properties":{"d":"33318","kva":630,"kwp":87.0,"ratio":0.14,"load":5,"rf":0}},{"type":"Feature","geometry":{"type":"Point","coordinates":[7.04593,49.32328]},"properties":{"d":"33318","kva":630,"kwp":154.0,"ratio":0.24,"load":6,"rf":0}},{"type":"Feature","geometry":{"type":"Point","coordinates":[7.04007,49.31968]},"properties":{"d":"33318","kva":400,"kwp":66.8,"ratio":0.17,"load":8,"rf":0}},{"type":"Feature","geometry":{"type":"Point","coordinates":[7.05827,49.32238]},"properties":{"d":"33318","kva":400,"kwp":65.9,"ratio":0.16,"load":2,"rf":0}},{"type":"Feature","geometry":{"type":"Point","coordinates":[7.0474,49.32655]},"properties":{"d":"33318","kva":630,"kwp":313.3,"ratio":0.5,"load":15,"rf":0}},{"type":"Feature","geometry":{"type":"Point","coordinates":[7.04193,49.3198]},"properties":{"d":"33318","kva":630,"kwp":117.2,"ratio":0.19,"load":4,"rf":0}},{"type":"Feature","geometry":{"type":"Point","coordinates":[7.05658,49.33399]},"properties":{"d":"33318","kva":630,"kwp":112.2,"ratio":0.18,"load":3,"rf":0}},{"type":"Feature","geometry":{"type":"Point","coordinates":[7.05405,49.32463]},"properties":{"d":"33318","kva":630,"kwp":98.4,"ratio":0.16,"load":6,"rf":0}},{"type":"Feature","geometry":{"type":"Point","coordinates":[7.04498,49.31509]},"properties":{"d":"33318","kva":400,"kwp":70.6,"ratio":0.18,"load":8,"rf":0}},{"type":"Feature","geometry":{"type":"Point","coordinates":[7.04616,49.33097]},"properties":{"d":"33318","kva":400,"kwp":60.1,"ratio":0.15,"load":7,"rf":0}},{"type":"Feature","geometry":{"type":"Point","coordinates":[7.0497,49.32523]},"properties":{"d":"33318","kva":400,"kwp":83.4,"ratio":0.21,"load":4,"rf":0}},{"type":"Feature","geometry":{"type":"Point","coordinates":[7.03927,49.31648]},"properties":{"d":"33318","kva":400,"kwp":56.3,"ratio":0.14,"load":6,"rf":0}},{"type":"Feature","geometry":{"type":"Point","coordinates":[7.04858,49.32067]},"properties":{"d":"33318","kva":400,"kwp":90.9,"ratio":0.23,"load":4,"rf":0}},{"type":"Feature","geometry":{"type":"Point","coordinates":[7.04329,49.31775]},"properties":{"d":"33318","kva":400,"kwp":68.3,"ratio":0.17,"load":8,"rf":0}},{"type":"Feature","geometry":{"type":"Point","coordinates":[7.03604,49.33432]},"properties":{"d":"33318","kva":100,"kwp":0.8,"ratio":0.01,"load":5,"rf":0}},{"type":"Feature","geometry":{"type":"Point","coordinates":[7.03783,49.34496]},"properties":{"d":"33318","kva":250,"kwp":45.0,"ratio":0.18,"load":10,"rf":0}},{"type":"Feature","geometry":{"type":"Point","coordinates":[7.03986,49.34714]},"properties":{"d":"33318","kva":250,"kwp":54.8,"ratio":0.22,"load":13,"rf":0}},{"type":"Feature","geometry":{"type":"Point","coordinates":[7.04168,49.34394]},"properties":{"d":"33318","kva":100,"kwp":79.9,"ratio":0.8,"load":62,"rf":0}},{"type":"Feature","geometry":{"type":"Point","coordinates":[7.03875,49.3418]},"properties":{"d":"33318","kva":100,"kwp":1.0,"ratio":0.01,"load":6,"rf":0}},{"type":"Feature","geometry":{"type":"Point","coordinates":[7.03586,49.34747]},"properties":{"d":"33318","kva":160,"kwp":27.4,"ratio":0.17,"load":10,"rf":0}},{"type":"Feature","geometry":{"type":"Point","coordinates":[7.04266,49.34532]},"properties":{"d":"33318","kva":160,"kwp":23.5,"ratio":0.15,"load":8,"rf":0}},{"type":"Feature","geometry":{"type":"Point","coordinates":[7.04368,49.34793]},"properties":{"d":"33318","kva":100,"kwp":6.9,"ratio":0.07,"load":4,"rf":0}},{"type":"Feature","geometry":{"type":"Point","coordinates":[7.04618,49.34303]},"properties":{"d":"33318","kva":100,"kwp":2.9,"ratio":0.03,"load":2,"rf":0}},{"type":"Feature","geometry":{"type":"Point","coordinates":[7.05244,49.32724]},"properties":{"d":"33318","kva":800,"kwp":265.5,"ratio":0.33,"load":9,"rf":0}},{"type":"Feature","geometry":{"type":"Point","coordinates":[7.05338,49.32055]},"properties":{"d":"33318","kva":630,"kwp":160.0,"ratio":0.25,"load":6,"rf":0}},{"type":"Feature","geometry":{"type":"Point","coordinates":[7.04767,49.31699]},"properties":{"d":"33318","kva":800,"kwp":246.9,"ratio":0.31,"load":8,"rf":0}},{"type":"Feature","geometry":{"type":"Point","coordinates":[7.05272,49.33097]},"properties":{"d":"33318","kva":800,"kwp":185.9,"ratio":0.23,"load":5,"rf":0}},{"type":"Feature","geometry":{"type":"Point","coordinates":[7.04593,49.32328]},"properties":{"d":"33318","kva":630,"kwp":154.0,"ratio":0.24,"load":6,"rf":0}},{"type":"Feature","geometry":{"type":"Point","coordinates":[7.0474,49.32655]},"properties":{"d":"33318","kva":630,"kwp":313.3,"ratio":0.5,"load":15,"rf":0}},{"type":"Feature","geometry":{"type":"Point","coordinates":[7.05658,49.33399]},"properties":{"d":"33318","kva":630,"kwp":112.2,"ratio":0.18,"load":3,"rf":0}},{"type":"Feature","geometry":{"type":"Point","coordinates":[7.04129,49.3257]},"properties":{"d":"33318","kva":630,"kwp":187.9,"ratio":0.3,"load":9,"rf":0}},{"type":"Feature","geometry":{"type":"Point","coordinates":[7.05827,49.32238]},"properties":{"d":"33318","kva":630,"kwp":65.9,"ratio":0.1,"load":2,"rf":0}},{"type":"Feature","geometry":{"type":"Point","coordinates":[7.04193,49.3198]},"properties":{"d":"33318","kva":630,"kwp":117.2,"ratio":0.19,"load":4,"rf":0}},{"type":"Feature","geometry":{"type":"Point","coordinates":[7.0497,49.32523]},"properties":{"d":"33318","kva":630,"kwp":83.4,"ratio":0.13,"load":4,"rf":0}},{"type":"Feature","geometry":{"type":"Point","coordinates":[7.04858,49.32067]},"properties":{"d":"33318","kva":630,"kwp":90.9,"ratio":0.14,"load":4,"rf":0}},{"type":"Feature","geometry":{"type":"Point","coordinates":[7.17948,49.38787]},"properties":{"d":"33338","kva":100,"kwp":2.3,"ratio":0.02,"load":1,"rf":0}},{"type":"Feature","geometry":{"type":"Point","coordinates":[7.1192,49.49457]},"properties":{"d":"33338","kva":630,"kwp":110.9,"ratio":0.18,"load":9,"rf":0}},{"type":"Feature","geometry":{"type":"Point","coordinates":[7.11077,49.49596]},"properties":{"d":"33338","kva":630,"kwp":147.9,"ratio":0.23,"load":6,"rf":0}},{"type":"Feature","geometry":{"type":"Point","coordinates":[7.1158,49.48851]},"properties":{"d":"33338","kva":630,"kwp":31.9,"ratio":0.05,"load":3,"rf":0}},{"type":"Feature","geometry":{"type":"Point","coordinates":[7.10535,49.49879]},"properties":{"d":"33338","kva":800,"kwp":205.2,"ratio":0.26,"load":6,"rf":0}},{"type":"Feature","geometry":{"type":"Point","coordinates":[7.12473,49.49515]},"properties":{"d":"33338","kva":400,"kwp":146.7,"ratio":0.37,"load":9,"rf":0}},{"type":"Feature","geometry":{"type":"Point","coordinates":[7.10474,49.49341]},"properties":{"d":"33338","kva":400,"kwp":86.3,"ratio":0.22,"load":4,"rf":0}},{"type":"Feature","geometry":{"type":"Point","coordinates":[7.11374,49.49411]},"properties":{"d":"33338","kva":400,"kwp":86.3,"ratio":0.22,"load":4,"rf":0}},{"type":"Feature","geometry":{"type":"Point","coordinates":[7.10304,49.50189]},"properties":{"d":"33338","kva":250,"kwp":54.4,"ratio":0.22,"load":3,"rf":0}},{"type":"Feature","geometry":{"type":"Point","coordinates":[7.11124,49.49231]},"properties":{"d":"33338","kva":400,"kwp":91.4,"ratio":0.23,"load":4,"rf":0}},{"type":"Feature","geometry":{"type":"Point","coordinates":[7.08758,49.47652]},"properties":{"d":"33338","kva":100,"kwp":1.8,"ratio":0.02,"load":1,"rf":0}},{"type":"Feature","geometry":{"type":"Point","coordinates":[7.08839,49.4796]},"properties":{"d":"33338","kva":100,"kwp":2.6,"ratio":0.03,"load":1,"rf":0}},{"type":"Feature","geometry":{"type":"Point","coordinates":[7.10143,49.47407]},"properties":{"d":"33338","kva":800,"kwp":239.1,"ratio":0.3,"load":8,"rf":0}},{"type":"Feature","geometry":{"type":"Point","coordinates":[7.09811,49.47773]},"properties":{"d":"33338","kva":630,"kwp":137.1,"ratio":0.22,"load":12,"rf":0}},{"type":"Feature","geometry":{"type":"Point","coordinates":[7.10631,49.47612]},"properties":{"d":"33338","kva":630,"kwp":155.6,"ratio":0.25,"load":14,"rf":0}},{"type":"Feature","geometry":{"type":"Point","coordinates":[7.102,49.47001]},"properties":{"d":"33338","kva":630,"kwp":202.5,"ratio":0.32,"load":21,"rf":0}},{"type":"Feature","geometry":{"type":"Point","coordinates":[7.10291,49.47761]},"properties":{"d":"33338","kva":400,"kwp":114.3,"ratio":0.29,"load":6,"rf":0}},{"type":"Feature","geometry":{"type":"Point","coordinates":[7.11424,49.47899]},"properties":{"d":"33338","kva":100,"kwp":3.8,"ratio":0.04,"load":2,"rf":0}},{"type":"Feature","geometry":{"type":"Point","coordinates":[7.10028,49.417]},"properties":{"d":"33338","kva":250,"kwp":274.9,"ratio":1.1,"load":88,"rf":1}},{"type":"Feature","geometry":{"type":"Point","coordinates":[7.1168,49.42026]},"properties":{"d":"33338","kva":800,"kwp":246.2,"ratio":0.31,"load":9,"rf":0}},{"type":"Feature","geometry":{"type":"Point","coordinates":[7.11903,49.41293]},"properties":{"d":"33338","kva":250,"kwp":57.4,"ratio":0.23,"load":4,"rf":0}},{"type":"Feature","geometry":{"type":"Point","coordinates":[7.12187,49.41779]},"properties":{"d":"33338","kva":400,"kwp":85.5,"ratio":0.21,"load":12,"rf":0}},{"type":"Feature","geometry":{"type":"Point","coordinates":[7.11434,49.42307]},"properties":{"d":"33338","kva":100,"kwp":2.7,"ratio":0.03,"load":2,"rf":0}},{"type":"Feature","geometry":{"type":"Point","coordinates":[7.11215,49.44369]},"properties":{"d":"33338","kva":100,"kwp":2.6,"ratio":0.03,"load":1,"rf":0}},{"type":"Feature","geometry":{"type":"Point","coordinates":[7.12398,49.44147]},"properties":{"d":"33338","kva":400,"kwp":213.4,"ratio":0.53,"load":18,"rf":0}},{"type":"Feature","geometry":{"type":"Point","coordinates":[7.12333,49.4374]},"properties":{"d":"33338","kva":630,"kwp":311.7,"ratio":0.49,"load":16,"rf":0}},{"type":"Feature","geometry":{"type":"Point","coordinates":[7.11909,49.46905]},"properties":{"d":"33338","kva":100,"kwp":59.5,"ratio":0.59,"load":46,"rf":0}},{"type":"Feature","geometry":{"type":"Point","coordinates":[7.12728,49.47913]},"properties":{"d":"33338","kva":100,"kwp":31.0,"ratio":0.31,"load":22,"rf":0}},{"type":"Feature","geometry":{"type":"Point","coordinates":[7.12185,49.46171]},"properties":{"d":"33338","kva":100,"kwp":5.8,"ratio":0.06,"load":4,"rf":0}},{"type":"Feature","geometry":{"type":"Point","coordinates":[7.12721,49.46001]},"properties":{"d":"33338","kva":100,"kwp":11.6,"ratio":0.12,"load":8,"rf":0}},{"type":"Feature","geometry":{"type":"Point","coordinates":[7.12624,49.43032]},"properties":{"d":"33338","kva":100,"kwp":2.8,"ratio":0.03,"load":2,"rf":0}},{"type":"Feature","geometry":{"type":"Point","coordinates":[7.12804,49.45642]},"properties":{"d":"33338","kva":100,"kwp":5.8,"ratio":0.06,"load":4,"rf":0}},{"type":"Feature","geometry":{"type":"Point","coordinates":[7.13157,49.45289]},"properties":{"d":"33338","kva":100,"kwp":23.3,"ratio":0.23,"load":16,"rf":0}},{"type":"Feature","geometry":{"type":"Point","coordinates":[7.12636,49.50578]},"properties":{"d":"33338","kva":100,"kwp":3.1,"ratio":0.03,"load":1,"rf":0}},{"type":"Feature","geometry":{"type":"Point","coordinates":[7.13347,49.39423]},"properties":{"d":"33338","kva":100,"kwp":1.6,"ratio":0.02,"load":1,"rf":0}},{"type":"Feature","geometry":{"type":"Point","coordinates":[7.13745,49.43981]},"properties":{"d":"33338","kva":100,"kwp":5.8,"ratio":0.06,"load":4,"rf":0}},{"type":"Feature","geometry":{"type":"Point","coordinates":[7.14117,49.43665]},"properties":{"d":"33338","kva":100,"kwp":0.9,"ratio":0.01,"load":0,"rf":0}},{"type":"Feature","geometry":{"type":"Point","coordinates":[7.14249,49.48026]},"properties":{"d":"33338","kva":100,"kwp":5.8,"ratio":0.06,"load":4,"rf":0}},{"type":"Feature","geometry":{"type":"Point","coordinates":[7.13618,49.44805]},"properties":{"d":"33338","kva":100,"kwp":3.9,"ratio":0.04,"load":3,"rf":0}},{"type":"Feature","geometry":{"type":"Point","coordinates":[7.14411,49.4658]},"properties":{"d":"33338","kva":1000,"kwp":459.5,"ratio":0.46,"load":9,"rf":0}},{"type":"Feature","geometry":{"type":"Point","coordinates":[7.14887,49.45299]},"properties":{"d":"33338","kva":630,"kwp":310.4,"ratio":0.49,"load":34,"rf":0}},{"type":"Feature","geometry":{"type":"Point","coordinates":[7.15754,49.46171]},"properties":{"d":"33338","kva":630,"kwp":139.4,"ratio":0.22,"load":5,"rf":0}},{"type":"Feature","geometry":{"type":"Point","coordinates":[7.16444,49.4688]},"properties":{"d":"33338","kva":800,"kwp":296.6,"ratio":0.37,"load":10,"rf":0}},{"type":"Feature","geometry":{"type":"Point","coordinates":[7.15423,49.46857]},"properties":{"d":"33338","kva":1000,"kwp":791.3,"ratio":0.79,"load":28,"rf":0}},{"type":"Feature","geometry":{"type":"Point","coordinates":[7.17591,49.46982]},"properties":{"d":"33338","kva":630,"kwp":194.0,"ratio":0.31,"load":9,"rf":0}},{"type":"Feature","geometry":{"type":"Point","coordinates":[7.15117,49.45546]},"properties":{"d":"33338","kva":400,"kwp":209.5,"ratio":0.52,"load":14,"rf":0}},{"type":"Feature","geometry":{"type":"Point","coordinates":[7.16879,49.46951]},"properties":{"d":"33338","kva":630,"kwp":245.9,"ratio":0.39,"load":11,"rf":0}},{"type":"Feature","geometry":{"type":"Point","coordinates":[7.14055,49.46768]},"properties":{"d":"33338","kva":630,"kwp":165.0,"ratio":0.26,"load":6,"rf":0}},{"type":"Feature","geometry":{"type":"Point","coordinates":[7.18108,49.48271]},"properties":{"d":"33338","kva":400,"kwp":184.3,"ratio":0.46,"load":32,"rf":0}},{"type":"Feature","geometry":{"type":"Point","coordinates":[7.17591,49.46658]},"properties":{"d":"33338","kva":800,"kwp":258.0,"ratio":0.32,"load":9,"rf":0}},{"type":"Feature","geometry":{"type":"Point","coordinates":[7.16208,49.47229]},"properties":{"d":"33338","kva":630,"kwp":302.6,"ratio":0.48,"load":16,"rf":0}},{"type":"Feature","geometry":{"type":"Point","coordinates":[7.17793,49.47521]},"properties":{"d":"33338","kva":400,"kwp":166.8,"ratio":0.42,"load":29,"rf":0}},{"type":"Feature","geometry":{"type":"Point","coordinates":[7.18412,49.46092]},"properties":{"d":"33338","kva":250,"kwp":248.4,"ratio":0.99,"load":75,"rf":0}},{"type":"Feature","geometry":{"type":"Point","coordinates":[7.15719,49.44897]},"properties":{"d":"33338","kva":630,"kwp":327.9,"ratio":0.52,"load":37,"rf":0}},{"type":"Feature","geometry":{"type":"Point","coordinates":[7.1773,49.47758]},"properties":{"d":"33338","kva":400,"kwp":299.6,"ratio":0.75,"load":55,"rf":0}},{"type":"Feature","geometry":{"type":"Point","coordinates":[7.15784,49.47668]},"properties":{"d":"33338","kva":250,"kwp":75.7,"ratio":0.3,"load":21,"rf":0}},{"type":"Feature","geometry":{"type":"Point","coordinates":[7.17692,49.45815]},"properties":{"d":"33338","kva":100,"kwp":23.3,"ratio":0.23,"load":16,"rf":0}},{"type":"Feature","geometry":{"type":"Point","coordinates":[7.17222,49.46774]},"properties":{"d":"33338","kva":800,"kwp":545.1,"ratio":0.68,"load":13,"rf":0}},{"type":"Feature","geometry":{"type":"Point","coordinates":[7.17222,49.46774]},"properties":{"d":"33338","kva":800,"kwp":545.1,"ratio":0.68,"load":13,"rf":0}},{"type":"Feature","geometry":{"type":"Point","coordinates":[7.14788,49.4566]},"properties":{"d":"33338","kva":630,"kwp":285.2,"ratio":0.45,"load":32,"rf":0}},{"type":"Feature","geometry":{"type":"Point","coordinates":[7.16857,49.46804]},"properties":{"d":"33338","kva":1000,"kwp":349.2,"ratio":0.35,"load":12,"rf":0}},{"type":"Feature","geometry":{"type":"Point","coordinates":[7.154,49.47501]},"properties":{"d":"33338","kva":630,"kwp":306.5,"ratio":0.49,"load":16,"rf":0}},{"type":"Feature","geometry":{"type":"Point","coordinates":[7.16551,49.46529]},"properties":{"d":"33338","kva":400,"kwp":175.7,"ratio":0.44,"load":13,"rf":0}},{"type":"Feature","geometry":{"type":"Point","coordinates":[7.17068,49.46587]},"properties":{"d":"33338","kva":800,"kwp":166.9,"ratio":0.21,"load":4,"rf":0}},{"type":"Feature","geometry":{"type":"Point","coordinates":[7.17349,49.4616]},"properties":{"d":"33338","kva":400,"kwp":192.1,"ratio":0.48,"load":13,"rf":0}},{"type":"Feature","geometry":{"type":"Point","coordinates":[7.15941,49.46707]},"properties":{"d":"33338","kva":630,"kwp":234.7,"ratio":0.37,"load":24,"rf":0}},{"type":"Feature","geometry":{"type":"Point","coordinates":[7.1591,49.46536]},"properties":{"d":"33338","kva":800,"kwp":205.6,"ratio":0.26,"load":6,"rf":0}},{"type":"Feature","geometry":{"type":"Point","coordinates":[7.15074,49.47265]},"properties":{"d":"33338","kva":400,"kwp":184.3,"ratio":0.46,"load":32,"rf":0}},{"type":"Feature","geometry":{"type":"Point","coordinates":[7.18326,49.46821]},"properties":{"d":"33338","kva":400,"kwp":164.9,"ratio":0.41,"load":29,"rf":0}},{"type":"Feature","geometry":{"type":"Point","coordinates":[7.18842,49.46827]},"properties":{"d":"33338","kva":160,"kwp":44.6,"ratio":0.28,"load":19,"rf":0}},{"type":"Feature","geometry":{"type":"Point","coordinates":[7.19178,49.46449]},"properties":{"d":"33338","kva":250,"kwp":5.8,"ratio":0.02,"load":2,"rf":0}},{"type":"Feature","geometry":{"type":"Point","coordinates":[7.17831,49.47983]},"properties":{"d":"33338","kva":400,"kwp":254.1,"ratio":0.64,"load":17,"rf":0}},{"type":"Feature","geometry":{"type":"Point","coordinates":[7.14601,49.46195]},"properties":{"d":"33338","kva":800,"kwp":337.7,"ratio":0.42,"load":7,"rf":0}},{"type":"Feature","geometry":{"type":"Point","coordinates":[7.1478,49.46356]},"properties":{"d":"33338","kva":400,"kwp":13.6,"ratio":0.03,"load":5,"rf":0}},{"type":"Feature","geometry":{"type":"Point","coordinates":[7.17262,49.45876]},"properties":{"d":"33338","kva":630,"kwp":353.1,"ratio":0.56,"load":19,"rf":0}},{"type":"Feature","geometry":{"type":"Point","coordinates":[7.15982,49.4703]},"properties":{"d":"33338","kva":630,"kwp":298.8,"ratio":0.47,"load":16,"rf":0}},{"type":"Feature","geometry":{"type":"Point","coordinates":[7.17456,49.4837]},"properties":{"d":"33338","kva":250,"kwp":40.7,"ratio":0.16,"load":8,"rf":0}},{"type":"Feature","geometry":{"type":"Point","coordinates":[7.16057,49.462]},"properties":{"d":"33338","kva":1000,"kwp":85.4,"ratio":0.09,"load":3,"rf":0}},{"type":"Feature","geometry":{"type":"Point","coordinates":[7.16764,49.45724]},"properties":{"d":"33338","kva":400,"kwp":170.7,"ratio":0.43,"load":30,"rf":0}},{"type":"Feature","geometry":{"type":"Point","coordinates":[7.17949,49.47099]},"properties":{"d":"33338","kva":400,"kwp":161.0,"ratio":0.4,"load":28,"rf":0}},{"type":"Feature","geometry":{"type":"Point","coordinates":[7.14737,49.46757]},"properties":{"d":"33338","kva":250,"kwp":94.2,"ratio":0.38,"load":25,"rf":0}},{"type":"Feature","geometry":{"type":"Point","coordinates":[7.16824,49.46186]},"properties":{"d":"33338","kva":800,"kwp":248.5,"ratio":0.31,"load":8,"rf":0}},{"type":"Feature","geometry":{"type":"Point","coordinates":[7.15081,49.46229]},"properties":{"d":"33338","kva":400,"kwp":186.5,"ratio":0.47,"load":13,"rf":0}},{"type":"Feature","geometry":{"type":"Point","coordinates":[7.18201,49.46384]},"properties":{"d":"33338","kva":250,"kwp":120.3,"ratio":0.48,"load":34,"rf":0}},{"type":"Feature","geometry":{"type":"Point","coordinates":[7.16224,49.45839]},"properties":{"d":"33338","kva":1000,"kwp":48.5,"ratio":0.05,"load":4,"rf":0}},{"type":"Feature","geometry":{"type":"Point","coordinates":[7.15515,49.46527]},"properties":{"d":"33338","kva":100,"kwp":121.0,"ratio":1.21,"load":94,"rf":0}},{"type":"Feature","geometry":{"type":"Point","coordinates":[7.1767,49.45315]},"properties":{"d":"33338","kva":400,"kwp":135.8,"ratio":0.34,"load":22,"rf":0}},{"type":"Feature","geometry":{"type":"Point","coordinates":[7.17161,49.46409]},"properties":{"d":"33338","kva":1000,"kwp":300.7,"ratio":0.3,"load":8,"rf":0}},{"type":"Feature","geometry":{"type":"Point","coordinates":[7.17787,49.474]},"properties":{"d":"33338","kva":400,"kwp":240.6,"ratio":0.6,"load":17,"rf":0}},{"type":"Feature","geometry":{"type":"Point","coordinates":[7.18122,49.47374]},"properties":{"d":"33338","kva":250,"kwp":122.2,"ratio":0.49,"load":34,"rf":0}},{"type":"Feature","geometry":{"type":"Point","coordinates":[7.14733,49.45037]},"properties":{"d":"33338","kva":250,"kwp":85.4,"ratio":0.34,"load":24,"rf":0}},{"type":"Feature","geometry":{"type":"Point","coordinates":[7.1791,49.46727]},"properties":{"d":"33338","kva":250,"kwp":116.4,"ratio":0.47,"load":9,"rf":0}},{"type":"Feature","geometry":{"type":"Point","coordinates":[7.14201,49.45082]},"properties":{"d":"33338","kva":250,"kwp":124.2,"ratio":0.5,"load":35,"rf":0}},{"type":"Feature","geometry":{"type":"Point","coordinates":[7.16167,49.4752]},"properties":{"d":"33338","kva":400,"kwp":166.8,"ratio":0.42,"load":30,"rf":0}},{"type":"Feature","geometry":{"type":"Point","coordinates":[7.14483,49.4688]},"properties":{"d":"33338","kva":400,"kwp":94.4,"ratio":0.24,"load":22,"rf":0}},{"type":"Feature","geometry":{"type":"Point","coordinates":[7.15631,49.47228]},"properties":{"d":"33338","kva":400,"kwp":137.7,"ratio":0.34,"load":23,"rf":0}},{"type":"Feature","geometry":{"type":"Point","coordinates":[7.16695,49.47165]},"properties":{"d":"33338","kva":400,"kwp":104.8,"ratio":0.26,"load":16,"rf":0}},{"type":"Feature","geometry":{"type":"Point","coordinates":[7.16284,49.46536]},"properties":{"d":"33338","kva":400,"kwp":15.5,"ratio":0.04,"load":5,"rf":0}},{"type":"Feature","geometry":{"type":"Point","coordinates":[7.16915,49.46529]},"properties":{"d":"33338","kva":630,"kwp":145.9,"ratio":0.23,"load":6,"rf":0}},{"type":"Feature","geometry":{"type":"Point","coordinates":[7.15817,49.43115]},"properties":{"d":"33338","kva":1000,"kwp":319.2,"ratio":0.32,"load":9,"rf":0}},{"type":"Feature","geometry":{"type":"Point","coordinates":[7.17021,49.43493]},"properties":{"d":"33338","kva":800,"kwp":287.0,"ratio":0.36,"load":10,"rf":0}},{"type":"Feature","geometry":{"type":"Point","coordinates":[7.16021,49.43344]},"properties":{"d":"33338","kva":400,"kwp":166.9,"ratio":0.42,"load":13,"rf":0}},{"type":"Feature","geometry":{"type":"Point","coordinates":[7.17078,49.43016]},"properties":{"d":"33338","kva":250,"kwp":39.9,"ratio":0.16,"load":9,"rf":0}},{"type":"Feature","geometry":{"type":"Point","coordinates":[7.15349,49.43628]},"properties":{"d":"33338","kva":250,"kwp":91.0,"ratio":0.36,"load":7,"rf":0}},{"type":"Feature","geometry":{"type":"Point","coordinates":[7.14948,49.49245]},"properties":{"d":"33338","kva":100,"kwp":2.9,"ratio":0.03,"load":2,"rf":0}},{"type":"Feature","geometry":{"type":"Point","coordinates":[7.15761,49.42116]},"properties":{"d":"33338","kva":100,"kwp":87.6,"ratio":0.88,"load":67,"rf":0}},{"type":"Feature","geometry":{"type":"Point","coordinates":[7.15465,49.48575]},"properties":{"d":"33338","kva":100,"kwp":5.8,"ratio":0.06,"load":4,"rf":0}},{"type":"Feature","geometry":{"type":"Point","coordinates":[7.15467,49.48227]},"properties":{"d":"33338","kva":160,"kwp":133.9,"ratio":0.84,"load":68,"rf":1}},{"type":"Feature","geometry":{"type":"Point","coordinates":[7.17799,49.40164]},"properties":{"d":"33338","kva":630,"kwp":152.0,"ratio":0.24,"load":13,"rf":0}},{"type":"Feature","geometry":{"type":"Point","coordinates":[7.16225,49.40842]},"properties":{"d":"33338","kva":800,"kwp":205.2,"ratio":0.26,"load":6,"rf":0}},{"type":"Feature","geometry":{"type":"Point","coordinates":[7.16217,49.40469]},"properties":{"d":"33338","kva":630,"kwp":323.6,"ratio":0.51,"load":8,"rf":0}},{"type":"Feature","geometry":{"type":"Point","coordinates":[7.16217,49.40469]},"properties":{"d":"33338","kva":630,"kwp":323.6,"ratio":0.51,"load":8,"rf":0}},{"type":"Feature","geometry":{"type":"Point","coordinates":[7.17403,49.38933]},"properties":{"d":"33338","kva":160,"kwp":21.3,"ratio":0.13,"load":7,"rf":0}},{"type":"Feature","geometry":{"type":"Point","coordinates":[7.14818,49.40757]},"properties":{"d":"33338","kva":630,"kwp":164.4,"ratio":0.26,"load":7,"rf":0}},{"type":"Feature","geometry":{"type":"Point","coordinates":[7.14594,49.40979]},"properties":{"d":"33338","kva":630,"kwp":115.9,"ratio":0.18,"load":10,"rf":0}},{"type":"Feature","geometry":{"type":"Point","coordinates":[7.15716,49.40922]},"properties":{"d":"33338","kva":630,"kwp":162.5,"ratio":0.26,"load":14,"rf":0}},{"type":"Feature","geometry":{"type":"Point","coordinates":[7.16105,49.40263]},"properties":{"d":"33338","kva":630,"kwp":242.8,"ratio":0.39,"load":14,"rf":0}},{"type":"Feature","geometry":{"type":"Point","coordinates":[7.17043,49.41095]},"properties":{"d":"33338","kva":400,"kwp":217.4,"ratio":0.54,"load":38,"rf":0}},{"type":"Feature","geometry":{"type":"Point","coordinates":[7.15276,49.40182]},"properties":{"d":"33338","kva":800,"kwp":200.5,"ratio":0.25,"load":6,"rf":0}},{"type":"Feature","geometry":{"type":"Point","coordinates":[7.16559,49.40294]},"properties":{"d":"33338","kva":1000,"kwp":115.9,"ratio":0.12,"load":2,"rf":0}},{"type":"Feature","geometry":{"type":"Point","coordinates":[7.1756,49.40312]},"properties":{"d":"33338","kva":400,"kwp":123.4,"ratio":0.31,"load":19,"rf":0}},{"type":"Feature","geometry":{"type":"Point","coordinates":[7.18346,49.39885]},"properties":{"d":"33338","kva":400,"kwp":99.8,"ratio":0.25,"load":5,"rf":0}},{"type":"Feature","geometry":{"type":"Point","coordinates":[7.16808,49.39523]},"properties":{"d":"33338","kva":400,"kwp":68.4,"ratio":0.17,"load":9,"rf":0}},{"type":"Feature","geometry":{"type":"Point","coordinates":[7.17245,49.40794]},"properties":{"d":"33338","kva":250,"kwp":47.5,"ratio":0.19,"load":10,"rf":0}},{"type":"Feature","geometry":{"type":"Point","coordinates":[7.15365,49.41031]},"properties":{"d":"33338","kva":630,"kwp":227.0,"ratio":0.36,"load":15,"rf":0}},{"type":"Feature","geometry":{"type":"Point","coordinates":[7.17185,49.39489]},"properties":{"d":"33338","kva":630,"kwp":163.4,"ratio":0.26,"load":7,"rf":0}},{"type":"Feature","geometry":{"type":"Point","coordinates":[7.16943,49.40155]},"properties":{"d":"33338","kva":800,"kwp":218.5,"ratio":0.27,"load":14,"rf":0}},{"type":"Feature","geometry":{"type":"Point","coordinates":[7.16719,49.40829]},"properties":{"d":"33338","kva":400,"kwp":73.2,"ratio":0.18,"load":9,"rf":0}},{"type":"Feature","geometry":{"type":"Point","coordinates":[7.15499,49.40688]},"properties":{"d":"33338","kva":400,"kwp":99.8,"ratio":0.25,"load":5,"rf":0}},{"type":"Feature","geometry":{"type":"Point","coordinates":[7.14794,49.41314]},"properties":{"d":"33338","kva":400,"kwp":87.4,"ratio":0.22,"load":12,"rf":0}},{"type":"Feature","geometry":{"type":"Point","coordinates":[7.16172,49.39763]},"properties":{"d":"33338","kva":400,"kwp":119.7,"ratio":0.3,"load":7,"rf":0}},{"type":"Feature","geometry":{"type":"Point","coordinates":[7.15336,49.4]},"properties":{"d":"33338","kva":400,"kwp":101.6,"ratio":0.25,"load":14,"rf":0}},{"type":"Feature","geometry":{"type":"Point","coordinates":[7.16602,49.41344]},"properties":{"d":"33338","kva":400,"kwp":92.1,"ratio":0.23,"load":5,"rf":0}},{"type":"Feature","geometry":{"type":"Point","coordinates":[7.16562,49.39884]},"properties":{"d":"33338","kva":400,"kwp":459.0,"ratio":1.15,"load":87,"rf":0}},{"type":"Feature","geometry":{"type":"Point","coordinates":[7.16833,49.39916]},"properties":{"d":"33338","kva":250,"kwp":57.0,"ratio":0.23,"load":13,"rf":0}},{"type":"Feature","geometry":{"type":"Point","coordinates":[7.15654,49.40235]},"properties":{"d":"33338","kva":630,"kwp":181.2,"ratio":0.29,"load":17,"rf":0}},{"type":"Feature","geometry":{"type":"Point","coordinates":[7.1583,49.41333]},"properties":{"d":"33338","kva":100,"kwp":10.4,"ratio":0.1,"load":6,"rf":0}},{"type":"Feature","geometry":{"type":"Point","coordinates":[7.16924,49.40404]},"properties":{"d":"33338","kva":630,"kwp":171.4,"ratio":0.27,"load":7,"rf":0}},{"type":"Feature","geometry":{"type":"Point","coordinates":[7.16011,49.41797]},"properties":{"d":"33338","kva":100,"kwp":2.8,"ratio":0.03,"load":2,"rf":0}},{"type":"Feature","geometry":{"type":"Point","coordinates":[7.17688,49.43255]},"properties":{"d":"33338","kva":100,"kwp":2.8,"ratio":0.03,"load":2,"rf":0}},{"type":"Feature","geometry":{"type":"Point","coordinates":[7.17091,49.44473]},"properties":{"d":"33338","kva":100,"kwp":1.9,"ratio":0.02,"load":1,"rf":0}},{"type":"Feature","geometry":{"type":"Point","coordinates":[7.17619,49.44508]},"properties":{"d":"33338","kva":100,"kwp":3.9,"ratio":0.04,"load":3,"rf":0}},{"type":"Feature","geometry":{"type":"Point","coordinates":[7.18115,49.41553]},"properties":{"d":"33338","kva":100,"kwp":3.8,"ratio":0.04,"load":2,"rf":0}},{"type":"Feature","geometry":{"type":"Point","coordinates":[7.18108,49.41135]},"properties":{"d":"33338","kva":100,"kwp":0.9,"ratio":0.01,"load":0,"rf":0}},{"type":"Feature","geometry":{"type":"Point","coordinates":[7.18519,49.44804]},"properties":{"d":"33338","kva":100,"kwp":13.6,"ratio":0.14,"load":10,"rf":0}},{"type":"Feature","geometry":{"type":"Point","coordinates":[7.18682,49.45457]},"properties":{"d":"33338","kva":100,"kwp":5.8,"ratio":0.06,"load":4,"rf":0}},{"type":"Feature","geometry":{"type":"Point","coordinates":[7.19419,49.42034]},"properties":{"d":"33338","kva":100,"kwp":3.8,"ratio":0.04,"load":2,"rf":0}},{"type":"Feature","geometry":{"type":"Point","coordinates":[7.19338,49.39457]},"properties":{"d":"33338","kva":100,"kwp":2.8,"ratio":0.03,"load":2,"rf":0}},{"type":"Feature","geometry":{"type":"Point","coordinates":[7.19336,49.41256]},"properties":{"d":"33338","kva":630,"kwp":10.4,"ratio":0.02,"load":5,"rf":0}},{"type":"Feature","geometry":{"type":"Point","coordinates":[7.20491,49.42335]},"properties":{"d":"33338","kva":100,"kwp":1.9,"ratio":0.02,"load":1,"rf":0}},{"type":"Feature","geometry":{"type":"Point","coordinates":[7.21391,49.4239]},"properties":{"d":"33338","kva":100,"kwp":6.6,"ratio":0.07,"load":4,"rf":0}},{"type":"Feature","geometry":{"type":"Point","coordinates":[7.20955,49.42123]},"properties":{"d":"33338","kva":100,"kwp":2.8,"ratio":0.03,"load":2,"rf":0}},{"type":"Feature","geometry":{"type":"Point","coordinates":[7.20323,49.46883]},"properties":{"d":"33338","kva":100,"kwp":7.8,"ratio":0.08,"load":5,"rf":0}},{"type":"Feature","geometry":{"type":"Point","coordinates":[7.20522,49.41387]},"properties":{"d":"33338","kva":100,"kwp":0.9,"ratio":0.01,"load":0,"rf":0}},{"type":"Feature","geometry":{"type":"Point","coordinates":[7.2015,49.50284]},"properties":{"d":"33338","kva":100,"kwp":2.9,"ratio":0.03,"load":2,"rf":0}},{"type":"Feature","geometry":{"type":"Point","coordinates":[7.20712,49.49248]},"properties":{"d":"33338","kva":400,"kwp":207.6,"ratio":0.52,"load":37,"rf":0}},{"type":"Feature","geometry":{"type":"Point","coordinates":[7.21015,49.49339]},"properties":{"d":"33338","kva":400,"kwp":205.6,"ratio":0.51,"load":36,"rf":0}},{"type":"Feature","geometry":{"type":"Point","coordinates":[7.20693,49.50079]},"properties":{"d":"33338","kva":100,"kwp":5.8,"ratio":0.06,"load":3,"rf":0}},{"type":"Feature","geometry":{"type":"Point","coordinates":[7.21028,49.40877]},"properties":{"d":"33338","kva":630,"kwp":233.9,"ratio":0.37,"load":11,"rf":0}},{"type":"Feature","geometry":{"type":"Point","coordinates":[7.20806,49.40501]},"properties":{"d":"33338","kva":630,"kwp":153.9,"ratio":0.24,"load":14,"rf":0}},{"type":"Feature","geometry":{"type":"Point","coordinates":[7.21264,49.40422]},"properties":{"d":"33338","kva":400,"kwp":87.4,"ratio":0.22,"load":13,"rf":0}},{"type":"Feature","geometry":{"type":"Point","coordinates":[7.20531,49.40622]},"properties":{"d":"33338","kva":630,"kwp":147.3,"ratio":0.23,"load":13,"rf":0}},{"type":"Feature","geometry":{"type":"Point","coordinates":[7.21965,49.4177]},"properties":{"d":"33338","kva":100,"kwp":2.8,"ratio":0.03,"load":2,"rf":0}},{"type":"Feature","geometry":{"type":"Point","coordinates":[7.22197,49.50907]},"properties":{"d":"33338","kva":100,"kwp":2.9,"ratio":0.03,"load":2,"rf":0}},{"type":"Feature","geometry":{"type":"Point","coordinates":[7.22397,49.42647]},"properties":{"d":"33338","kva":100,"kwp":0.9,"ratio":0.01,"load":0,"rf":0}},{"type":"Feature","geometry":{"type":"Point","coordinates":[7.23608,49.42353]},"properties":{"d":"33338","kva":630,"kwp":159.6,"ratio":0.25,"load":14,"rf":0}},{"type":"Feature","geometry":{"type":"Point","coordinates":[7.2422,49.42232]},"properties":{"d":"33338","kva":1000,"kwp":293.6,"ratio":0.29,"load":8,"rf":0}},{"type":"Feature","geometry":{"type":"Point","coordinates":[7.23565,49.41941]},"properties":{"d":"33338","kva":400,"kwp":108.3,"ratio":0.27,"load":15,"rf":0}},{"type":"Feature","geometry":{"type":"Point","coordinates":[7.24248,49.41834]},"properties":{"d":"33338","kva":160,"kwp":29.4,"ratio":0.18,"load":10,"rf":0}},{"type":"Feature","geometry":{"type":"Point","coordinates":[7.23471,49.43389]},"properties":{"d":"33338","kva":630,"kwp":154.8,"ratio":0.25,"load":14,"rf":0}},{"type":"Feature","geometry":{"type":"Point","coordinates":[7.22591,49.46476]},"properties":{"d":"33338","kva":100,"kwp":5.8,"ratio":0.06,"load":4,"rf":0}},{"type":"Feature","geometry":{"type":"Point","coordinates":[7.23095,49.45069]},"properties":{"d":"33338","kva":400,"kwp":209.5,"ratio":0.52,"load":37,"rf":0}},{"type":"Feature","geometry":{"type":"Point","coordinates":[7.23153,49.45369]},"properties":{"d":"33338","kva":400,"kwp":186.2,"ratio":0.47,"load":33,"rf":0}},{"type":"Feature","geometry":{"type":"Point","coordinates":[7.25578,49.4743]},"properties":{"d":"33338","kva":630,"kwp":368.6,"ratio":0.59,"load":20,"rf":0}},{"type":"Feature","geometry":{"type":"Point","coordinates":[7.2487,49.4631]},"properties":{"d":"33338","kva":400,"kwp":277.4,"ratio":0.69,"load":24,"rf":0}},{"type":"Feature","geometry":{"type":"Point","coordinates":[7.25088,49.46685]},"properties":{"d":"33338","kva":630,"kwp":321.4,"ratio":0.51,"load":36,"rf":0}},{"type":"Feature","geometry":{"type":"Point","coordinates":[7.2408,49.4621]},"properties":{"d":"33338","kva":630,"kwp":215.3,"ratio":0.34,"load":22,"rf":0}},{"type":"Feature","geometry":{"type":"Point","coordinates":[7.25095,49.47093]},"properties":{"d":"33338","kva":400,"kwp":203.7,"ratio":0.51,"load":35,"rf":0}},{"type":"Feature","geometry":{"type":"Point","coordinates":[7.24283,49.48862]},"properties":{"d":"33338","kva":630,"kwp":362.8,"ratio":0.58,"load":41,"rf":0}},{"type":"Feature","geometry":{"type":"Point","coordinates":[7.24958,49.48811]},"properties":{"d":"33338","kva":630,"kwp":442.2,"ratio":0.7,"load":25,"rf":0}},{"type":"Feature","geometry":{"type":"Point","coordinates":[7.23471,49.49159]},"properties":{"d":"33338","kva":160,"kwp":44.6,"ratio":0.28,"load":20,"rf":0}},{"type":"Feature","geometry":{"type":"Point","coordinates":[7.2492,49.41086]},"properties":{"d":"33338","kva":100,"kwp":51.7,"ratio":0.52,"load":42,"rf":0}},{"type":"Feature","geometry":{"type":"Point","coordinates":[7.24858,49.44632]},"properties":{"d":"33338","kva":100,"kwp":0.0,"ratio":0.0,"load":3,"rf":0}},{"type":"Feature","geometry":{"type":"Point","coordinates":[7.24878,49.43506]},"properties":{"d":"33338","kva":100,"kwp":2.8,"ratio":0.03,"load":2,"rf":0}},{"type":"Feature","geometry":{"type":"Point","coordinates":[7.26526,49.4202]},"properties":{"d":"33338","kva":630,"kwp":206.1,"ratio":0.33,"load":9,"rf":0}},{"type":"Feature","geometry":{"type":"Point","coordinates":[7.26415,49.41559]},"properties":{"d":"33338","kva":630,"kwp":191.8,"ratio":0.3,"load":8,"rf":0}},{"type":"Feature","geometry":{"type":"Point","coordinates":[7.26037,49.41451]},"properties":{"d":"33338","kva":160,"kwp":33.2,"ratio":0.21,"load":12,"rf":0}},{"type":"Feature","geometry":{"type":"Point","coordinates":[7.26648,49.49383]},"properties":{"d":"33338","kva":400,"kwp":188.1,"ratio":0.47,"load":15,"rf":0}},{"type":"Feature","geometry":{"type":"Point","coordinates":[7.26521,49.48935]},"properties":{"d":"33338","kva":400,"kwp":142.7,"ratio":0.36,"load":24,"rf":0}},{"type":"Feature","geometry":{"type":"Point","coordinates":[7.25766,49.48345]},"properties":{"d":"33338","kva":100,"kwp":19.4,"ratio":0.19,"load":14,"rf":0}},{"type":"Feature","geometry":{"type":"Point","coordinates":[7.26549,49.4434]},"properties":{"d":"33338","kva":100,"kwp":0.0,"ratio":0.0,"load":3,"rf":0}},{"type":"Feature","geometry":{"type":"Point","coordinates":[7.25829,49.44199]},"properties":{"d":"33338","kva":100,"kwp":0.0,"ratio":0.0,"load":1,"rf":0}},{"type":"Feature","geometry":{"type":"Point","coordinates":[7.27253,49.43458]},"properties":{"d":"33338","kva":800,"kwp":0.0,"ratio":0.0,"load":5,"rf":0}},{"type":"Feature","geometry":{"type":"Point","coordinates":[7.2627,49.4313]},"properties":{"d":"33338","kva":400,"kwp":0.0,"ratio":0.0,"load":4,"rf":0}},{"type":"Feature","geometry":{"type":"Point","coordinates":[7.2679,49.43141]},"properties":{"d":"33338","kva":630,"kwp":0.0,"ratio":0.0,"load":7,"rf":0}},{"type":"Feature","geometry":{"type":"Point","coordinates":[7.26628,49.43397]},"properties":{"d":"33338","kva":400,"kwp":0.0,"ratio":0.0,"load":4,"rf":0}},{"type":"Feature","geometry":{"type":"Point","coordinates":[7.26572,49.50009]},"properties":{"d":"33338","kva":100,"kwp":1.4,"ratio":0.01,"load":1,"rf":0}},{"type":"Feature","geometry":{"type":"Point","coordinates":[7.27595,49.44467]},"properties":{"d":"33338","kva":100,"kwp":0.0,"ratio":0.0,"load":1,"rf":0}},{"type":"Feature","geometry":{"type":"Point","coordinates":[7.27091,49.46744]},"properties":{"d":"33338","kva":400,"kwp":232.8,"ratio":0.58,"load":16,"rf":0}},{"type":"Feature","geometry":{"type":"Point","coordinates":[7.27529,49.48488]},"properties":{"d":"33338","kva":100,"kwp":3.9,"ratio":0.04,"load":3,"rf":0}},{"type":"Feature","geometry":{"type":"Point","coordinates":[7.27696,49.50366]},"properties":{"d":"33338","kva":100,"kwp":4.3,"ratio":0.04,"load":3,"rf":0}},{"type":"Feature","geometry":{"type":"Point","coordinates":[7.28377,49.44513]},"properties":{"d":"33338","kva":100,"kwp":0.0,"ratio":0.0,"load":1,"rf":0}},{"type":"Feature","geometry":{"type":"Point","coordinates":[7.28504,49.42054]},"properties":{"d":"33338","kva":160,"kwp":0.0,"ratio":0.0,"load":6,"rf":0}},{"type":"Feature","geometry":{"type":"Point","coordinates":[7.29032,49.47661]},"properties":{"d":"33338","kva":100,"kwp":3.9,"ratio":0.04,"load":2,"rf":0}},{"type":"Feature","geometry":{"type":"Point","coordinates":[7.29974,49.45336]},"properties":{"d":"33338","kva":630,"kwp":0.0,"ratio":0.0,"load":7,"rf":0}},{"type":"Feature","geometry":{"type":"Point","coordinates":[7.30599,49.45497]},"properties":{"d":"33338","kva":250,"kwp":0.0,"ratio":0.0,"load":6,"rf":0}},{"type":"Feature","geometry":{"type":"Point","coordinates":[7.29529,49.43737]},"properties":{"d":"33338","kva":100,"kwp":0.0,"ratio":0.0,"load":1,"rf":0}},{"type":"Feature","geometry":{"type":"Point","coordinates":[7.29418,49.49488]},"properties":{"d":"33338","kva":400,"kwp":0.0,"ratio":0.0,"load":5,"rf":0}},{"type":"Feature","geometry":{"type":"Point","coordinates":[7.31931,49.44276]},"properties":{"d":"33338","kva":630,"kwp":0.0,"ratio":0.0,"load":4,"rf":0}},{"type":"Feature","geometry":{"type":"Point","coordinates":[7.31042,49.44128]},"properties":{"d":"33338","kva":250,"kwp":0.0,"ratio":0.0,"load":7,"rf":0}},{"type":"Feature","geometry":{"type":"Point","coordinates":[7.3201,49.44128]},"properties":{"d":"33338","kva":800,"kwp":0.0,"ratio":0.0,"load":5,"rf":0}},{"type":"Feature","geometry":{"type":"Point","coordinates":[7.327,49.49325]},"properties":{"d":"33338","kva":630,"kwp":0.0,"ratio":0.0,"load":8,"rf":0}},{"type":"Feature","geometry":{"type":"Point","coordinates":[7.32977,49.46665]},"properties":{"d":"33338","kva":630,"kwp":0.0,"ratio":0.0,"load":8,"rf":0}},{"type":"Feature","geometry":{"type":"Point","coordinates":[7.32323,49.46601]},"properties":{"d":"33338","kva":250,"kwp":0.0,"ratio":0.0,"load":7,"rf":0}},{"type":"Feature","geometry":{"type":"Point","coordinates":[7.3246,49.45691]},"properties":{"d":"33338","kva":100,"kwp":0.0,"ratio":0.0,"load":1,"rf":0}},{"type":"Feature","geometry":{"type":"Point","coordinates":[7.34466,49.47383]},"properties":{"d":"33338","kva":630,"kwp":0.0,"ratio":0.0,"load":5,"rf":0}},{"type":"Feature","geometry":{"type":"Point","coordinates":[7.35009,49.48166]},"properties":{"d":"33338","kva":630,"kwp":0.0,"ratio":0.0,"load":8,"rf":0}},{"type":"Feature","geometry":{"type":"Point","coordinates":[7.34551,49.47704]},"properties":{"d":"33338","kva":400,"kwp":0.0,"ratio":0.0,"load":7,"rf":0}},{"type":"Feature","geometry":{"type":"Point","coordinates":[7.35041,49.44873]},"properties":{"d":"33338","kva":630,"kwp":0.0,"ratio":0.0,"load":6,"rf":0}},{"type":"Feature","geometry":{"type":"Point","coordinates":[7.35183,49.44547]},"properties":{"d":"33338","kva":250,"kwp":0.0,"ratio":0.0,"load":7,"rf":0}},{"type":"Feature","geometry":{"type":"Point","coordinates":[7.35567,49.4412]},"properties":{"d":"33338","kva":100,"kwp":0.0,"ratio":0.0,"load":0,"rf":0}},{"type":"Feature","geometry":{"type":"Point","coordinates":[7.35003,49.46044]},"properties":{"d":"33338","kva":100,"kwp":0.0,"ratio":0.0,"load":1,"rf":0}},{"type":"Feature","geometry":{"type":"Point","coordinates":[7.36726,49.475]},"properties":{"d":"33338","kva":100,"kwp":0.0,"ratio":0.0,"load":1,"rf":0}},{"type":"Feature","geometry":{"type":"Point","coordinates":[7.37659,49.48517]},"properties":{"d":"33338","kva":630,"kwp":0.0,"ratio":0.0,"load":4,"rf":0}},{"type":"Feature","geometry":{"type":"Point","coordinates":[7.37596,49.48295]},"properties":{"d":"33338","kva":250,"kwp":0.0,"ratio":0.0,"load":7,"rf":0}},{"type":"Feature","geometry":{"type":"Point","coordinates":[7.11077,49.49596]},"properties":{"d":"33338","kva":630,"kwp":147.9,"ratio":0.23,"load":6,"rf":0}},{"type":"Feature","geometry":{"type":"Point","coordinates":[7.1158,49.48851]},"properties":{"d":"33338","kva":630,"kwp":31.9,"ratio":0.05,"load":3,"rf":0}},{"type":"Feature","geometry":{"type":"Point","coordinates":[7.10535,49.49879]},"properties":{"d":"33338","kva":800,"kwp":205.2,"ratio":0.26,"load":6,"rf":0}},{"type":"Feature","geometry":{"type":"Point","coordinates":[7.11374,49.49411]},"properties":{"d":"33338","kva":400,"kwp":86.3,"ratio":0.22,"load":4,"rf":0}},{"type":"Feature","geometry":{"type":"Point","coordinates":[7.1168,49.42026]},"properties":{"d":"33338","kva":800,"kwp":246.2,"ratio":0.31,"load":9,"rf":0}},{"type":"Feature","geometry":{"type":"Point","coordinates":[7.12398,49.44147]},"properties":{"d":"33338","kva":400,"kwp":213.4,"ratio":0.53,"load":18,"rf":0}},{"type":"Feature","geometry":{"type":"Point","coordinates":[7.12333,49.4374]},"properties":{"d":"33338","kva":630,"kwp":311.7,"ratio":0.49,"load":16,"rf":0}},{"type":"Feature","geometry":{"type":"Point","coordinates":[7.14411,49.4658]},"properties":{"d":"33338","kva":1000,"kwp":459.5,"ratio":0.46,"load":9,"rf":0}},{"type":"Feature","geometry":{"type":"Point","coordinates":[7.15754,49.46171]},"properties":{"d":"33338","kva":630,"kwp":139.4,"ratio":0.22,"load":5,"rf":0}},{"type":"Feature","geometry":{"type":"Point","coordinates":[7.16444,49.4688]},"properties":{"d":"33338","kva":800,"kwp":296.6,"ratio":0.37,"load":10,"rf":0}},{"type":"Feature","geometry":{"type":"Point","coordinates":[7.15423,49.46857]},"properties":{"d":"33338","kva":1000,"kwp":791.3,"ratio":0.79,"load":28,"rf":0}},{"type":"Feature","geometry":{"type":"Point","coordinates":[7.16879,49.46951]},"properties":{"d":"33338","kva":630,"kwp":245.9,"ratio":0.39,"load":11,"rf":0}},{"type":"Feature","geometry":{"type":"Point","coordinates":[7.14055,49.46768]},"properties":{"d":"33338","kva":630,"kwp":165.0,"ratio":0.26,"load":6,"rf":0}},{"type":"Feature","geometry":{"type":"Point","coordinates":[7.17591,49.46658]},"properties":{"d":"33338","kva":800,"kwp":258.0,"ratio":0.32,"load":9,"rf":0}},{"type":"Feature","geometry":{"type":"Point","coordinates":[7.16208,49.47229]},"properties":{"d":"33338","kva":630,"kwp":302.6,"ratio":0.48,"load":16,"rf":0}},{"type":"Feature","geometry":{"type":"Point","coordinates":[7.17222,49.46774]},"properties":{"d":"33338","kva":800,"kwp":545.1,"ratio":0.68,"load":13,"rf":0}},{"type":"Feature","geometry":{"type":"Point","coordinates":[7.16857,49.46804]},"properties":{"d":"33338","kva":1000,"kwp":349.2,"ratio":0.35,"load":12,"rf":0}},{"type":"Feature","geometry":{"type":"Point","coordinates":[7.16551,49.46529]},"properties":{"d":"33338","kva":400,"kwp":175.7,"ratio":0.44,"load":13,"rf":0}},{"type":"Feature","geometry":{"type":"Point","coordinates":[7.17068,49.46587]},"properties":{"d":"33338","kva":800,"kwp":166.9,"ratio":0.21,"load":4,"rf":0}},{"type":"Feature","geometry":{"type":"Point","coordinates":[7.1591,49.46536]},"properties":{"d":"33338","kva":800,"kwp":205.6,"ratio":0.26,"load":6,"rf":0}},{"type":"Feature","geometry":{"type":"Point","coordinates":[7.14601,49.46195]},"properties":{"d":"33338","kva":800,"kwp":337.7,"ratio":0.42,"load":7,"rf":0}},{"type":"Feature","geometry":{"type":"Point","coordinates":[7.1478,49.46356]},"properties":{"d":"33338","kva":400,"kwp":13.6,"ratio":0.03,"load":5,"rf":0}},{"type":"Feature","geometry":{"type":"Point","coordinates":[7.17262,49.45876]},"properties":{"d":"33338","kva":630,"kwp":353.1,"ratio":0.56,"load":19,"rf":0}},{"type":"Feature","geometry":{"type":"Point","coordinates":[7.16057,49.462]},"properties":{"d":"33338","kva":1000,"kwp":85.4,"ratio":0.09,"load":3,"rf":0}},{"type":"Feature","geometry":{"type":"Point","coordinates":[7.16824,49.46186]},"properties":{"d":"33338","kva":800,"kwp":248.5,"ratio":0.31,"load":8,"rf":0}},{"type":"Feature","geometry":{"type":"Point","coordinates":[7.15081,49.46229]},"properties":{"d":"33338","kva":400,"kwp":186.5,"ratio":0.47,"load":13,"rf":0}},{"type":"Feature","geometry":{"type":"Point","coordinates":[7.16224,49.45839]},"properties":{"d":"33338","kva":1000,"kwp":48.5,"ratio":0.05,"load":4,"rf":0}},{"type":"Feature","geometry":{"type":"Point","coordinates":[7.17161,49.46409]},"properties":{"d":"33338","kva":1000,"kwp":300.7,"ratio":0.3,"load":8,"rf":0}},{"type":"Feature","geometry":{"type":"Point","coordinates":[7.14483,49.4688]},"properties":{"d":"33338","kva":400,"kwp":94.4,"ratio":0.24,"load":22,"rf":0}},{"type":"Feature","geometry":{"type":"Point","coordinates":[7.16284,49.46536]},"properties":{"d":"33338","kva":400,"kwp":15.5,"ratio":0.04,"load":5,"rf":0}},{"type":"Feature","geometry":{"type":"Point","coordinates":[7.15817,49.43115]},"properties":{"d":"33338","kva":1000,"kwp":319.2,"ratio":0.32,"load":9,"rf":0}},{"type":"Feature","geometry":{"type":"Point","coordinates":[7.17021,49.43493]},"properties":{"d":"33338","kva":800,"kwp":287.0,"ratio":0.36,"load":10,"rf":0}},{"type":"Feature","geometry":{"type":"Point","coordinates":[7.16021,49.43344]},"properties":{"d":"33338","kva":400,"kwp":166.9,"ratio":0.42,"load":13,"rf":0}},{"type":"Feature","geometry":{"type":"Point","coordinates":[7.16225,49.40842]},"properties":{"d":"33338","kva":800,"kwp":205.2,"ratio":0.26,"load":6,"rf":0}},{"type":"Feature","geometry":{"type":"Point","coordinates":[7.16217,49.40469]},"properties":{"d":"33338","kva":630,"kwp":323.6,"ratio":0.51,"load":8,"rf":0}},{"type":"Feature","geometry":{"type":"Point","coordinates":[7.16105,49.40263]},"properties":{"d":"33338","kva":630,"kwp":242.8,"ratio":0.39,"load":14,"rf":0}},{"type":"Feature","geometry":{"type":"Point","coordinates":[7.16559,49.40294]},"properties":{"d":"33338","kva":1000,"kwp":115.9,"ratio":0.12,"load":2,"rf":0}},{"type":"Feature","geometry":{"type":"Point","coordinates":[7.15365,49.41031]},"properties":{"d":"33338","kva":630,"kwp":227.0,"ratio":0.36,"load":15,"rf":0}},{"type":"Feature","geometry":{"type":"Point","coordinates":[7.16943,49.40155]},"properties":{"d":"33338","kva":800,"kwp":218.5,"ratio":0.27,"load":14,"rf":0}},{"type":"Feature","geometry":{"type":"Point","coordinates":[7.2422,49.42232]},"properties":{"d":"33338","kva":1000,"kwp":293.6,"ratio":0.29,"load":8,"rf":0}},{"type":"Feature","geometry":{"type":"Point","coordinates":[7.23453,49.43754]},"properties":{"d":"33338","kva":630,"kwp":53.6,"ratio":0.09,"load":85,"rf":0}},{"type":"Feature","geometry":{"type":"Point","coordinates":[7.23453,49.43754]},"properties":{"d":"33338","kva":630,"kwp":53.6,"ratio":0.09,"load":85,"rf":0}},{"type":"Feature","geometry":{"type":"Point","coordinates":[7.2487,49.4631]},"properties":{"d":"33338","kva":400,"kwp":277.4,"ratio":0.69,"load":24,"rf":0}},{"type":"Feature","geometry":{"type":"Point","coordinates":[7.24958,49.48811]},"properties":{"d":"33338","kva":630,"kwp":442.2,"ratio":0.7,"load":25,"rf":0}},{"type":"Feature","geometry":{"type":"Point","coordinates":[7.26526,49.4202]},"properties":{"d":"33338","kva":630,"kwp":206.1,"ratio":0.33,"load":9,"rf":0}},{"type":"Feature","geometry":{"type":"Point","coordinates":[7.26648,49.49383]},"properties":{"d":"33338","kva":400,"kwp":188.1,"ratio":0.47,"load":15,"rf":0}},{"type":"Feature","geometry":{"type":"Point","coordinates":[7.27253,49.43458]},"properties":{"d":"33338","kva":800,"kwp":0.0,"ratio":0.0,"load":5,"rf":0}},{"type":"Feature","geometry":{"type":"Point","coordinates":[7.29418,49.49488]},"properties":{"d":"33338","kva":400,"kwp":0.0,"ratio":0.0,"load":5,"rf":0}},{"type":"Feature","geometry":{"type":"Point","coordinates":[7.3201,49.44128]},"properties":{"d":"33338","kva":800,"kwp":0.0,"ratio":0.0,"load":5,"rf":0}},{"type":"Feature","geometry":{"type":"Point","coordinates":[7.34466,49.47383]},"properties":{"d":"33338","kva":630,"kwp":0.0,"ratio":0.0,"load":5,"rf":0}},{"type":"Feature","geometry":{"type":"Point","coordinates":[7.35041,49.44873]},"properties":{"d":"33338","kva":630,"kwp":0.0,"ratio":0.0,"load":6,"rf":0}},{"type":"Feature","geometry":{"type":"Point","coordinates":[7.12473,49.49515]},"properties":{"d":"33338","kva":630,"kwp":146.7,"ratio":0.23,"load":9,"rf":0}},{"type":"Feature","geometry":{"type":"Point","coordinates":[7.10474,49.49341]},"properties":{"d":"33338","kva":630,"kwp":86.3,"ratio":0.14,"load":4,"rf":0}},{"type":"Feature","geometry":{"type":"Point","coordinates":[7.10304,49.50189]},"properties":{"d":"33338","kva":630,"kwp":54.4,"ratio":0.09,"load":3,"rf":0}},{"type":"Feature","geometry":{"type":"Point","coordinates":[7.11124,49.49231]},"properties":{"d":"33338","kva":630,"kwp":91.4,"ratio":0.15,"load":4,"rf":0}},{"type":"Feature","geometry":{"type":"Point","coordinates":[7.10143,49.47407]},"properties":{"d":"33338","kva":630,"kwp":239.1,"ratio":0.38,"load":12,"rf":0}},{"type":"Feature","geometry":{"type":"Point","coordinates":[7.10291,49.47761]},"properties":{"d":"33338","kva":630,"kwp":114.3,"ratio":0.18,"load":6,"rf":0}},{"type":"Feature","geometry":{"type":"Point","coordinates":[7.11903,49.41293]},"properties":{"d":"33338","kva":630,"kwp":57.4,"ratio":0.09,"load":4,"rf":0}},{"type":"Feature","geometry":{"type":"Point","coordinates":[7.14411,49.4658]},"properties":{"d":"33338","kva":630,"kwp":459.5,"ratio":0.73,"load":13,"rf":0}},{"type":"Feature","geometry":{"type":"Point","coordinates":[7.17591,49.46982]},"properties":{"d":"33338","kva":630,"kwp":194.0,"ratio":0.31,"load":9,"rf":0}},{"type":"Feature","geometry":{"type":"Point","coordinates":[7.15117,49.45546]},"properties":{"d":"33338","kva":630,"kwp":209.5,"ratio":0.33,"load":14,"rf":0}},{"type":"Feature","geometry":{"type":"Point","coordinates":[7.154,49.47501]},"properties":{"d":"33338","kva":630,"kwp":306.5,"ratio":0.49,"load":16,"rf":0}},{"type":"Feature","geometry":{"type":"Point","coordinates":[7.17349,49.4616]},"properties":{"d":"33338","kva":630,"kwp":192.1,"ratio":0.3,"load":13,"rf":0}},{"type":"Feature","geometry":{"type":"Point","coordinates":[7.17831,49.47983]},"properties":{"d":"33338","kva":630,"kwp":254.1,"ratio":0.4,"load":17,"rf":0}},{"type":"Feature","geometry":{"type":"Point","coordinates":[7.14601,49.46195]},"properties":{"d":"33338","kva":630,"kwp":337.7,"ratio":0.54,"load":11,"rf":0}},{"type":"Feature","geometry":{"type":"Point","coordinates":[7.15982,49.4703]},"properties":{"d":"33338","kva":630,"kwp":298.8,"ratio":0.47,"load":16,"rf":0}},{"type":"Feature","geometry":{"type":"Point","coordinates":[7.16057,49.462]},"properties":{"d":"33338","kva":630,"kwp":85.4,"ratio":0.14,"load":4,"rf":0}},{"type":"Feature","geometry":{"type":"Point","coordinates":[7.16224,49.45839]},"properties":{"d":"33338","kva":630,"kwp":48.5,"ratio":0.08,"load":6,"rf":0}},{"type":"Feature","geometry":{"type":"Point","coordinates":[7.17787,49.474]},"properties":{"d":"33338","kva":630,"kwp":240.6,"ratio":0.38,"load":17,"rf":0}},{"type":"Feature","geometry":{"type":"Point","coordinates":[7.1791,49.46727]},"properties":{"d":"33338","kva":630,"kwp":116.4,"ratio":0.18,"load":9,"rf":0}},{"type":"Feature","geometry":{"type":"Point","coordinates":[7.16915,49.46529]},"properties":{"d":"33338","kva":630,"kwp":145.9,"ratio":0.23,"load":6,"rf":0}},{"type":"Feature","geometry":{"type":"Point","coordinates":[7.15349,49.43628]},"properties":{"d":"33338","kva":630,"kwp":91.0,"ratio":0.14,"load":7,"rf":0}},{"type":"Feature","geometry":{"type":"Point","coordinates":[7.14818,49.40757]},"properties":{"d":"33338","kva":630,"kwp":164.4,"ratio":0.26,"load":7,"rf":0}},{"type":"Feature","geometry":{"type":"Point","coordinates":[7.15276,49.40182]},"properties":{"d":"33338","kva":630,"kwp":200.5,"ratio":0.32,"load":9,"rf":0}},{"type":"Feature","geometry":{"type":"Point","coordinates":[7.18346,49.39885]},"properties":{"d":"33338","kva":630,"kwp":99.8,"ratio":0.16,"load":5,"rf":0}},{"type":"Feature","geometry":{"type":"Point","coordinates":[7.17185,49.39489]},"properties":{"d":"33338","kva":630,"kwp":163.4,"ratio":0.26,"load":7,"rf":0}},{"type":"Feature","geometry":{"type":"Point","coordinates":[7.15499,49.40688]},"properties":{"d":"33338","kva":630,"kwp":99.8,"ratio":0.16,"load":5,"rf":0}},{"type":"Feature","geometry":{"type":"Point","coordinates":[7.16172,49.39763]},"properties":{"d":"33338","kva":630,"kwp":119.7,"ratio":0.19,"load":7,"rf":0}},{"type":"Feature","geometry":{"type":"Point","coordinates":[7.16602,49.41344]},"properties":{"d":"33338","kva":630,"kwp":92.1,"ratio":0.15,"load":5,"rf":0}},{"type":"Feature","geometry":{"type":"Point","coordinates":[7.16924,49.40404]},"properties":{"d":"33338","kva":630,"kwp":171.4,"ratio":0.27,"load":7,"rf":0}},{"type":"Feature","geometry":{"type":"Point","coordinates":[7.21028,49.40877]},"properties":{"d":"33338","kva":630,"kwp":233.9,"ratio":0.37,"load":11,"rf":0}},{"type":"Feature","geometry":{"type":"Point","coordinates":[7.25578,49.4743]},"properties":{"d":"33338","kva":630,"kwp":368.6,"ratio":0.59,"load":20,"rf":0}},{"type":"Feature","geometry":{"type":"Point","coordinates":[7.26415,49.41559]},"properties":{"d":"33338","kva":630,"kwp":191.8,"ratio":0.3,"load":8,"rf":0}},{"type":"Feature","geometry":{"type":"Point","coordinates":[7.2627,49.4313]},"properties":{"d":"33338","kva":630,"kwp":0.0,"ratio":0.0,"load":4,"rf":0}},{"type":"Feature","geometry":{"type":"Point","coordinates":[7.26628,49.43397]},"properties":{"d":"33338","kva":630,"kwp":0.0,"ratio":0.0,"load":4,"rf":0}},{"type":"Feature","geometry":{"type":"Point","coordinates":[7.27091,49.46744]},"properties":{"d":"33338","kva":630,"kwp":232.8,"ratio":0.37,"load":16,"rf":0}},{"type":"Feature","geometry":{"type":"Point","coordinates":[7.31931,49.44276]},"properties":{"d":"33338","kva":630,"kwp":0.0,"ratio":0.0,"load":4,"rf":0}},{"type":"Feature","geometry":{"type":"Point","coordinates":[7.37659,49.48517]},"properties":{"d":"33338","kva":630,"kwp":0.0,"ratio":0.0,"load":4,"rf":0}},{"type":"Feature","geometry":{"type":"Point","coordinates":[7.18232,49.37291]},"properties":{"d":"33364","kva":800,"kwp":186.4,"ratio":0.23,"load":6,"rf":0}},{"type":"Feature","geometry":{"type":"Point","coordinates":[7.22176,49.34248]},"properties":{"d":"33364","kva":630,"kwp":133.1,"ratio":0.21,"load":5,"rf":0}},{"type":"Feature","geometry":{"type":"Point","coordinates":[7.21782,49.34688]},"properties":{"d":"33364","kva":630,"kwp":171.0,"ratio":0.27,"load":5,"rf":0}},{"type":"Feature","geometry":{"type":"Point","coordinates":[7.21782,49.34688]},"properties":{"d":"33364","kva":630,"kwp":171.0,"ratio":0.27,"load":5,"rf":0}},{"type":"Feature","geometry":{"type":"Point","coordinates":[7.236,49.35981]},"properties":{"d":"33364","kva":250,"kwp":54.7,"ratio":0.22,"load":12,"rf":0}},{"type":"Feature","geometry":{"type":"Point","coordinates":[7.20135,49.36785]},"properties":{"d":"33364","kva":400,"kwp":79.9,"ratio":0.2,"load":10,"rf":0}},{"type":"Feature","geometry":{"type":"Point","coordinates":[7.17231,49.37478]},"properties":{"d":"33364","kva":250,"kwp":60.9,"ratio":0.24,"load":3,"rf":0}},{"type":"Feature","geometry":{"type":"Point","coordinates":[7.17899,49.35195]},"properties":{"d":"33364","kva":800,"kwp":290.8,"ratio":0.36,"load":3,"rf":0}},{"type":"Feature","geometry":{"type":"Point","coordinates":[7.17899,49.35195]},"properties":{"d":"33364","kva":800,"kwp":290.8,"ratio":0.36,"load":3,"rf":0}},{"type":"Feature","geometry":{"type":"Point","coordinates":[7.21295,49.3437]},"properties":{"d":"33364","kva":630,"kwp":46.6,"ratio":0.07,"load":2,"rf":0}},{"type":"Feature","geometry":{"type":"Point","coordinates":[7.20011,49.34562]},"properties":{"d":"33364","kva":630,"kwp":100.9,"ratio":0.16,"load":3,"rf":0}},{"type":"Feature","geometry":{"type":"Point","coordinates":[7.17563,49.38032]},"properties":{"d":"33364","kva":400,"kwp":72.3,"ratio":0.18,"load":8,"rf":0}},{"type":"Feature","geometry":{"type":"Point","coordinates":[7.18335,49.34843]},"properties":{"d":"33364","kva":1000,"kwp":174.2,"ratio":0.17,"load":2,"rf":0}},{"type":"Feature","geometry":{"type":"Point","coordinates":[7.18335,49.34843]},"properties":{"d":"33364","kva":1000,"kwp":174.2,"ratio":0.17,"load":2,"rf":0}},{"type":"Feature","geometry":{"type":"Point","coordinates":[7.19535,49.35074]},"properties":{"d":"33364","kva":1000,"kwp":185.0,"ratio":0.18,"load":3,"rf":0}},{"type":"Feature","geometry":{"type":"Point","coordinates":[7.18488,49.36484]},"properties":{"d":"33364","kva":630,"kwp":133.2,"ratio":0.21,"load":5,"rf":0}},{"type":"Feature","geometry":{"type":"Point","coordinates":[7.22177,49.35542]},"properties":{"d":"33364","kva":250,"kwp":54.9,"ratio":0.22,"load":3,"rf":0}},{"type":"Feature","geometry":{"type":"Point","coordinates":[7.18602,49.34513]},"properties":{"d":"33364","kva":630,"kwp":203.5,"ratio":0.32,"load":4,"rf":0}},{"type":"Feature","geometry":{"type":"Point","coordinates":[7.18602,49.34513]},"properties":{"d":"33364","kva":630,"kwp":203.5,"ratio":0.32,"load":4,"rf":0}},{"type":"Feature","geometry":{"type":"Point","coordinates":[7.17048,49.33275]},"properties":{"d":"33364","kva":250,"kwp":40.6,"ratio":0.16,"load":2,"rf":0}},{"type":"Feature","geometry":{"type":"Point","coordinates":[7.18014,49.34026]},"properties":{"d":"33364","kva":1000,"kwp":83.2,"ratio":0.08,"load":2,"rf":0}},{"type":"Feature","geometry":{"type":"Point","coordinates":[7.1703,49.32937]},"properties":{"d":"33364","kva":630,"kwp":130.1,"ratio":0.21,"load":5,"rf":0}},{"type":"Feature","geometry":{"type":"Point","coordinates":[7.18175,49.35274]},"properties":{"d":"33364","kva":1000,"kwp":84.3,"ratio":0.08,"load":2,"rf":0}},{"type":"Feature","geometry":{"type":"Point","coordinates":[7.1921,49.35341]},"properties":{"d":"33364","kva":630,"kwp":98.9,"ratio":0.16,"load":2,"rf":0}},{"type":"Feature","geometry":{"type":"Point","coordinates":[7.19211,49.37738]},"properties":{"d":"33364","kva":400,"kwp":82.2,"ratio":0.21,"load":10,"rf":0}},{"type":"Feature","geometry":{"type":"Point","coordinates":[7.21634,49.3436]},"properties":{"d":"33364","kva":630,"kwp":147.7,"ratio":0.23,"load":12,"rf":0}},{"type":"Feature","geometry":{"type":"Point","coordinates":[7.23731,49.35104]},"properties":{"d":"33364","kva":630,"kwp":13.0,"ratio":0.02,"load":7,"rf":0}},{"type":"Feature","geometry":{"type":"Point","coordinates":[7.18227,49.37638]},"properties":{"d":"33364","kva":400,"kwp":86.8,"ratio":0.22,"load":4,"rf":0}},{"type":"Feature","geometry":{"type":"Point","coordinates":[7.20369,49.34957]},"properties":{"d":"33364","kva":800,"kwp":109.8,"ratio":0.14,"load":2,"rf":0}},{"type":"Feature","geometry":{"type":"Point","coordinates":[7.22116,49.34721]},"properties":{"d":"33364","kva":400,"kwp":88.1,"ratio":0.22,"load":5,"rf":0}},{"type":"Feature","geometry":{"type":"Point","coordinates":[7.19368,49.34635]},"properties":{"d":"33364","kva":400,"kwp":42.6,"ratio":0.11,"load":4,"rf":0}},{"type":"Feature","geometry":{"type":"Point","coordinates":[7.23245,49.35567]},"properties":{"d":"33364","kva":800,"kwp":13.9,"ratio":0.02,"load":5,"rf":0}},{"type":"Feature","geometry":{"type":"Point","coordinates":[7.17753,49.34532]},"properties":{"d":"33364","kva":1000,"kwp":90.4,"ratio":0.09,"load":2,"rf":0}},{"type":"Feature","geometry":{"type":"Point","coordinates":[7.18011,49.34415]},"properties":{"d":"33364","kva":800,"kwp":191.6,"ratio":0.24,"load":2,"rf":0}},{"type":"Feature","geometry":{"type":"Point","coordinates":[7.18011,49.34415]},"properties":{"d":"33364","kva":800,"kwp":191.6,"ratio":0.24,"load":2,"rf":0}},{"type":"Feature","geometry":{"type":"Point","coordinates":[7.19037,49.36921]},"properties":{"d":"33364","kva":800,"kwp":151.4,"ratio":0.19,"load":4,"rf":0}},{"type":"Feature","geometry":{"type":"Point","coordinates":[7.19828,49.36826]},"properties":{"d":"33364","kva":400,"kwp":102.7,"ratio":0.26,"load":6,"rf":0}},{"type":"Feature","geometry":{"type":"Point","coordinates":[7.18588,49.37576]},"properties":{"d":"33364","kva":630,"kwp":112.6,"ratio":0.18,"load":9,"rf":0}},{"type":"Feature","geometry":{"type":"Point","coordinates":[7.20434,49.34247]},"properties":{"d":"33364","kva":250,"kwp":36.0,"ratio":0.14,"load":6,"rf":0}},{"type":"Feature","geometry":{"type":"Point","coordinates":[7.2005,49.35221]},"properties":{"d":"33364","kva":400,"kwp":110.6,"ratio":0.28,"load":6,"rf":0}},{"type":"Feature","geometry":{"type":"Point","coordinates":[7.19491,49.37537]},"properties":{"d":"33364","kva":250,"kwp":45.7,"ratio":0.18,"load":9,"rf":0}},{"type":"Feature","geometry":{"type":"Point","coordinates":[7.18532,49.37243]},"properties":{"d":"33364","kva":400,"kwp":84.5,"ratio":0.21,"load":5,"rf":0}},{"type":"Feature","geometry":{"type":"Point","coordinates":[7.18797,49.34674]},"properties":{"d":"33364","kva":800,"kwp":57.6,"ratio":0.07,"load":1,"rf":0}},{"type":"Feature","geometry":{"type":"Point","coordinates":[7.19674,49.34112]},"properties":{"d":"33364","kva":250,"kwp":51.7,"ratio":0.21,"load":3,"rf":0}},{"type":"Feature","geometry":{"type":"Point","coordinates":[7.19275,49.33983]},"properties":{"d":"33364","kva":630,"kwp":115.3,"ratio":0.18,"load":4,"rf":0}},{"type":"Feature","geometry":{"type":"Point","coordinates":[7.18271,49.34399]},"properties":{"d":"33364","kva":630,"kwp":93.7,"ratio":0.15,"load":2,"rf":0}},{"type":"Feature","geometry":{"type":"Point","coordinates":[7.18271,49.34399]},"properties":{"d":"33364","kva":630,"kwp":93.7,"ratio":0.15,"load":2,"rf":0}},{"type":"Feature","geometry":{"type":"Point","coordinates":[7.18652,49.36773]},"properties":{"d":"33364","kva":630,"kwp":127.1,"ratio":0.2,"load":4,"rf":0}},{"type":"Feature","geometry":{"type":"Point","coordinates":[7.17279,49.36966]},"properties":{"d":"33364","kva":630,"kwp":124.0,"ratio":0.2,"load":10,"rf":0}},{"type":"Feature","geometry":{"type":"Point","coordinates":[7.17618,49.32903]},"properties":{"d":"33364","kva":400,"kwp":42.6,"ratio":0.11,"load":3,"rf":0}},{"type":"Feature","geometry":{"type":"Point","coordinates":[7.18782,49.33321]},"properties":{"d":"33364","kva":400,"kwp":46.5,"ratio":0.12,"load":4,"rf":0}},{"type":"Feature","geometry":{"type":"Point","coordinates":[7.17761,49.37403]},"properties":{"d":"33364","kva":630,"kwp":117.2,"ratio":0.19,"load":8,"rf":0}},{"type":"Feature","geometry":{"type":"Point","coordinates":[7.18551,49.34098]},"properties":{"d":"33364","kva":630,"kwp":165.0,"ratio":0.26,"load":16,"rf":0}},{"type":"Feature","geometry":{"type":"Point","coordinates":[7.18567,49.33445]},"properties":{"d":"33364","kva":630,"kwp":77.3,"ratio":0.12,"load":12,"rf":0}},{"type":"Feature","geometry":{"type":"Point","coordinates":[7.18372,49.33675]},"properties":{"d":"33364","kva":1000,"kwp":116.6,"ratio":0.12,"load":2,"rf":0}},{"type":"Feature","geometry":{"type":"Point","coordinates":[7.19105,49.33144]},"properties":{"d":"33364","kva":630,"kwp":200.1,"ratio":0.32,"load":7,"rf":0}},{"type":"Feature","geometry":{"type":"Point","coordinates":[7.18056,49.36098]},"properties":{"d":"33364","kva":630,"kwp":99.7,"ratio":0.16,"load":7,"rf":0}},{"type":"Feature","geometry":{"type":"Point","coordinates":[7.18357,49.32908]},"properties":{"d":"33364","kva":250,"kwp":1.3,"ratio":0.01,"load":3,"rf":0}},{"type":"Feature","geometry":{"type":"Point","coordinates":[7.17458,49.35005]},"properties":{"d":"33364","kva":800,"kwp":106.7,"ratio":0.13,"load":1,"rf":0}},{"type":"Feature","geometry":{"type":"Point","coordinates":[7.17458,49.35005]},"properties":{"d":"33364","kva":800,"kwp":106.7,"ratio":0.13,"load":1,"rf":0}},{"type":"Feature","geometry":{"type":"Point","coordinates":[7.21532,49.35381]},"properties":{"d":"33364","kva":250,"kwp":138.2,"ratio":0.55,"load":10,"rf":0}},{"type":"Feature","geometry":{"type":"Point","coordinates":[7.22104,49.35066]},"properties":{"d":"33364","kva":250,"kwp":99.9,"ratio":0.4,"load":12,"rf":0}},{"type":"Feature","geometry":{"type":"Point","coordinates":[7.18041,49.33227]},"properties":{"d":"33364","kva":400,"kwp":60.3,"ratio":0.15,"load":6,"rf":0}},{"type":"Feature","geometry":{"type":"Point","coordinates":[7.17594,49.33699]},"properties":{"d":"33364","kva":250,"kwp":21.0,"ratio":0.08,"load":3,"rf":0}},{"type":"Feature","geometry":{"type":"Point","coordinates":[7.2326,49.34981]},"properties":{"d":"33364","kva":400,"kwp":105.6,"ratio":0.26,"load":7,"rf":0}},{"type":"Feature","geometry":{"type":"Point","coordinates":[7.17402,49.35095]},"properties":{"d":"33364","kva":400,"kwp":48.5,"ratio":0.12,"load":2,"rf":0}},{"type":"Feature","geometry":{"type":"Point","coordinates":[7.22903,49.35479]},"properties":{"d":"33364","kva":250,"kwp":60.8,"ratio":0.24,"load":4,"rf":0}},{"type":"Feature","geometry":{"type":"Point","coordinates":[7.18251,49.36032]},"properties":{"d":"33364","kva":400,"kwp":67.7,"ratio":0.17,"load":8,"rf":0}},{"type":"Feature","geometry":{"type":"Point","coordinates":[7.21846,49.34386]},"properties":{"d":"33364","kva":400,"kwp":93.3,"ratio":0.23,"load":5,"rf":0}},{"type":"Feature","geometry":{"type":"Point","coordinates":[7.19189,49.34886]},"properties":{"d":"33364","kva":630,"kwp":34.7,"ratio":0.06,"load":2,"rf":0}},{"type":"Feature","geometry":{"type":"Point","coordinates":[7.20649,49.35374]},"properties":{"d":"33364","kva":250,"kwp":17.5,"ratio":0.07,"load":1,"rf":0}},{"type":"Feature","geometry":{"type":"Point","coordinates":[7.19388,49.38359]},"properties":{"d":"33364","kva":100,"kwp":5.3,"ratio":0.05,"load":3,"rf":0}},{"type":"Feature","geometry":{"type":"Point","coordinates":[7.18687,49.35289]},"properties":{"d":"33364","kva":800,"kwp":153.7,"ratio":0.19,"load":3,"rf":0}},{"type":"Feature","geometry":{"type":"Point","coordinates":[7.19606,49.34852]},"properties":{"d":"33364","kva":800,"kwp":222.1,"ratio":0.28,"load":7,"rf":0}},{"type":"Feature","geometry":{"type":"Point","coordinates":[7.18069,49.34154]},"properties":{"d":"33364","kva":630,"kwp":68.8,"ratio":0.11,"load":2,"rf":0}},{"type":"Feature","geometry":{"type":"Point","coordinates":[7.19745,49.34294]},"properties":{"d":"33364","kva":400,"kwp":72.0,"ratio":0.18,"load":3,"rf":0}},{"type":"Feature","geometry":{"type":"Point","coordinates":[7.1737,49.33502]},"properties":{"d":"33364","kva":250,"kwp":35.4,"ratio":0.14,"load":1,"rf":0}},{"type":"Feature","geometry":{"type":"Point","coordinates":[7.19477,49.3526]},"properties":{"d":"33364","kva":400,"kwp":43.4,"ratio":0.11,"load":2,"rf":0}},{"type":"Feature","geometry":{"type":"Point","coordinates":[7.2058,49.35082]},"properties":{"d":"33364","kva":100,"kwp":2.2,"ratio":0.02,"load":5,"rf":0}},{"type":"Feature","geometry":{"type":"Point","coordinates":[7.1852,49.35557]},"properties":{"d":"33364","kva":400,"kwp":101.7,"ratio":0.25,"load":6,"rf":0}},{"type":"Feature","geometry":{"type":"Point","coordinates":[7.19071,49.34052]},"properties":{"d":"33364","kva":250,"kwp":109.9,"ratio":0.44,"load":30,"rf":0}},{"type":"Feature","geometry":{"type":"Point","coordinates":[7.18803,49.36959]},"properties":{"d":"33364","kva":630,"kwp":95.9,"ratio":0.15,"load":2,"rf":0}},{"type":"Feature","geometry":{"type":"Point","coordinates":[7.19081,49.36593]},"properties":{"d":"33364","kva":250,"kwp":46.4,"ratio":0.19,"load":3,"rf":0}},{"type":"Feature","geometry":{"type":"Point","coordinates":[7.22651,49.34895]},"properties":{"d":"33364","kva":630,"kwp":109.7,"ratio":0.17,"load":8,"rf":0}},{"type":"Feature","geometry":{"type":"Point","coordinates":[7.17862,49.34281]},"properties":{"d":"33364","kva":630,"kwp":83.8,"ratio":0.13,"load":2,"rf":0}},{"type":"Feature","geometry":{"type":"Point","coordinates":[7.18478,49.33788]},"properties":{"d":"33364","kva":630,"kwp":77.3,"ratio":0.12,"load":4,"rf":0}},{"type":"Feature","geometry":{"type":"Point","coordinates":[7.18205,49.38641]},"properties":{"d":"33364","kva":100,"kwp":4.6,"ratio":0.05,"load":3,"rf":0}},{"type":"Feature","geometry":{"type":"Point","coordinates":[7.17013,49.35938]},"properties":{"d":"33364","kva":630,"kwp":3.8,"ratio":0.01,"load":6,"rf":0}},{"type":"Feature","geometry":{"type":"Point","coordinates":[7.17886,49.34783]},"properties":{"d":"33364","kva":630,"kwp":97.6,"ratio":0.15,"load":3,"rf":0}},{"type":"Feature","geometry":{"type":"Point","coordinates":[7.17886,49.34783]},"properties":{"d":"33364","kva":630,"kwp":97.6,"ratio":0.15,"load":3,"rf":0}},{"type":"Feature","geometry":{"type":"Point","coordinates":[7.17513,49.33157]},"properties":{"d":"33364","kva":630,"kwp":38.0,"ratio":0.06,"load":2,"rf":0}},{"type":"Feature","geometry":{"type":"Point","coordinates":[7.22261,49.35404]},"properties":{"d":"33364","kva":400,"kwp":5.4,"ratio":0.01,"load":7,"rf":0}},{"type":"Feature","geometry":{"type":"Point","coordinates":[7.20769,49.35589]},"properties":{"d":"33364","kva":100,"kwp":7.6,"ratio":0.08,"load":4,"rf":0}},{"type":"Feature","geometry":{"type":"Point","coordinates":[7.17514,49.34675]},"properties":{"d":"33364","kva":800,"kwp":70.1,"ratio":0.09,"load":3,"rf":0}},{"type":"Feature","geometry":{"type":"Point","coordinates":[7.19977,49.35049]},"properties":{"d":"33364","kva":100,"kwp":5.5,"ratio":0.05,"load":2,"rf":0}},{"type":"Feature","geometry":{"type":"Point","coordinates":[7.20093,49.34277]},"properties":{"d":"33364","kva":630,"kwp":128.4,"ratio":0.2,"load":4,"rf":0}},{"type":"Feature","geometry":{"type":"Point","coordinates":[7.23102,49.35137]},"properties":{"d":"33364","kva":400,"kwp":54.6,"ratio":0.14,"load":7,"rf":0}},{"type":"Feature","geometry":{"type":"Point","coordinates":[7.22971,49.34368]},"properties":{"d":"33364","kva":630,"kwp":50.1,"ratio":0.08,"load":2,"rf":0}},{"type":"Feature","geometry":{"type":"Point","coordinates":[7.23927,49.34839]},"properties":{"d":"33364","kva":400,"kwp":8.7,"ratio":0.02,"load":6,"rf":0}},{"type":"Feature","geometry":{"type":"Point","coordinates":[7.21827,49.3518]},"properties":{"d":"33364","kva":400,"kwp":92.5,"ratio":0.23,"load":6,"rf":0}},{"type":"Feature","geometry":{"type":"Point","coordinates":[7.20953,49.35024]},"properties":{"d":"33364","kva":100,"kwp":2.3,"ratio":0.02,"load":1,"rf":0}},{"type":"Feature","geometry":{"type":"Point","coordinates":[7.18996,49.37346]},"properties":{"d":"33364","kva":250,"kwp":59.4,"ratio":0.24,"load":4,"rf":0}},{"type":"Feature","geometry":{"type":"Point","coordinates":[7.17259,49.34061]},"properties":{"d":"33364","kva":250,"kwp":140.6,"ratio":0.56,"load":16,"rf":0}},{"type":"Feature","geometry":{"type":"Point","coordinates":[7.19303,49.37039]},"properties":{"d":"33364","kva":400,"kwp":90.6,"ratio":0.23,"load":4,"rf":0}},{"type":"Feature","geometry":{"type":"Point","coordinates":[7.19214,49.35095]},"properties":{"d":"33364","kva":400,"kwp":77.5,"ratio":0.19,"load":4,"rf":0}},{"type":"Feature","geometry":{"type":"Point","coordinates":[7.1769,49.37271]},"properties":{"d":"33364","kva":630,"kwp":66.2,"ratio":0.11,"load":4,"rf":0}},{"type":"Feature","geometry":{"type":"Point","coordinates":[7.17945,49.35503]},"properties":{"d":"33364","kva":630,"kwp":79.1,"ratio":0.13,"load":2,"rf":0}},{"type":"Feature","geometry":{"type":"Point","coordinates":[7.23282,49.34384]},"properties":{"d":"33364","kva":400,"kwp":107.7,"ratio":0.27,"load":4,"rf":0}},{"type":"Feature","geometry":{"type":"Point","coordinates":[7.18107,49.34581]},"properties":{"d":"33364","kva":1000,"kwp":77.3,"ratio":0.08,"load":2,"rf":0}},{"type":"Feature","geometry":{"type":"Point","coordinates":[7.17001,49.33811]},"properties":{"d":"33364","kva":100,"kwp":0.7,"ratio":0.01,"load":0,"rf":0}},{"type":"Feature","geometry":{"type":"Point","coordinates":[7.17456,49.34484]},"properties":{"d":"33364","kva":800,"kwp":56.3,"ratio":0.07,"load":2,"rf":0}},{"type":"Feature","geometry":{"type":"Point","coordinates":[7.23409,49.34569]},"properties":{"d":"33364","kva":630,"kwp":9.5,"ratio":0.02,"load":71,"rf":0}},{"type":"Feature","geometry":{"type":"Point","coordinates":[7.21683,49.34004]},"properties":{"d":"33364","kva":250,"kwp":64.8,"ratio":0.26,"load":4,"rf":0}},{"type":"Feature","geometry":{"type":"Point","coordinates":[7.18003,49.35837]},"properties":{"d":"33364","kva":160,"kwp":13.7,"ratio":0.09,"load":3,"rf":0}},{"type":"Feature","geometry":{"type":"Point","coordinates":[7.22638,49.35057]},"properties":{"d":"33364","kva":250,"kwp":51.1,"ratio":0.2,"load":11,"rf":0}},{"type":"Feature","geometry":{"type":"Point","coordinates":[7.1889,49.33618]},"properties":{"d":"33364","kva":630,"kwp":117.2,"ratio":0.19,"load":3,"rf":0}},{"type":"Feature","geometry":{"type":"Point","coordinates":[7.19291,49.36685]},"properties":{"d":"33364","kva":250,"kwp":49.5,"ratio":0.2,"load":10,"rf":0}},{"type":"Feature","geometry":{"type":"Point","coordinates":[7.18254,49.36482]},"properties":{"d":"33364","kva":400,"kwp":58.6,"ratio":0.15,"load":7,"rf":0}},{"type":"Feature","geometry":{"type":"Point","coordinates":[7.17665,49.33454]},"properties":{"d":"33364","kva":160,"kwp":17.7,"ratio":0.11,"load":5,"rf":0}},{"type":"Feature","geometry":{"type":"Point","coordinates":[7.18277,49.35155]},"properties":{"d":"33364","kva":400,"kwp":7.5,"ratio":0.02,"load":5,"rf":0}},{"type":"Feature","geometry":{"type":"Point","coordinates":[7.17224,49.3683]},"properties":{"d":"33364","kva":160,"kwp":27.4,"ratio":0.17,"load":9,"rf":0}},{"type":"Feature","geometry":{"type":"Point","coordinates":[7.17397,49.32894]},"properties":{"d":"33364","kva":630,"kwp":41.9,"ratio":0.07,"load":2,"rf":0}},{"type":"Feature","geometry":{"type":"Point","coordinates":[7.17109,49.34767]},"properties":{"d":"33364","kva":400,"kwp":50.7,"ratio":0.13,"load":3,"rf":0}},{"type":"Feature","geometry":{"type":"Point","coordinates":[7.17778,49.33876]},"properties":{"d":"33364","kva":400,"kwp":45.8,"ratio":0.11,"load":1,"rf":0}},{"type":"Feature","geometry":{"type":"Point","coordinates":[7.18188,49.35656]},"properties":{"d":"33364","kva":400,"kwp":42.6,"ratio":0.11,"load":4,"rf":0}},{"type":"Feature","geometry":{"type":"Point","coordinates":[7.19031,49.36742]},"properties":{"d":"33364","kva":630,"kwp":80.7,"ratio":0.13,"load":5,"rf":0}},{"type":"Feature","geometry":{"type":"Point","coordinates":[7.20883,49.38235]},"properties":{"d":"33364","kva":800,"kwp":223.0,"ratio":0.28,"load":7,"rf":0}},{"type":"Feature","geometry":{"type":"Point","coordinates":[7.21528,49.38106]},"properties":{"d":"33364","kva":630,"kwp":146.9,"ratio":0.23,"load":6,"rf":0}},{"type":"Feature","geometry":{"type":"Point","coordinates":[7.2078,49.37772]},"properties":{"d":"33364","kva":250,"kwp":39.6,"ratio":0.16,"load":8,"rf":0}},{"type":"Feature","geometry":{"type":"Point","coordinates":[7.21507,49.37788]},"properties":{"d":"33364","kva":400,"kwp":70.0,"ratio":0.18,"load":9,"rf":0}},{"type":"Feature","geometry":{"type":"Point","coordinates":[7.20887,49.38483]},"properties":{"d":"33364","kva":630,"kwp":114.2,"ratio":0.18,"load":9,"rf":0}},{"type":"Feature","geometry":{"type":"Point","coordinates":[7.21007,49.38896]},"properties":{"d":"33364","kva":100,"kwp":2.8,"ratio":0.03,"load":2,"rf":0}},{"type":"Feature","geometry":{"type":"Point","coordinates":[7.19274,49.3086]},"properties":{"d":"33364","kva":100,"kwp":2.6,"ratio":0.03,"load":1,"rf":0}},{"type":"Feature","geometry":{"type":"Point","coordinates":[7.18799,49.38473]},"properties":{"d":"33364","kva":100,"kwp":0.8,"ratio":0.01,"load":0,"rf":0}},{"type":"Feature","geometry":{"type":"Point","coordinates":[7.20658,49.3003]},"properties":{"d":"33364","kva":160,"kwp":85.1,"ratio":0.53,"load":38,"rf":0}},{"type":"Feature","geometry":{"type":"Point","coordinates":[7.20304,49.32723]},"properties":{"d":"33364","kva":100,"kwp":33.6,"ratio":0.34,"load":61,"rf":0}},{"type":"Feature","geometry":{"type":"Point","coordinates":[7.20622,49.36321]},"properties":{"d":"33364","kva":100,"kwp":0.8,"ratio":0.01,"load":0,"rf":0}},{"type":"Feature","geometry":{"type":"Point","coordinates":[7.22722,49.38308]},"properties":{"d":"33364","kva":100,"kwp":2.6,"ratio":0.03,"load":1,"rf":0}},{"type":"Feature","geometry":{"type":"Point","coordinates":[7.23873,49.32459]},"properties":{"d":"33364","kva":400,"kwp":72.6,"ratio":0.18,"load":9,"rf":0}},{"type":"Feature","geometry":{"type":"Point","coordinates":[7.2301,49.31893]},"properties":{"d":"33364","kva":400,"kwp":99.4,"ratio":0.25,"load":5,"rf":0}},{"type":"Feature","geometry":{"type":"Point","coordinates":[7.23253,49.31665]},"properties":{"d":"33364","kva":630,"kwp":122.7,"ratio":0.19,"load":10,"rf":0}},{"type":"Feature","geometry":{"type":"Point","coordinates":[7.22347,49.3296]},"properties":{"d":"33364","kva":400,"kwp":97.6,"ratio":0.24,"load":5,"rf":0}},{"type":"Feature","geometry":{"type":"Point","coordinates":[7.21759,49.32306]},"properties":{"d":"33364","kva":800,"kwp":254.8,"ratio":0.32,"load":9,"rf":0}},{"type":"Feature","geometry":{"type":"Point","coordinates":[7.2397,49.32159]},"properties":{"d":"33364","kva":400,"kwp":121.8,"ratio":0.3,"load":8,"rf":0}},{"type":"Feature","geometry":{"type":"Point","coordinates":[7.2095,49.32125]},"properties":{"d":"33364","kva":630,"kwp":129.6,"ratio":0.21,"load":11,"rf":0}},{"type":"Feature","geometry":{"type":"Point","coordinates":[7.22247,49.32567]},"properties":{"d":"33364","kva":800,"kwp":163.6,"ratio":0.2,"load":5,"rf":0}},{"type":"Feature","geometry":{"type":"Point","coordinates":[7.22249,49.32341]},"properties":{"d":"33364","kva":800,"kwp":95.0,"ratio":0.12,"load":2,"rf":0}},{"type":"Feature","geometry":{"type":"Point","coordinates":[7.21285,49.32477]},"properties":{"d":"33364","kva":630,"kwp":171.1,"ratio":0.27,"load":7,"rf":0}},{"type":"Feature","geometry":{"type":"Point","coordinates":[7.22235,49.33081]},"properties":{"d":"33364","kva":400,"kwp":84.7,"ratio":0.21,"load":12,"rf":0}},{"type":"Feature","geometry":{"type":"Point","coordinates":[7.22013,49.32516]},"properties":{"d":"33364","kva":250,"kwp":69.1,"ratio":0.28,"load":4,"rf":0}},{"type":"Feature","geometry":{"type":"Point","coordinates":[7.22338,49.32189]},"properties":{"d":"33364","kva":400,"kwp":95.9,"ratio":0.24,"load":5,"rf":0}},{"type":"Feature","geometry":{"type":"Point","coordinates":[7.20881,49.32603]},"properties":{"d":"33364","kva":630,"kwp":130.5,"ratio":0.21,"load":11,"rf":0}},{"type":"Feature","geometry":{"type":"Point","coordinates":[7.24305,49.31622]},"properties":{"d":"33364","kva":160,"kwp":23.3,"ratio":0.15,"load":8,"rf":0}},{"type":"Feature","geometry":{"type":"Point","coordinates":[7.2166,49.32654]},"properties":{"d":"33364","kva":400,"kwp":68.3,"ratio":0.17,"load":9,"rf":0}},{"type":"Feature","geometry":{"type":"Point","coordinates":[7.22905,49.32873]},"properties":{"d":"33364","kva":400,"kwp":90.7,"ratio":0.23,"load":5,"rf":0}},{"type":"Feature","geometry":{"type":"Point","coordinates":[7.22911,49.3302]},"properties":{"d":"33364","kva":400,"kwp":97.6,"ratio":0.24,"load":13,"rf":0}},{"type":"Feature","geometry":{"type":"Point","coordinates":[7.21295,49.32745]},"properties":{"d":"33364","kva":100,"kwp":3.5,"ratio":0.03,"load":2,"rf":0}},{"type":"Feature","geometry":{"type":"Point","coordinates":[7.23505,49.32015]},"properties":{"d":"33364","kva":100,"kwp":65.6,"ratio":0.66,"load":50,"rf":0}},{"type":"Feature","geometry":{"type":"Point","coordinates":[7.24564,49.32324]},"properties":{"d":"33364","kva":400,"kwp":66.5,"ratio":0.17,"load":9,"rf":0}},{"type":"Feature","geometry":{"type":"Point","coordinates":[7.22961,49.32521]},"properties":{"d":"33364","kva":400,"kwp":65.0,"ratio":0.16,"load":8,"rf":0}},{"type":"Feature","geometry":{"type":"Point","coordinates":[7.20778,49.32305]},"properties":{"d":"33364","kva":400,"kwp":72.6,"ratio":0.18,"load":10,"rf":0}},{"type":"Feature","geometry":{"type":"Point","coordinates":[7.2421,49.32497]},"properties":{"d":"33364","kva":250,"kwp":39.7,"ratio":0.16,"load":9,"rf":0}},{"type":"Feature","geometry":{"type":"Point","coordinates":[7.21176,49.32732]},"properties":{"d":"33364","kva":100,"kwp":1.7,"ratio":0.02,"load":1,"rf":0}},{"type":"Feature","geometry":{"type":"Point","coordinates":[7.24195,49.32106]},"properties":{"d":"33364","kva":250,"kwp":37.2,"ratio":0.15,"load":8,"rf":0}},{"type":"Feature","geometry":{"type":"Point","coordinates":[7.22624,49.32492]},"properties":{"d":"33364","kva":630,"kwp":76.9,"ratio":0.12,"load":6,"rf":0}},{"type":"Feature","geometry":{"type":"Point","coordinates":[7.2201,49.33037]},"properties":{"d":"33364","kva":250,"kwp":61.3,"ratio":0.25,"load":14,"rf":0}},{"type":"Feature","geometry":{"type":"Point","coordinates":[7.23943,49.39316]},"properties":{"d":"33364","kva":630,"kwp":165.2,"ratio":0.26,"load":7,"rf":0}},{"type":"Feature","geometry":{"type":"Point","coordinates":[7.24549,49.39439]},"properties":{"d":"33364","kva":630,"kwp":210.3,"ratio":0.33,"load":9,"rf":0}},{"type":"Feature","geometry":{"type":"Point","coordinates":[7.2445,49.39854]},"properties":{"d":"33364","kva":400,"kwp":73.0,"ratio":0.18,"load":3,"rf":0}},{"type":"Feature","geometry":{"type":"Point","coordinates":[7.24359,49.4039]},"properties":{"d":"33364","kva":100,"kwp":3.8,"ratio":0.04,"load":2,"rf":0}},{"type":"Feature","geometry":{"type":"Point","coordinates":[7.19081,49.36593]},"properties":{"d":"33364","kva":250,"kwp":46.4,"ratio":0.19,"load":3,"rf":0}},{"type":"Feature","geometry":{"type":"Point","coordinates":[7.23409,49.34569]},"properties":{"d":"33364","kva":630,"kwp":9.5,"ratio":0.02,"load":71,"rf":0}},{"type":"Feature","geometry":{"type":"Point","coordinates":[7.19081,49.36593]},"properties":{"d":"33364","kva":250,"kwp":46.4,"ratio":0.19,"load":3,"rf":0}},{"type":"Feature","geometry":{"type":"Point","coordinates":[7.20304,49.32723]},"properties":{"d":"33364","kva":100,"kwp":33.6,"ratio":0.34,"load":61,"rf":0}},{"type":"Feature","geometry":{"type":"Point","coordinates":[7.18232,49.37291]},"properties":{"d":"33364","kva":800,"kwp":186.4,"ratio":0.23,"load":6,"rf":0}},{"type":"Feature","geometry":{"type":"Point","coordinates":[7.17899,49.35195]},"properties":{"d":"33364","kva":800,"kwp":290.8,"ratio":0.36,"load":3,"rf":0}},{"type":"Feature","geometry":{"type":"Point","coordinates":[7.17034,49.35612]},"properties":{"d":"33364","kva":630,"kwp":76.0,"ratio":0.12,"load":5,"rf":0}},{"type":"Feature","geometry":{"type":"Point","coordinates":[7.17034,49.35612]},"properties":{"d":"33364","kva":630,"kwp":76.0,"ratio":0.12,"load":5,"rf":0}},{"type":"Feature","geometry":{"type":"Point","coordinates":[7.17034,49.35612]},"properties":{"d":"33364","kva":630,"kwp":76.0,"ratio":0.12,"load":5,"rf":0}},{"type":"Feature","geometry":{"type":"Point","coordinates":[7.17034,49.35612]},"properties":{"d":"33364","kva":630,"kwp":76.0,"ratio":0.12,"load":5,"rf":0}},{"type":"Feature","geometry":{"type":"Point","coordinates":[7.17034,49.35612]},"properties":{"d":"33364","kva":630,"kwp":76.0,"ratio":0.12,"load":5,"rf":0}},{"type":"Feature","geometry":{"type":"Point","coordinates":[7.18335,49.34843]},"properties":{"d":"33364","kva":1000,"kwp":174.2,"ratio":0.17,"load":2,"rf":0}},{"type":"Feature","geometry":{"type":"Point","coordinates":[7.19535,49.35074]},"properties":{"d":"33364","kva":1000,"kwp":185.0,"ratio":0.18,"load":3,"rf":0}},{"type":"Feature","geometry":{"type":"Point","coordinates":[7.18602,49.34513]},"properties":{"d":"33364","kva":630,"kwp":203.5,"ratio":0.32,"load":4,"rf":0}},{"type":"Feature","geometry":{"type":"Point","coordinates":[7.18175,49.35274]},"properties":{"d":"33364","kva":1000,"kwp":84.3,"ratio":0.08,"load":2,"rf":0}},{"type":"Feature","geometry":{"type":"Point","coordinates":[7.1921,49.35341]},"properties":{"d":"33364","kva":630,"kwp":98.9,"ratio":0.16,"load":2,"rf":0}},{"type":"Feature","geometry":{"type":"Point","coordinates":[7.23731,49.35104]},"properties":{"d":"33364","kva":630,"kwp":13.0,"ratio":0.02,"load":7,"rf":0}},{"type":"Feature","geometry":{"type":"Point","coordinates":[7.20369,49.34957]},"properties":{"d":"33364","kva":800,"kwp":109.8,"ratio":0.14,"load":2,"rf":0}},{"type":"Feature","geometry":{"type":"Point","coordinates":[7.22116,49.34721]},"properties":{"d":"33364","kva":400,"kwp":88.1,"ratio":0.22,"load":5,"rf":0}},{"type":"Feature","geometry":{"type":"Point","coordinates":[7.23245,49.35567]},"properties":{"d":"33364","kva":800,"kwp":13.9,"ratio":0.02,"load":5,"rf":0}},{"type":"Feature","geometry":{"type":"Point","coordinates":[7.17753,49.34532]},"properties":{"d":"33364","kva":1000,"kwp":90.4,"ratio":0.09,"load":2,"rf":0}},{"type":"Feature","geometry":{"type":"Point","coordinates":[7.18011,49.34415]},"properties":{"d":"33364","kva":800,"kwp":191.6,"ratio":0.24,"load":2,"rf":0}},{"type":"Feature","geometry":{"type":"Point","coordinates":[7.19037,49.36921]},"properties":{"d":"33364","kva":800,"kwp":151.4,"ratio":0.19,"load":4,"rf":0}},{"type":"Feature","geometry":{"type":"Point","coordinates":[7.19828,49.36826]},"properties":{"d":"33364","kva":400,"kwp":102.7,"ratio":0.26,"load":6,"rf":0}},{"type":"Feature","geometry":{"type":"Point","coordinates":[7.2005,49.35221]},"properties":{"d":"33364","kva":400,"kwp":110.6,"ratio":0.28,"load":6,"rf":0}},{"type":"Feature","geometry":{"type":"Point","coordinates":[7.18532,49.37243]},"properties":{"d":"33364","kva":400,"kwp":84.5,"ratio":0.21,"load":5,"rf":0}},{"type":"Feature","geometry":{"type":"Point","coordinates":[7.19275,49.33983]},"properties":{"d":"33364","kva":630,"kwp":115.3,"ratio":0.18,"load":4,"rf":0}},{"type":"Feature","geometry":{"type":"Point","coordinates":[7.18652,49.36773]},"properties":{"d":"33364","kva":630,"kwp":127.1,"ratio":0.2,"load":4,"rf":0}},{"type":"Feature","geometry":{"type":"Point","coordinates":[7.18372,49.33675]},"properties":{"d":"33364","kva":1000,"kwp":116.6,"ratio":0.12,"load":2,"rf":0}},{"type":"Feature","geometry":{"type":"Point","coordinates":[7.19105,49.33144]},"properties":{"d":"33364","kva":630,"kwp":200.1,"ratio":0.32,"load":7,"rf":0}},{"type":"Feature","geometry":{"type":"Point","coordinates":[7.18357,49.32908]},"properties":{"d":"33364","kva":250,"kwp":1.3,"ratio":0.01,"load":3,"rf":0}},{"type":"Feature","geometry":{"type":"Point","coordinates":[7.17458,49.35005]},"properties":{"d":"33364","kva":800,"kwp":106.7,"ratio":0.13,"load":1,"rf":0}},{"type":"Feature","geometry":{"type":"Point","coordinates":[7.22104,49.35066]},"properties":{"d":"33364","kva":250,"kwp":99.9,"ratio":0.4,"load":12,"rf":0}},{"type":"Feature","geometry":{"type":"Point","coordinates":[7.2326,49.34981]},"properties":{"d":"33364","kva":400,"kwp":105.6,"ratio":0.26,"load":7,"rf":0}},{"type":"Feature","geometry":{"type":"Point","coordinates":[7.17402,49.35095]},"properties":{"d":"33364","kva":400,"kwp":48.5,"ratio":0.12,"load":2,"rf":0}},{"type":"Feature","geometry":{"type":"Point","coordinates":[7.18687,49.35289]},"properties":{"d":"33364","kva":800,"kwp":153.7,"ratio":0.19,"load":3,"rf":0}},{"type":"Feature","geometry":{"type":"Point","coordinates":[7.19606,49.34852]},"properties":{"d":"33364","kva":800,"kwp":222.1,"ratio":0.28,"load":7,"rf":0}},{"type":"Feature","geometry":{"type":"Point","coordinates":[7.18069,49.34154]},"properties":{"d":"33364","kva":630,"kwp":68.8,"ratio":0.11,"load":2,"rf":0}},{"type":"Feature","geometry":{"type":"Point","coordinates":[7.19477,49.3526]},"properties":{"d":"33364","kva":400,"kwp":43.4,"ratio":0.11,"load":2,"rf":0}},{"type":"Feature","geometry":{"type":"Point","coordinates":[7.2058,49.35082]},"properties":{"d":"33364","kva":100,"kwp":2.2,"ratio":0.02,"load":5,"rf":0}},{"type":"Feature","geometry":{"type":"Point","coordinates":[7.1852,49.35557]},"properties":{"d":"33364","kva":400,"kwp":101.7,"ratio":0.25,"load":6,"rf":0}},{"type":"Feature","geometry":{"type":"Point","coordinates":[7.18803,49.36959]},"properties":{"d":"33364","kva":630,"kwp":95.9,"ratio":0.15,"load":2,"rf":0}},{"type":"Feature","geometry":{"type":"Point","coordinates":[7.17862,49.34281]},"properties":{"d":"33364","kva":630,"kwp":83.8,"ratio":0.13,"load":2,"rf":0}},{"type":"Feature","geometry":{"type":"Point","coordinates":[7.17013,49.35938]},"properties":{"d":"33364","kva":630,"kwp":3.8,"ratio":0.01,"load":6,"rf":0}},{"type":"Feature","geometry":{"type":"Point","coordinates":[7.17886,49.34783]},"properties":{"d":"33364","kva":630,"kwp":97.6,"ratio":0.15,"load":3,"rf":0}},{"type":"Feature","geometry":{"type":"Point","coordinates":[7.22261,49.35404]},"properties":{"d":"33364","kva":400,"kwp":5.4,"ratio":0.01,"load":7,"rf":0}},{"type":"Feature","geometry":{"type":"Point","coordinates":[7.17514,49.34675]},"properties":{"d":"33364","kva":800,"kwp":70.1,"ratio":0.09,"load":3,"rf":0}},{"type":"Feature","geometry":{"type":"Point","coordinates":[7.23927,49.34839]},"properties":{"d":"33364","kva":400,"kwp":8.7,"ratio":0.02,"load":6,"rf":0}},{"type":"Feature","geometry":{"type":"Point","coordinates":[7.21827,49.3518]},"properties":{"d":"33364","kva":400,"kwp":92.5,"ratio":0.23,"load":6,"rf":0}},{"type":"Feature","geometry":{"type":"Point","coordinates":[7.17259,49.34061]},"properties":{"d":"33364","kva":250,"kwp":140.6,"ratio":0.56,"load":16,"rf":0}},{"type":"Feature","geometry":{"type":"Point","coordinates":[7.19214,49.35095]},"properties":{"d":"33364","kva":400,"kwp":77.5,"ratio":0.19,"load":4,"rf":0}},{"type":"Feature","geometry":{"type":"Point","coordinates":[7.23282,49.34384]},"properties":{"d":"33364","kva":400,"kwp":107.7,"ratio":0.27,"load":4,"rf":0}},{"type":"Feature","geometry":{"type":"Point","coordinates":[7.17456,49.34484]},"properties":{"d":"33364","kva":800,"kwp":56.3,"ratio":0.07,"load":2,"rf":0}},{"type":"Feature","geometry":{"type":"Point","coordinates":[7.1889,49.33618]},"properties":{"d":"33364","kva":630,"kwp":117.2,"ratio":0.19,"load":3,"rf":0}},{"type":"Feature","geometry":{"type":"Point","coordinates":[7.18277,49.35155]},"properties":{"d":"33364","kva":400,"kwp":7.5,"ratio":0.02,"load":5,"rf":0}},{"type":"Feature","geometry":{"type":"Point","coordinates":[7.17109,49.34767]},"properties":{"d":"33364","kva":400,"kwp":50.7,"ratio":0.13,"load":3,"rf":0}},{"type":"Feature","geometry":{"type":"Point","coordinates":[7.20883,49.38235]},"properties":{"d":"33364","kva":800,"kwp":223.0,"ratio":0.28,"load":7,"rf":0}},{"type":"Feature","geometry":{"type":"Point","coordinates":[7.21759,49.32306]},"properties":{"d":"33364","kva":800,"kwp":254.8,"ratio":0.32,"load":9,"rf":0}},{"type":"Feature","geometry":{"type":"Point","coordinates":[7.2397,49.32159]},"properties":{"d":"33364","kva":400,"kwp":121.8,"ratio":0.3,"load":8,"rf":0}},{"type":"Feature","geometry":{"type":"Point","coordinates":[7.24549,49.39439]},"properties":{"d":"33364","kva":630,"kwp":210.3,"ratio":0.33,"load":9,"rf":0}},{"type":"Feature","geometry":{"type":"Point","coordinates":[7.22176,49.34248]},"properties":{"d":"33364","kva":630,"kwp":133.1,"ratio":0.21,"load":5,"rf":0}},{"type":"Feature","geometry":{"type":"Point","coordinates":[7.17231,49.37478]},"properties":{"d":"33364","kva":630,"kwp":60.9,"ratio":0.1,"load":3,"rf":0}},{"type":"Feature","geometry":{"type":"Point","coordinates":[7.17899,49.35195]},"properties":{"d":"33364","kva":630,"kwp":290.8,"ratio":0.46,"load":4,"rf":0}},{"type":"Feature","geometry":{"type":"Point","coordinates":[7.20011,49.34562]},"properties":{"d":"33364","kva":630,"kwp":100.9,"ratio":0.16,"load":3,"rf":0}},{"type":"Feature","geometry":{"type":"Point","coordinates":[7.18335,49.34843]},"properties":{"d":"33364","kva":630,"kwp":174.2,"ratio":0.28,"load":3,"rf":0}},{"type":"Feature","geometry":{"type":"Point","coordinates":[7.18488,49.36484]},"properties":{"d":"33364","kva":630,"kwp":133.2,"ratio":0.21,"load":5,"rf":0}},{"type":"Feature","geometry":{"type":"Point","coordinates":[7.22177,49.35542]},"properties":{"d":"33364","kva":630,"kwp":54.9,"ratio":0.09,"load":3,"rf":0}},{"type":"Feature","geometry":{"type":"Point","coordinates":[7.17048,49.33275]},"properties":{"d":"33364","kva":630,"kwp":40.6,"ratio":0.06,"load":2,"rf":0}},{"type":"Feature","geometry":{"type":"Point","coordinates":[7.18014,49.34026]},"properties":{"d":"33364","kva":630,"kwp":83.2,"ratio":0.13,"load":2,"rf":0}},{"type":"Feature","geometry":{"type":"Point","coordinates":[7.1703,49.32937]},"properties":{"d":"33364","kva":630,"kwp":130.1,"ratio":0.21,"load":5,"rf":0}},{"type":"Feature","geometry":{"type":"Point","coordinates":[7.18227,49.37638]},"properties":{"d":"33364","kva":630,"kwp":86.8,"ratio":0.14,"load":4,"rf":0}},{"type":"Feature","geometry":{"type":"Point","coordinates":[7.23245,49.35567]},"properties":{"d":"33364","kva":630,"kwp":13.9,"ratio":0.02,"load":7,"rf":0}},{"type":"Feature","geometry":{"type":"Point","coordinates":[7.18011,49.34415]},"properties":{"d":"33364","kva":630,"kwp":191.6,"ratio":0.3,"load":2,"rf":0}},{"type":"Feature","geometry":{"type":"Point","coordinates":[7.18797,49.34674]},"properties":{"d":"33364","kva":630,"kwp":57.6,"ratio":0.09,"load":2,"rf":0}},{"type":"Feature","geometry":{"type":"Point","coordinates":[7.19674,49.34112]},"properties":{"d":"33364","kva":630,"kwp":51.7,"ratio":0.08,"load":3,"rf":0}},{"type":"Feature","geometry":{"type":"Point","coordinates":[7.18271,49.34399]},"properties":{"d":"33364","kva":630,"kwp":93.7,"ratio":0.15,"load":2,"rf":0}},{"type":"Feature","geometry":{"type":"Point","coordinates":[7.18357,49.32908]},"properties":{"d":"33364","kva":630,"kwp":1.3,"ratio":0.0,"load":3,"rf":0}},{"type":"Feature","geometry":{"type":"Point","coordinates":[7.17458,49.35005]},"properties":{"d":"33364","kva":630,"kwp":106.7,"ratio":0.17,"load":2,"rf":0}},{"type":"Feature","geometry":{"type":"Point","coordinates":[7.21532,49.35381]},"properties":{"d":"33364","kva":630,"kwp":138.2,"ratio":0.22,"load":10,"rf":0}},{"type":"Feature","geometry":{"type":"Point","coordinates":[7.22903,49.35479]},"properties":{"d":"33364","kva":630,"kwp":60.8,"ratio":0.1,"load":4,"rf":0}},{"type":"Feature","geometry":{"type":"Point","coordinates":[7.21846,49.34386]},"properties":{"d":"33364","kva":630,"kwp":93.3,"ratio":0.15,"load":5,"rf":0}},{"type":"Feature","geometry":{"type":"Point","coordinates":[7.20649,49.35374]},"properties":{"d":"33364","kva":630,"kwp":17.5,"ratio":0.03,"load":1,"rf":0}},{"type":"Feature","geometry":{"type":"Point","coordinates":[7.19745,49.34294]},"properties":{"d":"33364","kva":630,"kwp":72.0,"ratio":0.11,"load":3,"rf":0}},{"type":"Feature","geometry":{"type":"Point","coordinates":[7.1737,49.33502]},"properties":{"d":"33364","kva":630,"kwp":35.4,"ratio":0.06,"load":1,"rf":0}},{"type":"Feature","geometry":{"type":"Point","coordinates":[7.20093,49.34277]},"properties":{"d":"33364","kva":630,"kwp":128.4,"ratio":0.2,"load":4,"rf":0}},{"type":"Feature","geometry":{"type":"Point","coordinates":[7.22971,49.34368]},"properties":{"d":"33364","kva":630,"kwp":50.1,"ratio":0.08,"load":2,"rf":0}},{"type":"Feature","geometry":{"type":"Point","coordinates":[7.18996,49.37346]},"properties":{"d":"33364","kva":630,"kwp":59.4,"ratio":0.09,"load":4,"rf":0}},{"type":"Feature","geometry":{"type":"Point","coordinates":[7.19303,49.37039]},"properties":{"d":"33364","kva":630,"kwp":90.6,"ratio":0.14,"load":4,"rf":0}},{"type":"Feature","geometry":{"type":"Point","coordinates":[7.17945,49.35503]},"properties":{"d":"33364","kva":630,"kwp":79.1,"ratio":0.13,"load":2,"rf":0}},{"type":"Feature","geometry":{"type":"Point","coordinates":[7.18107,49.34581]},"properties":{"d":"33364","kva":630,"kwp":77.3,"ratio":0.12,"load":2,"rf":0}},{"type":"Feature","geometry":{"type":"Point","coordinates":[7.17456,49.34484]},"properties":{"d":"33364","kva":630,"kwp":56.3,"ratio":0.09,"load":3,"rf":0}},{"type":"Feature","geometry":{"type":"Point","coordinates":[7.21683,49.34004]},"properties":{"d":"33364","kva":630,"kwp":64.8,"ratio":0.1,"load":4,"rf":0}},{"type":"Feature","geometry":{"type":"Point","coordinates":[7.17778,49.33876]},"properties":{"d":"33364","kva":630,"kwp":45.8,"ratio":0.07,"load":1,"rf":0}},{"type":"Feature","geometry":{"type":"Point","coordinates":[7.21528,49.38106]},"properties":{"d":"33364","kva":630,"kwp":146.9,"ratio":0.23,"load":6,"rf":0}},{"type":"Feature","geometry":{"type":"Point","coordinates":[7.2301,49.31893]},"properties":{"d":"33364","kva":630,"kwp":99.4,"ratio":0.16,"load":5,"rf":0}},{"type":"Feature","geometry":{"type":"Point","coordinates":[7.22347,49.3296]},"properties":{"d":"33364","kva":630,"kwp":97.6,"ratio":0.15,"load":5,"rf":0}},{"type":"Feature","geometry":{"type":"Point","coordinates":[7.22247,49.32567]},"properties":{"d":"33364","kva":630,"kwp":163.6,"ratio":0.26,"load":7,"rf":0}},{"type":"Feature","geometry":{"type":"Point","coordinates":[7.22249,49.32341]},"properties":{"d":"33364","kva":630,"kwp":95.0,"ratio":0.15,"load":3,"rf":0}},{"type":"Feature","geometry":{"type":"Point","coordinates":[7.21285,49.32477]},"properties":{"d":"33364","kva":630,"kwp":171.1,"ratio":0.27,"load":7,"rf":0}},{"type":"Feature","geometry":{"type":"Point","coordinates":[7.22013,49.32516]},"properties":{"d":"33364","kva":630,"kwp":69.1,"ratio":0.11,"load":4,"rf":0}},{"type":"Feature","geometry":{"type":"Point","coordinates":[7.22338,49.32189]},"properties":{"d":"33364","kva":630,"kwp":95.9,"ratio":0.15,"load":5,"rf":0}},{"type":"Feature","geometry":{"type":"Point","coordinates":[7.22905,49.32873]},"properties":{"d":"33364","kva":630,"kwp":90.7,"ratio":0.14,"load":5,"rf":0}},{"type":"Feature","geometry":{"type":"Point","coordinates":[7.23943,49.39316]},"properties":{"d":"33364","kva":630,"kwp":165.2,"ratio":0.26,"load":7,"rf":0}},{"type":"Feature","geometry":{"type":"Point","coordinates":[7.2445,49.39854]},"properties":{"d":"33364","kva":630,"kwp":73.0,"ratio":0.12,"load":3,"rf":0}},{"type":"Feature","geometry":{"type":"Point","coordinates":[6.88286,49.31757]},"properties":{"d":"33369","kva":100,"kwp":1.4,"ratio":0.01,"load":1,"rf":0}},{"type":"Feature","geometry":{"type":"Point","coordinates":[6.90065,49.32198]},"properties":{"d":"33369","kva":100,"kwp":1.4,"ratio":0.01,"load":1,"rf":0}},{"type":"Feature","geometry":{"type":"Point","coordinates":[6.90614,49.297]},"properties":{"d":"33369","kva":1000,"kwp":514.7,"ratio":0.51,"load":17,"rf":0}},{"type":"Feature","geometry":{"type":"Point","coordinates":[6.89844,49.30522]},"properties":{"d":"33369","kva":630,"kwp":195.5,"ratio":0.31,"load":19,"rf":0}},{"type":"Feature","geometry":{"type":"Point","coordinates":[6.91243,49.29733]},"properties":{"d":"33369","kva":800,"kwp":401.4,"ratio":0.5,"load":16,"rf":0}},{"type":"Feature","geometry":{"type":"Point","coordinates":[6.90181,49.30459]},"properties":{"d":"33369","kva":800,"kwp":283.0,"ratio":0.35,"load":10,"rf":0}},{"type":"Feature","geometry":{"type":"Point","coordinates":[6.89834,49.30059]},"properties":{"d":"33369","kva":630,"kwp":226.9,"ratio":0.36,"load":11,"rf":0}},{"type":"Feature","geometry":{"type":"Point","coordinates":[6.90894,49.29283]},"properties":{"d":"33369","kva":630,"kwp":281.6,"ratio":0.45,"load":14,"rf":0}},{"type":"Feature","geometry":{"type":"Point","coordinates":[6.9012,49.31834]},"properties":{"d":"33369","kva":400,"kwp":121.3,"ratio":0.3,"load":19,"rf":0}},{"type":"Feature","geometry":{"type":"Point","coordinates":[6.91314,49.31087]},"properties":{"d":"33369","kva":630,"kwp":431.8,"ratio":0.69,"load":23,"rf":0}},{"type":"Feature","geometry":{"type":"Point","coordinates":[6.90689,49.31376]},"properties":{"d":"33369","kva":630,"kwp":420.0,"ratio":0.67,"load":48,"rf":0}},{"type":"Feature","geometry":{"type":"Point","coordinates":[6.91471,49.31308]},"properties":{"d":"33369","kva":400,"kwp":174.4,"ratio":0.44,"load":14,"rf":0}},{"type":"Feature","geometry":{"type":"Point","coordinates":[6.90148,49.31264]},"properties":{"d":"33369","kva":400,"kwp":90.2,"ratio":0.23,"load":14,"rf":0}},{"type":"Feature","geometry":{"type":"Point","coordinates":[6.91405,49.28911]},"properties":{"d":"33369","kva":250,"kwp":67.0,"ratio":0.27,"load":16,"rf":0}},{"type":"Feature","geometry":{"type":"Point","coordinates":[6.89406,49.3191]},"properties":{"d":"33369","kva":250,"kwp":57.4,"ratio":0.23,"load":14,"rf":0}},{"type":"Feature","geometry":{"type":"Point","coordinates":[6.919,49.30911]},"properties":{"d":"33369","kva":400,"kwp":106.9,"ratio":0.27,"load":15,"rf":0}},{"type":"Feature","geometry":{"type":"Point","coordinates":[6.91416,49.28208]},"properties":{"d":"33369","kva":630,"kwp":121.5,"ratio":0.19,"load":9,"rf":0}},{"type":"Feature","geometry":{"type":"Point","coordinates":[6.92747,49.29138]},"properties":{"d":"33369","kva":100,"kwp":113.0,"ratio":1.13,"load":87,"rf":0}},{"type":"Feature","geometry":{"type":"Point","coordinates":[6.90614,49.297]},"properties":{"d":"33369","kva":1000,"kwp":514.7,"ratio":0.51,"load":17,"rf":0}},{"type":"Feature","geometry":{"type":"Point","coordinates":[6.91243,49.29733]},"properties":{"d":"33369","kva":800,"kwp":401.4,"ratio":0.5,"load":16,"rf":0}},{"type":"Feature","geometry":{"type":"Point","coordinates":[6.90894,49.29283]},"properties":{"d":"33369","kva":630,"kwp":281.6,"ratio":0.45,"load":14,"rf":0}},{"type":"Feature","geometry":{"type":"Point","coordinates":[6.91314,49.31087]},"properties":{"d":"33369","kva":630,"kwp":431.8,"ratio":0.69,"load":23,"rf":0}},{"type":"Feature","geometry":{"type":"Point","coordinates":[6.91471,49.31308]},"properties":{"d":"33369","kva":400,"kwp":174.4,"ratio":0.44,"load":14,"rf":0}},{"type":"Feature","geometry":{"type":"Point","coordinates":[6.90181,49.30459]},"properties":{"d":"33369","kva":630,"kwp":283.0,"ratio":0.45,"load":15,"rf":0}},{"type":"Feature","geometry":{"type":"Point","coordinates":[6.89834,49.30059]},"properties":{"d":"33369","kva":630,"kwp":226.9,"ratio":0.36,"load":11,"rf":0}},{"type":"Feature","geometry":{"type":"Point","coordinates":[6.71074,49.31872]},"properties":{"d":"33378","kva":100,"kwp":0.8,"ratio":0.01,"load":0,"rf":0}},{"type":"Feature","geometry":{"type":"Point","coordinates":[6.75366,49.29713]},"properties":{"d":"33378","kva":100,"kwp":7.5,"ratio":0.07,"load":4,"rf":0}},{"type":"Feature","geometry":{"type":"Point","coordinates":[6.71859,49.31413]},"properties":{"d":"33378","kva":160,"kwp":24.0,"ratio":0.15,"load":8,"rf":0}},{"type":"Feature","geometry":{"type":"Point","coordinates":[6.76106,49.33396]},"properties":{"d":"33378","kva":250,"kwp":53.1,"ratio":0.21,"load":11,"rf":0}},{"type":"Feature","geometry":{"type":"Point","coordinates":[6.76257,49.29594]},"properties":{"d":"33378","kva":250,"kwp":25.7,"ratio":0.1,"load":3,"rf":0}},{"type":"Feature","geometry":{"type":"Point","coordinates":[6.75776,49.33572]},"properties":{"d":"33378","kva":400,"kwp":126.1,"ratio":0.32,"load":7,"rf":0}},{"type":"Feature","geometry":{"type":"Point","coordinates":[6.74158,49.31329]},"properties":{"d":"33378","kva":400,"kwp":40.6,"ratio":0.1,"load":1,"rf":0}},{"type":"Feature","geometry":{"type":"Point","coordinates":[6.74026,49.31922]},"properties":{"d":"33378","kva":100,"kwp":5.8,"ratio":0.06,"load":2,"rf":0}},{"type":"Feature","geometry":{"type":"Point","coordinates":[6.75529,49.30554]},"properties":{"d":"33378","kva":160,"kwp":36.5,"ratio":0.23,"load":2,"rf":0}},{"type":"Feature","geometry":{"type":"Point","coordinates":[6.72547,49.31946]},"properties":{"d":"33378","kva":250,"kwp":66.3,"ratio":0.27,"load":4,"rf":0}},{"type":"Feature","geometry":{"type":"Point","coordinates":[6.74869,49.29973]},"properties":{"d":"33378","kva":100,"kwp":0.8,"ratio":0.01,"load":0,"rf":0}},{"type":"Feature","geometry":{"type":"Point","coordinates":[6.75541,49.32214]},"properties":{"d":"33378","kva":160,"kwp":14.9,"ratio":0.09,"load":4,"rf":0}},{"type":"Feature","geometry":{"type":"Point","coordinates":[6.77931,49.32643]},"properties":{"d":"33378","kva":630,"kwp":69.0,"ratio":0.11,"load":4,"rf":0}},{"type":"Feature","geometry":{"type":"Point","coordinates":[6.77828,49.32445]},"properties":{"d":"33378","kva":400,"kwp":37.0,"ratio":0.09,"load":2,"rf":0}},{"type":"Feature","geometry":{"type":"Point","coordinates":[6.7434,49.3482]},"properties":{"d":"33378","kva":400,"kwp":10.1,"ratio":0.03,"load":6,"rf":0}},{"type":"Feature","geometry":{"type":"Point","coordinates":[6.74511,49.32193]},"properties":{"d":"33378","kva":160,"kwp":110.8,"ratio":0.69,"load":10,"rf":0}},{"type":"Feature","geometry":{"type":"Point","coordinates":[6.75985,49.30463]},"properties":{"d":"33378","kva":400,"kwp":116.9,"ratio":0.29,"load":8,"rf":0}},{"type":"Feature","geometry":{"type":"Point","coordinates":[6.7678,49.32703]},"properties":{"d":"33378","kva":400,"kwp":106.1,"ratio":0.27,"load":7,"rf":0}},{"type":"Feature","geometry":{"type":"Point","coordinates":[6.77437,49.33452]},"properties":{"d":"33378","kva":630,"kwp":78.8,"ratio":0.13,"load":5,"rf":0}},{"type":"Feature","geometry":{"type":"Point","coordinates":[6.77462,49.32188]},"properties":{"d":"33378","kva":400,"kwp":87.4,"ratio":0.22,"load":5,"rf":0}},{"type":"Feature","geometry":{"type":"Point","coordinates":[6.77888,49.33593]},"properties":{"d":"33378","kva":400,"kwp":97.8,"ratio":0.24,"load":5,"rf":0}},{"type":"Feature","geometry":{"type":"Point","coordinates":[6.73202,49.31607]},"properties":{"d":"33378","kva":630,"kwp":260.4,"ratio":0.41,"load":11,"rf":0}},{"type":"Feature","geometry":{"type":"Point","coordinates":[6.76121,49.33739]},"properties":{"d":"33378","kva":250,"kwp":127.1,"ratio":0.51,"load":10,"rf":0}},{"type":"Feature","geometry":{"type":"Point","coordinates":[6.74483,49.34718]},"properties":{"d":"33378","kva":400,"kwp":8.6,"ratio":0.02,"load":5,"rf":0}},{"type":"Feature","geometry":{"type":"Point","coordinates":[6.75124,49.32643]},"properties":{"d":"33378","kva":400,"kwp":22.4,"ratio":0.06,"load":3,"rf":0}},{"type":"Feature","geometry":{"type":"Point","coordinates":[6.76471,49.32618]},"properties":{"d":"33378","kva":400,"kwp":87.9,"ratio":0.22,"load":4,"rf":0}},{"type":"Feature","geometry":{"type":"Point","coordinates":[6.77116,49.33527]},"properties":{"d":"33378","kva":630,"kwp":60.5,"ratio":0.1,"load":4,"rf":0}},{"type":"Feature","geometry":{"type":"Point","coordinates":[6.76914,49.32377]},"properties":{"d":"33378","kva":630,"kwp":139.3,"ratio":0.22,"load":5,"rf":0}},{"type":"Feature","geometry":{"type":"Point","coordinates":[6.74777,49.34405]},"properties":{"d":"33378","kva":630,"kwp":52.3,"ratio":0.08,"load":3,"rf":0}},{"type":"Feature","geometry":{"type":"Point","coordinates":[6.78492,49.33477]},"properties":{"d":"33378","kva":400,"kwp":42.4,"ratio":0.11,"load":3,"rf":0}},{"type":"Feature","geometry":{"type":"Point","coordinates":[6.77828,49.33471]},"properties":{"d":"33378","kva":400,"kwp":94.5,"ratio":0.24,"load":5,"rf":0}},{"type":"Feature","geometry":{"type":"Point","coordinates":[6.75324,49.30556]},"properties":{"d":"33378","kva":250,"kwp":58.0,"ratio":0.23,"load":3,"rf":0}},{"type":"Feature","geometry":{"type":"Point","coordinates":[6.73993,49.31152]},"properties":{"d":"33378","kva":630,"kwp":110.3,"ratio":0.18,"load":3,"rf":0}},{"type":"Feature","geometry":{"type":"Point","coordinates":[6.74044,49.34605]},"properties":{"d":"33378","kva":400,"kwp":10.8,"ratio":0.03,"load":5,"rf":0}},{"type":"Feature","geometry":{"type":"Point","coordinates":[6.76511,49.32949]},"properties":{"d":"33378","kva":400,"kwp":106.9,"ratio":0.27,"load":6,"rf":0}},{"type":"Feature","geometry":{"type":"Point","coordinates":[6.72966,49.32334]},"properties":{"d":"33378","kva":400,"kwp":31.5,"ratio":0.08,"load":2,"rf":0}},{"type":"Feature","geometry":{"type":"Point","coordinates":[6.77862,49.33077]},"properties":{"d":"33378","kva":630,"kwp":123.5,"ratio":0.2,"load":10,"rf":0}},{"type":"Feature","geometry":{"type":"Point","coordinates":[6.79386,49.3321]},"properties":{"d":"33378","kva":400,"kwp":45.4,"ratio":0.11,"load":2,"rf":0}},{"type":"Feature","geometry":{"type":"Point","coordinates":[6.77258,49.32794]},"properties":{"d":"33378","kva":630,"kwp":181.6,"ratio":0.29,"load":7,"rf":0}},{"type":"Feature","geometry":{"type":"Point","coordinates":[6.75173,49.3384]},"properties":{"d":"33378","kva":630,"kwp":130.3,"ratio":0.21,"load":10,"rf":0}},{"type":"Feature","geometry":{"type":"Point","coordinates":[6.75239,49.31191]},"properties":{"d":"33378","kva":400,"kwp":69.6,"ratio":0.17,"load":3,"rf":0}},{"type":"Feature","geometry":{"type":"Point","coordinates":[6.74897,49.30428]},"properties":{"d":"33378","kva":630,"kwp":136.0,"ratio":0.22,"load":11,"rf":0}},{"type":"Feature","geometry":{"type":"Point","coordinates":[6.73756,49.30775]},"properties":{"d":"33378","kva":630,"kwp":66.3,"ratio":0.11,"load":1,"rf":0}},{"type":"Feature","geometry":{"type":"Point","coordinates":[6.73757,49.30291]},"properties":{"d":"33378","kva":630,"kwp":60.5,"ratio":0.1,"load":3,"rf":0}},{"type":"Feature","geometry":{"type":"Point","coordinates":[6.71868,49.31203]},"properties":{"d":"33378","kva":400,"kwp":97.0,"ratio":0.24,"load":5,"rf":0}},{"type":"Feature","geometry":{"type":"Point","coordinates":[6.73368,49.31233]},"properties":{"d":"33378","kva":630,"kwp":31.5,"ratio":0.05,"load":4,"rf":0}},{"type":"Feature","geometry":{"type":"Point","coordinates":[6.75267,49.3346]},"properties":{"d":"33378","kva":800,"kwp":257.0,"ratio":0.32,"load":8,"rf":0}},{"type":"Feature","geometry":{"type":"Point","coordinates":[6.73592,49.30486]},"properties":{"d":"33378","kva":800,"kwp":55.5,"ratio":0.07,"load":2,"rf":0}},{"type":"Feature","geometry":{"type":"Point","coordinates":[6.73643,49.29869]},"properties":{"d":"33378","kva":250,"kwp":67.1,"ratio":0.27,"load":4,"rf":0}},{"type":"Feature","geometry":{"type":"Point","coordinates":[6.77314,49.35051]},"properties":{"d":"33378","kva":250,"kwp":5.7,"ratio":0.02,"load":3,"rf":0}},{"type":"Feature","geometry":{"type":"Point","coordinates":[6.77426,49.32565]},"properties":{"d":"33378","kva":630,"kwp":138.9,"ratio":0.22,"load":11,"rf":0}},{"type":"Feature","geometry":{"type":"Point","coordinates":[6.74493,49.31091]},"properties":{"d":"33378","kva":630,"kwp":114.4,"ratio":0.18,"load":4,"rf":0}},{"type":"Feature","geometry":{"type":"Point","coordinates":[6.74944,49.33418]},"properties":{"d":"33378","kva":630,"kwp":253.1,"ratio":0.4,"load":12,"rf":0}},{"type":"Feature","geometry":{"type":"Point","coordinates":[6.78368,49.33155]},"properties":{"d":"33378","kva":400,"kwp":60.4,"ratio":0.15,"load":2,"rf":0}},{"type":"Feature","geometry":{"type":"Point","coordinates":[6.73559,49.30938]},"properties":{"d":"33378","kva":630,"kwp":84.6,"ratio":0.13,"load":2,"rf":0}},{"type":"Feature","geometry":{"type":"Point","coordinates":[6.75751,49.33808]},"properties":{"d":"33378","kva":630,"kwp":158.5,"ratio":0.25,"load":14,"rf":0}},{"type":"Feature","geometry":{"type":"Point","coordinates":[6.77909,49.32989]},"properties":{"d":"33378","kva":400,"kwp":76.7,"ratio":0.19,"load":9,"rf":0}},{"type":"Feature","geometry":{"type":"Point","coordinates":[6.74407,49.34403]},"properties":{"d":"33378","kva":630,"kwp":61.7,"ratio":0.1,"load":4,"rf":0}},{"type":"Feature","geometry":{"type":"Point","coordinates":[6.75962,49.32682]},"properties":{"d":"33378","kva":400,"kwp":79.6,"ratio":0.2,"load":4,"rf":0}},{"type":"Feature","geometry":{"type":"Point","coordinates":[6.75543,49.34435]},"properties":{"d":"33378","kva":400,"kwp":10.1,"ratio":0.03,"load":6,"rf":0}},{"type":"Feature","geometry":{"type":"Point","coordinates":[6.75081,49.32517]},"properties":{"d":"33378","kva":400,"kwp":74.4,"ratio":0.19,"load":64,"rf":1}},{"type":"Feature","geometry":{"type":"Point","coordinates":[6.75265,49.33225]},"properties":{"d":"33378","kva":800,"kwp":254.5,"ratio":0.32,"load":8,"rf":0}},{"type":"Feature","geometry":{"type":"Point","coordinates":[6.73927,49.30662]},"properties":{"d":"33378","kva":400,"kwp":35.6,"ratio":0.09,"load":2,"rf":0}},{"type":"Feature","geometry":{"type":"Point","coordinates":[6.74239,49.29958]},"properties":{"d":"33378","kva":400,"kwp":77.9,"ratio":0.19,"load":10,"rf":0}},{"type":"Feature","geometry":{"type":"Point","coordinates":[6.7431,49.3394]},"properties":{"d":"33378","kva":630,"kwp":120.8,"ratio":0.19,"load":9,"rf":0}},{"type":"Feature","geometry":{"type":"Point","coordinates":[6.76721,49.33382]},"properties":{"d":"33378","kva":630,"kwp":133.5,"ratio":0.21,"load":11,"rf":0}},{"type":"Feature","geometry":{"type":"Point","coordinates":[6.77171,49.34659]},"properties":{"d":"33378","kva":800,"kwp":12.2,"ratio":0.02,"load":4,"rf":0}},{"type":"Feature","geometry":{"type":"Point","coordinates":[6.75933,49.34472]},"properties":{"d":"33378","kva":1000,"kwp":19.4,"ratio":0.02,"load":5,"rf":0}},{"type":"Feature","geometry":{"type":"Point","coordinates":[6.75056,49.33614]},"properties":{"d":"33378","kva":400,"kwp":106.1,"ratio":0.27,"load":6,"rf":0}},{"type":"Feature","geometry":{"type":"Point","coordinates":[6.75611,49.31382]},"properties":{"d":"33378","kva":800,"kwp":171.2,"ratio":0.21,"load":26,"rf":0}},{"type":"Feature","geometry":{"type":"Point","coordinates":[6.74389,49.33559]},"properties":{"d":"33378","kva":630,"kwp":182.4,"ratio":0.29,"load":8,"rf":0}},{"type":"Feature","geometry":{"type":"Point","coordinates":[6.76145,49.30085]},"properties":{"d":"33378","kva":630,"kwp":95.8,"ratio":0.15,"load":3,"rf":0}},{"type":"Feature","geometry":{"type":"Point","coordinates":[6.75422,49.3176]},"properties":{"d":"33378","kva":630,"kwp":183.1,"ratio":0.29,"load":7,"rf":0}},{"type":"Feature","geometry":{"type":"Point","coordinates":[6.74267,49.30827]},"properties":{"d":"33378","kva":800,"kwp":150.0,"ratio":0.19,"load":3,"rf":0}},{"type":"Feature","geometry":{"type":"Point","coordinates":[6.77953,49.33979]},"properties":{"d":"33378","kva":400,"kwp":82.9,"ratio":0.21,"load":11,"rf":0}},{"type":"Feature","geometry":{"type":"Point","coordinates":[6.75866,49.30271]},"properties":{"d":"33378","kva":800,"kwp":209.7,"ratio":0.26,"load":7,"rf":0}},{"type":"Feature","geometry":{"type":"Point","coordinates":[6.74381,49.30486]},"properties":{"d":"33378","kva":400,"kwp":113.6,"ratio":0.28,"load":7,"rf":0}},{"type":"Feature","geometry":{"type":"Point","coordinates":[6.74457,49.3334]},"properties":{"d":"33378","kva":250,"kwp":58.0,"ratio":0.23,"load":3,"rf":0}},{"type":"Feature","geometry":{"type":"Point","coordinates":[6.76258,49.33181]},"properties":{"d":"33378","kva":400,"kwp":118.5,"ratio":0.3,"load":8,"rf":0}},{"type":"Feature","geometry":{"type":"Point","coordinates":[6.77494,49.3381]},"properties":{"d":"33378","kva":400,"kwp":110.3,"ratio":0.28,"load":7,"rf":0}},{"type":"Feature","geometry":{"type":"Point","coordinates":[6.74875,49.33095]},"properties":{"d":"33378","kva":800,"kwp":259.5,"ratio":0.32,"load":8,"rf":0}},{"type":"Feature","geometry":{"type":"Point","coordinates":[6.77122,49.33681]},"properties":{"d":"33378","kva":630,"kwp":165.0,"ratio":0.26,"load":6,"rf":0}},{"type":"Feature","geometry":{"type":"Point","coordinates":[6.73544,49.31952]},"properties":{"d":"33378","kva":630,"kwp":240.6,"ratio":0.38,"load":10,"rf":0}},{"type":"Feature","geometry":{"type":"Point","coordinates":[6.76789,49.33025]},"properties":{"d":"33378","kva":630,"kwp":172.4,"ratio":0.27,"load":7,"rf":0}},{"type":"Feature","geometry":{"type":"Point","coordinates":[6.74428,49.32939]},"properties":{"d":"33378","kva":630,"kwp":153.4,"ratio":0.24,"load":6,"rf":0}},{"type":"Feature","geometry":{"type":"Point","coordinates":[6.77206,49.33224]},"properties":{"d":"33378","kva":400,"kwp":77.9,"ratio":0.19,"load":4,"rf":0}},{"type":"Feature","geometry":{"type":"Point","coordinates":[6.76032,49.29826]},"properties":{"d":"33378","kva":630,"kwp":94.0,"ratio":0.15,"load":6,"rf":0}},{"type":"Feature","geometry":{"type":"Point","coordinates":[6.78247,49.33844]},"properties":{"d":"33378","kva":250,"kwp":65.5,"ratio":0.26,"load":4,"rf":0}},{"type":"Feature","geometry":{"type":"Point","coordinates":[6.75369,49.32837]},"properties":{"d":"33378","kva":630,"kwp":102.8,"ratio":0.16,"load":3,"rf":0}},{"type":"Feature","geometry":{"type":"Point","coordinates":[6.74795,49.31025]},"properties":{"d":"33378","kva":1000,"kwp":166.6,"ratio":0.17,"load":3,"rf":0}},{"type":"Feature","geometry":{"type":"Point","coordinates":[6.76773,49.3506]},"properties":{"d":"33378","kva":1000,"kwp":20.8,"ratio":0.02,"load":5,"rf":0}},{"type":"Feature","geometry":{"type":"Point","coordinates":[6.74651,49.30014]},"properties":{"d":"33378","kva":400,"kwp":89.5,"ratio":0.22,"load":12,"rf":0}},{"type":"Feature","geometry":{"type":"Point","coordinates":[6.724,49.32247]},"properties":{"d":"33378","kva":400,"kwp":363.2,"ratio":0.91,"load":64,"rf":0}},{"type":"Feature","geometry":{"type":"Point","coordinates":[6.75847,49.30605]},"properties":{"d":"33378","kva":630,"kwp":134.3,"ratio":0.21,"load":5,"rf":0}},{"type":"Feature","geometry":{"type":"Point","coordinates":[6.74835,49.32891]},"properties":{"d":"33378","kva":630,"kwp":121.9,"ratio":0.19,"load":9,"rf":0}},{"type":"Feature","geometry":{"type":"Point","coordinates":[6.74671,49.32013]},"properties":{"d":"33378","kva":630,"kwp":97.5,"ratio":0.15,"load":2,"rf":0}},{"type":"Feature","geometry":{"type":"Point","coordinates":[6.74785,49.32603]},"properties":{"d":"33378","kva":400,"kwp":240.8,"ratio":0.6,"load":16,"rf":0}},{"type":"Feature","geometry":{"type":"Point","coordinates":[6.72371,49.3104]},"properties":{"d":"33378","kva":250,"kwp":64.7,"ratio":0.26,"load":4,"rf":0}},{"type":"Feature","geometry":{"type":"Point","coordinates":[6.78944,49.33307]},"properties":{"d":"33378","kva":800,"kwp":110.9,"ratio":0.14,"load":2,"rf":0}},{"type":"Feature","geometry":{"type":"Point","coordinates":[6.72203,49.31447]},"properties":{"d":"33378","kva":630,"kwp":246.7,"ratio":0.39,"load":25,"rf":0}},{"type":"Feature","geometry":{"type":"Point","coordinates":[6.74843,49.34961]},"properties":{"d":"33378","kva":630,"kwp":21.5,"ratio":0.03,"load":5,"rf":0}},{"type":"Feature","geometry":{"type":"Point","coordinates":[6.73335,49.30041]},"properties":{"d":"33378","kva":400,"kwp":86.2,"ratio":0.22,"load":4,"rf":0}},{"type":"Feature","geometry":{"type":"Point","coordinates":[6.76191,49.32434]},"properties":{"d":"33378","kva":630,"kwp":227.5,"ratio":0.36,"load":10,"rf":0}},{"type":"Feature","geometry":{"type":"Point","coordinates":[6.77437,49.32505]},"properties":{"d":"33378","kva":800,"kwp":256.1,"ratio":0.32,"load":8,"rf":0}},{"type":"Feature","geometry":{"type":"Point","coordinates":[6.75691,49.32993]},"properties":{"d":"33378","kva":630,"kwp":155.0,"ratio":0.25,"load":5,"rf":0}},{"type":"Feature","geometry":{"type":"Point","coordinates":[6.75503,49.31082]},"properties":{"d":"33378","kva":630,"kwp":95.3,"ratio":0.15,"load":3,"rf":0}},{"type":"Feature","geometry":{"type":"Point","coordinates":[6.75503,49.31082]},"properties":{"d":"33378","kva":630,"kwp":95.3,"ratio":0.15,"load":3,"rf":0}},{"type":"Feature","geometry":{"type":"Point","coordinates":[6.75715,49.324]},"properties":{"d":"33378","kva":800,"kwp":163.3,"ratio":0.2,"load":4,"rf":0}},{"type":"Feature","geometry":{"type":"Point","coordinates":[6.74827,49.31457]},"properties":{"d":"33378","kva":630,"kwp":150.0,"ratio":0.24,"load":2,"rf":0}},{"type":"Feature","geometry":{"type":"Point","coordinates":[6.74827,49.31457]},"properties":{"d":"33378","kva":630,"kwp":150.0,"ratio":0.24,"load":2,"rf":0}},{"type":"Feature","geometry":{"type":"Point","coordinates":[6.7345,49.31554]},"properties":{"d":"33378","kva":400,"kwp":20.7,"ratio":0.05,"load":3,"rf":0}},{"type":"Feature","geometry":{"type":"Point","coordinates":[6.75175,49.3155]},"properties":{"d":"33378","kva":800,"kwp":297.8,"ratio":0.37,"load":3,"rf":0}},{"type":"Feature","geometry":{"type":"Point","coordinates":[6.75175,49.3155]},"properties":{"d":"33378","kva":800,"kwp":297.8,"ratio":0.37,"load":3,"rf":0}},{"type":"Feature","geometry":{"type":"Point","coordinates":[6.73109,49.32601]},"properties":{"d":"33378","kva":100,"kwp":16.6,"ratio":0.17,"load":96,"rf":0}},{"type":"Feature","geometry":{"type":"Point","coordinates":[6.72629,49.33732]},"properties":{"d":"33378","kva":160,"kwp":3.8,"ratio":0.02,"load":5,"rf":0}},{"type":"Feature","geometry":{"type":"Point","coordinates":[6.7434,49.3482]},"properties":{"d":"33378","kva":400,"kwp":10.1,"ratio":0.03,"load":6,"rf":0}},{"type":"Feature","geometry":{"type":"Point","coordinates":[6.75985,49.30463]},"properties":{"d":"33378","kva":400,"kwp":116.9,"ratio":0.29,"load":8,"rf":0}},{"type":"Feature","geometry":{"type":"Point","coordinates":[6.7678,49.32703]},"properties":{"d":"33378","kva":400,"kwp":106.1,"ratio":0.27,"load":7,"rf":0}},{"type":"Feature","geometry":{"type":"Point","coordinates":[6.77462,49.32188]},"properties":{"d":"33378","kva":400,"kwp":87.4,"ratio":0.22,"load":5,"rf":0}},{"type":"Feature","geometry":{"type":"Point","coordinates":[6.73202,49.31607]},"properties":{"d":"33378","kva":630,"kwp":260.4,"ratio":0.41,"load":11,"rf":0}},{"type":"Feature","geometry":{"type":"Point","coordinates":[6.74483,49.34718]},"properties":{"d":"33378","kva":400,"kwp":8.6,"ratio":0.02,"load":5,"rf":0}},{"type":"Feature","geometry":{"type":"Point","coordinates":[6.74777,49.34405]},"properties":{"d":"33378","kva":630,"kwp":52.3,"ratio":0.08,"load":3,"rf":0}},{"type":"Feature","geometry":{"type":"Point","coordinates":[6.73993,49.31152]},"properties":{"d":"33378","kva":630,"kwp":110.3,"ratio":0.18,"load":3,"rf":0}},{"type":"Feature","geometry":{"type":"Point","coordinates":[6.74044,49.34605]},"properties":{"d":"33378","kva":400,"kwp":10.8,"ratio":0.03,"load":5,"rf":0}},{"type":"Feature","geometry":{"type":"Point","coordinates":[6.76511,49.32949]},"properties":{"d":"33378","kva":400,"kwp":106.9,"ratio":0.27,"load":6,"rf":0}},{"type":"Feature","geometry":{"type":"Point","coordinates":[6.79386,49.3321]},"properties":{"d":"33378","kva":400,"kwp":45.4,"ratio":0.11,"load":2,"rf":0}},{"type":"Feature","geometry":{"type":"Point","coordinates":[6.77258,49.32794]},"properties":{"d":"33378","kva":630,"kwp":181.6,"ratio":0.29,"load":7,"rf":0}},{"type":"Feature","geometry":{"type":"Point","coordinates":[6.75239,49.31191]},"properties":{"d":"33378","kva":400,"kwp":69.6,"ratio":0.17,"load":3,"rf":0}},{"type":"Feature","geometry":{"type":"Point","coordinates":[6.73368,49.31233]},"properties":{"d":"33378","kva":630,"kwp":31.5,"ratio":0.05,"load":4,"rf":0}},{"type":"Feature","geometry":{"type":"Point","coordinates":[6.75267,49.3346]},"properties":{"d":"33378","kva":800,"kwp":257.0,"ratio":0.32,"load":8,"rf":0}},{"type":"Feature","geometry":{"type":"Point","coordinates":[6.77314,49.35051]},"properties":{"d":"33378","kva":250,"kwp":5.7,"ratio":0.02,"load":3,"rf":0}},{"type":"Feature","geometry":{"type":"Point","coordinates":[6.74944,49.33418]},"properties":{"d":"33378","kva":630,"kwp":253.1,"ratio":0.4,"load":12,"rf":0}},{"type":"Feature","geometry":{"type":"Point","coordinates":[6.78368,49.33155]},"properties":{"d":"33378","kva":400,"kwp":60.4,"ratio":0.15,"load":2,"rf":0}},{"type":"Feature","geometry":{"type":"Point","coordinates":[6.74407,49.34403]},"properties":{"d":"33378","kva":630,"kwp":61.7,"ratio":0.1,"load":4,"rf":0}},{"type":"Feature","geometry":{"type":"Point","coordinates":[6.75962,49.32682]},"properties":{"d":"33378","kva":400,"kwp":79.6,"ratio":0.2,"load":4,"rf":0}},{"type":"Feature","geometry":{"type":"Point","coordinates":[6.75543,49.34435]},"properties":{"d":"33378","kva":400,"kwp":10.1,"ratio":0.03,"load":6,"rf":0}},{"type":"Feature","geometry":{"type":"Point","coordinates":[6.75265,49.33225]},"properties":{"d":"33378","kva":800,"kwp":254.5,"ratio":0.32,"load":8,"rf":0}},{"type":"Feature","geometry":{"type":"Point","coordinates":[6.77171,49.34659]},"properties":{"d":"33378","kva":800,"kwp":12.2,"ratio":0.02,"load":4,"rf":0}},{"type":"Feature","geometry":{"type":"Point","coordinates":[6.75933,49.34472]},"properties":{"d":"33378","kva":1000,"kwp":19.4,"ratio":0.02,"load":5,"rf":0}},{"type":"Feature","geometry":{"type":"Point","coordinates":[6.75056,49.33614]},"properties":{"d":"33378","kva":400,"kwp":106.1,"ratio":0.27,"load":6,"rf":0}},{"type":"Feature","geometry":{"type":"Point","coordinates":[6.75611,49.31382]},"properties":{"d":"33378","kva":800,"kwp":171.2,"ratio":0.21,"load":26,"rf":0}},{"type":"Feature","geometry":{"type":"Point","coordinates":[6.74389,49.33559]},"properties":{"d":"33378","kva":630,"kwp":182.4,"ratio":0.29,"load":8,"rf":0}},{"type":"Feature","geometry":{"type":"Point","coordinates":[6.75422,49.3176]},"properties":{"d":"33378","kva":630,"kwp":183.1,"ratio":0.29,"load":7,"rf":0}},{"type":"Feature","geometry":{"type":"Point","coordinates":[6.74267,49.30827]},"properties":{"d":"33378","kva":800,"kwp":150.0,"ratio":0.19,"load":3,"rf":0}},{"type":"Feature","geometry":{"type":"Point","coordinates":[6.75866,49.30271]},"properties":{"d":"33378","kva":800,"kwp":209.7,"ratio":0.26,"load":7,"rf":0}},{"type":"Feature","geometry":{"type":"Point","coordinates":[6.74381,49.30486]},"properties":{"d":"33378","kva":400,"kwp":113.6,"ratio":0.28,"load":7,"rf":0}},{"type":"Feature","geometry":{"type":"Point","coordinates":[6.76258,49.33181]},"properties":{"d":"33378","kva":400,"kwp":118.5,"ratio":0.3,"load":8,"rf":0}},{"type":"Feature","geometry":{"type":"Point","coordinates":[6.77494,49.3381]},"properties":{"d":"33378","kva":400,"kwp":110.3,"ratio":0.28,"load":7,"rf":0}},{"type":"Feature","geometry":{"type":"Point","coordinates":[6.74875,49.33095]},"properties":{"d":"33378","kva":800,"kwp":259.5,"ratio":0.32,"load":8,"rf":0}},{"type":"Feature","geometry":{"type":"Point","coordinates":[6.77122,49.33681]},"properties":{"d":"33378","kva":630,"kwp":165.0,"ratio":0.26,"load":6,"rf":0}},{"type":"Feature","geometry":{"type":"Point","coordinates":[6.73544,49.31952]},"properties":{"d":"33378","kva":630,"kwp":240.6,"ratio":0.38,"load":10,"rf":0}},{"type":"Feature","geometry":{"type":"Point","coordinates":[6.76789,49.33025]},"properties":{"d":"33378","kva":630,"kwp":172.4,"ratio":0.27,"load":7,"rf":0}},{"type":"Feature","geometry":{"type":"Point","coordinates":[6.77206,49.33224]},"properties":{"d":"33378","kva":400,"kwp":77.9,"ratio":0.19,"load":4,"rf":0}},{"type":"Feature","geometry":{"type":"Point","coordinates":[6.74795,49.31025]},"properties":{"d":"33378","kva":1000,"kwp":166.6,"ratio":0.17,"load":3,"rf":0}},{"type":"Feature","geometry":{"type":"Point","coordinates":[6.76773,49.3506]},"properties":{"d":"33378","kva":1000,"kwp":20.8,"ratio":0.02,"load":5,"rf":0}},{"type":"Feature","geometry":{"type":"Point","coordinates":[6.74671,49.32013]},"properties":{"d":"33378","kva":630,"kwp":97.5,"ratio":0.15,"load":2,"rf":0}},{"type":"Feature","geometry":{"type":"Point","coordinates":[6.78944,49.33307]},"properties":{"d":"33378","kva":800,"kwp":110.9,"ratio":0.14,"load":2,"rf":0}},{"type":"Feature","geometry":{"type":"Point","coordinates":[6.74843,49.34961]},"properties":{"d":"33378","kva":630,"kwp":21.5,"ratio":0.03,"load":5,"rf":0}},{"type":"Feature","geometry":{"type":"Point","coordinates":[6.76191,49.32434]},"properties":{"d":"33378","kva":630,"kwp":227.5,"ratio":0.36,"load":10,"rf":0}},{"type":"Feature","geometry":{"type":"Point","coordinates":[6.77437,49.32505]},"properties":{"d":"33378","kva":800,"kwp":256.1,"ratio":0.32,"load":8,"rf":0}},{"type":"Feature","geometry":{"type":"Point","coordinates":[6.75691,49.32993]},"properties":{"d":"33378","kva":630,"kwp":155.0,"ratio":0.25,"load":5,"rf":0}},{"type":"Feature","geometry":{"type":"Point","coordinates":[6.75503,49.31082]},"properties":{"d":"33378","kva":630,"kwp":95.3,"ratio":0.15,"load":3,"rf":0}},{"type":"Feature","geometry":{"type":"Point","coordinates":[6.75715,49.324]},"properties":{"d":"33378","kva":800,"kwp":163.3,"ratio":0.2,"load":4,"rf":0}},{"type":"Feature","geometry":{"type":"Point","coordinates":[6.74827,49.31457]},"properties":{"d":"33378","kva":630,"kwp":150.0,"ratio":0.24,"load":2,"rf":0}},{"type":"Feature","geometry":{"type":"Point","coordinates":[6.7345,49.31554]},"properties":{"d":"33378","kva":400,"kwp":20.7,"ratio":0.05,"load":3,"rf":0}},{"type":"Feature","geometry":{"type":"Point","coordinates":[6.75175,49.3155]},"properties":{"d":"33378","kva":800,"kwp":297.8,"ratio":0.37,"load":3,"rf":0}},{"type":"Feature","geometry":{"type":"Point","coordinates":[6.7643,49.34765]},"properties":{"d":"33378","kva":630,"kwp":23.7,"ratio":0.04,"load":7,"rf":0}},{"type":"Feature","geometry":{"type":"Point","coordinates":[6.7643,49.34765]},"properties":{"d":"33378","kva":630,"kwp":23.7,"ratio":0.04,"load":7,"rf":0}},{"type":"Feature","geometry":{"type":"Point","coordinates":[6.7643,49.34765]},"properties":{"d":"33378","kva":630,"kwp":23.7,"ratio":0.04,"load":7,"rf":0}},{"type":"Feature","geometry":{"type":"Point","coordinates":[6.7643,49.34765]},"properties":{"d":"33378","kva":630,"kwp":23.7,"ratio":0.04,"load":7,"rf":0}},{"type":"Feature","geometry":{"type":"Point","coordinates":[6.7643,49.34765]},"properties":{"d":"33378","kva":630,"kwp":23.7,"ratio":0.04,"load":7,"rf":0}},{"type":"Feature","geometry":{"type":"Point","coordinates":[6.7643,49.34765]},"properties":{"d":"33378","kva":630,"kwp":23.7,"ratio":0.04,"load":7,"rf":0}},{"type":"Feature","geometry":{"type":"Point","coordinates":[6.73109,49.32601]},"properties":{"d":"33378","kva":100,"kwp":16.6,"ratio":0.17,"load":96,"rf":0}},{"type":"Feature","geometry":{"type":"Point","coordinates":[6.72629,49.33732]},"properties":{"d":"33378","kva":160,"kwp":3.8,"ratio":0.02,"load":5,"rf":0}},{"type":"Feature","geometry":{"type":"Point","coordinates":[6.75776,49.33572]},"properties":{"d":"33378","kva":630,"kwp":126.1,"ratio":0.2,"load":7,"rf":0}},{"type":"Feature","geometry":{"type":"Point","coordinates":[6.74158,49.31329]},"properties":{"d":"33378","kva":630,"kwp":40.6,"ratio":0.06,"load":1,"rf":0}},{"type":"Feature","geometry":{"type":"Point","coordinates":[6.75529,49.30554]},"properties":{"d":"33378","kva":630,"kwp":36.5,"ratio":0.06,"load":2,"rf":0}},{"type":"Feature","geometry":{"type":"Point","coordinates":[6.72547,49.31946]},"properties":{"d":"33378","kva":630,"kwp":66.3,"ratio":0.11,"load":4,"rf":0}},{"type":"Feature","geometry":{"type":"Point","coordinates":[6.74511,49.32193]},"properties":{"d":"33378","kva":630,"kwp":110.8,"ratio":0.18,"load":10,"rf":0}},{"type":"Feature","geometry":{"type":"Point","coordinates":[6.77888,49.33593]},"properties":{"d":"33378","kva":630,"kwp":97.8,"ratio":0.16,"load":5,"rf":0}},{"type":"Feature","geometry":{"type":"Point","coordinates":[6.76121,49.33739]},"properties":{"d":"33378","kva":630,"kwp":127.1,"ratio":0.2,"load":10,"rf":0}},{"type":"Feature","geometry":{"type":"Point","coordinates":[6.76471,49.32618]},"properties":{"d":"33378","kva":630,"kwp":87.9,"ratio":0.14,"load":4,"rf":0}},{"type":"Feature","geometry":{"type":"Point","coordinates":[6.76914,49.32377]},"properties":{"d":"33378","kva":630,"kwp":139.3,"ratio":0.22,"load":5,"rf":0}},{"type":"Feature","geometry":{"type":"Point","coordinates":[6.77828,49.33471]},"properties":{"d":"33378","kva":630,"kwp":94.5,"ratio":0.15,"load":5,"rf":0}},{"type":"Feature","geometry":{"type":"Point","coordinates":[6.75324,49.30556]},"properties":{"d":"33378","kva":630,"kwp":58.0,"ratio":0.09,"load":3,"rf":0}},{"type":"Feature","geometry":{"type":"Point","coordinates":[6.73756,49.30775]},"properties":{"d":"33378","kva":630,"kwp":66.3,"ratio":0.11,"load":1,"rf":0}},{"type":"Feature","geometry":{"type":"Point","coordinates":[6.71868,49.31203]},"properties":{"d":"33378","kva":630,"kwp":97.0,"ratio":0.15,"load":5,"rf":0}},{"type":"Feature","geometry":{"type":"Point","coordinates":[6.73643,49.29869]},"properties":{"d":"33378","kva":630,"kwp":67.1,"ratio":0.11,"load":4,"rf":0}},{"type":"Feature","geometry":{"type":"Point","coordinates":[6.77314,49.35051]},"properties":{"d":"33378","kva":630,"kwp":5.7,"ratio":0.01,"load":3,"rf":0}},{"type":"Feature","geometry":{"type":"Point","coordinates":[6.74493,49.31091]},"properties":{"d":"33378","kva":630,"kwp":114.4,"ratio":0.18,"load":4,"rf":0}},{"type":"Feature","geometry":{"type":"Point","coordinates":[6.73559,49.30938]},"properties":{"d":"33378","kva":630,"kwp":84.6,"ratio":0.13,"load":2,"rf":0}},{"type":"Feature","geometry":{"type":"Point","coordinates":[6.77171,49.34659]},"properties":{"d":"33378","kva":630,"kwp":12.2,"ratio":0.02,"load":6,"rf":0}},{"type":"Feature","geometry":{"type":"Point","coordinates":[6.75933,49.34472]},"properties":{"d":"33378","kva":630,"kwp":19.4,"ratio":0.03,"load":7,"rf":0}},{"type":"Feature","geometry":{"type":"Point","coordinates":[6.76145,49.30085]},"properties":{"d":"33378","kva":630,"kwp":95.8,"ratio":0.15,"load":3,"rf":0}},{"type":"Feature","geometry":{"type":"Point","coordinates":[6.74457,49.3334]},"properties":{"d":"33378","kva":630,"kwp":58.0,"ratio":0.09,"load":3,"rf":0}},{"type":"Feature","geometry":{"type":"Point","coordinates":[6.74428,49.32939]},"properties":{"d":"33378","kva":630,"kwp":153.4,"ratio":0.24,"load":6,"rf":0}},{"type":"Feature","geometry":{"type":"Point","coordinates":[6.78247,49.33844]},"properties":{"d":"33378","kva":630,"kwp":65.5,"ratio":0.1,"load":4,"rf":0}},{"type":"Feature","geometry":{"type":"Point","coordinates":[6.75369,49.32837]},"properties":{"d":"33378","kva":630,"kwp":102.8,"ratio":0.16,"load":3,"rf":0}},{"type":"Feature","geometry":{"type":"Point","coordinates":[6.76773,49.3506]},"properties":{"d":"33378","kva":630,"kwp":20.8,"ratio":0.03,"load":7,"rf":0}},{"type":"Feature","geometry":{"type":"Point","coordinates":[6.75847,49.30605]},"properties":{"d":"33378","kva":630,"kwp":134.3,"ratio":0.21,"load":5,"rf":0}},{"type":"Feature","geometry":{"type":"Point","coordinates":[6.74785,49.32603]},"properties":{"d":"33378","kva":630,"kwp":240.8,"ratio":0.38,"load":16,"rf":0}},{"type":"Feature","geometry":{"type":"Point","coordinates":[6.72371,49.3104]},"properties":{"d":"33378","kva":630,"kwp":64.7,"ratio":0.1,"load":4,"rf":0}},{"type":"Feature","geometry":{"type":"Point","coordinates":[6.74843,49.34961]},"properties":{"d":"33378","kva":630,"kwp":21.5,"ratio":0.03,"load":5,"rf":0}},{"type":"Feature","geometry":{"type":"Point","coordinates":[6.73335,49.30041]},"properties":{"d":"33378","kva":630,"kwp":86.2,"ratio":0.14,"load":4,"rf":0}},{"type":"Feature","geometry":{"type":"Point","coordinates":[6.75175,49.3155]},"properties":{"d":"33378","kva":630,"kwp":297.8,"ratio":0.47,"load":5,"rf":0}},{"type":"Feature","geometry":{"type":"Point","coordinates":[7.16104,49.34633]},"properties":{"d":"33386","kva":630,"kwp":230.7,"ratio":0.37,"load":12,"rf":0}},{"type":"Feature","geometry":{"type":"Point","coordinates":[7.14444,49.35179]},"properties":{"d":"33386","kva":630,"kwp":112.1,"ratio":0.18,"load":8,"rf":0}},{"type":"Feature","geometry":{"type":"Point","coordinates":[7.14031,49.36106]},"properties":{"d":"33386","kva":100,"kwp":6.2,"ratio":0.06,"load":3,"rf":0}},{"type":"Feature","geometry":{"type":"Point","coordinates":[7.16788,49.32866]},"properties":{"d":"33386","kva":630,"kwp":267.9,"ratio":0.43,"load":27,"rf":0}},{"type":"Feature","geometry":{"type":"Point","coordinates":[7.16258,49.33014]},"properties":{"d":"33386","kva":160,"kwp":8.5,"ratio":0.05,"load":1,"rf":0}},{"type":"Feature","geometry":{"type":"Point","coordinates":[7.16651,49.338]},"properties":{"d":"33386","kva":400,"kwp":238.5,"ratio":0.6,"load":18,"rf":0}},{"type":"Feature","geometry":{"type":"Point","coordinates":[7.16765,49.34022]},"properties":{"d":"33386","kva":630,"kwp":9.8,"ratio":0.02,"load":6,"rf":0}},{"type":"Feature","geometry":{"type":"Point","coordinates":[7.16395,49.33476]},"properties":{"d":"33386","kva":100,"kwp":8.5,"ratio":0.09,"load":4,"rf":0}},{"type":"Feature","geometry":{"type":"Point","coordinates":[7.16763,49.3422]},"properties":{"d":"33386","kva":250,"kwp":3.3,"ratio":0.01,"load":7,"rf":0}},{"type":"Feature","geometry":{"type":"Point","coordinates":[7.16387,49.35113]},"properties":{"d":"33386","kva":250,"kwp":3.7,"ratio":0.01,"load":5,"rf":0}},{"type":"Feature","geometry":{"type":"Point","coordinates":[7.16966,49.35813]},"properties":{"d":"33386","kva":250,"kwp":2.3,"ratio":0.01,"load":7,"rf":0}},{"type":"Feature","geometry":{"type":"Point","coordinates":[7.1692,49.36829]},"properties":{"d":"33386","kva":630,"kwp":196.1,"ratio":0.31,"load":9,"rf":0}},{"type":"Feature","geometry":{"type":"Point","coordinates":[7.16728,49.37464]},"properties":{"d":"33386","kva":630,"kwp":136.2,"ratio":0.22,"load":11,"rf":0}},{"type":"Feature","geometry":{"type":"Point","coordinates":[7.15808,49.37015]},"properties":{"d":"33386","kva":250,"kwp":41.1,"ratio":0.16,"load":8,"rf":0}},{"type":"Feature","geometry":{"type":"Point","coordinates":[7.17013,49.37622]},"properties":{"d":"33386","kva":400,"kwp":74.6,"ratio":0.19,"load":9,"rf":0}},{"type":"Feature","geometry":{"type":"Point","coordinates":[7.15638,49.32285]},"properties":{"d":"33386","kva":250,"kwp":32.8,"ratio":0.13,"load":5,"rf":0}},{"type":"Feature","geometry":{"type":"Point","coordinates":[7.13512,49.32246]},"properties":{"d":"33386","kva":400,"kwp":48.0,"ratio":0.12,"load":4,"rf":0}},{"type":"Feature","geometry":{"type":"Point","coordinates":[7.14295,49.32053]},"properties":{"d":"33386","kva":250,"kwp":26.7,"ratio":0.11,"load":4,"rf":0}},{"type":"Feature","geometry":{"type":"Point","coordinates":[7.14423,49.32812]},"properties":{"d":"33386","kva":630,"kwp":112.3,"ratio":0.18,"load":4,"rf":0}},{"type":"Feature","geometry":{"type":"Point","coordinates":[7.13516,49.3298]},"properties":{"d":"33386","kva":400,"kwp":46.7,"ratio":0.12,"load":1,"rf":0}},{"type":"Feature","geometry":{"type":"Point","coordinates":[7.14852,49.33412]},"properties":{"d":"33386","kva":160,"kwp":10.9,"ratio":0.07,"load":3,"rf":0}},{"type":"Feature","geometry":{"type":"Point","coordinates":[7.12724,49.32496]},"properties":{"d":"33386","kva":100,"kwp":3.6,"ratio":0.04,"load":2,"rf":0}},{"type":"Feature","geometry":{"type":"Point","coordinates":[7.1504,49.36346]},"properties":{"d":"33386","kva":100,"kwp":6.9,"ratio":0.07,"load":4,"rf":0}},{"type":"Feature","geometry":{"type":"Point","coordinates":[7.16822,49.39264]},"properties":{"d":"33386","kva":100,"kwp":1.9,"ratio":0.02,"load":1,"rf":0}},{"type":"Feature","geometry":{"type":"Point","coordinates":[7.16419,49.38555]},"properties":{"d":"33386","kva":100,"kwp":2.3,"ratio":0.02,"load":1,"rf":0}},{"type":"Feature","geometry":{"type":"Point","coordinates":[7.16651,49.338]},"properties":{"d":"33386","kva":400,"kwp":238.5,"ratio":0.6,"load":18,"rf":0}},{"type":"Feature","geometry":{"type":"Point","coordinates":[7.16765,49.34022]},"properties":{"d":"33386","kva":630,"kwp":9.8,"ratio":0.02,"load":6,"rf":0}},{"type":"Feature","geometry":{"type":"Point","coordinates":[7.16763,49.3422]},"properties":{"d":"33386","kva":250,"kwp":3.3,"ratio":0.01,"load":7,"rf":0}},{"type":"Feature","geometry":{"type":"Point","coordinates":[7.16387,49.35113]},"properties":{"d":"33386","kva":250,"kwp":3.7,"ratio":0.01,"load":5,"rf":0}},{"type":"Feature","geometry":{"type":"Point","coordinates":[7.16966,49.35813]},"properties":{"d":"33386","kva":250,"kwp":2.3,"ratio":0.01,"load":7,"rf":0}},{"type":"Feature","geometry":{"type":"Point","coordinates":[7.1692,49.36829]},"properties":{"d":"33386","kva":630,"kwp":196.1,"ratio":0.31,"load":9,"rf":0}},{"type":"Feature","geometry":{"type":"Point","coordinates":[7.16104,49.34633]},"properties":{"d":"33386","kva":630,"kwp":230.7,"ratio":0.37,"load":12,"rf":0}},{"type":"Feature","geometry":{"type":"Point","coordinates":[7.14423,49.32812]},"properties":{"d":"33386","kva":630,"kwp":112.3,"ratio":0.18,"load":4,"rf":0}},{"type":"Feature","geometry":{"type":"Point","coordinates":[7.13516,49.3298]},"properties":{"d":"33386","kva":630,"kwp":46.7,"ratio":0.07,"load":1,"rf":0}},{"type":"Feature","geometry":{"type":"Point","coordinates":[7.03887,49.3125]},"properties":{"d":"33410","kva":100,"kwp":35.8,"ratio":0.36,"load":27,"rf":0}},{"type":"Feature","geometry":{"type":"Point","coordinates":[7.00955,49.28695]},"properties":{"d":"33410","kva":100,"kwp":1.7,"ratio":0.02,"load":1,"rf":0}},{"type":"Feature","geometry":{"type":"Point","coordinates":[7.02516,49.30308]},"properties":{"d":"33410","kva":630,"kwp":102.9,"ratio":0.16,"load":7,"rf":0}},{"type":"Feature","geometry":{"type":"Point","coordinates":[7.03106,49.31105]},"properties":{"d":"33410","kva":630,"kwp":104.4,"ratio":0.17,"load":8,"rf":0}},{"type":"Feature","geometry":{"type":"Point","coordinates":[7.03173,49.30554]},"properties":{"d":"33410","kva":630,"kwp":129.2,"ratio":0.21,"load":5,"rf":0}},{"type":"Feature","geometry":{"type":"Point","coordinates":[7.03357,49.30239]},"properties":{"d":"33410","kva":630,"kwp":150.2,"ratio":0.24,"load":5,"rf":0}},{"type":"Feature","geometry":{"type":"Point","coordinates":[7.02328,49.29891]},"properties":{"d":"33410","kva":400,"kwp":137.5,"ratio":0.34,"load":9,"rf":0}},{"type":"Feature","geometry":{"type":"Point","coordinates":[7.02375,49.30571]},"properties":{"d":"33410","kva":800,"kwp":163.7,"ratio":0.2,"load":4,"rf":0}},{"type":"Feature","geometry":{"type":"Point","coordinates":[7.03008,49.30858]},"properties":{"d":"33410","kva":630,"kwp":130.7,"ratio":0.21,"load":5,"rf":0}},{"type":"Feature","geometry":{"type":"Point","coordinates":[7.02443,49.30845]},"properties":{"d":"33410","kva":250,"kwp":61.9,"ratio":0.25,"load":16,"rf":0}},{"type":"Feature","geometry":{"type":"Point","coordinates":[7.0173,49.29743]},"properties":{"d":"33410","kva":100,"kwp":1.5,"ratio":0.02,"load":1,"rf":0}},{"type":"Feature","geometry":{"type":"Point","coordinates":[7.03357,49.30239]},"properties":{"d":"33410","kva":630,"kwp":150.2,"ratio":0.24,"load":5,"rf":0}},{"type":"Feature","geometry":{"type":"Point","coordinates":[7.02328,49.29891]},"properties":{"d":"33410","kva":400,"kwp":137.5,"ratio":0.34,"load":9,"rf":0}},{"type":"Feature","geometry":{"type":"Point","coordinates":[7.03173,49.30554]},"properties":{"d":"33410","kva":630,"kwp":129.2,"ratio":0.21,"load":5,"rf":0}},{"type":"Feature","geometry":{"type":"Point","coordinates":[7.02375,49.30571]},"properties":{"d":"33410","kva":630,"kwp":163.7,"ratio":0.26,"load":6,"rf":0}},{"type":"Feature","geometry":{"type":"Point","coordinates":[7.03008,49.30858]},"properties":{"d":"33410","kva":630,"kwp":130.7,"ratio":0.21,"load":5,"rf":0}},{"type":"Feature","geometry":{"type":"Point","coordinates":[7.05717,49.31322]},"properties":{"d":"33476","kva":630,"kwp":94.0,"ratio":0.15,"load":6,"rf":0}},{"type":"Feature","geometry":{"type":"Point","coordinates":[7.05196,49.30075]},"properties":{"d":"33476","kva":800,"kwp":141.8,"ratio":0.18,"load":3,"rf":0}},{"type":"Feature","geometry":{"type":"Point","coordinates":[7.06083,49.30008]},"properties":{"d":"33476","kva":800,"kwp":123.6,"ratio":0.15,"load":2,"rf":0}},{"type":"Feature","geometry":{"type":"Point","coordinates":[7.04705,49.30018]},"properties":{"d":"33476","kva":630,"kwp":99.9,"ratio":0.16,"load":3,"rf":0}},{"type":"Feature","geometry":{"type":"Point","coordinates":[7.08388,49.32226]},"properties":{"d":"33476","kva":400,"kwp":61.6,"ratio":0.15,"load":3,"rf":0}},{"type":"Feature","geometry":{"type":"Point","coordinates":[7.08025,49.31075]},"properties":{"d":"33476","kva":630,"kwp":92.6,"ratio":0.15,"load":3,"rf":0}},{"type":"Feature","geometry":{"type":"Point","coordinates":[7.07555,49.31407]},"properties":{"d":"33476","kva":250,"kwp":32.6,"ratio":0.13,"load":5,"rf":0}},{"type":"Feature","geometry":{"type":"Point","coordinates":[7.05164,49.29726]},"properties":{"d":"33476","kva":800,"kwp":117.2,"ratio":0.15,"load":2,"rf":0}},{"type":"Feature","geometry":{"type":"Point","coordinates":[7.07725,49.30647]},"properties":{"d":"33476","kva":630,"kwp":92.0,"ratio":0.15,"load":5,"rf":0}},{"type":"Feature","geometry":{"type":"Point","coordinates":[7.05523,49.31409]},"properties":{"d":"33476","kva":160,"kwp":24.0,"ratio":0.15,"load":7,"rf":0}},{"type":"Feature","geometry":{"type":"Point","coordinates":[7.07814,49.30845]},"properties":{"d":"33476","kva":400,"kwp":134.8,"ratio":0.34,"load":9,"rf":0}},{"type":"Feature","geometry":{"type":"Point","coordinates":[7.07272,49.31226]},"properties":{"d":"33476","kva":630,"kwp":236.2,"ratio":0.37,"load":11,"rf":0}},{"type":"Feature","geometry":{"type":"Point","coordinates":[7.08112,49.30833]},"properties":{"d":"33476","kva":400,"kwp":107.2,"ratio":0.27,"load":16,"rf":0}},{"type":"Feature","geometry":{"type":"Point","coordinates":[7.05741,49.29913]},"properties":{"d":"33476","kva":1000,"kwp":116.8,"ratio":0.12,"load":2,"rf":0}},{"type":"Feature","geometry":{"type":"Point","coordinates":[7.04567,49.29797]},"properties":{"d":"33476","kva":1000,"kwp":63.7,"ratio":0.06,"load":1,"rf":0}},{"type":"Feature","geometry":{"type":"Point","coordinates":[7.05216,49.30265]},"properties":{"d":"33476","kva":250,"kwp":26.8,"ratio":0.11,"load":4,"rf":0}},{"type":"Feature","geometry":{"type":"Point","coordinates":[7.06268,49.30395]},"properties":{"d":"33476","kva":250,"kwp":143.7,"ratio":0.57,"load":11,"rf":0}},{"type":"Feature","geometry":{"type":"Point","coordinates":[7.06709,49.31167]},"properties":{"d":"33476","kva":400,"kwp":70.6,"ratio":0.18,"load":3,"rf":0}},{"type":"Feature","geometry":{"type":"Point","coordinates":[7.04768,49.3042]},"properties":{"d":"33476","kva":100,"kwp":3.0,"ratio":0.03,"load":1,"rf":0}},{"type":"Feature","geometry":{"type":"Point","coordinates":[7.06965,49.30304]},"properties":{"d":"33476","kva":400,"kwp":67.4,"ratio":0.17,"load":2,"rf":0}},{"type":"Feature","geometry":{"type":"Point","coordinates":[7.0569,49.30547]},"properties":{"d":"33476","kva":400,"kwp":47.1,"ratio":0.12,"load":5,"rf":0}},{"type":"Feature","geometry":{"type":"Point","coordinates":[7.0601,49.31122]},"properties":{"d":"33476","kva":400,"kwp":57.8,"ratio":0.14,"load":6,"rf":0}},{"type":"Feature","geometry":{"type":"Point","coordinates":[7.08304,49.3072]},"properties":{"d":"33476","kva":400,"kwp":35.8,"ratio":0.09,"load":3,"rf":0}},{"type":"Feature","geometry":{"type":"Point","coordinates":[7.06304,49.30069]},"properties":{"d":"33476","kva":630,"kwp":115.0,"ratio":0.18,"load":3,"rf":0}},{"type":"Feature","geometry":{"type":"Point","coordinates":[7.07607,49.31155]},"properties":{"d":"33476","kva":250,"kwp":25.1,"ratio":0.1,"load":4,"rf":0}},{"type":"Feature","geometry":{"type":"Point","coordinates":[7.06689,49.29864]},"properties":{"d":"33476","kva":250,"kwp":39.1,"ratio":0.16,"load":2,"rf":0}},{"type":"Feature","geometry":{"type":"Point","coordinates":[7.07048,49.30102]},"properties":{"d":"33476","kva":160,"kwp":9.1,"ratio":0.06,"load":2,"rf":0}},{"type":"Feature","geometry":{"type":"Point","coordinates":[7.04905,49.31217]},"properties":{"d":"33476","kva":400,"kwp":61.6,"ratio":0.15,"load":7,"rf":0}},{"type":"Feature","geometry":{"type":"Point","coordinates":[7.06165,49.29582]},"properties":{"d":"33476","kva":630,"kwp":55.6,"ratio":0.09,"load":3,"rf":0}},{"type":"Feature","geometry":{"type":"Point","coordinates":[7.04408,49.29417]},"properties":{"d":"33476","kva":250,"kwp":55.4,"ratio":0.22,"load":4,"rf":0}},{"type":"Feature","geometry":{"type":"Point","coordinates":[7.06057,49.3097]},"properties":{"d":"33476","kva":630,"kwp":95.8,"ratio":0.15,"load":6,"rf":0}},{"type":"Feature","geometry":{"type":"Point","coordinates":[7.07962,49.30589]},"properties":{"d":"33476","kva":250,"kwp":21.4,"ratio":0.09,"load":3,"rf":0}},{"type":"Feature","geometry":{"type":"Point","coordinates":[7.0782,49.3176]},"properties":{"d":"33476","kva":160,"kwp":84.5,"ratio":0.53,"load":38,"rf":0}},{"type":"Feature","geometry":{"type":"Point","coordinates":[7.0522,49.29415]},"properties":{"d":"33476","kva":400,"kwp":46.5,"ratio":0.12,"load":4,"rf":0}},{"type":"Feature","geometry":{"type":"Point","coordinates":[7.08156,49.31421]},"properties":{"d":"33476","kva":630,"kwp":90.0,"ratio":0.14,"load":6,"rf":0}},{"type":"Feature","geometry":{"type":"Point","coordinates":[7.04217,49.29812]},"properties":{"d":"33476","kva":400,"kwp":70.9,"ratio":0.18,"load":3,"rf":0}},{"type":"Feature","geometry":{"type":"Point","coordinates":[7.0706,49.31072]},"properties":{"d":"33476","kva":400,"kwp":62.6,"ratio":0.16,"load":2,"rf":0}},{"type":"Feature","geometry":{"type":"Point","coordinates":[7.06261,49.30907]},"properties":{"d":"33476","kva":100,"kwp":1.1,"ratio":0.01,"load":0,"rf":0}},{"type":"Feature","geometry":{"type":"Point","coordinates":[7.05639,49.30127]},"properties":{"d":"33476","kva":250,"kwp":214.7,"ratio":0.86,"load":58,"rf":0}},{"type":"Feature","geometry":{"type":"Point","coordinates":[7.08482,49.31862]},"properties":{"d":"33476","kva":160,"kwp":7.9,"ratio":0.05,"load":3,"rf":0}},{"type":"Feature","geometry":{"type":"Point","coordinates":[7.04857,49.29926]},"properties":{"d":"33476","kva":160,"kwp":15.5,"ratio":0.1,"load":3,"rf":0}},{"type":"Feature","geometry":{"type":"Point","coordinates":[7.05658,49.30787]},"properties":{"d":"33476","kva":250,"kwp":42.3,"ratio":0.17,"load":3,"rf":0}},{"type":"Feature","geometry":{"type":"Point","coordinates":[7.0891,49.31601]},"properties":{"d":"33476","kva":160,"kwp":37.5,"ratio":0.23,"load":3,"rf":0}},{"type":"Feature","geometry":{"type":"Point","coordinates":[7.04914,49.30962]},"properties":{"d":"33476","kva":400,"kwp":53.3,"ratio":0.13,"load":6,"rf":0}},{"type":"Feature","geometry":{"type":"Point","coordinates":[7.05923,49.30393]},"properties":{"d":"33476","kva":160,"kwp":11.8,"ratio":0.07,"load":1,"rf":0}},{"type":"Feature","geometry":{"type":"Point","coordinates":[7.0575,49.29495]},"properties":{"d":"33476","kva":400,"kwp":52.4,"ratio":0.13,"load":5,"rf":0}},{"type":"Feature","geometry":{"type":"Point","coordinates":[7.07369,49.30466]},"properties":{"d":"33476","kva":250,"kwp":27.3,"ratio":0.11,"load":4,"rf":0}},{"type":"Feature","geometry":{"type":"Point","coordinates":[7.04302,49.29967]},"properties":{"d":"33476","kva":250,"kwp":19.5,"ratio":0.08,"load":2,"rf":0}},{"type":"Feature","geometry":{"type":"Point","coordinates":[7.06542,49.30056]},"properties":{"d":"33476","kva":400,"kwp":53.0,"ratio":0.13,"load":2,"rf":0}},{"type":"Feature","geometry":{"type":"Point","coordinates":[7.08697,49.30654]},"properties":{"d":"33476","kva":250,"kwp":36.9,"ratio":0.15,"load":1,"rf":0}},{"type":"Feature","geometry":{"type":"Point","coordinates":[7.06282,49.31156]},"properties":{"d":"33476","kva":250,"kwp":41.2,"ratio":0.16,"load":2,"rf":0}},{"type":"Feature","geometry":{"type":"Point","coordinates":[7.08518,49.3139]},"properties":{"d":"33476","kva":250,"kwp":34.5,"ratio":0.14,"load":6,"rf":0}},{"type":"Feature","geometry":{"type":"Point","coordinates":[7.06054,49.29409]},"properties":{"d":"33476","kva":100,"kwp":7.0,"ratio":0.07,"load":3,"rf":0}},{"type":"Feature","geometry":{"type":"Point","coordinates":[7.08827,49.31488]},"properties":{"d":"33476","kva":100,"kwp":0.6,"ratio":0.01,"load":3,"rf":0}},{"type":"Feature","geometry":{"type":"Point","coordinates":[7.05712,49.31229]},"properties":{"d":"33476","kva":250,"kwp":41.1,"ratio":0.16,"load":3,"rf":0}},{"type":"Feature","geometry":{"type":"Point","coordinates":[7.09918,49.3158]},"properties":{"d":"33476","kva":100,"kwp":3.4,"ratio":0.03,"load":1,"rf":0}},{"type":"Feature","geometry":{"type":"Point","coordinates":[7.03229,49.29727]},"properties":{"d":"33476","kva":100,"kwp":5.4,"ratio":0.05,"load":2,"rf":0}},{"type":"Feature","geometry":{"type":"Point","coordinates":[7.06259,49.28288]},"properties":{"d":"33476","kva":400,"kwp":53.5,"ratio":0.13,"load":5,"rf":0}},{"type":"Feature","geometry":{"type":"Point","coordinates":[7.07038,49.2833]},"properties":{"d":"33476","kva":800,"kwp":136.4,"ratio":0.17,"load":3,"rf":0}},{"type":"Feature","geometry":{"type":"Point","coordinates":[7.06413,49.28112]},"properties":{"d":"33476","kva":630,"kwp":74.9,"ratio":0.12,"load":3,"rf":0}},{"type":"Feature","geometry":{"type":"Point","coordinates":[7.07871,49.28943]},"properties":{"d":"33476","kva":630,"kwp":11.8,"ratio":0.02,"load":4,"rf":0}},{"type":"Feature","geometry":{"type":"Point","coordinates":[7.07397,49.28456]},"properties":{"d":"33476","kva":400,"kwp":76.5,"ratio":0.19,"load":4,"rf":0}},{"type":"Feature","geometry":{"type":"Point","coordinates":[7.06129,49.28318]},"properties":{"d":"33476","kva":400,"kwp":74.4,"ratio":0.19,"load":4,"rf":0}},{"type":"Feature","geometry":{"type":"Point","coordinates":[7.07121,49.28942]},"properties":{"d":"33476","kva":630,"kwp":92.8,"ratio":0.15,"load":2,"rf":0}},{"type":"Feature","geometry":{"type":"Point","coordinates":[7.07705,49.28633]},"properties":{"d":"33476","kva":630,"kwp":183.9,"ratio":0.29,"load":8,"rf":0}},{"type":"Feature","geometry":{"type":"Point","coordinates":[7.07318,49.28144]},"properties":{"d":"33476","kva":630,"kwp":162.0,"ratio":0.26,"load":15,"rf":0}},{"type":"Feature","geometry":{"type":"Point","coordinates":[7.06838,49.28582]},"properties":{"d":"33476","kva":630,"kwp":70.1,"ratio":0.11,"load":4,"rf":0}},{"type":"Feature","geometry":{"type":"Point","coordinates":[7.08225,49.29162]},"properties":{"d":"33476","kva":400,"kwp":98.5,"ratio":0.25,"load":44,"rf":0}},{"type":"Feature","geometry":{"type":"Point","coordinates":[7.06857,49.28013]},"properties":{"d":"33476","kva":630,"kwp":109.1,"ratio":0.17,"load":3,"rf":0}},{"type":"Feature","geometry":{"type":"Point","coordinates":[7.07233,49.28669]},"properties":{"d":"33476","kva":630,"kwp":96.3,"ratio":0.15,"load":3,"rf":0}},{"type":"Feature","geometry":{"type":"Point","coordinates":[7.11784,49.28006]},"properties":{"d":"33476","kva":630,"kwp":192.7,"ratio":0.31,"load":8,"rf":0}},{"type":"Feature","geometry":{"type":"Point","coordinates":[7.10538,49.28499]},"properties":{"d":"33476","kva":630,"kwp":211.6,"ratio":0.34,"load":9,"rf":0}},{"type":"Feature","geometry":{"type":"Point","coordinates":[7.09152,49.28272]},"properties":{"d":"33476","kva":630,"kwp":67.9,"ratio":0.11,"load":4,"rf":0}},{"type":"Feature","geometry":{"type":"Point","coordinates":[7.10892,49.26815]},"properties":{"d":"33476","kva":800,"kwp":170.6,"ratio":0.21,"load":5,"rf":0}},{"type":"Feature","geometry":{"type":"Point","coordinates":[7.11907,49.27727]},"properties":{"d":"33476","kva":630,"kwp":260.0,"ratio":0.41,"load":27,"rf":0}},{"type":"Feature","geometry":{"type":"Point","coordinates":[7.12432,49.26817]},"properties":{"d":"33476","kva":1000,"kwp":71.6,"ratio":0.07,"load":3,"rf":0}},{"type":"Feature","geometry":{"type":"Point","coordinates":[7.10638,49.26717]},"properties":{"d":"33476","kva":800,"kwp":165.3,"ratio":0.21,"load":5,"rf":0}},{"type":"Feature","geometry":{"type":"Point","coordinates":[7.12383,49.27628]},"properties":{"d":"33476","kva":630,"kwp":145.3,"ratio":0.23,"load":13,"rf":0}},{"type":"Feature","geometry":{"type":"Point","coordinates":[7.092,49.27554]},"properties":{"d":"33476","kva":630,"kwp":153.1,"ratio":0.24,"load":5,"rf":0}},{"type":"Feature","geometry":{"type":"Point","coordinates":[7.11765,49.27367]},"properties":{"d":"33476","kva":630,"kwp":170.6,"ratio":0.27,"load":16,"rf":0}},{"type":"Feature","geometry":{"type":"Point","coordinates":[7.1098,49.27528]},"properties":{"d":"33476","kva":630,"kwp":257.5,"ratio":0.41,"load":13,"rf":0}},{"type":"Feature","geometry":{"type":"Point","coordinates":[7.12133,49.27173]},"properties":{"d":"33476","kva":630,"kwp":149.5,"ratio":0.24,"load":13,"rf":0}},{"type":"Feature","geometry":{"type":"Point","coordinates":[7.11551,49.28957]},"properties":{"d":"33476","kva":630,"kwp":125.3,"ratio":0.2,"load":49,"rf":0}},{"type":"Feature","geometry":{"type":"Point","coordinates":[7.10764,49.27957]},"properties":{"d":"33476","kva":800,"kwp":33.7,"ratio":0.04,"load":3,"rf":0}},{"type":"Feature","geometry":{"type":"Point","coordinates":[7.08363,49.26757]},"properties":{"d":"33476","kva":400,"kwp":54.3,"ratio":0.14,"load":2,"rf":0}},{"type":"Feature","geometry":{"type":"Point","coordinates":[7.09604,49.28297]},"properties":{"d":"33476","kva":400,"kwp":70.5,"ratio":0.18,"load":3,"rf":0}},{"type":"Feature","geometry":{"type":"Point","coordinates":[7.09866,49.27042]},"properties":{"d":"33476","kva":400,"kwp":158.6,"ratio":0.4,"load":10,"rf":0}},{"type":"Feature","geometry":{"type":"Point","coordinates":[7.10239,49.27343]},"properties":{"d":"33476","kva":630,"kwp":160.7,"ratio":0.26,"load":6,"rf":0}},{"type":"Feature","geometry":{"type":"Point","coordinates":[7.10483,49.28223]},"properties":{"d":"33476","kva":1000,"kwp":139.0,"ratio":0.14,"load":1,"rf":0}},{"type":"Feature","geometry":{"type":"Point","coordinates":[7.08636,49.26459]},"properties":{"d":"33476","kva":630,"kwp":72.4,"ratio":0.11,"load":4,"rf":0}},{"type":"Feature","geometry":{"type":"Point","coordinates":[7.11763,49.28718]},"properties":{"d":"33476","kva":630,"kwp":148.5,"ratio":0.24,"load":14,"rf":0}},{"type":"Feature","geometry":{"type":"Point","coordinates":[7.11759,49.27048]},"properties":{"d":"33476","kva":400,"kwp":117.9,"ratio":0.29,"load":7,"rf":0}},{"type":"Feature","geometry":{"type":"Point","coordinates":[7.07691,49.26034]},"properties":{"d":"33476","kva":250,"kwp":32.0,"ratio":0.13,"load":1,"rf":0}},{"type":"Feature","geometry":{"type":"Point","coordinates":[7.09518,49.27731]},"properties":{"d":"33476","kva":800,"kwp":19.0,"ratio":0.02,"load":5,"rf":0}},{"type":"Feature","geometry":{"type":"Point","coordinates":[7.12149,49.27644]},"properties":{"d":"33476","kva":630,"kwp":173.7,"ratio":0.28,"load":16,"rf":0}},{"type":"Feature","geometry":{"type":"Point","coordinates":[7.12278,49.28151]},"properties":{"d":"33476","kva":1000,"kwp":163.2,"ratio":0.16,"load":2,"rf":0}},{"type":"Feature","geometry":{"type":"Point","coordinates":[7.09972,49.28181]},"properties":{"d":"33476","kva":400,"kwp":80.1,"ratio":0.2,"load":11,"rf":0}},{"type":"Feature","geometry":{"type":"Point","coordinates":[7.12493,49.27882]},"properties":{"d":"33476","kva":400,"kwp":86.3,"ratio":0.22,"load":12,"rf":0}},{"type":"Feature","geometry":{"type":"Point","coordinates":[7.12035,49.28782]},"properties":{"d":"33476","kva":400,"kwp":198.4,"ratio":0.5,"load":13,"rf":0}},{"type":"Feature","geometry":{"type":"Point","coordinates":[7.10591,49.2636]},"properties":{"d":"33476","kva":630,"kwp":74.8,"ratio":0.12,"load":4,"rf":0}},{"type":"Feature","geometry":{"type":"Point","coordinates":[7.11511,49.27459]},"properties":{"d":"33476","kva":630,"kwp":126.4,"ratio":0.2,"load":4,"rf":0}},{"type":"Feature","geometry":{"type":"Point","coordinates":[7.09303,49.28501]},"properties":{"d":"33476","kva":400,"kwp":43.9,"ratio":0.11,"load":4,"rf":0}},{"type":"Feature","geometry":{"type":"Point","coordinates":[7.11099,49.27204]},"properties":{"d":"33476","kva":400,"kwp":94.8,"ratio":0.24,"load":14,"rf":0}},{"type":"Feature","geometry":{"type":"Point","coordinates":[7.11557,49.27212]},"properties":{"d":"33476","kva":400,"kwp":123.7,"ratio":0.31,"load":8,"rf":0}},{"type":"Feature","geometry":{"type":"Point","coordinates":[7.10617,49.26208]},"properties":{"d":"33476","kva":250,"kwp":39.0,"ratio":0.16,"load":8,"rf":0}},{"type":"Feature","geometry":{"type":"Point","coordinates":[7.12444,49.2725]},"properties":{"d":"33476","kva":630,"kwp":160.0,"ratio":0.25,"load":6,"rf":0}},{"type":"Feature","geometry":{"type":"Point","coordinates":[7.08474,49.26857]},"properties":{"d":"33476","kva":250,"kwp":37.1,"ratio":0.15,"load":1,"rf":0}},{"type":"Feature","geometry":{"type":"Point","coordinates":[7.08584,49.26179]},"properties":{"d":"33476","kva":250,"kwp":26.9,"ratio":0.11,"load":3,"rf":0}},{"type":"Feature","geometry":{"type":"Point","coordinates":[7.1207,49.26701]},"properties":{"d":"33476","kva":250,"kwp":60.0,"ratio":0.24,"load":14,"rf":0}},{"type":"Feature","geometry":{"type":"Point","coordinates":[7.09738,49.28763]},"properties":{"d":"33476","kva":400,"kwp":36.4,"ratio":0.09,"load":3,"rf":0}},{"type":"Feature","geometry":{"type":"Point","coordinates":[7.11066,49.26424]},"properties":{"d":"33476","kva":630,"kwp":87.4,"ratio":0.14,"load":5,"rf":0}},{"type":"Feature","geometry":{"type":"Point","coordinates":[7.0971,49.28528]},"properties":{"d":"33476","kva":400,"kwp":47.6,"ratio":0.12,"load":4,"rf":0}},{"type":"Feature","geometry":{"type":"Point","coordinates":[7.11938,49.2908]},"properties":{"d":"33476","kva":630,"kwp":167.4,"ratio":0.27,"load":15,"rf":0}},{"type":"Feature","geometry":{"type":"Point","coordinates":[7.11392,49.26681]},"properties":{"d":"33476","kva":400,"kwp":164.1,"ratio":0.41,"load":10,"rf":0}},{"type":"Feature","geometry":{"type":"Point","coordinates":[7.11353,49.28125]},"properties":{"d":"33476","kva":630,"kwp":106.3,"ratio":0.17,"load":2,"rf":0}},{"type":"Feature","geometry":{"type":"Point","coordinates":[7.11188,49.28048]},"properties":{"d":"33476","kva":800,"kwp":46.3,"ratio":0.06,"load":2,"rf":0}},{"type":"Feature","geometry":{"type":"Point","coordinates":[7.10392,49.2699]},"properties":{"d":"33476","kva":400,"kwp":190.6,"ratio":0.48,"load":15,"rf":0}},{"type":"Feature","geometry":{"type":"Point","coordinates":[7.12252,49.28481]},"properties":{"d":"33476","kva":630,"kwp":206.4,"ratio":0.33,"load":10,"rf":0}},{"type":"Feature","geometry":{"type":"Point","coordinates":[7.09383,49.27157]},"properties":{"d":"33476","kva":630,"kwp":40.0,"ratio":0.06,"load":3,"rf":0}},{"type":"Feature","geometry":{"type":"Point","coordinates":[7.0992,49.27746]},"properties":{"d":"33476","kva":250,"kwp":6.3,"ratio":0.03,"load":2,"rf":0}},{"type":"Feature","geometry":{"type":"Point","coordinates":[7.11216,49.28539]},"properties":{"d":"33476","kva":630,"kwp":205.8,"ratio":0.33,"load":21,"rf":0}},{"type":"Feature","geometry":{"type":"Point","coordinates":[7.07845,49.2624]},"properties":{"d":"33476","kva":250,"kwp":37.1,"ratio":0.15,"load":1,"rf":0}},{"type":"Feature","geometry":{"type":"Point","coordinates":[7.08224,49.26157]},"properties":{"d":"33476","kva":250,"kwp":20.4,"ratio":0.08,"load":3,"rf":0}},{"type":"Feature","geometry":{"type":"Point","coordinates":[7.10305,49.26808]},"properties":{"d":"33476","kva":400,"kwp":74.8,"ratio":0.19,"load":9,"rf":0}},{"type":"Feature","geometry":{"type":"Point","coordinates":[7.11209,49.27779]},"properties":{"d":"33476","kva":630,"kwp":160.2,"ratio":0.25,"load":5,"rf":0}},{"type":"Feature","geometry":{"type":"Point","coordinates":[7.10049,49.2746]},"properties":{"d":"33476","kva":630,"kwp":34.7,"ratio":0.06,"load":4,"rf":0}},{"type":"Feature","geometry":{"type":"Point","coordinates":[7.10593,49.27912]},"properties":{"d":"33476","kva":400,"kwp":91.1,"ratio":0.23,"load":4,"rf":0}},{"type":"Feature","geometry":{"type":"Point","coordinates":[7.10754,49.26977]},"properties":{"d":"33476","kva":400,"kwp":139.9,"ratio":0.35,"load":23,"rf":0}},{"type":"Feature","geometry":{"type":"Point","coordinates":[7.08951,49.285]},"properties":{"d":"33476","kva":250,"kwp":40.1,"ratio":0.16,"load":2,"rf":0}},{"type":"Feature","geometry":{"type":"Point","coordinates":[7.11553,49.2781]},"properties":{"d":"33476","kva":800,"kwp":139.0,"ratio":0.17,"load":2,"rf":0}},{"type":"Feature","geometry":{"type":"Point","coordinates":[7.09739,49.27207]},"properties":{"d":"33476","kva":630,"kwp":9.5,"ratio":0.02,"load":5,"rf":0}},{"type":"Feature","geometry":{"type":"Point","coordinates":[7.10021,49.28884]},"properties":{"d":"33476","kva":400,"kwp":46.0,"ratio":0.12,"load":4,"rf":0}},{"type":"Feature","geometry":{"type":"Point","coordinates":[7.09933,49.28365]},"properties":{"d":"33476","kva":250,"kwp":39.0,"ratio":0.16,"load":2,"rf":0}},{"type":"Feature","geometry":{"type":"Point","coordinates":[7.11405,49.28305]},"properties":{"d":"33476","kva":630,"kwp":140.0,"ratio":0.22,"load":13,"rf":0}},{"type":"Feature","geometry":{"type":"Point","coordinates":[7.10753,49.28637]},"properties":{"d":"33476","kva":400,"kwp":89.1,"ratio":0.22,"load":12,"rf":0}},{"type":"Feature","geometry":{"type":"Point","coordinates":[7.09732,49.29013]},"properties":{"d":"33476","kva":400,"kwp":42.3,"ratio":0.11,"load":4,"rf":0}},{"type":"Feature","geometry":{"type":"Point","coordinates":[7.09979,49.26265]},"properties":{"d":"33476","kva":400,"kwp":72.7,"ratio":0.18,"load":9,"rf":0}},{"type":"Feature","geometry":{"type":"Point","coordinates":[7.11125,49.27431]},"properties":{"d":"33476","kva":100,"kwp":4.2,"ratio":0.04,"load":3,"rf":0}},{"type":"Feature","geometry":{"type":"Point","coordinates":[7.11629,49.2823]},"properties":{"d":"33476","kva":250,"kwp":71.6,"ratio":0.29,"load":5,"rf":0}},{"type":"Feature","geometry":{"type":"Point","coordinates":[7.1255,49.2814]},"properties":{"d":"33476","kva":400,"kwp":27.4,"ratio":0.07,"load":2,"rf":0}},{"type":"Feature","geometry":{"type":"Point","coordinates":[7.10935,49.28621]},"properties":{"d":"33476","kva":400,"kwp":66.3,"ratio":0.17,"load":9,"rf":0}},{"type":"Feature","geometry":{"type":"Point","coordinates":[7.12698,49.27037]},"properties":{"d":"33476","kva":400,"kwp":16.8,"ratio":0.04,"load":5,"rf":0}},{"type":"Feature","geometry":{"type":"Point","coordinates":[7.1021,49.26569]},"properties":{"d":"33476","kva":160,"kwp":37.9,"ratio":0.24,"load":14,"rf":0}},{"type":"Feature","geometry":{"type":"Point","coordinates":[7.1181,49.26732]},"properties":{"d":"33476","kva":400,"kwp":42.1,"ratio":0.11,"load":4,"rf":0}},{"type":"Feature","geometry":{"type":"Point","coordinates":[7.11317,49.2894]},"properties":{"d":"33476","kva":160,"kwp":105.0,"ratio":0.66,"load":49,"rf":0}},{"type":"Feature","geometry":{"type":"Point","coordinates":[7.12248,49.28707]},"properties":{"d":"33476","kva":250,"kwp":85.3,"ratio":0.34,"load":6,"rf":0}},{"type":"Feature","geometry":{"type":"Point","coordinates":[7.07733,49.26832]},"properties":{"d":"33476","kva":160,"kwp":14.8,"ratio":0.09,"load":3,"rf":0}},{"type":"Feature","geometry":{"type":"Point","coordinates":[7.10203,49.26129]},"properties":{"d":"33476","kva":250,"kwp":43.2,"ratio":0.17,"load":9,"rf":0}},{"type":"Feature","geometry":{"type":"Point","coordinates":[7.10843,49.27669]},"properties":{"d":"33476","kva":630,"kwp":6.3,"ratio":0.01,"load":6,"rf":0}},{"type":"Feature","geometry":{"type":"Point","coordinates":[7.1082,49.28201]},"properties":{"d":"33476","kva":630,"kwp":74.8,"ratio":0.12,"load":4,"rf":0}},{"type":"Feature","geometry":{"type":"Point","coordinates":[7.11821,49.28353]},"properties":{"d":"33476","kva":250,"kwp":65.3,"ratio":0.26,"load":16,"rf":0}},{"type":"Feature","geometry":{"type":"Point","coordinates":[7.08422,49.26034]},"properties":{"d":"33476","kva":250,"kwp":22.3,"ratio":0.09,"load":3,"rf":0}},{"type":"Feature","geometry":{"type":"Point","coordinates":[7.08644,49.26684]},"properties":{"d":"33476","kva":160,"kwp":22.3,"ratio":0.14,"load":6,"rf":0}},{"type":"Feature","geometry":{"type":"Point","coordinates":[7.09708,49.27853]},"properties":{"d":"33476","kva":250,"kwp":10.5,"ratio":0.04,"load":1,"rf":0}},{"type":"Feature","geometry":{"type":"Point","coordinates":[7.10158,49.28721]},"properties":{"d":"33476","kva":400,"kwp":76.8,"ratio":0.19,"load":9,"rf":0}},{"type":"Feature","geometry":{"type":"Point","coordinates":[7.11321,49.27681]},"properties":{"d":"33476","kva":630,"kwp":126.1,"ratio":0.2,"load":5,"rf":0}},{"type":"Feature","geometry":{"type":"Point","coordinates":[7.11318,49.2702]},"properties":{"d":"33476","kva":160,"kwp":19.0,"ratio":0.12,"load":6,"rf":0}},{"type":"Feature","geometry":{"type":"Point","coordinates":[7.10019,49.28721]},"properties":{"d":"33476","kva":400,"kwp":25.7,"ratio":0.06,"load":2,"rf":0}},{"type":"Feature","geometry":{"type":"Point","coordinates":[7.10927,49.28325]},"properties":{"d":"33476","kva":630,"kwp":169.5,"ratio":0.27,"load":6,"rf":0}},{"type":"Feature","geometry":{"type":"Point","coordinates":[7.10566,49.27567]},"properties":{"d":"33476","kva":160,"kwp":9.5,"ratio":0.06,"load":2,"rf":0}},{"type":"Feature","geometry":{"type":"Point","coordinates":[7.10842,49.26413]},"properties":{"d":"33476","kva":250,"kwp":40.0,"ratio":0.16,"load":8,"rf":0}},{"type":"Feature","geometry":{"type":"Point","coordinates":[7.12249,49.27459]},"properties":{"d":"33476","kva":400,"kwp":63.2,"ratio":0.16,"load":7,"rf":0}},{"type":"Feature","geometry":{"type":"Point","coordinates":[7.11911,49.26878]},"properties":{"d":"33476","kva":250,"kwp":67.4,"ratio":0.27,"load":4,"rf":0}},{"type":"Feature","geometry":{"type":"Point","coordinates":[7.10025,49.28511]},"properties":{"d":"33476","kva":400,"kwp":135.9,"ratio":0.34,"load":10,"rf":0}},{"type":"Feature","geometry":{"type":"Point","coordinates":[7.10275,49.26405]},"properties":{"d":"33476","kva":250,"kwp":61.1,"ratio":0.24,"load":14,"rf":0}},{"type":"Feature","geometry":{"type":"Point","coordinates":[7.08824,49.26915]},"properties":{"d":"33476","kva":250,"kwp":52.0,"ratio":0.21,"load":12,"rf":0}},{"type":"Feature","geometry":{"type":"Point","coordinates":[7.08175,49.3019]},"properties":{"d":"33476","kva":100,"kwp":3.2,"ratio":0.03,"load":1,"rf":0}},{"type":"Feature","geometry":{"type":"Point","coordinates":[7.0848,49.29719]},"properties":{"d":"33476","kva":100,"kwp":35.5,"ratio":0.36,"load":29,"rf":0}},{"type":"Feature","geometry":{"type":"Point","coordinates":[7.09282,49.29639]},"properties":{"d":"33476","kva":100,"kwp":3.2,"ratio":0.03,"load":1,"rf":0}},{"type":"Feature","geometry":{"type":"Point","coordinates":[7.09923,49.25548]},"properties":{"d":"33476","kva":400,"kwp":73.2,"ratio":0.18,"load":10,"rf":0}},{"type":"Feature","geometry":{"type":"Point","coordinates":[7.1091,49.29937]},"properties":{"d":"33476","kva":100,"kwp":6.4,"ratio":0.06,"load":2,"rf":0}},{"type":"Feature","geometry":{"type":"Point","coordinates":[7.12728,49.25428]},"properties":{"d":"33476","kva":630,"kwp":157.9,"ratio":0.25,"load":15,"rf":0}},{"type":"Feature","geometry":{"type":"Point","coordinates":[7.13113,49.24898]},"properties":{"d":"33476","kva":100,"kwp":2.1,"ratio":0.02,"load":1,"rf":0}},{"type":"Feature","geometry":{"type":"Point","coordinates":[7.05196,49.30075]},"properties":{"d":"33476","kva":800,"kwp":141.8,"ratio":0.18,"load":3,"rf":0}},{"type":"Feature","geometry":{"type":"Point","coordinates":[7.06083,49.30008]},"properties":{"d":"33476","kva":800,"kwp":123.6,"ratio":0.15,"load":2,"rf":0}},{"type":"Feature","geometry":{"type":"Point","coordinates":[7.08388,49.32226]},"properties":{"d":"33476","kva":400,"kwp":61.6,"ratio":0.15,"load":3,"rf":0}},{"type":"Feature","geometry":{"type":"Point","coordinates":[7.07814,49.30845]},"properties":{"d":"33476","kva":400,"kwp":134.8,"ratio":0.34,"load":9,"rf":0}},{"type":"Feature","geometry":{"type":"Point","coordinates":[7.06304,49.30069]},"properties":{"d":"33476","kva":630,"kwp":115.0,"ratio":0.18,"load":3,"rf":0}},{"type":"Feature","geometry":{"type":"Point","coordinates":[7.04408,49.29417]},"properties":{"d":"33476","kva":250,"kwp":55.4,"ratio":0.22,"load":4,"rf":0}},{"type":"Feature","geometry":{"type":"Point","coordinates":[7.05639,49.30127]},"properties":{"d":"33476","kva":250,"kwp":214.7,"ratio":0.86,"load":58,"rf":0}},{"type":"Feature","geometry":{"type":"Point","coordinates":[7.08482,49.31862]},"properties":{"d":"33476","kva":160,"kwp":7.9,"ratio":0.05,"load":3,"rf":0}},{"type":"Feature","geometry":{"type":"Point","coordinates":[7.05658,49.30787]},"properties":{"d":"33476","kva":250,"kwp":42.3,"ratio":0.17,"load":3,"rf":0}},{"type":"Feature","geometry":{"type":"Point","coordinates":[7.05712,49.31229]},"properties":{"d":"33476","kva":250,"kwp":41.1,"ratio":0.16,"load":3,"rf":0}},{"type":"Feature","geometry":{"type":"Point","coordinates":[7.07038,49.2833]},"properties":{"d":"33476","kva":800,"kwp":136.4,"ratio":0.17,"load":3,"rf":0}},{"type":"Feature","geometry":{"type":"Point","coordinates":[7.07397,49.28456]},"properties":{"d":"33476","kva":400,"kwp":76.5,"ratio":0.19,"load":4,"rf":0}},{"type":"Feature","geometry":{"type":"Point","coordinates":[7.06129,49.28318]},"properties":{"d":"33476","kva":400,"kwp":74.4,"ratio":0.19,"load":4,"rf":0}},{"type":"Feature","geometry":{"type":"Point","coordinates":[7.08225,49.29162]},"properties":{"d":"33476","kva":400,"kwp":98.5,"ratio":0.25,"load":44,"rf":0}},{"type":"Feature","geometry":{"type":"Point","coordinates":[7.06857,49.28013]},"properties":{"d":"33476","kva":630,"kwp":109.1,"ratio":0.17,"load":3,"rf":0}},{"type":"Feature","geometry":{"type":"Point","coordinates":[7.11784,49.28006]},"properties":{"d":"33476","kva":630,"kwp":192.7,"ratio":0.31,"load":8,"rf":0}},{"type":"Feature","geometry":{"type":"Point","coordinates":[7.10538,49.28499]},"properties":{"d":"33476","kva":630,"kwp":211.6,"ratio":0.34,"load":9,"rf":0}},{"type":"Feature","geometry":{"type":"Point","coordinates":[7.10892,49.26815]},"properties":{"d":"33476","kva":800,"kwp":170.6,"ratio":0.21,"load":5,"rf":0}},{"type":"Feature","geometry":{"type":"Point","coordinates":[7.12432,49.26817]},"properties":{"d":"33476","kva":1000,"kwp":71.6,"ratio":0.07,"load":3,"rf":0}},{"type":"Feature","geometry":{"type":"Point","coordinates":[7.092,49.27554]},"properties":{"d":"33476","kva":630,"kwp":153.1,"ratio":0.24,"load":5,"rf":0}},{"type":"Feature","geometry":{"type":"Point","coordinates":[7.10764,49.27957]},"properties":{"d":"33476","kva":800,"kwp":33.7,"ratio":0.04,"load":3,"rf":0}},{"type":"Feature","geometry":{"type":"Point","coordinates":[7.10239,49.27343]},"properties":{"d":"33476","kva":630,"kwp":160.7,"ratio":0.26,"load":6,"rf":0}},{"type":"Feature","geometry":{"type":"Point","coordinates":[7.10483,49.28223]},"properties":{"d":"33476","kva":1000,"kwp":139.0,"ratio":0.14,"load":1,"rf":0}},{"type":"Feature","geometry":{"type":"Point","coordinates":[7.09518,49.27731]},"properties":{"d":"33476","kva":800,"kwp":19.0,"ratio":0.02,"load":5,"rf":0}},{"type":"Feature","geometry":{"type":"Point","coordinates":[7.12278,49.28151]},"properties":{"d":"33476","kva":1000,"kwp":163.2,"ratio":0.16,"load":2,"rf":0}},{"type":"Feature","geometry":{"type":"Point","coordinates":[7.11557,49.27212]},"properties":{"d":"33476","kva":400,"kwp":123.7,"ratio":0.31,"load":8,"rf":0}},{"type":"Feature","geometry":{"type":"Point","coordinates":[7.12444,49.2725]},"properties":{"d":"33476","kva":630,"kwp":160.0,"ratio":0.25,"load":6,"rf":0}},{"type":"Feature","geometry":{"type":"Point","coordinates":[7.11353,49.28125]},"properties":{"d":"33476","kva":630,"kwp":106.3,"ratio":0.17,"load":2,"rf":0}},{"type":"Feature","geometry":{"type":"Point","coordinates":[7.11188,49.28048]},"properties":{"d":"33476","kva":800,"kwp":46.3,"ratio":0.06,"load":2,"rf":0}},{"type":"Feature","geometry":{"type":"Point","coordinates":[7.10392,49.2699]},"properties":{"d":"33476","kva":400,"kwp":190.6,"ratio":0.48,"load":15,"rf":0}},{"type":"Feature","geometry":{"type":"Point","coordinates":[7.09383,49.27157]},"properties":{"d":"33476","kva":630,"kwp":40.0,"ratio":0.06,"load":3,"rf":0}},{"type":"Feature","geometry":{"type":"Point","coordinates":[7.11209,49.27779]},"properties":{"d":"33476","kva":630,"kwp":160.2,"ratio":0.25,"load":5,"rf":0}},{"type":"Feature","geometry":{"type":"Point","coordinates":[7.10049,49.2746]},"properties":{"d":"33476","kva":630,"kwp":34.7,"ratio":0.06,"load":4,"rf":0}},{"type":"Feature","geometry":{"type":"Point","coordinates":[7.10593,49.27912]},"properties":{"d":"33476","kva":400,"kwp":91.1,"ratio":0.23,"load":4,"rf":0}},{"type":"Feature","geometry":{"type":"Point","coordinates":[7.11553,49.2781]},"properties":{"d":"33476","kva":800,"kwp":139.0,"ratio":0.17,"load":2,"rf":0}},{"type":"Feature","geometry":{"type":"Point","coordinates":[7.09739,49.27207]},"properties":{"d":"33476","kva":630,"kwp":9.5,"ratio":0.02,"load":5,"rf":0}},{"type":"Feature","geometry":{"type":"Point","coordinates":[7.12698,49.27037]},"properties":{"d":"33476","kva":400,"kwp":16.8,"ratio":0.04,"load":5,"rf":0}},{"type":"Feature","geometry":{"type":"Point","coordinates":[7.10843,49.27669]},"properties":{"d":"33476","kva":630,"kwp":6.3,"ratio":0.01,"load":6,"rf":0}},{"type":"Feature","geometry":{"type":"Point","coordinates":[7.10927,49.28325]},"properties":{"d":"33476","kva":630,"kwp":169.5,"ratio":0.27,"load":6,"rf":0}},{"type":"Feature","geometry":{"type":"Point","coordinates":[7.10025,49.28511]},"properties":{"d":"33476","kva":400,"kwp":135.9,"ratio":0.34,"load":10,"rf":0}},{"type":"Feature","geometry":{"type":"Point","coordinates":[7.09923,49.25548]},"properties":{"d":"33476","kva":400,"kwp":73.2,"ratio":0.18,"load":10,"rf":0}},{"type":"Feature","geometry":{"type":"Point","coordinates":[7.04705,49.30018]},"properties":{"d":"33476","kva":630,"kwp":99.9,"ratio":0.16,"load":3,"rf":0}},{"type":"Feature","geometry":{"type":"Point","coordinates":[7.08025,49.31075]},"properties":{"d":"33476","kva":630,"kwp":92.6,"ratio":0.15,"load":3,"rf":0}},{"type":"Feature","geometry":{"type":"Point","coordinates":[7.05164,49.29726]},"properties":{"d":"33476","kva":630,"kwp":117.2,"ratio":0.19,"load":3,"rf":0}},{"type":"Feature","geometry":{"type":"Point","coordinates":[7.07272,49.31226]},"properties":{"d":"33476","kva":630,"kwp":236.2,"ratio":0.37,"load":11,"rf":0}},{"type":"Feature","geometry":{"type":"Point","coordinates":[7.05741,49.29913]},"properties":{"d":"33476","kva":630,"kwp":116.8,"ratio":0.19,"load":3,"rf":0}},{"type":"Feature","geometry":{"type":"Point","coordinates":[7.04567,49.29797]},"properties":{"d":"33476","kva":630,"kwp":63.7,"ratio":0.1,"load":2,"rf":0}},{"type":"Feature","geometry":{"type":"Point","coordinates":[7.06268,49.30395]},"properties":{"d":"33476","kva":630,"kwp":143.7,"ratio":0.23,"load":11,"rf":0}},{"type":"Feature","geometry":{"type":"Point","coordinates":[7.06709,49.31167]},"properties":{"d":"33476","kva":630,"kwp":70.6,"ratio":0.11,"load":3,"rf":0}},{"type":"Feature","geometry":{"type":"Point","coordinates":[7.06965,49.30304]},"properties":{"d":"33476","kva":630,"kwp":67.4,"ratio":0.11,"load":2,"rf":0}},{"type":"Feature","geometry":{"type":"Point","coordinates":[7.06689,49.29864]},"properties":{"d":"33476","kva":630,"kwp":39.1,"ratio":0.06,"load":2,"rf":0}},{"type":"Feature","geometry":{"type":"Point","coordinates":[7.04217,49.29812]},"properties":{"d":"33476","kva":630,"kwp":70.9,"ratio":0.11,"load":3,"rf":0}},{"type":"Feature","geometry":{"type":"Point","coordinates":[7.0706,49.31072]},"properties":{"d":"33476","kva":630,"kwp":62.6,"ratio":0.1,"load":2,"rf":0}},{"type":"Feature","geometry":{"type":"Point","coordinates":[7.0891,49.31601]},"properties":{"d":"33476","kva":630,"kwp":37.5,"ratio":0.06,"load":3,"rf":0}},{"type":"Feature","geometry":{"type":"Point","coordinates":[7.05923,49.30393]},"properties":{"d":"33476","kva":630,"kwp":11.8,"ratio":0.02,"load":1,"rf":0}},{"type":"Feature","geometry":{"type":"Point","coordinates":[7.06542,49.30056]},"properties":{"d":"33476","kva":630,"kwp":53.0,"ratio":0.08,"load":2,"rf":0}},{"type":"Feature","geometry":{"type":"Point","coordinates":[7.08697,49.30654]},"properties":{"d":"33476","kva":630,"kwp":36.9,"ratio":0.06,"load":1,"rf":0}},{"type":"Feature","geometry":{"type":"Point","coordinates":[7.06282,49.31156]},"properties":{"d":"33476","kva":630,"kwp":41.2,"ratio":0.07,"load":2,"rf":0}},{"type":"Feature","geometry":{"type":"Point","coordinates":[7.07871,49.28943]},"properties":{"d":"33476","kva":630,"kwp":11.8,"ratio":0.02,"load":4,"rf":0}},{"type":"Feature","geometry":{"type":"Point","coordinates":[7.07121,49.28942]},"properties":{"d":"33476","kva":630,"kwp":92.8,"ratio":0.15,"load":2,"rf":0}},{"type":"Feature","geometry":{"type":"Point","coordinates":[7.07705,49.28633]},"properties":{"d":"33476","kva":630,"kwp":183.9,"ratio":0.29,"load":8,"rf":0}},{"type":"Feature","geometry":{"type":"Point","coordinates":[7.07233,49.28669]},"properties":{"d":"33476","kva":630,"kwp":96.3,"ratio":0.15,"load":3,"rf":0}},{"type":"Feature","geometry":{"type":"Point","coordinates":[7.12432,49.26817]},"properties":{"d":"33476","kva":630,"kwp":71.6,"ratio":0.11,"load":4,"rf":0}},{"type":"Feature","geometry":{"type":"Point","coordinates":[7.10638,49.26717]},"properties":{"d":"33476","kva":630,"kwp":165.3,"ratio":0.26,"load":7,"rf":0}},{"type":"Feature","geometry":{"type":"Point","coordinates":[7.1098,49.27528]},"properties":{"d":"33476","kva":630,"kwp":257.5,"ratio":0.41,"load":13,"rf":0}},{"type":"Feature","geometry":{"type":"Point","coordinates":[7.08363,49.26757]},"properties":{"d":"33476","kva":630,"kwp":54.3,"ratio":0.09,"load":2,"rf":0}},{"type":"Feature","geometry":{"type":"Point","coordinates":[7.09604,49.28297]},"properties":{"d":"33476","kva":630,"kwp":70.5,"ratio":0.11,"load":3,"rf":0}},{"type":"Feature","geometry":{"type":"Point","coordinates":[7.09866,49.27042]},"properties":{"d":"33476","kva":630,"kwp":158.6,"ratio":0.25,"load":10,"rf":0}},{"type":"Feature","geometry":{"type":"Point","coordinates":[7.10483,49.28223]},"properties":{"d":"33476","kva":630,"kwp":139.0,"ratio":0.22,"load":2,"rf":0}},{"type":"Feature","geometry":{"type":"Point","coordinates":[7.11759,49.27048]},"properties":{"d":"33476","kva":630,"kwp":117.9,"ratio":0.19,"load":7,"rf":0}},{"type":"Feature","geometry":{"type":"Point","coordinates":[7.07691,49.26034]},"properties":{"d":"33476","kva":630,"kwp":32.0,"ratio":0.05,"load":1,"rf":0}},{"type":"Feature","geometry":{"type":"Point","coordinates":[7.12035,49.28782]},"properties":{"d":"33476","kva":630,"kwp":198.4,"ratio":0.31,"load":13,"rf":0}},{"type":"Feature","geometry":{"type":"Point","coordinates":[7.11511,49.27459]},"properties":{"d":"33476","kva":630,"kwp":126.4,"ratio":0.2,"load":4,"rf":0}},{"type":"Feature","geometry":{"type":"Point","coordinates":[7.08474,49.26857]},"properties":{"d":"33476","kva":630,"kwp":37.1,"ratio":0.06,"load":1,"rf":0}},{"type":"Feature","geometry":{"type":"Point","coordinates":[7.11392,49.26681]},"properties":{"d":"33476","kva":630,"kwp":164.1,"ratio":0.26,"load":10,"rf":0}},{"type":"Feature","geometry":{"type":"Point","coordinates":[7.12252,49.28481]},"properties":{"d":"33476","kva":630,"kwp":206.4,"ratio":0.33,"load":10,"rf":0}},{"type":"Feature","geometry":{"type":"Point","coordinates":[7.0992,49.27746]},"properties":{"d":"33476","kva":630,"kwp":6.3,"ratio":0.01,"load":2,"rf":0}},{"type":"Feature","geometry":{"type":"Point","coordinates":[7.07845,49.2624]},"properties":{"d":"33476","kva":630,"kwp":37.1,"ratio":0.06,"load":1,"rf":0}},{"type":"Feature","geometry":{"type":"Point","coordinates":[7.08951,49.285]},"properties":{"d":"33476","kva":630,"kwp":40.1,"ratio":0.06,"load":2,"rf":0}},{"type":"Feature","geometry":{"type":"Point","coordinates":[7.09933,49.28365]},"properties":{"d":"33476","kva":630,"kwp":39.0,"ratio":0.06,"load":2,"rf":0}},{"type":"Feature","geometry":{"type":"Point","coordinates":[7.11629,49.2823]},"properties":{"d":"33476","kva":630,"kwp":71.6,"ratio":0.11,"load":5,"rf":0}},{"type":"Feature","geometry":{"type":"Point","coordinates":[7.12248,49.28707]},"properties":{"d":"33476","kva":630,"kwp":85.3,"ratio":0.14,"load":6,"rf":0}},{"type":"Feature","geometry":{"type":"Point","coordinates":[7.09708,49.27853]},"properties":{"d":"33476","kva":630,"kwp":10.5,"ratio":0.02,"load":1,"rf":0}},{"type":"Feature","geometry":{"type":"Point","coordinates":[7.11321,49.27681]},"properties":{"d":"33476","kva":630,"kwp":126.1,"ratio":0.2,"load":5,"rf":0}},{"type":"Feature","geometry":{"type":"Point","coordinates":[7.11911,49.26878]},"properties":{"d":"33476","kva":630,"kwp":67.4,"ratio":0.11,"load":4,"rf":0}},{"type":"Feature","geometry":{"type":"Point","coordinates":[7.26697,49.24008]},"properties":{"d":"33561","kva":100,"kwp":2.1,"ratio":0.02,"load":1,"rf":0}},{"type":"Feature","geometry":{"type":"Point","coordinates":[7.1856,49.22883]},"properties":{"d":"33561","kva":400,"kwp":275.2,"ratio":0.69,"load":50,"rf":0}},{"type":"Feature","geometry":{"type":"Point","coordinates":[7.184,49.21457]},"properties":{"d":"33561","kva":630,"kwp":681.7,"ratio":1.08,"load":40,"rf":0}},{"type":"Feature","geometry":{"type":"Point","coordinates":[7.18997,49.21674]},"properties":{"d":"33561","kva":250,"kwp":285.2,"ratio":1.14,"load":24,"rf":0}},{"type":"Feature","geometry":{"type":"Point","coordinates":[7.18536,49.21805]},"properties":{"d":"33561","kva":400,"kwp":392.1,"ratio":0.98,"load":28,"rf":0}},{"type":"Feature","geometry":{"type":"Point","coordinates":[7.18368,49.22414]},"properties":{"d":"33561","kva":100,"kwp":5.4,"ratio":0.05,"load":4,"rf":0}},{"type":"Feature","geometry":{"type":"Point","coordinates":[7.18984,49.2222]},"properties":{"d":"33561","kva":100,"kwp":96.2,"ratio":0.96,"load":78,"rf":0}},{"type":"Feature","geometry":{"type":"Point","coordinates":[7.19225,49.24744]},"properties":{"d":"33561","kva":630,"kwp":157.9,"ratio":0.25,"load":15,"rf":0}},{"type":"Feature","geometry":{"type":"Point","coordinates":[7.19359,49.24254]},"properties":{"d":"33561","kva":630,"kwp":272.1,"ratio":0.43,"load":14,"rf":0}},{"type":"Feature","geometry":{"type":"Point","coordinates":[7.20586,49.24853]},"properties":{"d":"33561","kva":800,"kwp":462.4,"ratio":0.58,"load":19,"rf":0}},{"type":"Feature","geometry":{"type":"Point","coordinates":[7.2108,49.24268]},"properties":{"d":"33561","kva":630,"kwp":304.6,"ratio":0.48,"load":33,"rf":0}},{"type":"Feature","geometry":{"type":"Point","coordinates":[7.20497,49.24428]},"properties":{"d":"33561","kva":1000,"kwp":643.6,"ratio":0.64,"load":22,"rf":0}},{"type":"Feature","geometry":{"type":"Point","coordinates":[7.21385,49.24478]},"properties":{"d":"33561","kva":400,"kwp":270.0,"ratio":0.68,"load":49,"rf":0}},{"type":"Feature","geometry":{"type":"Point","coordinates":[7.18812,49.24113]},"properties":{"d":"33561","kva":160,"kwp":37.9,"ratio":0.24,"load":14,"rf":0}},{"type":"Feature","geometry":{"type":"Point","coordinates":[7.19859,49.2471]},"properties":{"d":"33561","kva":630,"kwp":169.5,"ratio":0.27,"load":15,"rf":0}},{"type":"Feature","geometry":{"type":"Point","coordinates":[7.20151,49.21818]},"properties":{"d":"33561","kva":400,"kwp":292.9,"ratio":0.73,"load":20,"rf":0}},{"type":"Feature","geometry":{"type":"Point","coordinates":[7.21108,49.22169]},"properties":{"d":"33561","kva":400,"kwp":298.4,"ratio":0.75,"load":26,"rf":0}},{"type":"Feature","geometry":{"type":"Point","coordinates":[7.20345,49.2206]},"properties":{"d":"33561","kva":400,"kwp":324.9,"ratio":0.81,"load":29,"rf":0}},{"type":"Feature","geometry":{"type":"Point","coordinates":[7.20879,49.25724]},"properties":{"d":"33561","kva":100,"kwp":3.3,"ratio":0.03,"load":2,"rf":0}},{"type":"Feature","geometry":{"type":"Point","coordinates":[7.2112,49.20587]},"properties":{"d":"33561","kva":630,"kwp":362.8,"ratio":0.58,"load":41,"rf":0}},{"type":"Feature","geometry":{"type":"Point","coordinates":[7.21567,49.20319]},"properties":{"d":"33561","kva":630,"kwp":351.9,"ratio":0.56,"load":39,"rf":0}},{"type":"Feature","geometry":{"type":"Point","coordinates":[7.20719,49.21311]},"properties":{"d":"33561","kva":100,"kwp":4.1,"ratio":0.04,"load":2,"rf":0}},{"type":"Feature","geometry":{"type":"Point","coordinates":[7.22205,49.21245]},"properties":{"d":"33561","kva":250,"kwp":166.7,"ratio":0.67,"load":13,"rf":0}},{"type":"Feature","geometry":{"type":"Point","coordinates":[7.2187,49.251]},"properties":{"d":"33561","kva":100,"kwp":12.3,"ratio":0.12,"load":9,"rf":0}},{"type":"Feature","geometry":{"type":"Point","coordinates":[7.22868,49.19162]},"properties":{"d":"33561","kva":400,"kwp":182.0,"ratio":0.46,"load":31,"rf":0}},{"type":"Feature","geometry":{"type":"Point","coordinates":[7.22388,49.18956]},"properties":{"d":"33561","kva":400,"kwp":153.9,"ratio":0.38,"load":26,"rf":0}},{"type":"Feature","geometry":{"type":"Point","coordinates":[7.22388,49.2217]},"properties":{"d":"33561","kva":100,"kwp":61.2,"ratio":0.61,"load":50,"rf":0}},{"type":"Feature","geometry":{"type":"Point","coordinates":[7.22823,49.24821]},"properties":{"d":"33561","kva":100,"kwp":37.0,"ratio":0.37,"load":26,"rf":0}},{"type":"Feature","geometry":{"type":"Point","coordinates":[7.23744,49.23044]},"properties":{"d":"33561","kva":100,"kwp":2.1,"ratio":0.02,"load":1,"rf":0}},{"type":"Feature","geometry":{"type":"Point","coordinates":[7.25182,49.21284]},"properties":{"d":"33561","kva":630,"kwp":434.2,"ratio":0.69,"load":25,"rf":0}},{"type":"Feature","geometry":{"type":"Point","coordinates":[7.24798,49.21324]},"properties":{"d":"33561","kva":400,"kwp":222.3,"ratio":0.56,"load":39,"rf":0}},{"type":"Feature","geometry":{"type":"Point","coordinates":[7.24834,49.21103]},"properties":{"d":"33561","kva":400,"kwp":249.0,"ratio":0.62,"load":17,"rf":0}},{"type":"Feature","geometry":{"type":"Point","coordinates":[7.25503,49.21633]},"properties":{"d":"33561","kva":400,"kwp":273.7,"ratio":0.68,"load":19,"rf":0}},{"type":"Feature","geometry":{"type":"Point","coordinates":[7.24335,49.18487]},"properties":{"d":"33561","kva":100,"kwp":3.6,"ratio":0.04,"load":2,"rf":0}},{"type":"Feature","geometry":{"type":"Point","coordinates":[7.24606,49.19704]},"properties":{"d":"33561","kva":630,"kwp":463.0,"ratio":0.73,"load":26,"rf":0}},{"type":"Feature","geometry":{"type":"Point","coordinates":[7.24716,49.2012]},"properties":{"d":"33561","kva":400,"kwp":327.2,"ratio":0.82,"load":29,"rf":0}},{"type":"Feature","geometry":{"type":"Point","coordinates":[7.24955,49.19531]},"properties":{"d":"33561","kva":250,"kwp":159.5,"ratio":0.64,"load":46,"rf":0}},{"type":"Feature","geometry":{"type":"Point","coordinates":[7.24268,49.24777]},"properties":{"d":"33561","kva":100,"kwp":10.3,"ratio":0.1,"load":7,"rf":0}},{"type":"Feature","geometry":{"type":"Point","coordinates":[7.25774,49.18659]},"properties":{"d":"33561","kva":100,"kwp":8.2,"ratio":0.08,"load":6,"rf":0}},{"type":"Feature","geometry":{"type":"Point","coordinates":[7.23916,49.23976]},"properties":{"d":"33561","kva":400,"kwp":238.7,"ratio":0.6,"load":42,"rf":0}},{"type":"Feature","geometry":{"type":"Point","coordinates":[7.23385,49.2383]},"properties":{"d":"33561","kva":400,"kwp":267.5,"ratio":0.67,"load":18,"rf":0}},{"type":"Feature","geometry":{"type":"Point","coordinates":[7.2544,49.24167]},"properties":{"d":"33561","kva":630,"kwp":393.1,"ratio":0.62,"load":22,"rf":0}},{"type":"Feature","geometry":{"type":"Point","coordinates":[7.24586,49.23739]},"properties":{"d":"33561","kva":630,"kwp":423.9,"ratio":0.67,"load":31,"rf":0}},{"type":"Feature","geometry":{"type":"Point","coordinates":[7.24882,49.25491]},"properties":{"d":"33561","kva":630,"kwp":335.7,"ratio":0.53,"load":18,"rf":0}},{"type":"Feature","geometry":{"type":"Point","coordinates":[7.25731,49.24859]},"properties":{"d":"33561","kva":630,"kwp":861.9,"ratio":1.37,"load":50,"rf":0}},{"type":"Feature","geometry":{"type":"Point","coordinates":[7.25819,49.23778]},"properties":{"d":"33561","kva":630,"kwp":440.4,"ratio":0.7,"load":25,"rf":0}},{"type":"Feature","geometry":{"type":"Point","coordinates":[7.25311,49.25489]},"properties":{"d":"33561","kva":630,"kwp":440.3,"ratio":0.7,"load":24,"rf":0}},{"type":"Feature","geometry":{"type":"Point","coordinates":[7.25561,49.25906]},"properties":{"d":"33561","kva":400,"kwp":122.4,"ratio":0.31,"load":19,"rf":0}},{"type":"Feature","geometry":{"type":"Point","coordinates":[7.25371,49.23601]},"properties":{"d":"33561","kva":400,"kwp":304.6,"ratio":0.76,"load":27,"rf":0}},{"type":"Feature","geometry":{"type":"Point","coordinates":[7.25639,49.23322]},"properties":{"d":"33561","kva":630,"kwp":325.2,"ratio":0.52,"load":17,"rf":0}},{"type":"Feature","geometry":{"type":"Point","coordinates":[7.2496,49.26098]},"properties":{"d":"33561","kva":400,"kwp":98.4,"ratio":0.25,"load":14,"rf":0}},{"type":"Feature","geometry":{"type":"Point","coordinates":[7.25579,49.25126]},"properties":{"d":"33561","kva":630,"kwp":374.6,"ratio":0.59,"load":42,"rf":0}},{"type":"Feature","geometry":{"type":"Point","coordinates":[7.24973,49.23749]},"properties":{"d":"33561","kva":630,"kwp":391.0,"ratio":0.62,"load":22,"rf":0}},{"type":"Feature","geometry":{"type":"Point","coordinates":[7.24228,49.26212]},"properties":{"d":"33561","kva":400,"kwp":111.5,"ratio":0.28,"load":6,"rf":0}},{"type":"Feature","geometry":{"type":"Point","coordinates":[7.2463,49.25325]},"properties":{"d":"33561","kva":160,"kwp":86.4,"ratio":0.54,"load":8,"rf":0}},{"type":"Feature","geometry":{"type":"Point","coordinates":[7.27085,49.23775]},"properties":{"d":"33561","kva":630,"kwp":577.6,"ratio":0.92,"load":32,"rf":0}},{"type":"Feature","geometry":{"type":"Point","coordinates":[7.27152,49.22813]},"properties":{"d":"33561","kva":630,"kwp":475.4,"ratio":0.75,"load":27,"rf":0}},{"type":"Feature","geometry":{"type":"Point","coordinates":[7.26767,49.23173]},"properties":{"d":"33561","kva":630,"kwp":357.1,"ratio":0.57,"load":18,"rf":0}},{"type":"Feature","geometry":{"type":"Point","coordinates":[7.27712,49.24063]},"properties":{"d":"33561","kva":400,"kwp":247.0,"ratio":0.62,"load":17,"rf":0}},{"type":"Feature","geometry":{"type":"Point","coordinates":[7.27349,49.23125]},"properties":{"d":"33561","kva":630,"kwp":886.1,"ratio":1.41,"load":79,"rf":1}},{"type":"Feature","geometry":{"type":"Point","coordinates":[7.27243,49.24134]},"properties":{"d":"33561","kva":630,"kwp":415.7,"ratio":0.66,"load":23,"rf":0}},{"type":"Feature","geometry":{"type":"Point","coordinates":[7.26618,49.2272]},"properties":{"d":"33561","kva":250,"kwp":144.1,"ratio":0.58,"load":69,"rf":0}},{"type":"Feature","geometry":{"type":"Point","coordinates":[7.27654,49.21194]},"properties":{"d":"33561","kva":100,"kwp":2.1,"ratio":0.02,"load":1,"rf":0}},{"type":"Feature","geometry":{"type":"Point","coordinates":[7.2776,49.19153]},"properties":{"d":"33561","kva":100,"kwp":10.3,"ratio":0.1,"load":7,"rf":0}},{"type":"Feature","geometry":{"type":"Point","coordinates":[7.28749,49.16776]},"properties":{"d":"33561","kva":400,"kwp":135.1,"ratio":0.34,"load":21,"rf":0}},{"type":"Feature","geometry":{"type":"Point","coordinates":[7.28023,49.19923]},"properties":{"d":"33561","kva":100,"kwp":106.0,"ratio":1.06,"load":87,"rf":0}},{"type":"Feature","geometry":{"type":"Point","coordinates":[7.28315,49.20334]},"properties":{"d":"33561","kva":100,"kwp":8.2,"ratio":0.08,"load":5,"rf":0}},{"type":"Feature","geometry":{"type":"Point","coordinates":[7.29068,49.26526]},"properties":{"d":"33561","kva":630,"kwp":249.2,"ratio":0.4,"load":12,"rf":0}},{"type":"Feature","geometry":{"type":"Point","coordinates":[7.27616,49.26583]},"properties":{"d":"33561","kva":400,"kwp":266.1,"ratio":0.67,"load":23,"rf":0}},{"type":"Feature","geometry":{"type":"Point","coordinates":[7.28169,49.2628]},"properties":{"d":"33561","kva":630,"kwp":220.8,"ratio":0.35,"load":11,"rf":0}},{"type":"Feature","geometry":{"type":"Point","coordinates":[7.28508,49.26371]},"properties":{"d":"33561","kva":400,"kwp":169.7,"ratio":0.42,"load":28,"rf":0}},{"type":"Feature","geometry":{"type":"Point","coordinates":[7.27539,49.26799]},"properties":{"d":"33561","kva":250,"kwp":66.7,"ratio":0.27,"load":16,"rf":0}},{"type":"Feature","geometry":{"type":"Point","coordinates":[7.28788,49.21984]},"properties":{"d":"33561","kva":100,"kwp":6.2,"ratio":0.06,"load":4,"rf":0}},{"type":"Feature","geometry":{"type":"Point","coordinates":[7.2922,49.18213]},"properties":{"d":"33561","kva":400,"kwp":357.9,"ratio":0.89,"load":32,"rf":0}},{"type":"Feature","geometry":{"type":"Point","coordinates":[7.29537,49.20926]},"properties":{"d":"33561","kva":100,"kwp":6.2,"ratio":0.06,"load":5,"rf":0}},{"type":"Feature","geometry":{"type":"Point","coordinates":[7.30254,49.24173]},"properties":{"d":"33561","kva":100,"kwp":0.0,"ratio":0.0,"load":1,"rf":0}},{"type":"Feature","geometry":{"type":"Point","coordinates":[7.30111,49.23166]},"properties":{"d":"33561","kva":100,"kwp":0.0,"ratio":0.0,"load":3,"rf":0}},{"type":"Feature","geometry":{"type":"Point","coordinates":[7.3079,49.13908]},"properties":{"d":"33561","kva":160,"kwp":32.6,"ratio":0.2,"load":12,"rf":0}},{"type":"Feature","geometry":{"type":"Point","coordinates":[7.30216,49.22774]},"properties":{"d":"33561","kva":100,"kwp":0.0,"ratio":0.0,"load":1,"rf":0}},{"type":"Feature","geometry":{"type":"Point","coordinates":[7.30286,49.17484]},"properties":{"d":"33561","kva":100,"kwp":4.1,"ratio":0.04,"load":3,"rf":0}},{"type":"Feature","geometry":{"type":"Point","coordinates":[7.31295,49.17308]},"properties":{"d":"33561","kva":400,"kwp":323.9,"ratio":0.81,"load":29,"rf":0}},{"type":"Feature","geometry":{"type":"Point","coordinates":[7.31221,49.1712]},"properties":{"d":"33561","kva":400,"kwp":153.0,"ratio":0.38,"load":26,"rf":0}},{"type":"Feature","geometry":{"type":"Point","coordinates":[7.31823,49.23604]},"properties":{"d":"33561","kva":630,"kwp":0.0,"ratio":0.0,"load":5,"rf":0}},{"type":"Feature","geometry":{"type":"Point","coordinates":[7.31115,49.23714]},"properties":{"d":"33561","kva":400,"kwp":0.0,"ratio":0.0,"load":7,"rf":0}},{"type":"Feature","geometry":{"type":"Point","coordinates":[7.3159,49.2019]},"properties":{"d":"33561","kva":100,"kwp":0.0,"ratio":0.0,"load":2,"rf":0}},{"type":"Feature","geometry":{"type":"Point","coordinates":[7.30954,49.24846]},"properties":{"d":"33561","kva":100,"kwp":0.0,"ratio":0.0,"load":1,"rf":0}},{"type":"Feature","geometry":{"type":"Point","coordinates":[7.34353,49.21431]},"properties":{"d":"33561","kva":630,"kwp":0.0,"ratio":0.0,"load":2,"rf":0}},{"type":"Feature","geometry":{"type":"Point","coordinates":[7.32135,49.21465]},"properties":{"d":"33561","kva":400,"kwp":0.0,"ratio":0.0,"load":3,"rf":0}},{"type":"Feature","geometry":{"type":"Point","coordinates":[7.33908,49.21336]},"properties":{"d":"33561","kva":630,"kwp":0.0,"ratio":0.0,"load":4,"rf":0}},{"type":"Feature","geometry":{"type":"Point","coordinates":[7.3281,49.21205]},"properties":{"d":"33561","kva":250,"kwp":0.0,"ratio":0.0,"load":2,"rf":0}},{"type":"Feature","geometry":{"type":"Point","coordinates":[7.3162,49.22998]},"properties":{"d":"33561","kva":100,"kwp":0.0,"ratio":0.0,"load":1,"rf":0}},{"type":"Feature","geometry":{"type":"Point","coordinates":[7.31989,49.19091]},"properties":{"d":"33561","kva":100,"kwp":0.0,"ratio":0.0,"load":1,"rf":0}},{"type":"Feature","geometry":{"type":"Point","coordinates":[7.31581,49.2423]},"properties":{"d":"33561","kva":100,"kwp":0.0,"ratio":0.0,"load":1,"rf":0}},{"type":"Feature","geometry":{"type":"Point","coordinates":[7.33485,49.15166]},"properties":{"d":"33561","kva":630,"kwp":249.6,"ratio":0.4,"load":26,"rf":0}},{"type":"Feature","geometry":{"type":"Point","coordinates":[7.32544,49.19408]},"properties":{"d":"33561","kva":100,"kwp":0.0,"ratio":0.0,"load":1,"rf":0}},{"type":"Feature","geometry":{"type":"Point","coordinates":[7.32505,49.20864]},"properties":{"d":"33561","kva":100,"kwp":0.0,"ratio":0.0,"load":1,"rf":0}},{"type":"Feature","geometry":{"type":"Point","coordinates":[7.3256,49.22369]},"properties":{"d":"33561","kva":100,"kwp":0.0,"ratio":0.0,"load":1,"rf":0}},{"type":"Feature","geometry":{"type":"Point","coordinates":[7.33107,49.20621]},"properties":{"d":"33561","kva":100,"kwp":0.0,"ratio":0.0,"load":1,"rf":0}},{"type":"Feature","geometry":{"type":"Point","coordinates":[7.35554,49.25192]},"properties":{"d":"33561","kva":1000,"kwp":0.0,"ratio":0.0,"load":6,"rf":0}},{"type":"Feature","geometry":{"type":"Point","coordinates":[7.34867,49.24385]},"properties":{"d":"33561","kva":630,"kwp":0.0,"ratio":0.0,"load":8,"rf":0}},{"type":"Feature","geometry":{"type":"Point","coordinates":[7.3567,49.23453]},"properties":{"d":"33561","kva":800,"kwp":0.0,"ratio":0.0,"load":3,"rf":0}},{"type":"Feature","geometry":{"type":"Point","coordinates":[7.34561,49.23581]},"properties":{"d":"33561","kva":630,"kwp":0.0,"ratio":0.0,"load":4,"rf":0}},{"type":"Feature","geometry":{"type":"Point","coordinates":[7.34504,49.25616]},"properties":{"d":"33561","kva":630,"kwp":0.0,"ratio":0.0,"load":4,"rf":0}},{"type":"Feature","geometry":{"type":"Point","coordinates":[7.34802,49.24654]},"properties":{"d":"33561","kva":1000,"kwp":0.0,"ratio":0.0,"load":5,"rf":0}},{"type":"Feature","geometry":{"type":"Point","coordinates":[7.33243,49.2608]},"properties":{"d":"33561","kva":1000,"kwp":0.0,"ratio":0.0,"load":4,"rf":0}},{"type":"Feature","geometry":{"type":"Point","coordinates":[7.35652,49.24248]},"properties":{"d":"33561","kva":630,"kwp":0.0,"ratio":0.0,"load":8,"rf":0}},{"type":"Feature","geometry":{"type":"Point","coordinates":[7.3469,49.25824]},"properties":{"d":"33561","kva":800,"kwp":0.0,"ratio":0.0,"load":4,"rf":0}},{"type":"Feature","geometry":{"type":"Point","coordinates":[7.33969,49.25673]},"properties":{"d":"33561","kva":800,"kwp":0.0,"ratio":0.0,"load":5,"rf":0}},{"type":"Feature","geometry":{"type":"Point","coordinates":[7.35006,49.24852]},"properties":{"d":"33561","kva":160,"kwp":0.0,"ratio":0.0,"load":6,"rf":0}},{"type":"Feature","geometry":{"type":"Point","coordinates":[7.35047,49.2348]},"properties":{"d":"33561","kva":400,"kwp":0.0,"ratio":0.0,"load":5,"rf":0}},{"type":"Feature","geometry":{"type":"Point","coordinates":[7.34223,49.24845]},"properties":{"d":"33561","kva":630,"kwp":0.0,"ratio":0.0,"load":5,"rf":0}},{"type":"Feature","geometry":{"type":"Point","coordinates":[7.34491,49.25374]},"properties":{"d":"33561","kva":400,"kwp":0.0,"ratio":0.0,"load":3,"rf":0}},{"type":"Feature","geometry":{"type":"Point","coordinates":[7.3559,49.24493]},"properties":{"d":"33561","kva":630,"kwp":0.0,"ratio":0.0,"load":5,"rf":0}},{"type":"Feature","geometry":{"type":"Point","coordinates":[7.35582,49.24899]},"properties":{"d":"33561","kva":400,"kwp":0.0,"ratio":0.0,"load":5,"rf":0}},{"type":"Feature","geometry":{"type":"Point","coordinates":[7.35448,49.22779]},"properties":{"d":"33561","kva":250,"kwp":0.0,"ratio":0.0,"load":5,"rf":0}},{"type":"Feature","geometry":{"type":"Point","coordinates":[7.3437,49.25083]},"properties":{"d":"33561","kva":250,"kwp":0.0,"ratio":0.0,"load":4,"rf":0}},{"type":"Feature","geometry":{"type":"Point","coordinates":[7.35699,49.23705]},"properties":{"d":"33561","kva":630,"kwp":0.0,"ratio":0.0,"load":7,"rf":0}},{"type":"Feature","geometry":{"type":"Point","coordinates":[7.34187,49.2597]},"properties":{"d":"33561","kva":400,"kwp":0.0,"ratio":0.0,"load":5,"rf":0}},{"type":"Feature","geometry":{"type":"Point","coordinates":[7.35448,49.23225]},"properties":{"d":"33561","kva":630,"kwp":0.0,"ratio":0.0,"load":4,"rf":0}},{"type":"Feature","geometry":{"type":"Point","coordinates":[7.33765,49.25037]},"properties":{"d":"33561","kva":630,"kwp":0.0,"ratio":0.0,"load":4,"rf":0}},{"type":"Feature","geometry":{"type":"Point","coordinates":[7.33699,49.25841]},"properties":{"d":"33561","kva":630,"kwp":0.0,"ratio":0.0,"load":8,"rf":0}},{"type":"Feature","geometry":{"type":"Point","coordinates":[7.34168,49.24585]},"properties":{"d":"33561","kva":250,"kwp":0.0,"ratio":0.0,"load":6,"rf":0}},{"type":"Feature","geometry":{"type":"Point","coordinates":[7.35018,49.23992]},"properties":{"d":"33561","kva":160,"kwp":0.0,"ratio":0.0,"load":4,"rf":0}},{"type":"Feature","geometry":{"type":"Point","coordinates":[7.35238,49.26017]},"properties":{"d":"33561","kva":100,"kwp":0.0,"ratio":0.0,"load":4,"rf":0}},{"type":"Feature","geometry":{"type":"Point","coordinates":[7.34685,49.26423]},"properties":{"d":"33561","kva":100,"kwp":0.0,"ratio":0.0,"load":2,"rf":0}},{"type":"Feature","geometry":{"type":"Point","coordinates":[7.33449,49.19913]},"properties":{"d":"33561","kva":100,"kwp":0.0,"ratio":0.0,"load":3,"rf":0}},{"type":"Feature","geometry":{"type":"Point","coordinates":[7.33719,49.22061]},"properties":{"d":"33561","kva":100,"kwp":0.0,"ratio":0.0,"load":1,"rf":0}},{"type":"Feature","geometry":{"type":"Point","coordinates":[7.34116,49.17676]},"properties":{"d":"33561","kva":100,"kwp":0.0,"ratio":0.0,"load":1,"rf":0}},{"type":"Feature","geometry":{"type":"Point","coordinates":[7.34288,49.17995]},"properties":{"d":"33561","kva":100,"kwp":0.0,"ratio":0.0,"load":1,"rf":0}},{"type":"Feature","geometry":{"type":"Point","coordinates":[7.34258,49.27759]},"properties":{"d":"33561","kva":100,"kwp":0.0,"ratio":0.0,"load":1,"rf":0}},{"type":"Feature","geometry":{"type":"Point","coordinates":[7.34962,49.20228]},"properties":{"d":"33561","kva":100,"kwp":0.0,"ratio":0.0,"load":1,"rf":0}},{"type":"Feature","geometry":{"type":"Point","coordinates":[7.35635,49.19143]},"properties":{"d":"33561","kva":100,"kwp":0.0,"ratio":0.0,"load":1,"rf":0}},{"type":"Feature","geometry":{"type":"Point","coordinates":[7.36606,49.18617]},"properties":{"d":"33561","kva":630,"kwp":0.0,"ratio":0.0,"load":5,"rf":0}},{"type":"Feature","geometry":{"type":"Point","coordinates":[7.37362,49.19031]},"properties":{"d":"33561","kva":630,"kwp":0.0,"ratio":0.0,"load":7,"rf":0}},{"type":"Feature","geometry":{"type":"Point","coordinates":[7.36951,49.1792]},"properties":{"d":"33561","kva":160,"kwp":0.0,"ratio":0.0,"load":7,"rf":0}},{"type":"Feature","geometry":{"type":"Point","coordinates":[7.37096,49.18519]},"properties":{"d":"33561","kva":630,"kwp":0.0,"ratio":0.0,"load":2,"rf":0}},{"type":"Feature","geometry":{"type":"Point","coordinates":[7.36048,49.15209]},"properties":{"d":"33561","kva":160,"kwp":26.5,"ratio":0.17,"load":10,"rf":0}},{"type":"Feature","geometry":{"type":"Point","coordinates":[7.3638,49.15894]},"properties":{"d":"33561","kva":100,"kwp":2.1,"ratio":0.02,"load":1,"rf":0}},{"type":"Feature","geometry":{"type":"Point","coordinates":[7.3732,49.20479]},"properties":{"d":"33561","kva":400,"kwp":0.0,"ratio":0.0,"load":6,"rf":0}},{"type":"Feature","geometry":{"type":"Point","coordinates":[7.37691,49.20296]},"properties":{"d":"33561","kva":630,"kwp":0.0,"ratio":0.0,"load":5,"rf":0}},{"type":"Feature","geometry":{"type":"Point","coordinates":[7.37302,49.19892]},"properties":{"d":"33561","kva":100,"kwp":0.0,"ratio":0.0,"load":1,"rf":0}},{"type":"Feature","geometry":{"type":"Point","coordinates":[7.39368,49.18578]},"properties":{"d":"33561","kva":400,"kwp":0.0,"ratio":0.0,"load":7,"rf":0}},{"type":"Feature","geometry":{"type":"Point","coordinates":[7.3924,49.20935]},"properties":{"d":"33561","kva":100,"kwp":0.0,"ratio":0.0,"load":2,"rf":0}},{"type":"Feature","geometry":{"type":"Point","coordinates":[7.38995,49.19908]},"properties":{"d":"33561","kva":100,"kwp":0.0,"ratio":0.0,"load":1,"rf":0}},{"type":"Feature","geometry":{"type":"Point","coordinates":[7.41318,49.20379]},"properties":{"d":"33561","kva":100,"kwp":0.0,"ratio":0.0,"load":2,"rf":0}},{"type":"Feature","geometry":{"type":"Point","coordinates":[7.41184,49.19636]},"properties":{"d":"33561","kva":100,"kwp":0.0,"ratio":0.0,"load":77,"rf":0}},{"type":"Feature","geometry":{"type":"Point","coordinates":[7.41414,49.18863]},"properties":{"d":"33561","kva":400,"kwp":0.0,"ratio":0.0,"load":5,"rf":0}},{"type":"Feature","geometry":{"type":"Point","coordinates":[7.42027,49.19275]},"properties":{"d":"33561","kva":100,"kwp":0.0,"ratio":0.0,"load":1,"rf":0}},{"type":"Feature","geometry":{"type":"Point","coordinates":[7.42838,49.20679]},"properties":{"d":"33561","kva":100,"kwp":0.0,"ratio":0.0,"load":4,"rf":0}},{"type":"Feature","geometry":{"type":"Point","coordinates":[7.43641,49.20478]},"properties":{"d":"33561","kva":100,"kwp":0.0,"ratio":0.0,"load":1,"rf":0}},{"type":"Feature","geometry":{"type":"Point","coordinates":[7.44555,49.18456]},"properties":{"d":"33561","kva":100,"kwp":0.0,"ratio":0.0,"load":1,"rf":0}},{"type":"Feature","geometry":{"type":"Point","coordinates":[7.184,49.21457]},"properties":{"d":"33561","kva":630,"kwp":681.7,"ratio":1.08,"load":40,"rf":0}},{"type":"Feature","geometry":{"type":"Point","coordinates":[7.19359,49.24254]},"properties":{"d":"33561","kva":630,"kwp":272.1,"ratio":0.43,"load":14,"rf":0}},{"type":"Feature","geometry":{"type":"Point","coordinates":[7.20586,49.24853]},"properties":{"d":"33561","kva":800,"kwp":462.4,"ratio":0.58,"load":19,"rf":0}},{"type":"Feature","geometry":{"type":"Point","coordinates":[7.20497,49.24428]},"properties":{"d":"33561","kva":1000,"kwp":643.6,"ratio":0.64,"load":22,"rf":0}},{"type":"Feature","geometry":{"type":"Point","coordinates":[7.21108,49.22169]},"properties":{"d":"33561","kva":400,"kwp":298.4,"ratio":0.75,"load":26,"rf":0}},{"type":"Feature","geometry":{"type":"Point","coordinates":[7.20345,49.2206]},"properties":{"d":"33561","kva":400,"kwp":324.9,"ratio":0.81,"load":29,"rf":0}},{"type":"Feature","geometry":{"type":"Point","coordinates":[7.20719,49.21311]},"properties":{"d":"33561","kva":100,"kwp":4.1,"ratio":0.04,"load":2,"rf":0}},{"type":"Feature","geometry":{"type":"Point","coordinates":[7.24606,49.19704]},"properties":{"d":"33561","kva":630,"kwp":463.0,"ratio":0.73,"load":26,"rf":0}},{"type":"Feature","geometry":{"type":"Point","coordinates":[7.24716,49.2012]},"properties":{"d":"33561","kva":400,"kwp":327.2,"ratio":0.82,"load":29,"rf":0}},{"type":"Feature","geometry":{"type":"Point","coordinates":[7.24586,49.23739]},"properties":{"d":"33561","kva":630,"kwp":423.9,"ratio":0.67,"load":31,"rf":0}},{"type":"Feature","geometry":{"type":"Point","coordinates":[7.25731,49.24859]},"properties":{"d":"33561","kva":630,"kwp":861.9,"ratio":1.37,"load":50,"rf":0}},{"type":"Feature","geometry":{"type":"Point","coordinates":[7.25311,49.25489]},"properties":{"d":"33561","kva":630,"kwp":440.3,"ratio":0.7,"load":24,"rf":0}},{"type":"Feature","geometry":{"type":"Point","coordinates":[7.25371,49.23601]},"properties":{"d":"33561","kva":400,"kwp":304.6,"ratio":0.76,"load":27,"rf":0}},{"type":"Feature","geometry":{"type":"Point","coordinates":[7.27085,49.23775]},"properties":{"d":"33561","kva":630,"kwp":577.6,"ratio":0.92,"load":32,"rf":0}},{"type":"Feature","geometry":{"type":"Point","coordinates":[7.27152,49.22813]},"properties":{"d":"33561","kva":630,"kwp":475.4,"ratio":0.75,"load":27,"rf":0}},{"type":"Feature","geometry":{"type":"Point","coordinates":[7.26767,49.23173]},"properties":{"d":"33561","kva":630,"kwp":357.1,"ratio":0.57,"load":18,"rf":0}},{"type":"Feature","geometry":{"type":"Point","coordinates":[7.27349,49.23125]},"properties":{"d":"33561","kva":630,"kwp":886.1,"ratio":1.41,"load":79,"rf":1}},{"type":"Feature","geometry":{"type":"Point","coordinates":[7.29068,49.26526]},"properties":{"d":"33561","kva":630,"kwp":249.2,"ratio":0.4,"load":12,"rf":0}},{"type":"Feature","geometry":{"type":"Point","coordinates":[7.27616,49.26583]},"properties":{"d":"33561","kva":400,"kwp":266.1,"ratio":0.67,"load":23,"rf":0}},{"type":"Feature","geometry":{"type":"Point","coordinates":[7.2922,49.18213]},"properties":{"d":"33561","kva":400,"kwp":357.9,"ratio":0.89,"load":32,"rf":0}},{"type":"Feature","geometry":{"type":"Point","coordinates":[7.31295,49.17308]},"properties":{"d":"33561","kva":400,"kwp":323.9,"ratio":0.81,"load":29,"rf":0}},{"type":"Feature","geometry":{"type":"Point","coordinates":[7.31823,49.23604]},"properties":{"d":"33561","kva":630,"kwp":0.0,"ratio":0.0,"load":5,"rf":0}},{"type":"Feature","geometry":{"type":"Point","coordinates":[7.34353,49.21431]},"properties":{"d":"33561","kva":630,"kwp":0.0,"ratio":0.0,"load":2,"rf":0}},{"type":"Feature","geometry":{"type":"Point","coordinates":[7.35554,49.25192]},"properties":{"d":"33561","kva":1000,"kwp":0.0,"ratio":0.0,"load":6,"rf":0}},{"type":"Feature","geometry":{"type":"Point","coordinates":[7.33243,49.2608]},"properties":{"d":"33561","kva":1000,"kwp":0.0,"ratio":0.0,"load":4,"rf":0}},{"type":"Feature","geometry":{"type":"Point","coordinates":[7.33969,49.25673]},"properties":{"d":"33561","kva":800,"kwp":0.0,"ratio":0.0,"load":5,"rf":0}},{"type":"Feature","geometry":{"type":"Point","coordinates":[7.35006,49.24852]},"properties":{"d":"33561","kva":160,"kwp":0.0,"ratio":0.0,"load":6,"rf":0}},{"type":"Feature","geometry":{"type":"Point","coordinates":[7.35047,49.2348]},"properties":{"d":"33561","kva":400,"kwp":0.0,"ratio":0.0,"load":5,"rf":0}},{"type":"Feature","geometry":{"type":"Point","coordinates":[7.34223,49.24845]},"properties":{"d":"33561","kva":630,"kwp":0.0,"ratio":0.0,"load":5,"rf":0}},{"type":"Feature","geometry":{"type":"Point","coordinates":[7.3559,49.24493]},"properties":{"d":"33561","kva":630,"kwp":0.0,"ratio":0.0,"load":5,"rf":0}},{"type":"Feature","geometry":{"type":"Point","coordinates":[7.35582,49.24899]},"properties":{"d":"33561","kva":400,"kwp":0.0,"ratio":0.0,"load":5,"rf":0}},{"type":"Feature","geometry":{"type":"Point","coordinates":[7.35448,49.22779]},"properties":{"d":"33561","kva":250,"kwp":0.0,"ratio":0.0,"load":5,"rf":0}},{"type":"Feature","geometry":{"type":"Point","coordinates":[7.3437,49.25083]},"properties":{"d":"33561","kva":250,"kwp":0.0,"ratio":0.0,"load":4,"rf":0}},{"type":"Feature","geometry":{"type":"Point","coordinates":[7.34187,49.2597]},"properties":{"d":"33561","kva":400,"kwp":0.0,"ratio":0.0,"load":5,"rf":0}},{"type":"Feature","geometry":{"type":"Point","coordinates":[7.36606,49.18617]},"properties":{"d":"33561","kva":630,"kwp":0.0,"ratio":0.0,"load":5,"rf":0}},{"type":"Feature","geometry":{"type":"Point","coordinates":[7.37691,49.20296]},"properties":{"d":"33561","kva":630,"kwp":0.0,"ratio":0.0,"load":5,"rf":0}},{"type":"Feature","geometry":{"type":"Point","coordinates":[7.3924,49.20935]},"properties":{"d":"33561","kva":100,"kwp":0.0,"ratio":0.0,"load":2,"rf":0}},{"type":"Feature","geometry":{"type":"Point","coordinates":[7.41414,49.18863]},"properties":{"d":"33561","kva":400,"kwp":0.0,"ratio":0.0,"load":5,"rf":0}},{"type":"Feature","geometry":{"type":"Point","coordinates":[7.26697,49.24008]},"properties":{"d":"33561","kva":630,"kwp":2.1,"ratio":0.0,"load":1,"rf":0}},{"type":"Feature","geometry":{"type":"Point","coordinates":[7.18997,49.21674]},"properties":{"d":"33561","kva":630,"kwp":285.2,"ratio":0.45,"load":24,"rf":0}},{"type":"Feature","geometry":{"type":"Point","coordinates":[7.18536,49.21805]},"properties":{"d":"33561","kva":630,"kwp":392.1,"ratio":0.62,"load":28,"rf":0}},{"type":"Feature","geometry":{"type":"Point","coordinates":[7.20151,49.21818]},"properties":{"d":"33561","kva":630,"kwp":292.9,"ratio":0.46,"load":20,"rf":0}},{"type":"Feature","geometry":{"type":"Point","coordinates":[7.22205,49.21245]},"properties":{"d":"33561","kva":630,"kwp":166.7,"ratio":0.26,"load":13,"rf":0}},{"type":"Feature","geometry":{"type":"Point","coordinates":[7.25182,49.21284]},"properties":{"d":"33561","kva":630,"kwp":434.2,"ratio":0.69,"load":25,"rf":0}},{"type":"Feature","geometry":{"type":"Point","coordinates":[7.24834,49.21103]},"properties":{"d":"33561","kva":630,"kwp":249.0,"ratio":0.4,"load":17,"rf":0}},{"type":"Feature","geometry":{"type":"Point","coordinates":[7.25503,49.21633]},"properties":{"d":"33561","kva":630,"kwp":273.7,"ratio":0.43,"load":19,"rf":0}},{"type":"Feature","geometry":{"type":"Point","coordinates":[7.23385,49.2383]},"properties":{"d":"33561","kva":630,"kwp":267.5,"ratio":0.42,"load":18,"rf":0}},{"type":"Feature","geometry":{"type":"Point","coordinates":[7.2544,49.24167]},"properties":{"d":"33561","kva":630,"kwp":393.1,"ratio":0.62,"load":22,"rf":0}},{"type":"Feature","geometry":{"type":"Point","coordinates":[7.24882,49.25491]},"properties":{"d":"33561","kva":630,"kwp":335.7,"ratio":0.53,"load":18,"rf":0}},{"type":"Feature","geometry":{"type":"Point","coordinates":[7.25819,49.23778]},"properties":{"d":"33561","kva":630,"kwp":440.4,"ratio":0.7,"load":25,"rf":0}},{"type":"Feature","geometry":{"type":"Point","coordinates":[7.25639,49.23322]},"properties":{"d":"33561","kva":630,"kwp":325.2,"ratio":0.52,"load":17,"rf":0}},{"type":"Feature","geometry":{"type":"Point","coordinates":[7.24973,49.23749]},"properties":{"d":"33561","kva":630,"kwp":391.0,"ratio":0.62,"load":22,"rf":0}},{"type":"Feature","geometry":{"type":"Point","coordinates":[7.24228,49.26212]},"properties":{"d":"33561","kva":630,"kwp":111.5,"ratio":0.18,"load":6,"rf":0}},{"type":"Feature","geometry":{"type":"Point","coordinates":[7.2463,49.25325]},"properties":{"d":"33561","kva":630,"kwp":86.4,"ratio":0.14,"load":8,"rf":0}},{"type":"Feature","geometry":{"type":"Point","coordinates":[7.27712,49.24063]},"properties":{"d":"33561","kva":630,"kwp":247.0,"ratio":0.39,"load":17,"rf":0}},{"type":"Feature","geometry":{"type":"Point","coordinates":[7.27243,49.24134]},"properties":{"d":"33561","kva":630,"kwp":415.7,"ratio":0.66,"load":23,"rf":0}},{"type":"Feature","geometry":{"type":"Point","coordinates":[7.28169,49.2628]},"properties":{"d":"33561","kva":630,"kwp":220.8,"ratio":0.35,"load":11,"rf":0}},{"type":"Feature","geometry":{"type":"Point","coordinates":[7.32135,49.21465]},"properties":{"d":"33561","kva":630,"kwp":0.0,"ratio":0.0,"load":3,"rf":0}},{"type":"Feature","geometry":{"type":"Point","coordinates":[7.33908,49.21336]},"properties":{"d":"33561","kva":630,"kwp":0.0,"ratio":0.0,"load":4,"rf":0}},{"type":"Feature","geometry":{"type":"Point","coordinates":[7.3281,49.21205]},"properties":{"d":"33561","kva":630,"kwp":0.0,"ratio":0.0,"load":2,"rf":0}},{"type":"Feature","geometry":{"type":"Point","coordinates":[7.3567,49.23453]},"properties":{"d":"33561","kva":630,"kwp":0.0,"ratio":0.0,"load":5,"rf":0}},{"type":"Feature","geometry":{"type":"Point","coordinates":[7.34561,49.23581]},"properties":{"d":"33561","kva":630,"kwp":0.0,"ratio":0.0,"load":4,"rf":0}},{"type":"Feature","geometry":{"type":"Point","coordinates":[7.34504,49.25616]},"properties":{"d":"33561","kva":630,"kwp":0.0,"ratio":0.0,"load":4,"rf":0}},{"type":"Feature","geometry":{"type":"Point","coordinates":[7.34802,49.24654]},"properties":{"d":"33561","kva":630,"kwp":0.0,"ratio":0.0,"load":7,"rf":0}},{"type":"Feature","geometry":{"type":"Point","coordinates":[7.33243,49.2608]},"properties":{"d":"33561","kva":630,"kwp":0.0,"ratio":0.0,"load":6,"rf":0}},{"type":"Feature","geometry":{"type":"Point","coordinates":[7.3469,49.25824]},"properties":{"d":"33561","kva":630,"kwp":0.0,"ratio":0.0,"load":5,"rf":0}},{"type":"Feature","geometry":{"type":"Point","coordinates":[7.34491,49.25374]},"properties":{"d":"33561","kva":630,"kwp":0.0,"ratio":0.0,"load":3,"rf":0}},{"type":"Feature","geometry":{"type":"Point","coordinates":[7.3437,49.25083]},"properties":{"d":"33561","kva":630,"kwp":0.0,"ratio":0.0,"load":4,"rf":0}},{"type":"Feature","geometry":{"type":"Point","coordinates":[7.35448,49.23225]},"properties":{"d":"33561","kva":630,"kwp":0.0,"ratio":0.0,"load":4,"rf":0}},{"type":"Feature","geometry":{"type":"Point","coordinates":[7.33765,49.25037]},"properties":{"d":"33561","kva":630,"kwp":0.0,"ratio":0.0,"load":4,"rf":0}},{"type":"Feature","geometry":{"type":"Point","coordinates":[7.37096,49.18519]},"properties":{"d":"33561","kva":630,"kwp":0.0,"ratio":0.0,"load":2,"rf":0}},{"type":"Feature","geometry":{"type":"Point","coordinates":[7.3924,49.20935]},"properties":{"d":"33561","kva":630,"kwp":0.0,"ratio":0.0,"load":2,"rf":0}},{"type":"Feature","geometry":{"type":"Point","coordinates":[7.38995,49.19908]},"properties":{"d":"33561","kva":630,"kwp":0.0,"ratio":0.0,"load":1,"rf":0}},{"type":"Feature","geometry":{"type":"Point","coordinates":[6.80805,49.2752]},"properties":{"d":"33622","kva":800,"kwp":61.9,"ratio":0.08,"load":2,"rf":0}},{"type":"Feature","geometry":{"type":"Point","coordinates":[6.81015,49.27656]},"properties":{"d":"33622","kva":630,"kwp":42.3,"ratio":0.07,"load":2,"rf":0}},{"type":"Feature","geometry":{"type":"Point","coordinates":[6.80529,49.27986]},"properties":{"d":"33622","kva":400,"kwp":21.8,"ratio":0.05,"load":2,"rf":0}},{"type":"Feature","geometry":{"type":"Point","coordinates":[6.78625,49.28476]},"properties":{"d":"33622","kva":630,"kwp":6.6,"ratio":0.01,"load":5,"rf":0}},{"type":"Feature","geometry":{"type":"Point","coordinates":[6.81382,49.27353]},"properties":{"d":"33622","kva":630,"kwp":38.6,"ratio":0.06,"load":4,"rf":0}},{"type":"Feature","geometry":{"type":"Point","coordinates":[6.80812,49.27919]},"properties":{"d":"33622","kva":630,"kwp":35.1,"ratio":0.06,"load":3,"rf":0}},{"type":"Feature","geometry":{"type":"Point","coordinates":[6.78396,49.28461]},"properties":{"d":"33622","kva":630,"kwp":6.8,"ratio":0.01,"load":5,"rf":0}},{"type":"Feature","geometry":{"type":"Point","coordinates":[6.79706,49.27839]},"properties":{"d":"33622","kva":630,"kwp":45.7,"ratio":0.07,"load":2,"rf":0}},{"type":"Feature","geometry":{"type":"Point","coordinates":[6.80416,49.27839]},"properties":{"d":"33622","kva":630,"kwp":53.5,"ratio":0.08,"load":2,"rf":0}},{"type":"Feature","geometry":{"type":"Point","coordinates":[6.8006,49.2771]},"properties":{"d":"33622","kva":400,"kwp":25.8,"ratio":0.06,"load":3,"rf":0}},{"type":"Feature","geometry":{"type":"Point","coordinates":[6.79773,49.27587]},"properties":{"d":"33622","kva":630,"kwp":39.2,"ratio":0.06,"load":3,"rf":0}},{"type":"Feature","geometry":{"type":"Point","coordinates":[6.78899,49.28057]},"properties":{"d":"33622","kva":630,"kwp":39.9,"ratio":0.06,"load":3,"rf":0}},{"type":"Feature","geometry":{"type":"Point","coordinates":[6.80085,49.27427]},"properties":{"d":"33622","kva":630,"kwp":45.7,"ratio":0.07,"load":2,"rf":0}},{"type":"Feature","geometry":{"type":"Point","coordinates":[6.80939,49.2716]},"properties":{"d":"33622","kva":100,"kwp":3.1,"ratio":0.03,"load":1,"rf":0}},{"type":"Feature","geometry":{"type":"Point","coordinates":[6.79082,49.27865]},"properties":{"d":"33622","kva":630,"kwp":63.6,"ratio":0.1,"load":2,"rf":0}},{"type":"Feature","geometry":{"type":"Point","coordinates":[6.79884,49.28009]},"properties":{"d":"33622","kva":400,"kwp":27.1,"ratio":0.07,"load":2,"rf":0}},{"type":"Feature","geometry":{"type":"Point","coordinates":[6.78198,49.27818]},"properties":{"d":"33622","kva":630,"kwp":9.0,"ratio":0.01,"load":5,"rf":0}},{"type":"Feature","geometry":{"type":"Point","coordinates":[6.78642,49.27656]},"properties":{"d":"33622","kva":800,"kwp":8.1,"ratio":0.01,"load":5,"rf":0}},{"type":"Feature","geometry":{"type":"Point","coordinates":[6.79634,49.28091]},"properties":{"d":"33622","kva":630,"kwp":27.1,"ratio":0.04,"load":4,"rf":0}},{"type":"Feature","geometry":{"type":"Point","coordinates":[6.78962,49.28268]},"properties":{"d":"33622","kva":400,"kwp":182.5,"ratio":0.46,"load":16,"rf":0}},{"type":"Feature","geometry":{"type":"Point","coordinates":[6.79084,49.2749]},"properties":{"d":"33622","kva":100,"kwp":0.9,"ratio":0.01,"load":5,"rf":0}},{"type":"Feature","geometry":{"type":"Point","coordinates":[6.79344,49.27658]},"properties":{"d":"33622","kva":400,"kwp":22.4,"ratio":0.06,"load":3,"rf":0}},{"type":"Feature","geometry":{"type":"Point","coordinates":[6.81293,49.27998]},"properties":{"d":"33622","kva":160,"kwp":9.0,"ratio":0.06,"load":2,"rf":0}},{"type":"Feature","geometry":{"type":"Point","coordinates":[6.8043,49.2755]},"properties":{"d":"33622","kva":400,"kwp":22.7,"ratio":0.06,"load":3,"rf":0}},{"type":"Feature","geometry":{"type":"Point","coordinates":[6.79295,49.27968]},"properties":{"d":"33622","kva":630,"kwp":36.4,"ratio":0.06,"load":3,"rf":0}},{"type":"Feature","geometry":{"type":"Point","coordinates":[6.79483,49.28253]},"properties":{"d":"33622","kva":400,"kwp":24.9,"ratio":0.06,"load":3,"rf":0}},{"type":"Feature","geometry":{"type":"Point","coordinates":[6.8073,49.28417]},"properties":{"d":"33622","kva":100,"kwp":0.3,"ratio":0.0,"load":0,"rf":0}},{"type":"Feature","geometry":{"type":"Point","coordinates":[6.80805,49.2752]},"properties":{"d":"33622","kva":800,"kwp":61.9,"ratio":0.08,"load":2,"rf":0}},{"type":"Feature","geometry":{"type":"Point","coordinates":[6.78625,49.28476]},"properties":{"d":"33622","kva":630,"kwp":6.6,"ratio":0.01,"load":5,"rf":0}},{"type":"Feature","geometry":{"type":"Point","coordinates":[6.78396,49.28461]},"properties":{"d":"33622","kva":630,"kwp":6.8,"ratio":0.01,"load":5,"rf":0}},{"type":"Feature","geometry":{"type":"Point","coordinates":[6.79706,49.27839]},"properties":{"d":"33622","kva":630,"kwp":45.7,"ratio":0.07,"load":2,"rf":0}},{"type":"Feature","geometry":{"type":"Point","coordinates":[6.80416,49.27839]},"properties":{"d":"33622","kva":630,"kwp":53.5,"ratio":0.08,"load":2,"rf":0}},{"type":"Feature","geometry":{"type":"Point","coordinates":[6.8006,49.2771]},"properties":{"d":"33622","kva":400,"kwp":25.8,"ratio":0.06,"load":3,"rf":0}},{"type":"Feature","geometry":{"type":"Point","coordinates":[6.79773,49.27587]},"properties":{"d":"33622","kva":630,"kwp":39.2,"ratio":0.06,"load":3,"rf":0}},{"type":"Feature","geometry":{"type":"Point","coordinates":[6.78899,49.28057]},"properties":{"d":"33622","kva":630,"kwp":39.9,"ratio":0.06,"load":3,"rf":0}},{"type":"Feature","geometry":{"type":"Point","coordinates":[6.79082,49.27865]},"properties":{"d":"33622","kva":630,"kwp":63.6,"ratio":0.1,"load":2,"rf":0}},{"type":"Feature","geometry":{"type":"Point","coordinates":[6.78198,49.27818]},"properties":{"d":"33622","kva":630,"kwp":9.0,"ratio":0.01,"load":5,"rf":0}},{"type":"Feature","geometry":{"type":"Point","coordinates":[6.78642,49.27656]},"properties":{"d":"33622","kva":800,"kwp":8.1,"ratio":0.01,"load":5,"rf":0}},{"type":"Feature","geometry":{"type":"Point","coordinates":[6.79084,49.2749]},"properties":{"d":"33622","kva":100,"kwp":0.9,"ratio":0.01,"load":5,"rf":0}},{"type":"Feature","geometry":{"type":"Point","coordinates":[6.79344,49.27658]},"properties":{"d":"33622","kva":400,"kwp":22.4,"ratio":0.06,"load":3,"rf":0}},{"type":"Feature","geometry":{"type":"Point","coordinates":[6.81015,49.27656]},"properties":{"d":"33622","kva":630,"kwp":42.3,"ratio":0.07,"load":2,"rf":0}},{"type":"Feature","geometry":{"type":"Point","coordinates":[6.80529,49.27986]},"properties":{"d":"33622","kva":630,"kwp":21.8,"ratio":0.03,"load":2,"rf":0}},{"type":"Feature","geometry":{"type":"Point","coordinates":[6.80085,49.27427]},"properties":{"d":"33622","kva":630,"kwp":45.7,"ratio":0.07,"load":2,"rf":0}},{"type":"Feature","geometry":{"type":"Point","coordinates":[6.79884,49.28009]},"properties":{"d":"33622","kva":630,"kwp":27.1,"ratio":0.04,"load":2,"rf":0}},{"type":"Feature","geometry":{"type":"Point","coordinates":[6.78642,49.27656]},"properties":{"d":"33622","kva":630,"kwp":8.1,"ratio":0.01,"load":8,"rf":0}},{"type":"Feature","geometry":{"type":"Point","coordinates":[6.78962,49.28268]},"properties":{"d":"33622","kva":630,"kwp":182.5,"ratio":0.29,"load":16,"rf":0}},{"type":"Feature","geometry":{"type":"Point","coordinates":[6.75108,49.24087]},"properties":{"d":"33630","kva":800,"kwp":507.3,"ratio":0.63,"load":21,"rf":0}},{"type":"Feature","geometry":{"type":"Point","coordinates":[6.74267,49.24259]},"properties":{"d":"33630","kva":250,"kwp":75.6,"ratio":0.3,"load":20,"rf":0}},{"type":"Feature","geometry":{"type":"Point","coordinates":[6.77873,49.24179]},"properties":{"d":"33630","kva":800,"kwp":467.5,"ratio":0.58,"load":19,"rf":0}},{"type":"Feature","geometry":{"type":"Point","coordinates":[6.77926,49.2441]},"properties":{"d":"33630","kva":800,"kwp":353.9,"ratio":0.44,"load":13,"rf":0}},{"type":"Feature","geometry":{"type":"Point","coordinates":[6.7729,49.24321]},"properties":{"d":"33630","kva":800,"kwp":386.8,"ratio":0.48,"load":16,"rf":0}},{"type":"Feature","geometry":{"type":"Point","coordinates":[6.7967,49.2442]},"properties":{"d":"33630","kva":800,"kwp":390.1,"ratio":0.49,"load":15,"rf":0}},{"type":"Feature","geometry":{"type":"Point","coordinates":[6.77911,49.23667]},"properties":{"d":"33630","kva":630,"kwp":322.6,"ratio":0.51,"load":17,"rf":0}},{"type":"Feature","geometry":{"type":"Point","coordinates":[6.77445,49.23793]},"properties":{"d":"33630","kva":630,"kwp":273.2,"ratio":0.43,"load":50,"rf":0}},{"type":"Feature","geometry":{"type":"Point","coordinates":[6.79632,49.24067]},"properties":{"d":"33630","kva":630,"kwp":223.9,"ratio":0.36,"load":24,"rf":0}},{"type":"Feature","geometry":{"type":"Point","coordinates":[6.76397,49.24687]},"properties":{"d":"33630","kva":250,"kwp":52.7,"ratio":0.21,"load":13,"rf":0}},{"type":"Feature","geometry":{"type":"Point","coordinates":[6.77529,49.24569]},"properties":{"d":"33630","kva":250,"kwp":100.4,"ratio":0.4,"load":8,"rf":0}},{"type":"Feature","geometry":{"type":"Point","coordinates":[6.77472,49.24538]},"properties":{"d":"33630","kva":250,"kwp":97.1,"ratio":0.39,"load":26,"rf":0}},{"type":"Feature","geometry":{"type":"Point","coordinates":[6.79296,49.2492]},"properties":{"d":"33630","kva":400,"kwp":113.6,"ratio":0.28,"load":19,"rf":0}},{"type":"Feature","geometry":{"type":"Point","coordinates":[6.80681,49.25971]},"properties":{"d":"33630","kva":630,"kwp":94.7,"ratio":0.15,"load":6,"rf":0}},{"type":"Feature","geometry":{"type":"Point","coordinates":[6.79126,49.268]},"properties":{"d":"33630","kva":800,"kwp":127.5,"ratio":0.16,"load":2,"rf":0}},{"type":"Feature","geometry":{"type":"Point","coordinates":[6.79126,49.26372]},"properties":{"d":"33630","kva":800,"kwp":287.3,"ratio":0.36,"load":10,"rf":0}},{"type":"Feature","geometry":{"type":"Point","coordinates":[6.80346,49.26652]},"properties":{"d":"33630","kva":630,"kwp":51.6,"ratio":0.08,"load":3,"rf":0}},{"type":"Feature","geometry":{"type":"Point","coordinates":[6.78553,49.26524]},"properties":{"d":"33630","kva":630,"kwp":311.1,"ratio":0.49,"load":17,"rf":0}},{"type":"Feature","geometry":{"type":"Point","coordinates":[6.81991,49.26491]},"properties":{"d":"33630","kva":800,"kwp":77.1,"ratio":0.1,"load":2,"rf":0}},{"type":"Feature","geometry":{"type":"Point","coordinates":[6.80522,49.25443]},"properties":{"d":"33630","kva":630,"kwp":301.2,"ratio":0.48,"load":17,"rf":0}},{"type":"Feature","geometry":{"type":"Point","coordinates":[6.81147,49.25909]},"properties":{"d":"33630","kva":630,"kwp":57.2,"ratio":0.09,"load":2,"rf":0}},{"type":"Feature","geometry":{"type":"Point","coordinates":[6.78898,49.26176]},"properties":{"d":"33630","kva":630,"kwp":339.1,"ratio":0.54,"load":18,"rf":0}},{"type":"Feature","geometry":{"type":"Point","coordinates":[6.79745,49.2612]},"properties":{"d":"33630","kva":400,"kwp":81.3,"ratio":0.2,"load":11,"rf":0}},{"type":"Feature","geometry":{"type":"Point","coordinates":[6.81189,49.25553]},"properties":{"d":"33630","kva":630,"kwp":234.0,"ratio":0.37,"load":11,"rf":0}},{"type":"Feature","geometry":{"type":"Point","coordinates":[6.81395,49.2648]},"properties":{"d":"33630","kva":630,"kwp":50.4,"ratio":0.08,"load":3,"rf":0}},{"type":"Feature","geometry":{"type":"Point","coordinates":[6.81613,49.25452]},"properties":{"d":"33630","kva":800,"kwp":147.4,"ratio":0.18,"load":4,"rf":0}},{"type":"Feature","geometry":{"type":"Point","coordinates":[6.79706,49.2674]},"properties":{"d":"33630","kva":630,"kwp":47.3,"ratio":0.08,"load":2,"rf":0}},{"type":"Feature","geometry":{"type":"Point","coordinates":[6.81974,49.25975]},"properties":{"d":"33630","kva":630,"kwp":61.9,"ratio":0.1,"load":2,"rf":0}},{"type":"Feature","geometry":{"type":"Point","coordinates":[6.80796,49.25775]},"properties":{"d":"33630","kva":630,"kwp":174.6,"ratio":0.28,"load":8,"rf":0}},{"type":"Feature","geometry":{"type":"Point","coordinates":[6.82578,49.26491]},"properties":{"d":"33630","kva":1000,"kwp":62.5,"ratio":0.06,"load":3,"rf":0}},{"type":"Feature","geometry":{"type":"Point","coordinates":[6.80888,49.25187]},"properties":{"d":"33630","kva":400,"kwp":279.0,"ratio":0.7,"load":24,"rf":0}},{"type":"Feature","geometry":{"type":"Point","coordinates":[6.81386,49.24881]},"properties":{"d":"33630","kva":160,"kwp":67.5,"ratio":0.42,"load":6,"rf":0}},{"type":"Feature","geometry":{"type":"Point","coordinates":[6.79432,49.25885]},"properties":{"d":"33630","kva":400,"kwp":154.7,"ratio":0.39,"load":25,"rf":0}},{"type":"Feature","geometry":{"type":"Point","coordinates":[6.81579,49.25695]},"properties":{"d":"33630","kva":630,"kwp":45.7,"ratio":0.07,"load":2,"rf":0}},{"type":"Feature","geometry":{"type":"Point","coordinates":[6.81635,49.26374]},"properties":{"d":"33630","kva":400,"kwp":25.8,"ratio":0.06,"load":1,"rf":0}},{"type":"Feature","geometry":{"type":"Point","coordinates":[6.80663,49.26385]},"properties":{"d":"33630","kva":400,"kwp":120.8,"ratio":0.3,"load":20,"rf":0}},{"type":"Feature","geometry":{"type":"Point","coordinates":[6.81262,49.25084]},"properties":{"d":"33630","kva":400,"kwp":197.5,"ratio":0.49,"load":16,"rf":0}},{"type":"Feature","geometry":{"type":"Point","coordinates":[6.7975,49.26472]},"properties":{"d":"33630","kva":400,"kwp":27.4,"ratio":0.07,"load":3,"rf":0}},{"type":"Feature","geometry":{"type":"Point","coordinates":[6.8251,49.26064]},"properties":{"d":"33630","kva":630,"kwp":46.6,"ratio":0.07,"load":2,"rf":0}},{"type":"Feature","geometry":{"type":"Point","coordinates":[6.81583,49.2521]},"properties":{"d":"33630","kva":400,"kwp":219.1,"ratio":0.55,"load":18,"rf":0}},{"type":"Feature","geometry":{"type":"Point","coordinates":[6.81229,49.26119]},"properties":{"d":"33630","kva":400,"kwp":29.5,"ratio":0.07,"load":3,"rf":0}},{"type":"Feature","geometry":{"type":"Point","coordinates":[6.7822,49.2659]},"properties":{"d":"33630","kva":400,"kwp":136.6,"ratio":0.34,"load":23,"rf":0}},{"type":"Feature","geometry":{"type":"Point","coordinates":[6.83326,49.26138]},"properties":{"d":"33630","kva":100,"kwp":0.3,"ratio":0.0,"load":5,"rf":0}},{"type":"Feature","geometry":{"type":"Point","coordinates":[6.75108,49.24087]},"properties":{"d":"33630","kva":800,"kwp":507.3,"ratio":0.63,"load":21,"rf":0}},{"type":"Feature","geometry":{"type":"Point","coordinates":[6.77873,49.24179]},"properties":{"d":"33630","kva":800,"kwp":467.5,"ratio":0.58,"load":19,"rf":0}},{"type":"Feature","geometry":{"type":"Point","coordinates":[6.7729,49.24321]},"properties":{"d":"33630","kva":800,"kwp":386.8,"ratio":0.48,"load":16,"rf":0}},{"type":"Feature","geometry":{"type":"Point","coordinates":[6.77911,49.23667]},"properties":{"d":"33630","kva":630,"kwp":322.6,"ratio":0.51,"load":17,"rf":0}},{"type":"Feature","geometry":{"type":"Point","coordinates":[6.79126,49.268]},"properties":{"d":"33630","kva":800,"kwp":127.5,"ratio":0.16,"load":2,"rf":0}},{"type":"Feature","geometry":{"type":"Point","coordinates":[6.79126,49.26372]},"properties":{"d":"33630","kva":800,"kwp":287.3,"ratio":0.36,"load":10,"rf":0}},{"type":"Feature","geometry":{"type":"Point","coordinates":[6.81991,49.26491]},"properties":{"d":"33630","kva":800,"kwp":77.1,"ratio":0.1,"load":2,"rf":0}},{"type":"Feature","geometry":{"type":"Point","coordinates":[6.78898,49.26176]},"properties":{"d":"33630","kva":630,"kwp":339.1,"ratio":0.54,"load":18,"rf":0}},{"type":"Feature","geometry":{"type":"Point","coordinates":[6.81189,49.25553]},"properties":{"d":"33630","kva":630,"kwp":234.0,"ratio":0.37,"load":11,"rf":0}},{"type":"Feature","geometry":{"type":"Point","coordinates":[6.81974,49.25975]},"properties":{"d":"33630","kva":630,"kwp":61.9,"ratio":0.1,"load":2,"rf":0}},{"type":"Feature","geometry":{"type":"Point","coordinates":[6.82578,49.26491]},"properties":{"d":"33630","kva":1000,"kwp":62.5,"ratio":0.06,"load":3,"rf":0}},{"type":"Feature","geometry":{"type":"Point","coordinates":[6.80888,49.25187]},"properties":{"d":"33630","kva":400,"kwp":279.0,"ratio":0.7,"load":24,"rf":0}},{"type":"Feature","geometry":{"type":"Point","coordinates":[6.81262,49.25084]},"properties":{"d":"33630","kva":400,"kwp":197.5,"ratio":0.49,"load":16,"rf":0}},{"type":"Feature","geometry":{"type":"Point","coordinates":[6.81583,49.2521]},"properties":{"d":"33630","kva":400,"kwp":219.1,"ratio":0.55,"load":18,"rf":0}},{"type":"Feature","geometry":{"type":"Point","coordinates":[6.83534,49.25712]},"properties":{"d":"33630","kva":630,"kwp":0.3,"ratio":0.0,"load":93,"rf":0}},{"type":"Feature","geometry":{"type":"Point","coordinates":[6.77926,49.2441]},"properties":{"d":"33630","kva":630,"kwp":353.9,"ratio":0.56,"load":20,"rf":0}},{"type":"Feature","geometry":{"type":"Point","coordinates":[6.7967,49.2442]},"properties":{"d":"33630","kva":630,"kwp":390.1,"ratio":0.62,"load":22,"rf":0}},{"type":"Feature","geometry":{"type":"Point","coordinates":[6.77529,49.24569]},"properties":{"d":"33630","kva":630,"kwp":100.4,"ratio":0.16,"load":8,"rf":0}},{"type":"Feature","geometry":{"type":"Point","coordinates":[6.78553,49.26524]},"properties":{"d":"33630","kva":630,"kwp":311.1,"ratio":0.49,"load":17,"rf":0}},{"type":"Feature","geometry":{"type":"Point","coordinates":[6.80522,49.25443]},"properties":{"d":"33630","kva":630,"kwp":301.2,"ratio":0.48,"load":17,"rf":0}},{"type":"Feature","geometry":{"type":"Point","coordinates":[6.81147,49.25909]},"properties":{"d":"33630","kva":630,"kwp":57.2,"ratio":0.09,"load":2,"rf":0}},{"type":"Feature","geometry":{"type":"Point","coordinates":[6.81613,49.25452]},"properties":{"d":"33630","kva":630,"kwp":147.4,"ratio":0.23,"load":6,"rf":0}},{"type":"Feature","geometry":{"type":"Point","coordinates":[6.80796,49.25775]},"properties":{"d":"33630","kva":630,"kwp":174.6,"ratio":0.28,"load":8,"rf":0}},{"type":"Feature","geometry":{"type":"Point","coordinates":[6.81386,49.24881]},"properties":{"d":"33630","kva":630,"kwp":67.5,"ratio":0.11,"load":6,"rf":0}},{"type":"Feature","geometry":{"type":"Point","coordinates":[6.81579,49.25695]},"properties":{"d":"33630","kva":630,"kwp":45.7,"ratio":0.07,"load":2,"rf":0}},{"type":"Feature","geometry":{"type":"Point","coordinates":[6.81635,49.26374]},"properties":{"d":"33630","kva":630,"kwp":25.8,"ratio":0.04,"load":1,"rf":0}},{"type":"Feature","geometry":{"type":"Point","coordinates":[6.92332,49.48253]},"properties":{"d":"33737","kva":630,"kwp":230.3,"ratio":0.37,"load":24,"rf":0}},{"type":"Feature","geometry":{"type":"Point","coordinates":[6.92656,49.49355]},"properties":{"d":"33737","kva":400,"kwp":214.4,"ratio":0.54,"load":14,"rf":0}},{"type":"Feature","geometry":{"type":"Point","coordinates":[6.94009,49.48534]},"properties":{"d":"33737","kva":630,"kwp":389.1,"ratio":0.62,"load":21,"rf":0}},{"type":"Feature","geometry":{"type":"Point","coordinates":[6.94273,49.48947]},"properties":{"d":"33737","kva":400,"kwp":168.3,"ratio":0.42,"load":28,"rf":0}},{"type":"Feature","geometry":{"type":"Point","coordinates":[6.9404,49.49895]},"properties":{"d":"33737","kva":630,"kwp":222.3,"ratio":0.35,"load":23,"rf":0}},{"type":"Feature","geometry":{"type":"Point","coordinates":[6.94606,49.49845]},"properties":{"d":"33737","kva":630,"kwp":262.0,"ratio":0.42,"load":27,"rf":0}},{"type":"Feature","geometry":{"type":"Point","coordinates":[6.96656,49.50329]},"properties":{"d":"33737","kva":100,"kwp":1.6,"ratio":0.02,"load":1,"rf":0}},{"type":"Feature","geometry":{"type":"Point","coordinates":[6.98228,49.48822]},"properties":{"d":"33737","kva":800,"kwp":759.6,"ratio":0.95,"load":34,"rf":0}},{"type":"Feature","geometry":{"type":"Point","coordinates":[6.97455,49.48986]},"properties":{"d":"33737","kva":400,"kwp":203.3,"ratio":0.51,"load":17,"rf":0}},{"type":"Feature","geometry":{"type":"Point","coordinates":[6.97302,49.49472]},"properties":{"d":"33737","kva":400,"kwp":214.4,"ratio":0.54,"load":18,"rf":0}},{"type":"Feature","geometry":{"type":"Point","coordinates":[6.97067,49.49784]},"properties":{"d":"33737","kva":400,"kwp":184.2,"ratio":0.46,"load":12,"rf":0}},{"type":"Feature","geometry":{"type":"Point","coordinates":[6.98024,49.49615]},"properties":{"d":"33737","kva":630,"kwp":319.2,"ratio":0.51,"load":17,"rf":0}},{"type":"Feature","geometry":{"type":"Point","coordinates":[6.97982,49.493]},"properties":{"d":"33737","kva":630,"kwp":337.8,"ratio":0.54,"load":18,"rf":0}},{"type":"Feature","geometry":{"type":"Point","coordinates":[6.97782,49.45568]},"properties":{"d":"33737","kva":100,"kwp":63.2,"ratio":0.63,"load":50,"rf":0}},{"type":"Feature","geometry":{"type":"Point","coordinates":[7.02875,49.43275]},"properties":{"d":"33737","kva":630,"kwp":204.8,"ratio":0.33,"load":9,"rf":0}},{"type":"Feature","geometry":{"type":"Point","coordinates":[7.03385,49.43284]},"properties":{"d":"33737","kva":400,"kwp":121.3,"ratio":0.3,"load":8,"rf":0}},{"type":"Feature","geometry":{"type":"Point","coordinates":[7.02491,49.43007]},"properties":{"d":"33737","kva":250,"kwp":42.2,"ratio":0.17,"load":9,"rf":0}},{"type":"Feature","geometry":{"type":"Point","coordinates":[6.99149,49.4812]},"properties":{"d":"33737","kva":100,"kwp":14.3,"ratio":0.14,"load":10,"rf":0}},{"type":"Feature","geometry":{"type":"Point","coordinates":[6.99095,49.48897]},"properties":{"d":"33737","kva":100,"kwp":6.4,"ratio":0.06,"load":4,"rf":0}},{"type":"Feature","geometry":{"type":"Point","coordinates":[6.99397,49.45769]},"properties":{"d":"33737","kva":100,"kwp":3.2,"ratio":0.03,"load":2,"rf":0}},{"type":"Feature","geometry":{"type":"Point","coordinates":[7.00287,49.44303]},"properties":{"d":"33737","kva":100,"kwp":0.9,"ratio":0.01,"load":0,"rf":0}},{"type":"Feature","geometry":{"type":"Point","coordinates":[7.00107,49.46409]},"properties":{"d":"33737","kva":800,"kwp":487.5,"ratio":0.61,"load":20,"rf":0}},{"type":"Feature","geometry":{"type":"Point","coordinates":[7.00157,49.46989]},"properties":{"d":"33737","kva":630,"kwp":309.7,"ratio":0.49,"load":16,"rf":0}},{"type":"Feature","geometry":{"type":"Point","coordinates":[6.99186,49.46082]},"properties":{"d":"33737","kva":250,"kwp":120.7,"ratio":0.48,"load":9,"rf":0}},{"type":"Feature","geometry":{"type":"Point","coordinates":[6.99506,49.47253]},"properties":{"d":"33737","kva":400,"kwp":220.7,"ratio":0.55,"load":18,"rf":0}},{"type":"Feature","geometry":{"type":"Point","coordinates":[6.9975,49.46331]},"properties":{"d":"33737","kva":250,"kwp":108.0,"ratio":0.43,"load":28,"rf":0}},{"type":"Feature","geometry":{"type":"Point","coordinates":[7.00021,49.48929]},"properties":{"d":"33737","kva":100,"kwp":25.4,"ratio":0.25,"load":42,"rf":0}},{"type":"Feature","geometry":{"type":"Point","coordinates":[7.01534,49.44815]},"properties":{"d":"33737","kva":100,"kwp":0.9,"ratio":0.01,"load":0,"rf":0}},{"type":"Feature","geometry":{"type":"Point","coordinates":[7.02954,49.50404]},"properties":{"d":"33737","kva":800,"kwp":441.5,"ratio":0.55,"load":18,"rf":0}},{"type":"Feature","geometry":{"type":"Point","coordinates":[7.03919,49.48622]},"properties":{"d":"33737","kva":630,"kwp":269.0,"ratio":0.43,"load":12,"rf":0}},{"type":"Feature","geometry":{"type":"Point","coordinates":[7.0268,49.47909]},"properties":{"d":"33737","kva":800,"kwp":412.8,"ratio":0.52,"load":17,"rf":0}},{"type":"Feature","geometry":{"type":"Point","coordinates":[7.02869,49.49807]},"properties":{"d":"33737","kva":800,"kwp":393.8,"ratio":0.49,"load":15,"rf":0}},{"type":"Feature","geometry":{"type":"Point","coordinates":[7.01914,49.49977]},"properties":{"d":"33737","kva":630,"kwp":389.9,"ratio":0.62,"load":21,"rf":0}},{"type":"Feature","geometry":{"type":"Point","coordinates":[7.02246,49.50131]},"properties":{"d":"33737","kva":800,"kwp":522.3,"ratio":0.65,"load":22,"rf":0}},{"type":"Feature","geometry":{"type":"Point","coordinates":[7.03378,49.49975]},"properties":{"d":"33737","kva":630,"kwp":255.7,"ratio":0.41,"load":27,"rf":0}},{"type":"Feature","geometry":{"type":"Point","coordinates":[7.03213,49.48211]},"properties":{"d":"33737","kva":630,"kwp":315.1,"ratio":0.5,"load":16,"rf":0}},{"type":"Feature","geometry":{"type":"Point","coordinates":[7.03983,49.47989]},"properties":{"d":"33737","kva":400,"kwp":116.9,"ratio":0.29,"load":7,"rf":0}},{"type":"Feature","geometry":{"type":"Point","coordinates":[7.0093,49.50613]},"properties":{"d":"33737","kva":400,"kwp":300.5,"ratio":0.75,"load":20,"rf":0}},{"type":"Feature","geometry":{"type":"Point","coordinates":[7.03436,49.49485]},"properties":{"d":"33737","kva":250,"kwp":88.9,"ratio":0.36,"load":57,"rf":0}},{"type":"Feature","geometry":{"type":"Point","coordinates":[7.03614,49.47604]},"properties":{"d":"33737","kva":400,"kwp":145.3,"ratio":0.36,"load":23,"rf":0}},{"type":"Feature","geometry":{"type":"Point","coordinates":[7.01079,49.47482]},"properties":{"d":"33737","kva":100,"kwp":1.6,"ratio":0.02,"load":1,"rf":0}},{"type":"Feature","geometry":{"type":"Point","coordinates":[7.02134,49.44733]},"properties":{"d":"33737","kva":100,"kwp":2.6,"ratio":0.03,"load":1,"rf":0}},{"type":"Feature","geometry":{"type":"Point","coordinates":[7.02398,49.4864]},"properties":{"d":"33737","kva":100,"kwp":7.9,"ratio":0.08,"load":5,"rf":0}},{"type":"Feature","geometry":{"type":"Point","coordinates":[7.02218,49.51032]},"properties":{"d":"33737","kva":250,"kwp":275.8,"ratio":1.1,"load":85,"rf":1}},{"type":"Feature","geometry":{"type":"Point","coordinates":[7.03456,49.44894]},"properties":{"d":"33737","kva":100,"kwp":92.4,"ratio":0.92,"load":71,"rf":0}},{"type":"Feature","geometry":{"type":"Point","coordinates":[7.03638,49.4631]},"properties":{"d":"33737","kva":100,"kwp":2.6,"ratio":0.03,"load":1,"rf":0}},{"type":"Feature","geometry":{"type":"Point","coordinates":[7.04135,49.45502]},"properties":{"d":"33737","kva":100,"kwp":1.8,"ratio":0.02,"load":1,"rf":0}},{"type":"Feature","geometry":{"type":"Point","coordinates":[7.05444,49.45167]},"properties":{"d":"33737","kva":630,"kwp":229.3,"ratio":0.36,"load":11,"rf":0}},{"type":"Feature","geometry":{"type":"Point","coordinates":[7.06355,49.45808]},"properties":{"d":"33737","kva":630,"kwp":270.0,"ratio":0.43,"load":14,"rf":0}},{"type":"Feature","geometry":{"type":"Point","coordinates":[7.06028,49.45173]},"properties":{"d":"33737","kva":1000,"kwp":270.7,"ratio":0.27,"load":7,"rf":0}},{"type":"Feature","geometry":{"type":"Point","coordinates":[7.05258,49.45377]},"properties":{"d":"33737","kva":400,"kwp":77.4,"ratio":0.19,"load":11,"rf":0}},{"type":"Feature","geometry":{"type":"Point","coordinates":[7.05239,49.45583]},"properties":{"d":"33737","kva":630,"kwp":171.4,"ratio":0.27,"load":7,"rf":0}},{"type":"Feature","geometry":{"type":"Point","coordinates":[7.05547,49.44557]},"properties":{"d":"33737","kva":800,"kwp":246.1,"ratio":0.31,"load":9,"rf":0}},{"type":"Feature","geometry":{"type":"Point","coordinates":[7.0656,49.45289]},"properties":{"d":"33737","kva":630,"kwp":166.1,"ratio":0.26,"load":7,"rf":0}},{"type":"Feature","geometry":{"type":"Point","coordinates":[7.04661,49.44804]},"properties":{"d":"33737","kva":250,"kwp":52.7,"ratio":0.21,"load":11,"rf":0}},{"type":"Feature","geometry":{"type":"Point","coordinates":[7.05778,49.44928]},"properties":{"d":"33737","kva":400,"kwp":134.5,"ratio":0.34,"load":9,"rf":0}},{"type":"Feature","geometry":{"type":"Point","coordinates":[7.06306,49.44906]},"properties":{"d":"33737","kva":400,"kwp":87.0,"ratio":0.22,"load":29,"rf":0}},{"type":"Feature","geometry":{"type":"Point","coordinates":[7.05948,49.44664]},"properties":{"d":"33737","kva":400,"kwp":121.4,"ratio":0.3,"load":19,"rf":0}},{"type":"Feature","geometry":{"type":"Point","coordinates":[7.08124,49.42804]},"properties":{"d":"33737","kva":800,"kwp":242.6,"ratio":0.3,"load":8,"rf":0}},{"type":"Feature","geometry":{"type":"Point","coordinates":[7.07086,49.43211]},"properties":{"d":"33737","kva":630,"kwp":200.4,"ratio":0.32,"load":9,"rf":0}},{"type":"Feature","geometry":{"type":"Point","coordinates":[7.07708,49.42633]},"properties":{"d":"33737","kva":800,"kwp":240.0,"ratio":0.3,"load":8,"rf":0}},{"type":"Feature","geometry":{"type":"Point","coordinates":[7.07718,49.43337]},"properties":{"d":"33737","kva":400,"kwp":116.0,"ratio":0.29,"load":6,"rf":0}},{"type":"Feature","geometry":{"type":"Point","coordinates":[7.07563,49.43548]},"properties":{"d":"33737","kva":250,"kwp":66.8,"ratio":0.27,"load":4,"rf":0}},{"type":"Feature","geometry":{"type":"Point","coordinates":[7.07527,49.43189]},"properties":{"d":"33737","kva":630,"kwp":150.3,"ratio":0.24,"load":12,"rf":0}},{"type":"Feature","geometry":{"type":"Point","coordinates":[7.07729,49.41987]},"properties":{"d":"33737","kva":160,"kwp":37.0,"ratio":0.23,"load":14,"rf":0}},{"type":"Feature","geometry":{"type":"Point","coordinates":[7.045,49.49933]},"properties":{"d":"33737","kva":100,"kwp":2.2,"ratio":0.02,"load":1,"rf":0}},{"type":"Feature","geometry":{"type":"Point","coordinates":[7.06733,49.47042]},"properties":{"d":"33737","kva":630,"kwp":634.7,"ratio":1.01,"load":36,"rf":0}},{"type":"Feature","geometry":{"type":"Point","coordinates":[7.06457,49.47292]},"properties":{"d":"33737","kva":630,"kwp":142.4,"ratio":0.23,"load":12,"rf":0}},{"type":"Feature","geometry":{"type":"Point","coordinates":[7.07078,49.47049]},"properties":{"d":"33737","kva":630,"kwp":160.0,"ratio":0.25,"load":6,"rf":0}},{"type":"Feature","geometry":{"type":"Point","coordinates":[7.07036,49.47374]},"properties":{"d":"33737","kva":630,"kwp":164.4,"ratio":0.26,"load":14,"rf":0}},{"type":"Feature","geometry":{"type":"Point","coordinates":[7.06457,49.47744]},"properties":{"d":"33737","kva":160,"kwp":30.8,"ratio":0.19,"load":10,"rf":0}},{"type":"Feature","geometry":{"type":"Point","coordinates":[7.06899,49.466]},"properties":{"d":"33737","kva":400,"kwp":90.5,"ratio":0.23,"load":12,"rf":0}},{"type":"Feature","geometry":{"type":"Point","coordinates":[7.06851,49.43715]},"properties":{"d":"33737","kva":100,"kwp":2.6,"ratio":0.03,"load":2,"rf":0}},{"type":"Feature","geometry":{"type":"Point","coordinates":[7.07627,49.45096]},"properties":{"d":"33737","kva":100,"kwp":2.6,"ratio":0.03,"load":1,"rf":0}},{"type":"Feature","geometry":{"type":"Point","coordinates":[7.08307,49.451]},"properties":{"d":"33737","kva":100,"kwp":2.6,"ratio":0.03,"load":1,"rf":0}},{"type":"Feature","geometry":{"type":"Point","coordinates":[7.08921,49.41493]},"properties":{"d":"33737","kva":100,"kwp":3.7,"ratio":0.04,"load":2,"rf":0}},{"type":"Feature","geometry":{"type":"Point","coordinates":[7.08658,49.46607]},"properties":{"d":"33737","kva":100,"kwp":64.4,"ratio":0.64,"load":49,"rf":0}},{"type":"Feature","geometry":{"type":"Point","coordinates":[7.08667,49.47626]},"properties":{"d":"33737","kva":100,"kwp":2.6,"ratio":0.03,"load":1,"rf":0}},{"type":"Feature","geometry":{"type":"Point","coordinates":[7.09748,49.43603]},"properties":{"d":"33737","kva":160,"kwp":66.9,"ratio":0.42,"load":30,"rf":0}},{"type":"Feature","geometry":{"type":"Point","coordinates":[7.09139,49.45732]},"properties":{"d":"33737","kva":250,"kwp":49.2,"ratio":0.2,"load":11,"rf":0}},{"type":"Feature","geometry":{"type":"Point","coordinates":[6.94009,49.48534]},"properties":{"d":"33737","kva":630,"kwp":389.1,"ratio":0.62,"load":21,"rf":0}},{"type":"Feature","geometry":{"type":"Point","coordinates":[6.98228,49.48822]},"properties":{"d":"33737","kva":800,"kwp":759.6,"ratio":0.95,"load":34,"rf":0}},{"type":"Feature","geometry":{"type":"Point","coordinates":[6.97455,49.48986]},"properties":{"d":"33737","kva":400,"kwp":203.3,"ratio":0.51,"load":17,"rf":0}},{"type":"Feature","geometry":{"type":"Point","coordinates":[6.97302,49.49472]},"properties":{"d":"33737","kva":400,"kwp":214.4,"ratio":0.54,"load":18,"rf":0}},{"type":"Feature","geometry":{"type":"Point","coordinates":[7.02875,49.43275]},"properties":{"d":"33737","kva":630,"kwp":204.8,"ratio":0.33,"load":9,"rf":0}},{"type":"Feature","geometry":{"type":"Point","coordinates":[7.03385,49.43284]},"properties":{"d":"33737","kva":400,"kwp":121.3,"ratio":0.3,"load":8,"rf":0}},{"type":"Feature","geometry":{"type":"Point","coordinates":[7.00107,49.46409]},"properties":{"d":"33737","kva":800,"kwp":487.5,"ratio":0.61,"load":20,"rf":0}},{"type":"Feature","geometry":{"type":"Point","coordinates":[6.99506,49.47253]},"properties":{"d":"33737","kva":400,"kwp":220.7,"ratio":0.55,"load":18,"rf":0}},{"type":"Feature","geometry":{"type":"Point","coordinates":[7.02954,49.50404]},"properties":{"d":"33737","kva":800,"kwp":441.5,"ratio":0.55,"load":18,"rf":0}},{"type":"Feature","geometry":{"type":"Point","coordinates":[7.03919,49.48622]},"properties":{"d":"33737","kva":630,"kwp":269.0,"ratio":0.43,"load":12,"rf":0}},{"type":"Feature","geometry":{"type":"Point","coordinates":[7.0268,49.47909]},"properties":{"d":"33737","kva":800,"kwp":412.8,"ratio":0.52,"load":17,"rf":0}},{"type":"Feature","geometry":{"type":"Point","coordinates":[7.01914,49.49977]},"properties":{"d":"33737","kva":630,"kwp":389.9,"ratio":0.62,"load":21,"rf":0}},{"type":"Feature","geometry":{"type":"Point","coordinates":[7.02246,49.50131]},"properties":{"d":"33737","kva":800,"kwp":522.3,"ratio":0.65,"load":22,"rf":0}},{"type":"Feature","geometry":{"type":"Point","coordinates":[7.03213,49.48211]},"properties":{"d":"33737","kva":630,"kwp":315.1,"ratio":0.5,"load":16,"rf":0}},{"type":"Feature","geometry":{"type":"Point","coordinates":[7.03983,49.47989]},"properties":{"d":"33737","kva":400,"kwp":116.9,"ratio":0.29,"load":7,"rf":0}},{"type":"Feature","geometry":{"type":"Point","coordinates":[7.05444,49.45167]},"properties":{"d":"33737","kva":630,"kwp":229.3,"ratio":0.36,"load":11,"rf":0}},{"type":"Feature","geometry":{"type":"Point","coordinates":[7.06028,49.45173]},"properties":{"d":"33737","kva":1000,"kwp":270.7,"ratio":0.27,"load":7,"rf":0}},{"type":"Feature","geometry":{"type":"Point","coordinates":[7.05547,49.44557]},"properties":{"d":"33737","kva":800,"kwp":246.1,"ratio":0.31,"load":9,"rf":0}},{"type":"Feature","geometry":{"type":"Point","coordinates":[7.05778,49.44928]},"properties":{"d":"33737","kva":400,"kwp":134.5,"ratio":0.34,"load":9,"rf":0}},{"type":"Feature","geometry":{"type":"Point","coordinates":[7.08124,49.42804]},"properties":{"d":"33737","kva":800,"kwp":242.6,"ratio":0.3,"load":8,"rf":0}},{"type":"Feature","geometry":{"type":"Point","coordinates":[7.07086,49.43211]},"properties":{"d":"33737","kva":630,"kwp":200.4,"ratio":0.32,"load":9,"rf":0}},{"type":"Feature","geometry":{"type":"Point","coordinates":[7.07708,49.42633]},"properties":{"d":"33737","kva":800,"kwp":240.0,"ratio":0.3,"load":8,"rf":0}},{"type":"Feature","geometry":{"type":"Point","coordinates":[7.06733,49.47042]},"properties":{"d":"33737","kva":630,"kwp":634.7,"ratio":1.01,"load":36,"rf":0}},{"type":"Feature","geometry":{"type":"Point","coordinates":[7.07078,49.47049]},"properties":{"d":"33737","kva":630,"kwp":160.0,"ratio":0.25,"load":6,"rf":0}},{"type":"Feature","geometry":{"type":"Point","coordinates":[7.03436,49.49485]},"properties":{"d":"33737","kva":250,"kwp":88.9,"ratio":0.36,"load":57,"rf":0}},{"type":"Feature","geometry":{"type":"Point","coordinates":[6.92656,49.49355]},"properties":{"d":"33737","kva":630,"kwp":214.4,"ratio":0.34,"load":14,"rf":0}},{"type":"Feature","geometry":{"type":"Point","coordinates":[6.96656,49.50329]},"properties":{"d":"33737","kva":630,"kwp":1.6,"ratio":0.0,"load":1,"rf":0}},{"type":"Feature","geometry":{"type":"Point","coordinates":[6.97067,49.49784]},"properties":{"d":"33737","kva":630,"kwp":184.2,"ratio":0.29,"load":12,"rf":0}},{"type":"Feature","geometry":{"type":"Point","coordinates":[6.98024,49.49615]},"properties":{"d":"33737","kva":630,"kwp":319.2,"ratio":0.51,"load":17,"rf":0}},{"type":"Feature","geometry":{"type":"Point","coordinates":[6.97982,49.493]},"properties":{"d":"33737","kva":630,"kwp":337.8,"ratio":0.54,"load":18,"rf":0}},{"type":"Feature","geometry":{"type":"Point","coordinates":[7.00157,49.46989]},"properties":{"d":"33737","kva":630,"kwp":309.7,"ratio":0.49,"load":16,"rf":0}},{"type":"Feature","geometry":{"type":"Point","coordinates":[6.99186,49.46082]},"properties":{"d":"33737","kva":630,"kwp":120.7,"ratio":0.19,"load":9,"rf":0}},{"type":"Feature","geometry":{"type":"Point","coordinates":[7.02869,49.49807]},"properties":{"d":"33737","kva":630,"kwp":393.8,"ratio":0.63,"load":22,"rf":0}},{"type":"Feature","geometry":{"type":"Point","coordinates":[7.0093,49.50613]},"properties":{"d":"33737","kva":630,"kwp":300.5,"ratio":0.48,"load":20,"rf":0}},{"type":"Feature","geometry":{"type":"Point","coordinates":[7.06355,49.45808]},"properties":{"d":"33737","kva":630,"kwp":270.0,"ratio":0.43,"load":14,"rf":0}},{"type":"Feature","geometry":{"type":"Point","coordinates":[7.05239,49.45583]},"properties":{"d":"33737","kva":630,"kwp":171.4,"ratio":0.27,"load":7,"rf":0}},{"type":"Feature","geometry":{"type":"Point","coordinates":[7.0656,49.45289]},"properties":{"d":"33737","kva":630,"kwp":166.1,"ratio":0.26,"load":7,"rf":0}},{"type":"Feature","geometry":{"type":"Point","coordinates":[7.07718,49.43337]},"properties":{"d":"33737","kva":630,"kwp":116.0,"ratio":0.18,"load":6,"rf":0}},{"type":"Feature","geometry":{"type":"Point","coordinates":[7.07563,49.43548]},"properties":{"d":"33737","kva":630,"kwp":66.8,"ratio":0.11,"load":4,"rf":0}},{"type":"Feature","geometry":{"type":"Point","coordinates":[6.86001,49.3839]},"properties":{"d":"33741","kva":400,"kwp":108.1,"ratio":0.27,"load":17,"rf":0}},{"type":"Feature","geometry":{"type":"Point","coordinates":[6.90814,49.4249]},"properties":{"d":"33741","kva":100,"kwp":5.7,"ratio":0.06,"load":4,"rf":0}},{"type":"Feature","geometry":{"type":"Point","coordinates":[6.9799,49.41098]},"properties":{"d":"33741","kva":800,"kwp":413.8,"ratio":0.52,"load":17,"rf":0}},{"type":"Feature","geometry":{"type":"Point","coordinates":[6.971,49.40179]},"properties":{"d":"33741","kva":630,"kwp":330.8,"ratio":0.53,"load":19,"rf":0}},{"type":"Feature","geometry":{"type":"Point","coordinates":[6.95443,49.41113]},"properties":{"d":"33741","kva":630,"kwp":289.6,"ratio":0.46,"load":15,"rf":0}},{"type":"Feature","geometry":{"type":"Point","coordinates":[6.94677,49.41007]},"properties":{"d":"33741","kva":800,"kwp":561.9,"ratio":0.7,"load":23,"rf":0}},{"type":"Feature","geometry":{"type":"Point","coordinates":[6.95677,49.40445]},"properties":{"d":"33741","kva":800,"kwp":484.7,"ratio":0.61,"load":20,"rf":0}},{"type":"Feature","geometry":{"type":"Point","coordinates":[6.97421,49.40529]},"properties":{"d":"33741","kva":630,"kwp":301.1,"ratio":0.48,"load":16,"rf":0}},{"type":"Feature","geometry":{"type":"Point","coordinates":[6.96244,49.41106]},"properties":{"d":"33741","kva":400,"kwp":242.5,"ratio":0.61,"load":21,"rf":0}},{"type":"Feature","geometry":{"type":"Point","coordinates":[6.95142,49.41404]},"properties":{"d":"33741","kva":630,"kwp":462.3,"ratio":0.73,"load":26,"rf":0}},{"type":"Feature","geometry":{"type":"Point","coordinates":[6.96458,49.40905]},"properties":{"d":"33741","kva":630,"kwp":283.3,"ratio":0.45,"load":30,"rf":0}},{"type":"Feature","geometry":{"type":"Point","coordinates":[6.96773,49.40692]},"properties":{"d":"33741","kva":630,"kwp":268.2,"ratio":0.43,"load":28,"rf":0}},{"type":"Feature","geometry":{"type":"Point","coordinates":[6.96265,49.39745]},"properties":{"d":"33741","kva":400,"kwp":139.8,"ratio":0.35,"load":23,"rf":0}},{"type":"Feature","geometry":{"type":"Point","coordinates":[6.9658,49.40433]},"properties":{"d":"33741","kva":630,"kwp":319.0,"ratio":0.51,"load":17,"rf":0}},{"type":"Feature","geometry":{"type":"Point","coordinates":[6.94112,49.41228]},"properties":{"d":"33741","kva":400,"kwp":264.7,"ratio":0.66,"load":23,"rf":0}},{"type":"Feature","geometry":{"type":"Point","coordinates":[6.95683,49.42256]},"properties":{"d":"33741","kva":400,"kwp":175.9,"ratio":0.44,"load":30,"rf":0}},{"type":"Feature","geometry":{"type":"Point","coordinates":[6.94969,49.40687]},"properties":{"d":"33741","kva":630,"kwp":301.1,"ratio":0.48,"load":16,"rf":0}},{"type":"Feature","geometry":{"type":"Point","coordinates":[6.95329,49.41881]},"properties":{"d":"33741","kva":250,"kwp":94.5,"ratio":0.38,"load":26,"rf":0}},{"type":"Feature","geometry":{"type":"Point","coordinates":[6.97032,49.40788]},"properties":{"d":"33741","kva":630,"kwp":202.4,"ratio":0.32,"load":20,"rf":0}},{"type":"Feature","geometry":{"type":"Point","coordinates":[6.9402,49.40742]},"properties":{"d":"33741","kva":400,"kwp":204.2,"ratio":0.51,"load":36,"rf":0}},{"type":"Feature","geometry":{"type":"Point","coordinates":[6.97255,49.4036]},"properties":{"d":"33741","kva":400,"kwp":169.8,"ratio":0.42,"load":11,"rf":0}},{"type":"Feature","geometry":{"type":"Point","coordinates":[6.86949,49.39884]},"properties":{"d":"33741","kva":160,"kwp":58.9,"ratio":0.37,"load":25,"rf":0}},{"type":"Feature","geometry":{"type":"Point","coordinates":[6.87369,49.37215]},"properties":{"d":"33741","kva":100,"kwp":1.6,"ratio":0.02,"load":0,"rf":0}},{"type":"Feature","geometry":{"type":"Point","coordinates":[6.87626,49.42576]},"properties":{"d":"33741","kva":100,"kwp":1.5,"ratio":0.01,"load":1,"rf":0}},{"type":"Feature","geometry":{"type":"Point","coordinates":[6.89505,49.40464]},"properties":{"d":"33741","kva":400,"kwp":249.8,"ratio":0.62,"load":21,"rf":0}},{"type":"Feature","geometry":{"type":"Point","coordinates":[6.91189,49.40646]},"properties":{"d":"33741","kva":800,"kwp":404.7,"ratio":0.51,"load":16,"rf":0}},{"type":"Feature","geometry":{"type":"Point","coordinates":[6.91803,49.41773]},"properties":{"d":"33741","kva":800,"kwp":638.6,"ratio":0.8,"load":28,"rf":0}},{"type":"Feature","geometry":{"type":"Point","coordinates":[6.9121,49.40074]},"properties":{"d":"33741","kva":630,"kwp":477.5,"ratio":0.76,"load":26,"rf":0}},{"type":"Feature","geometry":{"type":"Point","coordinates":[6.91044,49.41004]},"properties":{"d":"33741","kva":1000,"kwp":461.4,"ratio":0.46,"load":14,"rf":0}},{"type":"Feature","geometry":{"type":"Point","coordinates":[6.90664,49.41232]},"properties":{"d":"33741","kva":800,"kwp":345.1,"ratio":0.43,"load":27,"rf":0}},{"type":"Feature","geometry":{"type":"Point","coordinates":[6.90249,49.40645]},"properties":{"d":"33741","kva":630,"kwp":949.9,"ratio":1.51,"load":35,"rf":0}},{"type":"Feature","geometry":{"type":"Point","coordinates":[6.90249,49.40645]},"properties":{"d":"33741","kva":630,"kwp":949.9,"ratio":1.51,"load":35,"rf":0}},{"type":"Feature","geometry":{"type":"Point","coordinates":[6.91736,49.42687]},"properties":{"d":"33741","kva":400,"kwp":219.4,"ratio":0.55,"load":15,"rf":0}},{"type":"Feature","geometry":{"type":"Point","coordinates":[6.91567,49.40863]},"properties":{"d":"33741","kva":400,"kwp":139.9,"ratio":0.35,"load":24,"rf":0}},{"type":"Feature","geometry":{"type":"Point","coordinates":[6.90456,49.41608]},"properties":{"d":"33741","kva":400,"kwp":259.2,"ratio":0.65,"load":18,"rf":0}},{"type":"Feature","geometry":{"type":"Point","coordinates":[6.8944,49.41132]},"properties":{"d":"33741","kva":400,"kwp":447.7,"ratio":1.12,"load":41,"rf":0}},{"type":"Feature","geometry":{"type":"Point","coordinates":[6.90318,49.40933]},"properties":{"d":"33741","kva":400,"kwp":34.0,"ratio":0.09,"load":2,"rf":0}},{"type":"Feature","geometry":{"type":"Point","coordinates":[6.91394,49.41442]},"properties":{"d":"33741","kva":400,"kwp":166.4,"ratio":0.42,"load":29,"rf":0}},{"type":"Feature","geometry":{"type":"Point","coordinates":[6.91596,49.40167]},"properties":{"d":"33741","kva":800,"kwp":521.9,"ratio":0.65,"load":22,"rf":0}},{"type":"Feature","geometry":{"type":"Point","coordinates":[6.88908,49.40461]},"properties":{"d":"33741","kva":250,"kwp":343.5,"ratio":1.37,"load":30,"rf":0}},{"type":"Feature","geometry":{"type":"Point","coordinates":[6.90255,49.41372]},"properties":{"d":"33741","kva":630,"kwp":298.8,"ratio":0.47,"load":73,"rf":0}},{"type":"Feature","geometry":{"type":"Point","coordinates":[6.90348,49.40263]},"properties":{"d":"33741","kva":630,"kwp":347.9,"ratio":0.55,"load":19,"rf":0}},{"type":"Feature","geometry":{"type":"Point","coordinates":[6.92928,49.41429]},"properties":{"d":"33741","kva":250,"kwp":85.1,"ratio":0.34,"load":24,"rf":0}},{"type":"Feature","geometry":{"type":"Point","coordinates":[6.91968,49.42389]},"properties":{"d":"33741","kva":400,"kwp":246.6,"ratio":0.62,"load":20,"rf":0}},{"type":"Feature","geometry":{"type":"Point","coordinates":[6.89013,49.41119]},"properties":{"d":"33741","kva":250,"kwp":478.7,"ratio":1.91,"load":71,"rf":0}},{"type":"Feature","geometry":{"type":"Point","coordinates":[6.91407,49.39816]},"properties":{"d":"33741","kva":400,"kwp":170.2,"ratio":0.43,"load":29,"rf":0}},{"type":"Feature","geometry":{"type":"Point","coordinates":[6.9001,49.42044]},"properties":{"d":"33741","kva":160,"kwp":43.5,"ratio":0.27,"load":18,"rf":0}},{"type":"Feature","geometry":{"type":"Point","coordinates":[6.88375,49.4153]},"properties":{"d":"33741","kva":100,"kwp":1.9,"ratio":0.02,"load":1,"rf":0}},{"type":"Feature","geometry":{"type":"Point","coordinates":[6.90411,49.38832]},"properties":{"d":"33741","kva":630,"kwp":326.6,"ratio":0.52,"load":36,"rf":0}},{"type":"Feature","geometry":{"type":"Point","coordinates":[6.90513,49.3914]},"properties":{"d":"33741","kva":400,"kwp":240.2,"ratio":0.6,"load":43,"rf":0}},{"type":"Feature","geometry":{"type":"Point","coordinates":[7.00485,49.39363]},"properties":{"d":"33741","kva":800,"kwp":416.7,"ratio":0.52,"load":17,"rf":0}},{"type":"Feature","geometry":{"type":"Point","coordinates":[6.99806,49.39029]},"properties":{"d":"33741","kva":800,"kwp":406.7,"ratio":0.51,"load":17,"rf":0}},{"type":"Feature","geometry":{"type":"Point","coordinates":[6.99602,49.38679]},"properties":{"d":"33741","kva":250,"kwp":177.8,"ratio":0.71,"load":51,"rf":0}},{"type":"Feature","geometry":{"type":"Point","coordinates":[6.98696,49.39844]},"properties":{"d":"33741","kva":630,"kwp":275.4,"ratio":0.44,"load":14,"rf":0}},{"type":"Feature","geometry":{"type":"Point","coordinates":[6.99202,49.39586]},"properties":{"d":"33741","kva":250,"kwp":111.3,"ratio":0.45,"load":8,"rf":0}},{"type":"Feature","geometry":{"type":"Point","coordinates":[6.99141,49.38995]},"properties":{"d":"33741","kva":400,"kwp":215.5,"ratio":0.54,"load":18,"rf":0}},{"type":"Feature","geometry":{"type":"Point","coordinates":[6.88017,49.4077]},"properties":{"d":"33741","kva":100,"kwp":1.9,"ratio":0.02,"load":1,"rf":0}},{"type":"Feature","geometry":{"type":"Point","coordinates":[6.89231,49.37624]},"properties":{"d":"33741","kva":400,"kwp":173.6,"ratio":0.43,"load":27,"rf":0}},{"type":"Feature","geometry":{"type":"Point","coordinates":[6.88847,49.38091]},"properties":{"d":"33741","kva":400,"kwp":186.5,"ratio":0.47,"load":11,"rf":0}},{"type":"Feature","geometry":{"type":"Point","coordinates":[6.88884,49.39103]},"properties":{"d":"33741","kva":160,"kwp":54.8,"ratio":0.34,"load":23,"rf":0}},{"type":"Feature","geometry":{"type":"Point","coordinates":[6.88764,49.44476]},"properties":{"d":"33741","kva":100,"kwp":1.5,"ratio":0.01,"load":1,"rf":0}},{"type":"Feature","geometry":{"type":"Point","coordinates":[6.90335,49.4531]},"properties":{"d":"33741","kva":800,"kwp":499.3,"ratio":0.62,"load":21,"rf":0}},{"type":"Feature","geometry":{"type":"Point","coordinates":[6.89509,49.45069]},"properties":{"d":"33741","kva":400,"kwp":218.9,"ratio":0.55,"load":15,"rf":0}},{"type":"Feature","geometry":{"type":"Point","coordinates":[6.89949,49.447]},"properties":{"d":"33741","kva":630,"kwp":309.6,"ratio":0.49,"load":16,"rf":0}},{"type":"Feature","geometry":{"type":"Point","coordinates":[6.90424,49.45738]},"properties":{"d":"33741","kva":400,"kwp":122.9,"ratio":0.31,"load":20,"rf":0}},{"type":"Feature","geometry":{"type":"Point","coordinates":[6.89295,49.42892]},"properties":{"d":"33741","kva":100,"kwp":3.8,"ratio":0.04,"load":2,"rf":0}},{"type":"Feature","geometry":{"type":"Point","coordinates":[6.90202,49.46276]},"properties":{"d":"33741","kva":100,"kwp":4.5,"ratio":0.04,"load":3,"rf":0}},{"type":"Feature","geometry":{"type":"Point","coordinates":[6.90716,49.43891]},"properties":{"d":"33741","kva":250,"kwp":71.9,"ratio":0.29,"load":20,"rf":0}},{"type":"Feature","geometry":{"type":"Point","coordinates":[6.92533,49.38035]},"properties":{"d":"33741","kva":100,"kwp":3.2,"ratio":0.03,"load":2,"rf":0}},{"type":"Feature","geometry":{"type":"Point","coordinates":[6.92104,49.38574]},"properties":{"d":"33741","kva":630,"kwp":329.1,"ratio":0.52,"load":18,"rf":0}},{"type":"Feature","geometry":{"type":"Point","coordinates":[6.92541,49.38873]},"properties":{"d":"33741","kva":630,"kwp":301.7,"ratio":0.48,"load":33,"rf":0}},{"type":"Feature","geometry":{"type":"Point","coordinates":[6.92178,49.3925]},"properties":{"d":"33741","kva":400,"kwp":315.9,"ratio":0.79,"load":28,"rf":0}},{"type":"Feature","geometry":{"type":"Point","coordinates":[6.9285,49.39152]},"properties":{"d":"33741","kva":630,"kwp":312.0,"ratio":0.5,"load":34,"rf":0}},{"type":"Feature","geometry":{"type":"Point","coordinates":[6.92808,49.37563]},"properties":{"d":"33741","kva":160,"kwp":141.2,"ratio":0.88,"load":71,"rf":1}},{"type":"Feature","geometry":{"type":"Point","coordinates":[6.93026,49.46137]},"properties":{"d":"33741","kva":100,"kwp":1.9,"ratio":0.02,"load":1,"rf":0}},{"type":"Feature","geometry":{"type":"Point","coordinates":[6.93818,49.43408]},"properties":{"d":"33741","kva":100,"kwp":3.8,"ratio":0.04,"load":3,"rf":0}},{"type":"Feature","geometry":{"type":"Point","coordinates":[6.94069,49.42454]},"properties":{"d":"33741","kva":160,"kwp":7.6,"ratio":0.05,"load":4,"rf":0}},{"type":"Feature","geometry":{"type":"Point","coordinates":[6.94238,49.4443]},"properties":{"d":"33741","kva":100,"kwp":9.5,"ratio":0.09,"load":6,"rf":0}},{"type":"Feature","geometry":{"type":"Point","coordinates":[6.95121,49.43076]},"properties":{"d":"33741","kva":800,"kwp":542.7,"ratio":0.68,"load":23,"rf":0}},{"type":"Feature","geometry":{"type":"Point","coordinates":[6.96188,49.44454]},"properties":{"d":"33741","kva":630,"kwp":478.1,"ratio":0.76,"load":25,"rf":0}},{"type":"Feature","geometry":{"type":"Point","coordinates":[6.94975,49.43392]},"properties":{"d":"33741","kva":400,"kwp":338.0,"ratio":0.84,"load":30,"rf":0}},{"type":"Feature","geometry":{"type":"Point","coordinates":[6.96793,49.45061]},"properties":{"d":"33741","kva":630,"kwp":268.4,"ratio":0.43,"load":28,"rf":0}},{"type":"Feature","geometry":{"type":"Point","coordinates":[6.94534,49.43281]},"properties":{"d":"33741","kva":400,"kwp":177.8,"ratio":0.44,"load":31,"rf":0}},{"type":"Feature","geometry":{"type":"Point","coordinates":[6.96443,49.44176]},"properties":{"d":"33741","kva":630,"kwp":336.6,"ratio":0.53,"load":36,"rf":0}},{"type":"Feature","geometry":{"type":"Point","coordinates":[6.95499,49.43698]},"properties":{"d":"33741","kva":400,"kwp":213.7,"ratio":0.53,"load":37,"rf":0}},{"type":"Feature","geometry":{"type":"Point","coordinates":[6.96399,49.44823]},"properties":{"d":"33741","kva":400,"kwp":311.4,"ratio":0.78,"load":28,"rf":0}},{"type":"Feature","geometry":{"type":"Point","coordinates":[6.9633,49.38155]},"properties":{"d":"33741","kva":100,"kwp":1.4,"ratio":0.01,"load":1,"rf":0}},{"type":"Feature","geometry":{"type":"Point","coordinates":[6.95274,49.38274]},"properties":{"d":"33741","kva":630,"kwp":331.1,"ratio":0.53,"load":21,"rf":0}},{"type":"Feature","geometry":{"type":"Point","coordinates":[6.95958,49.38487]},"properties":{"d":"33741","kva":400,"kwp":167.0,"ratio":0.42,"load":28,"rf":0}},{"type":"Feature","geometry":{"type":"Point","coordinates":[6.94576,49.47169]},"properties":{"d":"33741","kva":100,"kwp":7.9,"ratio":0.08,"load":5,"rf":0}},{"type":"Feature","geometry":{"type":"Point","coordinates":[6.96161,49.37314]},"properties":{"d":"33741","kva":100,"kwp":4.7,"ratio":0.05,"load":3,"rf":0}},{"type":"Feature","geometry":{"type":"Point","coordinates":[6.95545,49.4602]},"properties":{"d":"33741","kva":630,"kwp":379.5,"ratio":0.6,"load":20,"rf":0}},{"type":"Feature","geometry":{"type":"Point","coordinates":[6.96459,49.45935]},"properties":{"d":"33741","kva":400,"kwp":141.3,"ratio":0.35,"load":24,"rf":0}},{"type":"Feature","geometry":{"type":"Point","coordinates":[6.95605,49.46411]},"properties":{"d":"33741","kva":400,"kwp":195.3,"ratio":0.49,"load":13,"rf":0}},{"type":"Feature","geometry":{"type":"Point","coordinates":[6.96278,49.46101]},"properties":{"d":"33741","kva":630,"kwp":335.1,"ratio":0.53,"load":18,"rf":0}},{"type":"Feature","geometry":{"type":"Point","coordinates":[6.96622,49.47991]},"properties":{"d":"33741","kva":100,"kwp":69.2,"ratio":0.69,"load":57,"rf":0}},{"type":"Feature","geometry":{"type":"Point","coordinates":[6.95193,49.47576]},"properties":{"d":"33741","kva":100,"kwp":3.2,"ratio":0.03,"load":2,"rf":0}},{"type":"Feature","geometry":{"type":"Point","coordinates":[6.96099,49.47471]},"properties":{"d":"33741","kva":400,"kwp":225.5,"ratio":0.56,"load":19,"rf":0}},{"type":"Feature","geometry":{"type":"Point","coordinates":[6.96589,49.4724]},"properties":{"d":"33741","kva":630,"kwp":320.8,"ratio":0.51,"load":17,"rf":0}},{"type":"Feature","geometry":{"type":"Point","coordinates":[6.96128,49.47048]},"properties":{"d":"33741","kva":400,"kwp":223.9,"ratio":0.56,"load":19,"rf":0}},{"type":"Feature","geometry":{"type":"Point","coordinates":[7.02167,49.42337]},"properties":{"d":"33741","kva":100,"kwp":10.0,"ratio":0.1,"load":6,"rf":0}},{"type":"Feature","geometry":{"type":"Point","coordinates":[6.98858,49.38122]},"properties":{"d":"33741","kva":100,"kwp":4.3,"ratio":0.04,"load":3,"rf":0}},{"type":"Feature","geometry":{"type":"Point","coordinates":[7.01129,49.41904]},"properties":{"d":"33741","kva":800,"kwp":388.1,"ratio":0.49,"load":16,"rf":0}},{"type":"Feature","geometry":{"type":"Point","coordinates":[7.01487,49.4134]},"properties":{"d":"33741","kva":630,"kwp":276.8,"ratio":0.44,"load":14,"rf":0}},{"type":"Feature","geometry":{"type":"Point","coordinates":[7.00569,49.42024]},"properties":{"d":"33741","kva":630,"kwp":302.5,"ratio":0.48,"load":16,"rf":0}},{"type":"Feature","geometry":{"type":"Point","coordinates":[7.01953,49.41818]},"properties":{"d":"33741","kva":630,"kwp":388.1,"ratio":0.62,"load":20,"rf":0}},{"type":"Feature","geometry":{"type":"Point","coordinates":[7.01156,49.41596]},"properties":{"d":"33741","kva":630,"kwp":255.4,"ratio":0.41,"load":27,"rf":0}},{"type":"Feature","geometry":{"type":"Point","coordinates":[7.01889,49.41027]},"properties":{"d":"33741","kva":400,"kwp":137.0,"ratio":0.34,"load":22,"rf":0}},{"type":"Feature","geometry":{"type":"Point","coordinates":[7.01343,49.40818]},"properties":{"d":"33741","kva":160,"kwp":61.4,"ratio":0.38,"load":25,"rf":0}},{"type":"Feature","geometry":{"type":"Point","coordinates":[6.97924,49.37124]},"properties":{"d":"33741","kva":800,"kwp":558.0,"ratio":0.7,"load":24,"rf":0}},{"type":"Feature","geometry":{"type":"Point","coordinates":[6.97969,49.35892]},"properties":{"d":"33741","kva":630,"kwp":341.2,"ratio":0.54,"load":18,"rf":0}},{"type":"Feature","geometry":{"type":"Point","coordinates":[6.97079,49.37211]},"properties":{"d":"33741","kva":800,"kwp":392.5,"ratio":0.49,"load":16,"rf":0}},{"type":"Feature","geometry":{"type":"Point","coordinates":[6.98611,49.36912]},"properties":{"d":"33741","kva":630,"kwp":260.0,"ratio":0.41,"load":28,"rf":0}},{"type":"Feature","geometry":{"type":"Point","coordinates":[6.98585,49.37231]},"properties":{"d":"33741","kva":630,"kwp":603.6,"ratio":0.96,"load":70,"rf":0}},{"type":"Feature","geometry":{"type":"Point","coordinates":[6.9672,49.36806]},"properties":{"d":"33741","kva":250,"kwp":94.2,"ratio":0.38,"load":25,"rf":0}},{"type":"Feature","geometry":{"type":"Point","coordinates":[6.98364,49.36478]},"properties":{"d":"33741","kva":400,"kwp":142.4,"ratio":0.36,"load":24,"rf":0}},{"type":"Feature","geometry":{"type":"Point","coordinates":[6.9746,49.37458]},"properties":{"d":"33741","kva":630,"kwp":225.5,"ratio":0.36,"load":23,"rf":0}},{"type":"Feature","geometry":{"type":"Point","coordinates":[6.96904,49.3767]},"properties":{"d":"33741","kva":250,"kwp":181.4,"ratio":0.73,"load":15,"rf":0}},{"type":"Feature","geometry":{"type":"Point","coordinates":[7.03132,49.40181]},"properties":{"d":"33741","kva":100,"kwp":3.7,"ratio":0.04,"load":2,"rf":0}},{"type":"Feature","geometry":{"type":"Point","coordinates":[7.02715,49.42173]},"properties":{"d":"33741","kva":100,"kwp":4.3,"ratio":0.04,"load":3,"rf":0}},{"type":"Feature","geometry":{"type":"Point","coordinates":[7.03848,49.40929]},"properties":{"d":"33741","kva":100,"kwp":118.2,"ratio":1.18,"load":97,"rf":0}},{"type":"Feature","geometry":{"type":"Point","coordinates":[6.84921,49.39199]},"properties":{"d":"33741","kva":100,"kwp":6.4,"ratio":0.06,"load":3,"rf":0}},{"type":"Feature","geometry":{"type":"Point","coordinates":[6.85353,49.39447]},"properties":{"d":"33741","kva":100,"kwp":5.3,"ratio":0.05,"load":3,"rf":0}},{"type":"Feature","geometry":{"type":"Point","coordinates":[6.84602,49.39351]},"properties":{"d":"33741","kva":100,"kwp":6.4,"ratio":0.06,"load":4,"rf":0}},{"type":"Feature","geometry":{"type":"Point","coordinates":[6.9799,49.41098]},"properties":{"d":"33741","kva":800,"kwp":413.8,"ratio":0.52,"load":17,"rf":0}},{"type":"Feature","geometry":{"type":"Point","coordinates":[6.95443,49.41113]},"properties":{"d":"33741","kva":630,"kwp":289.6,"ratio":0.46,"load":15,"rf":0}},{"type":"Feature","geometry":{"type":"Point","coordinates":[6.95677,49.40445]},"properties":{"d":"33741","kva":800,"kwp":484.7,"ratio":0.61,"load":20,"rf":0}},{"type":"Feature","geometry":{"type":"Point","coordinates":[6.96244,49.41106]},"properties":{"d":"33741","kva":400,"kwp":242.5,"ratio":0.61,"load":21,"rf":0}},{"type":"Feature","geometry":{"type":"Point","coordinates":[6.94112,49.41228]},"properties":{"d":"33741","kva":400,"kwp":264.7,"ratio":0.66,"load":23,"rf":0}},{"type":"Feature","geometry":{"type":"Point","coordinates":[6.89505,49.40464]},"properties":{"d":"33741","kva":400,"kwp":249.8,"ratio":0.62,"load":21,"rf":0}},{"type":"Feature","geometry":{"type":"Point","coordinates":[6.91189,49.40646]},"properties":{"d":"33741","kva":800,"kwp":404.7,"ratio":0.51,"load":16,"rf":0}},{"type":"Feature","geometry":{"type":"Point","coordinates":[6.91803,49.41773]},"properties":{"d":"33741","kva":800,"kwp":638.6,"ratio":0.8,"load":28,"rf":0}},{"type":"Feature","geometry":{"type":"Point","coordinates":[6.9121,49.40074]},"properties":{"d":"33741","kva":630,"kwp":477.5,"ratio":0.76,"load":26,"rf":0}},{"type":"Feature","geometry":{"type":"Point","coordinates":[6.91044,49.41004]},"properties":{"d":"33741","kva":1000,"kwp":461.4,"ratio":0.46,"load":14,"rf":0}},{"type":"Feature","geometry":{"type":"Point","coordinates":[6.90249,49.40645]},"properties":{"d":"33741","kva":630,"kwp":949.9,"ratio":1.51,"load":35,"rf":0}},{"type":"Feature","geometry":{"type":"Point","coordinates":[6.8944,49.41132]},"properties":{"d":"33741","kva":400,"kwp":447.7,"ratio":1.12,"load":41,"rf":0}},{"type":"Feature","geometry":{"type":"Point","coordinates":[6.91596,49.40167]},"properties":{"d":"33741","kva":800,"kwp":521.9,"ratio":0.65,"load":22,"rf":0}},{"type":"Feature","geometry":{"type":"Point","coordinates":[6.89013,49.41119]},"properties":{"d":"33741","kva":250,"kwp":478.7,"ratio":1.91,"load":71,"rf":0}},{"type":"Feature","geometry":{"type":"Point","coordinates":[6.88914,49.41892]},"properties":{"d":"33741","kva":630,"kwp":7.6,"ratio":0.01,"load":55,"rf":0}},{"type":"Feature","geometry":{"type":"Point","coordinates":[7.00485,49.39363]},"properties":{"d":"33741","kva":800,"kwp":416.7,"ratio":0.52,"load":17,"rf":0}},{"type":"Feature","geometry":{"type":"Point","coordinates":[6.99806,49.39029]},"properties":{"d":"33741","kva":800,"kwp":406.7,"ratio":0.51,"load":17,"rf":0}},{"type":"Feature","geometry":{"type":"Point","coordinates":[6.99141,49.38995]},"properties":{"d":"33741","kva":400,"kwp":215.5,"ratio":0.54,"load":18,"rf":0}},{"type":"Feature","geometry":{"type":"Point","coordinates":[6.90335,49.4531]},"properties":{"d":"33741","kva":800,"kwp":499.3,"ratio":0.62,"load":21,"rf":0}},{"type":"Feature","geometry":{"type":"Point","coordinates":[6.89949,49.447]},"properties":{"d":"33741","kva":630,"kwp":309.6,"ratio":0.49,"load":16,"rf":0}},{"type":"Feature","geometry":{"type":"Point","coordinates":[6.92178,49.3925]},"properties":{"d":"33741","kva":400,"kwp":315.9,"ratio":0.79,"load":28,"rf":0}},{"type":"Feature","geometry":{"type":"Point","coordinates":[6.95121,49.43076]},"properties":{"d":"33741","kva":800,"kwp":542.7,"ratio":0.68,"load":23,"rf":0}},{"type":"Feature","geometry":{"type":"Point","coordinates":[6.96188,49.44454]},"properties":{"d":"33741","kva":630,"kwp":478.1,"ratio":0.76,"load":25,"rf":0}},{"type":"Feature","geometry":{"type":"Point","coordinates":[6.94975,49.43392]},"properties":{"d":"33741","kva":400,"kwp":338.0,"ratio":0.84,"load":30,"rf":0}},{"type":"Feature","geometry":{"type":"Point","coordinates":[6.96399,49.44823]},"properties":{"d":"33741","kva":400,"kwp":311.4,"ratio":0.78,"load":28,"rf":0}},{"type":"Feature","geometry":{"type":"Point","coordinates":[6.95274,49.38274]},"properties":{"d":"33741","kva":630,"kwp":331.1,"ratio":0.53,"load":21,"rf":0}},{"type":"Feature","geometry":{"type":"Point","coordinates":[6.95545,49.4602]},"properties":{"d":"33741","kva":630,"kwp":379.5,"ratio":0.6,"load":20,"rf":0}},{"type":"Feature","geometry":{"type":"Point","coordinates":[6.96278,49.46101]},"properties":{"d":"33741","kva":630,"kwp":335.1,"ratio":0.53,"load":18,"rf":0}},{"type":"Feature","geometry":{"type":"Point","coordinates":[6.96099,49.47471]},"properties":{"d":"33741","kva":400,"kwp":225.5,"ratio":0.56,"load":19,"rf":0}},{"type":"Feature","geometry":{"type":"Point","coordinates":[6.96128,49.47048]},"properties":{"d":"33741","kva":400,"kwp":223.9,"ratio":0.56,"load":19,"rf":0}},{"type":"Feature","geometry":{"type":"Point","coordinates":[7.01129,49.41904]},"properties":{"d":"33741","kva":800,"kwp":388.1,"ratio":0.49,"load":16,"rf":0}},{"type":"Feature","geometry":{"type":"Point","coordinates":[7.01953,49.41818]},"properties":{"d":"33741","kva":630,"kwp":388.1,"ratio":0.62,"load":20,"rf":0}},{"type":"Feature","geometry":{"type":"Point","coordinates":[6.97924,49.37124]},"properties":{"d":"33741","kva":800,"kwp":558.0,"ratio":0.7,"load":24,"rf":0}},{"type":"Feature","geometry":{"type":"Point","coordinates":[6.97079,49.37211]},"properties":{"d":"33741","kva":800,"kwp":392.5,"ratio":0.49,"load":16,"rf":0}},{"type":"Feature","geometry":{"type":"Point","coordinates":[6.88914,49.41892]},"properties":{"d":"33741","kva":630,"kwp":7.6,"ratio":0.01,"load":55,"rf":0}},{"type":"Feature","geometry":{"type":"Point","coordinates":[6.971,49.40179]},"properties":{"d":"33741","kva":630,"kwp":330.8,"ratio":0.53,"load":19,"rf":0}},{"type":"Feature","geometry":{"type":"Point","coordinates":[6.94677,49.41007]},"properties":{"d":"33741","kva":630,"kwp":561.9,"ratio":0.89,"load":34,"rf":0}},{"type":"Feature","geometry":{"type":"Point","coordinates":[6.97421,49.40529]},"properties":{"d":"33741","kva":630,"kwp":301.1,"ratio":0.48,"load":16,"rf":0}},{"type":"Feature","geometry":{"type":"Point","coordinates":[6.95142,49.41404]},"properties":{"d":"33741","kva":630,"kwp":462.3,"ratio":0.73,"load":26,"rf":0}},{"type":"Feature","geometry":{"type":"Point","coordinates":[6.9658,49.40433]},"properties":{"d":"33741","kva":630,"kwp":319.0,"ratio":0.51,"load":17,"rf":0}},{"type":"Feature","geometry":{"type":"Point","coordinates":[6.94969,49.40687]},"properties":{"d":"33741","kva":630,"kwp":301.1,"ratio":0.48,"load":16,"rf":0}},{"type":"Feature","geometry":{"type":"Point","coordinates":[6.97255,49.4036]},"properties":{"d":"33741","kva":630,"kwp":169.8,"ratio":0.27,"load":11,"rf":0}},{"type":"Feature","geometry":{"type":"Point","coordinates":[6.90664,49.41232]},"properties":{"d":"33741","kva":630,"kwp":345.1,"ratio":0.55,"load":41,"rf":0}},{"type":"Feature","geometry":{"type":"Point","coordinates":[6.91736,49.42687]},"properties":{"d":"33741","kva":630,"kwp":219.4,"ratio":0.35,"load":15,"rf":0}},{"type":"Feature","geometry":{"type":"Point","coordinates":[6.90456,49.41608]},"properties":{"d":"33741","kva":630,"kwp":259.2,"ratio":0.41,"load":18,"rf":0}},{"type":"Feature","geometry":{"type":"Point","coordinates":[6.88908,49.40461]},"properties":{"d":"33741","kva":630,"kwp":343.5,"ratio":0.55,"load":30,"rf":0}},{"type":"Feature","geometry":{"type":"Point","coordinates":[6.90348,49.40263]},"properties":{"d":"33741","kva":630,"kwp":347.9,"ratio":0.55,"load":19,"rf":0}},{"type":"Feature","geometry":{"type":"Point","coordinates":[6.91968,49.42389]},"properties":{"d":"33741","kva":630,"kwp":246.6,"ratio":0.39,"load":20,"rf":0}},{"type":"Feature","geometry":{"type":"Point","coordinates":[6.98696,49.39844]},"properties":{"d":"33741","kva":630,"kwp":275.4,"ratio":0.44,"load":14,"rf":0}},{"type":"Feature","geometry":{"type":"Point","coordinates":[6.99202,49.39586]},"properties":{"d":"33741","kva":630,"kwp":111.3,"ratio":0.18,"load":8,"rf":0}},{"type":"Feature","geometry":{"type":"Point","coordinates":[6.88847,49.38091]},"properties":{"d":"33741","kva":630,"kwp":186.5,"ratio":0.3,"load":11,"rf":0}},{"type":"Feature","geometry":{"type":"Point","coordinates":[6.89509,49.45069]},"properties":{"d":"33741","kva":630,"kwp":218.9,"ratio":0.35,"load":15,"rf":0}},{"type":"Feature","geometry":{"type":"Point","coordinates":[6.92104,49.38574]},"properties":{"d":"33741","kva":630,"kwp":329.1,"ratio":0.52,"load":18,"rf":0}},{"type":"Feature","geometry":{"type":"Point","coordinates":[6.95605,49.46411]},"properties":{"d":"33741","kva":630,"kwp":195.3,"ratio":0.31,"load":13,"rf":0}},{"type":"Feature","geometry":{"type":"Point","coordinates":[6.96589,49.4724]},"properties":{"d":"33741","kva":630,"kwp":320.8,"ratio":0.51,"load":17,"rf":0}},{"type":"Feature","geometry":{"type":"Point","coordinates":[7.01487,49.4134]},"properties":{"d":"33741","kva":630,"kwp":276.8,"ratio":0.44,"load":14,"rf":0}},{"type":"Feature","geometry":{"type":"Point","coordinates":[7.00569,49.42024]},"properties":{"d":"33741","kva":630,"kwp":302.5,"ratio":0.48,"load":16,"rf":0}},{"type":"Feature","geometry":{"type":"Point","coordinates":[6.97969,49.35892]},"properties":{"d":"33741","kva":630,"kwp":341.2,"ratio":0.54,"load":18,"rf":0}},{"type":"Feature","geometry":{"type":"Point","coordinates":[6.96904,49.3767]},"properties":{"d":"33741","kva":630,"kwp":181.4,"ratio":0.29,"load":15,"rf":0}},{"type":"Feature","geometry":{"type":"Point","coordinates":[7.27831,49.37898]},"properties":{"d":"34076","kva":400,"kwp":149.5,"ratio":0.37,"load":24,"rf":0}},{"type":"Feature","geometry":{"type":"Point","coordinates":[7.2898,49.37465]},"properties":{"d":"34076","kva":100,"kwp":1.7,"ratio":0.02,"load":1,"rf":0}},{"type":"Feature","geometry":{"type":"Point","coordinates":[7.30221,49.27735]},"properties":{"d":"34076","kva":100,"kwp":3.3,"ratio":0.03,"load":1,"rf":0}},{"type":"Feature","geometry":{"type":"Point","coordinates":[7.30385,49.28659]},"properties":{"d":"34076","kva":100,"kwp":3.3,"ratio":0.03,"load":2,"rf":0}},{"type":"Feature","geometry":{"type":"Point","coordinates":[7.31554,49.37778]},"properties":{"d":"34076","kva":100,"kwp":2.6,"ratio":0.03,"load":1,"rf":0}},{"type":"Feature","geometry":{"type":"Point","coordinates":[7.29536,49.38134]},"properties":{"d":"34076","kva":250,"kwp":150.3,"ratio":0.6,"load":44,"rf":0}},{"type":"Feature","geometry":{"type":"Point","coordinates":[7.31519,49.29959]},"properties":{"d":"34076","kva":100,"kwp":1.0,"ratio":0.01,"load":0,"rf":0}},{"type":"Feature","geometry":{"type":"Point","coordinates":[7.31363,49.25957]},"properties":{"d":"34076","kva":100,"kwp":6.2,"ratio":0.06,"load":5,"rf":0}},{"type":"Feature","geometry":{"type":"Point","coordinates":[7.31886,49.25509]},"properties":{"d":"34076","kva":100,"kwp":2.1,"ratio":0.02,"load":1,"rf":0}},{"type":"Feature","geometry":{"type":"Point","coordinates":[7.31832,49.37412]},"properties":{"d":"34076","kva":250,"kwp":65.2,"ratio":0.26,"load":4,"rf":0}},{"type":"Feature","geometry":{"type":"Point","coordinates":[7.32437,49.37228]},"properties":{"d":"34076","kva":630,"kwp":231.2,"ratio":0.37,"load":10,"rf":0}},{"type":"Feature","geometry":{"type":"Point","coordinates":[7.32767,49.3733]},"properties":{"d":"34076","kva":630,"kwp":160.8,"ratio":0.26,"load":14,"rf":0}},{"type":"Feature","geometry":{"type":"Point","coordinates":[7.319,49.36611]},"properties":{"d":"34076","kva":630,"kwp":156.4,"ratio":0.25,"load":14,"rf":0}},{"type":"Feature","geometry":{"type":"Point","coordinates":[7.32479,49.36819]},"properties":{"d":"34076","kva":800,"kwp":272.0,"ratio":0.34,"load":9,"rf":0}},{"type":"Feature","geometry":{"type":"Point","coordinates":[7.32368,49.37719]},"properties":{"d":"34076","kva":250,"kwp":66.9,"ratio":0.27,"load":4,"rf":0}},{"type":"Feature","geometry":{"type":"Point","coordinates":[7.32862,49.37016]},"properties":{"d":"34076","kva":400,"kwp":82.6,"ratio":0.21,"load":4,"rf":0}},{"type":"Feature","geometry":{"type":"Point","coordinates":[7.32579,49.25177]},"properties":{"d":"34076","kva":100,"kwp":4.1,"ratio":0.04,"load":3,"rf":0}},{"type":"Feature","geometry":{"type":"Point","coordinates":[7.33719,49.38005]},"properties":{"d":"34076","kva":160,"kwp":56.6,"ratio":0.35,"load":26,"rf":0}},{"type":"Feature","geometry":{"type":"Point","coordinates":[7.30607,49.33489]},"properties":{"d":"34076","kva":160,"kwp":175.8,"ratio":1.1,"load":88,"rf":1}},{"type":"Feature","geometry":{"type":"Point","coordinates":[7.31885,49.33327]},"properties":{"d":"34076","kva":630,"kwp":219.0,"ratio":0.35,"load":10,"rf":0}},{"type":"Feature","geometry":{"type":"Point","coordinates":[7.33819,49.31824]},"properties":{"d":"34076","kva":1000,"kwp":135.3,"ratio":0.14,"load":2,"rf":0}},{"type":"Feature","geometry":{"type":"Point","coordinates":[7.31168,49.30464]},"properties":{"d":"34076","kva":630,"kwp":165.3,"ratio":0.26,"load":15,"rf":0}},{"type":"Feature","geometry":{"type":"Point","coordinates":[7.33553,49.30946]},"properties":{"d":"34076","kva":630,"kwp":225.2,"ratio":0.36,"load":11,"rf":0}},{"type":"Feature","geometry":{"type":"Point","coordinates":[7.3165,49.31003]},"properties":{"d":"34076","kva":800,"kwp":290.9,"ratio":0.36,"load":11,"rf":0}},{"type":"Feature","geometry":{"type":"Point","coordinates":[7.31266,49.30827]},"properties":{"d":"34076","kva":630,"kwp":222.1,"ratio":0.35,"load":11,"rf":0}},{"type":"Feature","geometry":{"type":"Point","coordinates":[7.32519,49.33043]},"properties":{"d":"34076","kva":1000,"kwp":219.9,"ratio":0.22,"load":6,"rf":0}},{"type":"Feature","geometry":{"type":"Point","coordinates":[7.3311,49.31276]},"properties":{"d":"34076","kva":1000,"kwp":356.3,"ratio":0.36,"load":6,"rf":0}},{"type":"Feature","geometry":{"type":"Point","coordinates":[7.3311,49.31276]},"properties":{"d":"34076","kva":1000,"kwp":356.3,"ratio":0.36,"load":6,"rf":0}},{"type":"Feature","geometry":{"type":"Point","coordinates":[7.32893,49.32048]},"properties":{"d":"34076","kva":630,"kwp":260.9,"ratio":0.41,"load":39,"rf":0}},{"type":"Feature","geometry":{"type":"Point","coordinates":[7.33682,49.32106]},"properties":{"d":"34076","kva":800,"kwp":83.7,"ratio":0.1,"load":1,"rf":0}},{"type":"Feature","geometry":{"type":"Point","coordinates":[7.31625,49.30679]},"properties":{"d":"34076","kva":400,"kwp":128.1,"ratio":0.32,"load":7,"rf":0}},{"type":"Feature","geometry":{"type":"Point","coordinates":[7.33652,49.31239]},"properties":{"d":"34076","kva":630,"kwp":115.7,"ratio":0.18,"load":10,"rf":0}},{"type":"Feature","geometry":{"type":"Point","coordinates":[7.33718,49.30531]},"properties":{"d":"34076","kva":1000,"kwp":112.6,"ratio":0.11,"load":4,"rf":0}},{"type":"Feature","geometry":{"type":"Point","coordinates":[7.34024,49.31702]},"properties":{"d":"34076","kva":630,"kwp":136.4,"ratio":0.22,"load":11,"rf":0}},{"type":"Feature","geometry":{"type":"Point","coordinates":[7.33308,49.30398]},"properties":{"d":"34076","kva":630,"kwp":171.5,"ratio":0.27,"load":16,"rf":0}},{"type":"Feature","geometry":{"type":"Point","coordinates":[7.32172,49.31185]},"properties":{"d":"34076","kva":1000,"kwp":19.6,"ratio":0.02,"load":4,"rf":0}},{"type":"Feature","geometry":{"type":"Point","coordinates":[7.30777,49.30448]},"properties":{"d":"34076","kva":630,"kwp":156.0,"ratio":0.25,"load":15,"rf":0}},{"type":"Feature","geometry":{"type":"Point","coordinates":[7.34128,49.31368]},"properties":{"d":"34076","kva":630,"kwp":230.9,"ratio":0.37,"load":11,"rf":0}},{"type":"Feature","geometry":{"type":"Point","coordinates":[7.31467,49.33853]},"properties":{"d":"34076","kva":400,"kwp":105.4,"ratio":0.26,"load":5,"rf":0}},{"type":"Feature","geometry":{"type":"Point","coordinates":[7.33464,49.31601]},"properties":{"d":"34076","kva":800,"kwp":111.2,"ratio":0.14,"load":41,"rf":0}},{"type":"Feature","geometry":{"type":"Point","coordinates":[7.34257,49.30753]},"properties":{"d":"34076","kva":250,"kwp":10.3,"ratio":0.04,"load":3,"rf":0}},{"type":"Feature","geometry":{"type":"Point","coordinates":[7.32578,49.31741]},"properties":{"d":"34076","kva":400,"kwp":152.7,"ratio":0.38,"load":10,"rf":0}},{"type":"Feature","geometry":{"type":"Point","coordinates":[7.31801,49.33967]},"properties":{"d":"34076","kva":630,"kwp":62.0,"ratio":0.1,"load":3,"rf":0}},{"type":"Feature","geometry":{"type":"Point","coordinates":[7.32363,49.33442]},"properties":{"d":"34076","kva":630,"kwp":180.8,"ratio":0.29,"load":19,"rf":0}},{"type":"Feature","geometry":{"type":"Point","coordinates":[7.32947,49.32908]},"properties":{"d":"34076","kva":800,"kwp":138.4,"ratio":0.17,"load":3,"rf":0}},{"type":"Feature","geometry":{"type":"Point","coordinates":[7.3148,49.32688]},"properties":{"d":"34076","kva":250,"kwp":77.5,"ratio":0.31,"load":5,"rf":0}},{"type":"Feature","geometry":{"type":"Point","coordinates":[7.31965,49.33684]},"properties":{"d":"34076","kva":400,"kwp":86.8,"ratio":0.22,"load":12,"rf":0}},{"type":"Feature","geometry":{"type":"Point","coordinates":[7.316,49.31186]},"properties":{"d":"34076","kva":400,"kwp":153.9,"ratio":0.38,"load":11,"rf":0}},{"type":"Feature","geometry":{"type":"Point","coordinates":[7.32598,49.32158]},"properties":{"d":"34076","kva":400,"kwp":87.2,"ratio":0.22,"load":4,"rf":0}},{"type":"Feature","geometry":{"type":"Point","coordinates":[7.32605,49.32625]},"properties":{"d":"34076","kva":800,"kwp":83.0,"ratio":0.1,"load":2,"rf":0}},{"type":"Feature","geometry":{"type":"Point","coordinates":[7.33993,49.30414]},"properties":{"d":"34076","kva":250,"kwp":5.2,"ratio":0.02,"load":4,"rf":0}},{"type":"Feature","geometry":{"type":"Point","coordinates":[7.32079,49.30051]},"properties":{"d":"34076","kva":160,"kwp":34.1,"ratio":0.21,"load":12,"rf":0}},{"type":"Feature","geometry":{"type":"Point","coordinates":[7.32728,49.30492]},"properties":{"d":"34076","kva":160,"kwp":18.6,"ratio":0.12,"load":5,"rf":0}},{"type":"Feature","geometry":{"type":"Point","coordinates":[7.34303,49.31482]},"properties":{"d":"34076","kva":630,"kwp":88.8,"ratio":0.14,"load":6,"rf":0}},{"type":"Feature","geometry":{"type":"Point","coordinates":[7.3203,49.32745]},"properties":{"d":"34076","kva":630,"kwp":20.7,"ratio":0.03,"load":5,"rf":0}},{"type":"Feature","geometry":{"type":"Point","coordinates":[7.31803,49.32919]},"properties":{"d":"34076","kva":160,"kwp":89.1,"ratio":0.56,"load":17,"rf":0}},{"type":"Feature","geometry":{"type":"Point","coordinates":[7.33419,49.30719]},"properties":{"d":"34076","kva":400,"kwp":100.2,"ratio":0.25,"load":15,"rf":0}},{"type":"Feature","geometry":{"type":"Point","coordinates":[7.33276,49.32094]},"properties":{"d":"34076","kva":630,"kwp":95.0,"ratio":0.15,"load":2,"rf":0}},{"type":"Feature","geometry":{"type":"Point","coordinates":[7.32506,49.31406]},"properties":{"d":"34076","kva":630,"kwp":255.8,"ratio":0.41,"load":12,"rf":0}},{"type":"Feature","geometry":{"type":"Point","coordinates":[7.34483,49.31281]},"properties":{"d":"34076","kva":250,"kwp":24.8,"ratio":0.1,"load":4,"rf":0}},{"type":"Feature","geometry":{"type":"Point","coordinates":[7.32116,49.33855]},"properties":{"d":"34076","kva":250,"kwp":28.9,"ratio":0.12,"load":6,"rf":0}},{"type":"Feature","geometry":{"type":"Point","coordinates":[7.32743,49.3238]},"properties":{"d":"34076","kva":800,"kwp":46.5,"ratio":0.06,"load":3,"rf":0}},{"type":"Feature","geometry":{"type":"Point","coordinates":[7.32585,49.32802]},"properties":{"d":"34076","kva":630,"kwp":10.3,"ratio":0.02,"load":4,"rf":0}},{"type":"Feature","geometry":{"type":"Point","coordinates":[7.32214,49.3326]},"properties":{"d":"34076","kva":400,"kwp":71.3,"ratio":0.18,"load":3,"rf":0}},{"type":"Feature","geometry":{"type":"Point","coordinates":[7.33461,49.32327]},"properties":{"d":"34076","kva":400,"kwp":32.0,"ratio":0.08,"load":3,"rf":0}},{"type":"Feature","geometry":{"type":"Point","coordinates":[7.31906,49.31659]},"properties":{"d":"34076","kva":630,"kwp":149.8,"ratio":0.24,"load":14,"rf":0}},{"type":"Feature","geometry":{"type":"Point","coordinates":[7.33,49.30301]},"properties":{"d":"34076","kva":160,"kwp":34.1,"ratio":0.21,"load":13,"rf":0}},{"type":"Feature","geometry":{"type":"Point","coordinates":[7.31367,49.27222]},"properties":{"d":"34076","kva":1000,"kwp":322.6,"ratio":0.32,"load":9,"rf":0}},{"type":"Feature","geometry":{"type":"Point","coordinates":[7.31844,49.28924]},"properties":{"d":"34076","kva":800,"kwp":468.8,"ratio":0.59,"load":33,"rf":0}},{"type":"Feature","geometry":{"type":"Point","coordinates":[7.32187,49.26946]},"properties":{"d":"34076","kva":630,"kwp":285.3,"ratio":0.45,"load":14,"rf":0}},{"type":"Feature","geometry":{"type":"Point","coordinates":[7.32517,49.26555]},"properties":{"d":"34076","kva":400,"kwp":158.0,"ratio":0.4,"load":12,"rf":0}},{"type":"Feature","geometry":{"type":"Point","coordinates":[7.32542,49.29184]},"properties":{"d":"34076","kva":800,"kwp":315.1,"ratio":0.39,"load":11,"rf":0}},{"type":"Feature","geometry":{"type":"Point","coordinates":[7.30953,49.28333]},"properties":{"d":"34076","kva":400,"kwp":124.4,"ratio":0.31,"load":7,"rf":0}},{"type":"Feature","geometry":{"type":"Point","coordinates":[7.32012,49.27711]},"properties":{"d":"34076","kva":630,"kwp":213.0,"ratio":0.34,"load":21,"rf":0}},{"type":"Feature","geometry":{"type":"Point","coordinates":[7.33183,49.26303]},"properties":{"d":"34076","kva":800,"kwp":89.9,"ratio":0.11,"load":2,"rf":0}},{"type":"Feature","geometry":{"type":"Point","coordinates":[7.31885,49.28429]},"properties":{"d":"34076","kva":400,"kwp":137.4,"ratio":0.34,"load":8,"rf":0}},{"type":"Feature","geometry":{"type":"Point","coordinates":[7.31891,49.29569]},"properties":{"d":"34076","kva":800,"kwp":153.8,"ratio":0.19,"load":8,"rf":0}},{"type":"Feature","geometry":{"type":"Point","coordinates":[7.32194,49.27289]},"properties":{"d":"34076","kva":630,"kwp":183.9,"ratio":0.29,"load":17,"rf":0}},{"type":"Feature","geometry":{"type":"Point","coordinates":[7.31574,49.28063]},"properties":{"d":"34076","kva":250,"kwp":123.2,"ratio":0.49,"load":34,"rf":0}},{"type":"Feature","geometry":{"type":"Point","coordinates":[7.30904,49.27107]},"properties":{"d":"34076","kva":250,"kwp":61.8,"ratio":0.25,"load":15,"rf":0}},{"type":"Feature","geometry":{"type":"Point","coordinates":[7.32878,49.28936]},"properties":{"d":"34076","kva":100,"kwp":6.2,"ratio":0.06,"load":3,"rf":0}},{"type":"Feature","geometry":{"type":"Point","coordinates":[7.32979,49.26627]},"properties":{"d":"34076","kva":250,"kwp":55.8,"ratio":0.22,"load":13,"rf":0}},{"type":"Feature","geometry":{"type":"Point","coordinates":[7.34611,49.28476]},"properties":{"d":"34076","kva":100,"kwp":117.1,"ratio":1.17,"load":93,"rf":0}},{"type":"Feature","geometry":{"type":"Point","coordinates":[7.34826,49.29327]},"properties":{"d":"34076","kva":100,"kwp":2.1,"ratio":0.02,"load":1,"rf":0}},{"type":"Feature","geometry":{"type":"Point","coordinates":[7.34961,49.30475]},"properties":{"d":"34076","kva":100,"kwp":2.1,"ratio":0.02,"load":3,"rf":0}},{"type":"Feature","geometry":{"type":"Point","coordinates":[7.35987,49.29852]},"properties":{"d":"34076","kva":160,"kwp":21.7,"ratio":0.14,"load":8,"rf":0}},{"type":"Feature","geometry":{"type":"Point","coordinates":[7.27819,49.38466]},"properties":{"d":"34076","kva":100,"kwp":0.9,"ratio":0.01,"load":0,"rf":0}},{"type":"Feature","geometry":{"type":"Point","coordinates":[7.32437,49.37228]},"properties":{"d":"34076","kva":630,"kwp":231.2,"ratio":0.37,"load":10,"rf":0}},{"type":"Feature","geometry":{"type":"Point","coordinates":[7.32479,49.36819]},"properties":{"d":"34076","kva":800,"kwp":272.0,"ratio":0.34,"load":9,"rf":0}},{"type":"Feature","geometry":{"type":"Point","coordinates":[7.31885,49.33327]},"properties":{"d":"34076","kva":630,"kwp":219.0,"ratio":0.35,"load":10,"rf":0}},{"type":"Feature","geometry":{"type":"Point","coordinates":[7.33819,49.31824]},"properties":{"d":"34076","kva":1000,"kwp":135.3,"ratio":0.14,"load":2,"rf":0}},{"type":"Feature","geometry":{"type":"Point","coordinates":[7.33553,49.30946]},"properties":{"d":"34076","kva":630,"kwp":225.2,"ratio":0.36,"load":11,"rf":0}},{"type":"Feature","geometry":{"type":"Point","coordinates":[7.3165,49.31003]},"properties":{"d":"34076","kva":800,"kwp":290.9,"ratio":0.36,"load":11,"rf":0}},{"type":"Feature","geometry":{"type":"Point","coordinates":[7.32172,49.31185]},"properties":{"d":"34076","kva":1000,"kwp":19.6,"ratio":0.02,"load":4,"rf":0}},{"type":"Feature","geometry":{"type":"Point","coordinates":[7.34257,49.30753]},"properties":{"d":"34076","kva":250,"kwp":10.3,"ratio":0.04,"load":3,"rf":0}},{"type":"Feature","geometry":{"type":"Point","coordinates":[7.32578,49.31741]},"properties":{"d":"34076","kva":400,"kwp":152.7,"ratio":0.38,"load":10,"rf":0}},{"type":"Feature","geometry":{"type":"Point","coordinates":[7.32947,49.32908]},"properties":{"d":"34076","kva":800,"kwp":138.4,"ratio":0.17,"load":3,"rf":0}},{"type":"Feature","geometry":{"type":"Point","coordinates":[7.316,49.31186]},"properties":{"d":"34076","kva":400,"kwp":153.9,"ratio":0.38,"load":11,"rf":0}},{"type":"Feature","geometry":{"type":"Point","coordinates":[7.32598,49.32158]},"properties":{"d":"34076","kva":400,"kwp":87.2,"ratio":0.22,"load":4,"rf":0}},{"type":"Feature","geometry":{"type":"Point","coordinates":[7.32605,49.32625]},"properties":{"d":"34076","kva":800,"kwp":83.0,"ratio":0.1,"load":2,"rf":0}},{"type":"Feature","geometry":{"type":"Point","coordinates":[7.33993,49.30414]},"properties":{"d":"34076","kva":250,"kwp":5.2,"ratio":0.02,"load":4,"rf":0}},{"type":"Feature","geometry":{"type":"Point","coordinates":[7.3203,49.32745]},"properties":{"d":"34076","kva":630,"kwp":20.7,"ratio":0.03,"load":5,"rf":0}},{"type":"Feature","geometry":{"type":"Point","coordinates":[7.31803,49.32919]},"properties":{"d":"34076","kva":160,"kwp":89.1,"ratio":0.56,"load":17,"rf":0}},{"type":"Feature","geometry":{"type":"Point","coordinates":[7.33276,49.32094]},"properties":{"d":"34076","kva":630,"kwp":95.0,"ratio":0.15,"load":2,"rf":0}},{"type":"Feature","geometry":{"type":"Point","coordinates":[7.32506,49.31406]},"properties":{"d":"34076","kva":630,"kwp":255.8,"ratio":0.41,"load":12,"rf":0}},{"type":"Feature","geometry":{"type":"Point","coordinates":[7.32743,49.3238]},"properties":{"d":"34076","kva":800,"kwp":46.5,"ratio":0.06,"load":3,"rf":0}},{"type":"Feature","geometry":{"type":"Point","coordinates":[7.32214,49.3326]},"properties":{"d":"34076","kva":400,"kwp":71.3,"ratio":0.18,"load":3,"rf":0}},{"type":"Feature","geometry":{"type":"Point","coordinates":[7.31367,49.27222]},"properties":{"d":"34076","kva":1000,"kwp":322.6,"ratio":0.32,"load":9,"rf":0}},{"type":"Feature","geometry":{"type":"Point","coordinates":[7.31844,49.28924]},"properties":{"d":"34076","kva":800,"kwp":468.8,"ratio":0.59,"load":33,"rf":0}},{"type":"Feature","geometry":{"type":"Point","coordinates":[7.32187,49.26946]},"properties":{"d":"34076","kva":630,"kwp":285.3,"ratio":0.45,"load":14,"rf":0}},{"type":"Feature","geometry":{"type":"Point","coordinates":[7.32517,49.26555]},"properties":{"d":"34076","kva":400,"kwp":158.0,"ratio":0.4,"load":12,"rf":0}},{"type":"Feature","geometry":{"type":"Point","coordinates":[7.32542,49.29184]},"properties":{"d":"34076","kva":800,"kwp":315.1,"ratio":0.39,"load":11,"rf":0}},{"type":"Feature","geometry":{"type":"Point","coordinates":[7.33183,49.26303]},"properties":{"d":"34076","kva":800,"kwp":89.9,"ratio":0.11,"load":2,"rf":0}},{"type":"Feature","geometry":{"type":"Point","coordinates":[7.31832,49.37412]},"properties":{"d":"34076","kva":630,"kwp":65.2,"ratio":0.1,"load":4,"rf":0}},{"type":"Feature","geometry":{"type":"Point","coordinates":[7.32368,49.37719]},"properties":{"d":"34076","kva":630,"kwp":66.9,"ratio":0.11,"load":4,"rf":0}},{"type":"Feature","geometry":{"type":"Point","coordinates":[7.32862,49.37016]},"properties":{"d":"34076","kva":630,"kwp":82.6,"ratio":0.13,"load":4,"rf":0}},{"type":"Feature","geometry":{"type":"Point","coordinates":[7.31266,49.30827]},"properties":{"d":"34076","kva":630,"kwp":222.1,"ratio":0.35,"load":11,"rf":0}},{"type":"Feature","geometry":{"type":"Point","coordinates":[7.32519,49.33043]},"properties":{"d":"34076","kva":630,"kwp":219.9,"ratio":0.35,"load":9,"rf":0}},{"type":"Feature","geometry":{"type":"Point","coordinates":[7.3311,49.31276]},"properties":{"d":"34076","kva":630,"kwp":356.3,"ratio":0.57,"load":9,"rf":0}},{"type":"Feature","geometry":{"type":"Point","coordinates":[7.33682,49.32106]},"properties":{"d":"34076","kva":630,"kwp":83.7,"ratio":0.13,"load":2,"rf":0}},{"type":"Feature","geometry":{"type":"Point","coordinates":[7.31625,49.30679]},"properties":{"d":"34076","kva":630,"kwp":128.1,"ratio":0.2,"load":7,"rf":0}},{"type":"Feature","geometry":{"type":"Point","coordinates":[7.32172,49.31185]},"properties":{"d":"34076","kva":630,"kwp":19.6,"ratio":0.03,"load":7,"rf":0}},{"type":"Feature","geometry":{"type":"Point","coordinates":[7.34128,49.31368]},"properties":{"d":"34076","kva":630,"kwp":230.9,"ratio":0.37,"load":11,"rf":0}},{"type":"Feature","geometry":{"type":"Point","coordinates":[7.31467,49.33853]},"properties":{"d":"34076","kva":630,"kwp":105.4,"ratio":0.17,"load":5,"rf":0}},{"type":"Feature","geometry":{"type":"Point","coordinates":[7.34257,49.30753]},"properties":{"d":"34076","kva":630,"kwp":10.3,"ratio":0.02,"load":3,"rf":0}},{"type":"Feature","geometry":{"type":"Point","coordinates":[7.3148,49.32688]},"properties":{"d":"34076","kva":630,"kwp":77.5,"ratio":0.12,"load":5,"rf":0}},{"type":"Feature","geometry":{"type":"Point","coordinates":[7.32743,49.3238]},"properties":{"d":"34076","kva":630,"kwp":46.5,"ratio":0.07,"load":4,"rf":0}},{"type":"Feature","geometry":{"type":"Point","coordinates":[7.32585,49.32802]},"properties":{"d":"34076","kva":630,"kwp":10.3,"ratio":0.02,"load":4,"rf":0}},{"type":"Feature","geometry":{"type":"Point","coordinates":[7.30953,49.28333]},"properties":{"d":"34076","kva":630,"kwp":124.4,"ratio":0.2,"load":7,"rf":0}},{"type":"Feature","geometry":{"type":"Point","coordinates":[7.33183,49.26303]},"properties":{"d":"34076","kva":630,"kwp":89.9,"ratio":0.14,"load":3,"rf":0}},{"type":"Feature","geometry":{"type":"Point","coordinates":[7.31885,49.28429]},"properties":{"d":"34076","kva":630,"kwp":137.4,"ratio":0.22,"load":8,"rf":0}},{"type":"Feature","geometry":{"type":"Point","coordinates":[7.31891,49.29569]},"properties":{"d":"34076","kva":630,"kwp":153.8,"ratio":0.24,"load":11,"rf":0}},{"type":"Feature","geometry":{"type":"Point","coordinates":[7.24849,49.34243]},"properties":{"d":"34078","kva":400,"kwp":109.2,"ratio":0.27,"load":6,"rf":0}},{"type":"Feature","geometry":{"type":"Point","coordinates":[7.2542,49.332]},"properties":{"d":"34078","kva":400,"kwp":95.9,"ratio":0.24,"load":5,"rf":0}},{"type":"Feature","geometry":{"type":"Point","coordinates":[7.26162,49.34327]},"properties":{"d":"34078","kva":630,"kwp":137.3,"ratio":0.22,"load":12,"rf":0}},{"type":"Feature","geometry":{"type":"Point","coordinates":[7.26199,49.33192]},"properties":{"d":"34078","kva":630,"kwp":201.3,"ratio":0.32,"load":8,"rf":0}},{"type":"Feature","geometry":{"type":"Point","coordinates":[7.23923,49.34385]},"properties":{"d":"34078","kva":250,"kwp":5.2,"ratio":0.02,"load":5,"rf":0}},{"type":"Feature","geometry":{"type":"Point","coordinates":[7.26523,49.33397]},"properties":{"d":"34078","kva":400,"kwp":103.0,"ratio":0.26,"load":5,"rf":0}},{"type":"Feature","geometry":{"type":"Point","coordinates":[7.24549,49.34464]},"properties":{"d":"34078","kva":800,"kwp":320.3,"ratio":0.4,"load":9,"rf":0}},{"type":"Feature","geometry":{"type":"Point","coordinates":[7.21303,49.28043]},"properties":{"d":"34078","kva":400,"kwp":149.7,"ratio":0.37,"load":11,"rf":0}},{"type":"Feature","geometry":{"type":"Point","coordinates":[7.23084,49.27911]},"properties":{"d":"34078","kva":250,"kwp":79.8,"ratio":0.32,"load":10,"rf":0}},{"type":"Feature","geometry":{"type":"Point","coordinates":[7.21935,49.28916]},"properties":{"d":"34078","kva":800,"kwp":100.3,"ratio":0.13,"load":2,"rf":0}},{"type":"Feature","geometry":{"type":"Point","coordinates":[7.23364,49.27894]},"properties":{"d":"34078","kva":630,"kwp":192.4,"ratio":0.31,"load":18,"rf":0}},{"type":"Feature","geometry":{"type":"Point","coordinates":[7.23748,49.28863]},"properties":{"d":"34078","kva":800,"kwp":276.5,"ratio":0.35,"load":10,"rf":0}},{"type":"Feature","geometry":{"type":"Point","coordinates":[7.24154,49.286]},"properties":{"d":"34078","kva":400,"kwp":147.6,"ratio":0.37,"load":9,"rf":0}},{"type":"Feature","geometry":{"type":"Point","coordinates":[7.22228,49.28315]},"properties":{"d":"34078","kva":400,"kwp":162.9,"ratio":0.41,"load":12,"rf":0}},{"type":"Feature","geometry":{"type":"Point","coordinates":[7.23827,49.28136]},"properties":{"d":"34078","kva":630,"kwp":179.3,"ratio":0.28,"load":17,"rf":0}},{"type":"Feature","geometry":{"type":"Point","coordinates":[7.22716,49.27996]},"properties":{"d":"34078","kva":250,"kwp":80.9,"ratio":0.32,"load":6,"rf":0}},{"type":"Feature","geometry":{"type":"Point","coordinates":[7.24164,49.29022]},"properties":{"d":"34078","kva":400,"kwp":130.1,"ratio":0.33,"load":8,"rf":0}},{"type":"Feature","geometry":{"type":"Point","coordinates":[7.22462,49.28869]},"properties":{"d":"34078","kva":400,"kwp":214.6,"ratio":0.54,"load":16,"rf":0}},{"type":"Feature","geometry":{"type":"Point","coordinates":[7.23677,49.28283]},"properties":{"d":"34078","kva":400,"kwp":171.2,"ratio":0.43,"load":29,"rf":0}},{"type":"Feature","geometry":{"type":"Point","coordinates":[7.22657,49.28469]},"properties":{"d":"34078","kva":630,"kwp":163.9,"ratio":0.26,"load":16,"rf":0}},{"type":"Feature","geometry":{"type":"Point","coordinates":[7.24165,49.28197]},"properties":{"d":"34078","kva":250,"kwp":79.8,"ratio":0.32,"load":6,"rf":0}},{"type":"Feature","geometry":{"type":"Point","coordinates":[7.23196,49.28704]},"properties":{"d":"34078","kva":250,"kwp":273.1,"ratio":1.09,"load":23,"rf":0}},{"type":"Feature","geometry":{"type":"Point","coordinates":[7.23727,49.28502]},"properties":{"d":"34078","kva":400,"kwp":106.0,"ratio":0.27,"load":16,"rf":0}},{"type":"Feature","geometry":{"type":"Point","coordinates":[7.2335,49.28482]},"properties":{"d":"34078","kva":400,"kwp":165.0,"ratio":0.41,"load":13,"rf":0}},{"type":"Feature","geometry":{"type":"Point","coordinates":[7.24685,49.31524]},"properties":{"d":"34078","kva":400,"kwp":129.5,"ratio":0.32,"load":8,"rf":0}},{"type":"Feature","geometry":{"type":"Point","coordinates":[7.24665,49.29453]},"properties":{"d":"34078","kva":100,"kwp":16.4,"ratio":0.16,"load":9,"rf":0}},{"type":"Feature","geometry":{"type":"Point","coordinates":[7.28367,49.31956]},"properties":{"d":"34078","kva":630,"kwp":298.0,"ratio":0.47,"load":14,"rf":0}},{"type":"Feature","geometry":{"type":"Point","coordinates":[7.27837,49.3133]},"properties":{"d":"34078","kva":630,"kwp":314.6,"ratio":0.5,"load":35,"rf":0}},{"type":"Feature","geometry":{"type":"Point","coordinates":[7.26802,49.31166]},"properties":{"d":"34078","kva":400,"kwp":182.3,"ratio":0.46,"load":14,"rf":0}},{"type":"Feature","geometry":{"type":"Point","coordinates":[7.28696,49.31723]},"properties":{"d":"34078","kva":250,"kwp":292.2,"ratio":1.17,"load":93,"rf":1}},{"type":"Feature","geometry":{"type":"Point","coordinates":[7.27276,49.31615]},"properties":{"d":"34078","kva":630,"kwp":313.7,"ratio":0.5,"load":17,"rf":0}},{"type":"Feature","geometry":{"type":"Point","coordinates":[7.27939,49.31045]},"properties":{"d":"34078","kva":400,"kwp":267.0,"ratio":0.67,"load":18,"rf":0}},{"type":"Feature","geometry":{"type":"Point","coordinates":[7.2662,49.30251]},"properties":{"d":"34078","kva":250,"kwp":546.3,"ratio":2.19,"load":92,"rf":0}},{"type":"Feature","geometry":{"type":"Point","coordinates":[7.28946,49.30736]},"properties":{"d":"34078","kva":400,"kwp":525.3,"ratio":1.31,"load":49,"rf":0}},{"type":"Feature","geometry":{"type":"Point","coordinates":[7.26356,49.31379]},"properties":{"d":"34078","kva":400,"kwp":114.8,"ratio":0.29,"load":17,"rf":0}},{"type":"Feature","geometry":{"type":"Point","coordinates":[7.26456,49.31455]},"properties":{"d":"34078","kva":630,"kwp":227.3,"ratio":0.36,"load":11,"rf":0}},{"type":"Feature","geometry":{"type":"Point","coordinates":[7.27651,49.30849]},"properties":{"d":"34078","kva":400,"kwp":85.3,"ratio":0.21,"load":4,"rf":0}},{"type":"Feature","geometry":{"type":"Point","coordinates":[7.28716,49.32417]},"properties":{"d":"34078","kva":400,"kwp":171.0,"ratio":0.43,"load":13,"rf":0}},{"type":"Feature","geometry":{"type":"Point","coordinates":[7.29034,49.32361]},"properties":{"d":"34078","kva":400,"kwp":114.7,"ratio":0.29,"load":17,"rf":0}},{"type":"Feature","geometry":{"type":"Point","coordinates":[7.28989,49.32049]},"properties":{"d":"34078","kva":400,"kwp":106.5,"ratio":0.27,"load":16,"rf":0}},{"type":"Feature","geometry":{"type":"Point","coordinates":[7.28071,49.31609]},"properties":{"d":"34078","kva":630,"kwp":74.3,"ratio":0.12,"load":2,"rf":0}},{"type":"Feature","geometry":{"type":"Point","coordinates":[7.28818,49.32672]},"properties":{"d":"34078","kva":400,"kwp":121.3,"ratio":0.3,"load":7,"rf":0}},{"type":"Feature","geometry":{"type":"Point","coordinates":[7.28344,49.3122]},"properties":{"d":"34078","kva":160,"kwp":25.1,"ratio":0.16,"load":9,"rf":0}},{"type":"Feature","geometry":{"type":"Point","coordinates":[7.28709,49.30825]},"properties":{"d":"34078","kva":630,"kwp":421.3,"ratio":0.67,"load":23,"rf":0}},{"type":"Feature","geometry":{"type":"Point","coordinates":[7.27165,49.3079]},"properties":{"d":"34078","kva":630,"kwp":96.2,"ratio":0.15,"load":2,"rf":0}},{"type":"Feature","geometry":{"type":"Point","coordinates":[7.29281,49.32602]},"properties":{"d":"34078","kva":250,"kwp":73.3,"ratio":0.29,"load":5,"rf":0}},{"type":"Feature","geometry":{"type":"Point","coordinates":[7.28254,49.309]},"properties":{"d":"34078","kva":400,"kwp":113.7,"ratio":0.28,"load":17,"rf":0}},{"type":"Feature","geometry":{"type":"Point","coordinates":[7.27669,49.30434]},"properties":{"d":"34078","kva":160,"kwp":38.3,"ratio":0.24,"load":14,"rf":0}},{"type":"Feature","geometry":{"type":"Point","coordinates":[7.26979,49.30622]},"properties":{"d":"34078","kva":100,"kwp":6.6,"ratio":0.07,"load":4,"rf":0}},{"type":"Feature","geometry":{"type":"Point","coordinates":[7.30779,49.31689]},"properties":{"d":"34078","kva":100,"kwp":4.1,"ratio":0.04,"load":1,"rf":0}},{"type":"Feature","geometry":{"type":"Point","coordinates":[7.2795,49.32829]},"properties":{"d":"34078","kva":100,"kwp":3.3,"ratio":0.03,"load":2,"rf":0}},{"type":"Feature","geometry":{"type":"Point","coordinates":[7.29153,49.33241]},"properties":{"d":"34078","kva":100,"kwp":5.2,"ratio":0.05,"load":3,"rf":0}},{"type":"Feature","geometry":{"type":"Point","coordinates":[7.30459,49.32989]},"properties":{"d":"34078","kva":100,"kwp":100.7,"ratio":1.01,"load":20,"rf":0}},{"type":"Feature","geometry":{"type":"Point","coordinates":[7.26199,49.33192]},"properties":{"d":"34078","kva":630,"kwp":201.3,"ratio":0.32,"load":8,"rf":0}},{"type":"Feature","geometry":{"type":"Point","coordinates":[7.23923,49.34385]},"properties":{"d":"34078","kva":250,"kwp":5.2,"ratio":0.02,"load":5,"rf":0}},{"type":"Feature","geometry":{"type":"Point","coordinates":[7.24549,49.34464]},"properties":{"d":"34078","kva":800,"kwp":320.3,"ratio":0.4,"load":9,"rf":0}},{"type":"Feature","geometry":{"type":"Point","coordinates":[7.21303,49.28043]},"properties":{"d":"34078","kva":400,"kwp":149.7,"ratio":0.37,"load":11,"rf":0}},{"type":"Feature","geometry":{"type":"Point","coordinates":[7.23084,49.27911]},"properties":{"d":"34078","kva":250,"kwp":79.8,"ratio":0.32,"load":10,"rf":0}},{"type":"Feature","geometry":{"type":"Point","coordinates":[7.21935,49.28916]},"properties":{"d":"34078","kva":800,"kwp":100.3,"ratio":0.13,"load":2,"rf":0}},{"type":"Feature","geometry":{"type":"Point","coordinates":[7.23748,49.28863]},"properties":{"d":"34078","kva":800,"kwp":276.5,"ratio":0.35,"load":10,"rf":0}},{"type":"Feature","geometry":{"type":"Point","coordinates":[7.22228,49.28315]},"properties":{"d":"34078","kva":400,"kwp":162.9,"ratio":0.41,"load":12,"rf":0}},{"type":"Feature","geometry":{"type":"Point","coordinates":[7.22462,49.28869]},"properties":{"d":"34078","kva":400,"kwp":214.6,"ratio":0.54,"load":16,"rf":0}},{"type":"Feature","geometry":{"type":"Point","coordinates":[7.2335,49.28482]},"properties":{"d":"34078","kva":400,"kwp":165.0,"ratio":0.41,"load":13,"rf":0}},{"type":"Feature","geometry":{"type":"Point","coordinates":[7.28367,49.31956]},"properties":{"d":"34078","kva":630,"kwp":298.0,"ratio":0.47,"load":14,"rf":0}},{"type":"Feature","geometry":{"type":"Point","coordinates":[7.26802,49.31166]},"properties":{"d":"34078","kva":400,"kwp":182.3,"ratio":0.46,"load":14,"rf":0}},{"type":"Feature","geometry":{"type":"Point","coordinates":[7.2662,49.30251]},"properties":{"d":"34078","kva":250,"kwp":546.3,"ratio":2.19,"load":92,"rf":0}},{"type":"Feature","geometry":{"type":"Point","coordinates":[7.28946,49.30736]},"properties":{"d":"34078","kva":400,"kwp":525.3,"ratio":1.31,"load":49,"rf":0}},{"type":"Feature","geometry":{"type":"Point","coordinates":[7.28716,49.32417]},"properties":{"d":"34078","kva":400,"kwp":171.0,"ratio":0.43,"load":13,"rf":0}},{"type":"Feature","geometry":{"type":"Point","coordinates":[7.28709,49.30825]},"properties":{"d":"34078","kva":630,"kwp":421.3,"ratio":0.67,"load":23,"rf":0}},{"type":"Feature","geometry":{"type":"Point","coordinates":[7.27165,49.3079]},"properties":{"d":"34078","kva":630,"kwp":96.2,"ratio":0.15,"load":2,"rf":0}},{"type":"Feature","geometry":{"type":"Point","coordinates":[7.24849,49.34243]},"properties":{"d":"34078","kva":630,"kwp":109.2,"ratio":0.17,"load":6,"rf":0}},{"type":"Feature","geometry":{"type":"Point","coordinates":[7.2542,49.332]},"properties":{"d":"34078","kva":630,"kwp":95.9,"ratio":0.15,"load":5,"rf":0}},{"type":"Feature","geometry":{"type":"Point","coordinates":[7.26523,49.33397]},"properties":{"d":"34078","kva":630,"kwp":103.0,"ratio":0.16,"load":5,"rf":0}},{"type":"Feature","geometry":{"type":"Point","coordinates":[7.24549,49.34464]},"properties":{"d":"34078","kva":630,"kwp":320.3,"ratio":0.51,"load":13,"rf":0}},{"type":"Feature","geometry":{"type":"Point","coordinates":[7.21935,49.28916]},"properties":{"d":"34078","kva":630,"kwp":100.3,"ratio":0.16,"load":3,"rf":0}},{"type":"Feature","geometry":{"type":"Point","coordinates":[7.24154,49.286]},"properties":{"d":"34078","kva":630,"kwp":147.6,"ratio":0.23,"load":9,"rf":0}},{"type":"Feature","geometry":{"type":"Point","coordinates":[7.22716,49.27996]},"properties":{"d":"34078","kva":630,"kwp":80.9,"ratio":0.13,"load":6,"rf":0}},{"type":"Feature","geometry":{"type":"Point","coordinates":[7.24164,49.29022]},"properties":{"d":"34078","kva":630,"kwp":130.1,"ratio":0.21,"load":8,"rf":0}},{"type":"Feature","geometry":{"type":"Point","coordinates":[7.24165,49.28197]},"properties":{"d":"34078","kva":630,"kwp":79.8,"ratio":0.13,"load":6,"rf":0}},{"type":"Feature","geometry":{"type":"Point","coordinates":[7.23196,49.28704]},"properties":{"d":"34078","kva":630,"kwp":273.1,"ratio":0.43,"load":23,"rf":0}},{"type":"Feature","geometry":{"type":"Point","coordinates":[7.24685,49.31524]},"properties":{"d":"34078","kva":630,"kwp":129.5,"ratio":0.21,"load":8,"rf":0}},{"type":"Feature","geometry":{"type":"Point","coordinates":[7.27276,49.31615]},"properties":{"d":"34078","kva":630,"kwp":313.7,"ratio":0.5,"load":17,"rf":0}},{"type":"Feature","geometry":{"type":"Point","coordinates":[7.27939,49.31045]},"properties":{"d":"34078","kva":630,"kwp":267.0,"ratio":0.42,"load":18,"rf":0}},{"type":"Feature","geometry":{"type":"Point","coordinates":[7.26456,49.31455]},"properties":{"d":"34078","kva":630,"kwp":227.3,"ratio":0.36,"load":11,"rf":0}},{"type":"Feature","geometry":{"type":"Point","coordinates":[7.27651,49.30849]},"properties":{"d":"34078","kva":630,"kwp":85.3,"ratio":0.14,"load":4,"rf":0}},{"type":"Feature","geometry":{"type":"Point","coordinates":[7.28071,49.31609]},"properties":{"d":"34078","kva":630,"kwp":74.3,"ratio":0.12,"load":2,"rf":0}},{"type":"Feature","geometry":{"type":"Point","coordinates":[7.28818,49.32672]},"properties":{"d":"34078","kva":630,"kwp":121.3,"ratio":0.19,"load":7,"rf":0}},{"type":"Feature","geometry":{"type":"Point","coordinates":[7.29281,49.32602]},"properties":{"d":"34078","kva":630,"kwp":73.3,"ratio":0.12,"load":5,"rf":0}},{"type":"Feature","geometry":{"type":"Point","coordinates":[7.30459,49.32989]},"properties":{"d":"34078","kva":630,"kwp":100.7,"ratio":0.16,"load":20,"rf":0}},{"type":"Feature","geometry":{"type":"Point","coordinates":[7.16382,49.4949]},"properties":{"d":"34400","kva":800,"kwp":306.2,"ratio":0.38,"load":11,"rf":0}},{"type":"Feature","geometry":{"type":"Point","coordinates":[7.15604,49.50473]},"properties":{"d":"34400","kva":400,"kwp":97.9,"ratio":0.24,"load":14,"rf":0}},{"type":"Feature","geometry":{"type":"Point","coordinates":[7.15279,49.51579]},"properties":{"d":"34400","kva":400,"kwp":327.5,"ratio":0.82,"load":62,"rf":0}},{"type":"Feature","geometry":{"type":"Point","coordinates":[7.13983,49.52146]},"properties":{"d":"34400","kva":800,"kwp":313.0,"ratio":0.39,"load":11,"rf":0}},{"type":"Feature","geometry":{"type":"Point","coordinates":[7.13396,49.52314]},"properties":{"d":"34400","kva":630,"kwp":145.7,"ratio":0.23,"load":13,"rf":0}},{"type":"Feature","geometry":{"type":"Point","coordinates":[7.16206,49.51299]},"properties":{"d":"34400","kva":400,"kwp":103.7,"ratio":0.26,"load":15,"rf":0}},{"type":"Feature","geometry":{"type":"Point","coordinates":[7.16126,49.49211]},"properties":{"d":"34400","kva":400,"kwp":127.9,"ratio":0.32,"load":9,"rf":0}},{"type":"Feature","geometry":{"type":"Point","coordinates":[7.13966,49.51895]},"properties":{"d":"34400","kva":630,"kwp":192.8,"ratio":0.31,"load":9,"rf":0}},{"type":"Feature","geometry":{"type":"Point","coordinates":[7.15726,49.51056]},"properties":{"d":"34400","kva":630,"kwp":194.8,"ratio":0.31,"load":9,"rf":0}},{"type":"Feature","geometry":{"type":"Point","coordinates":[7.14935,49.52027]},"properties":{"d":"34400","kva":250,"kwp":64.0,"ratio":0.26,"load":4,"rf":0}},{"type":"Feature","geometry":{"type":"Point","coordinates":[7.16827,49.50739]},"properties":{"d":"34400","kva":160,"kwp":23.3,"ratio":0.15,"load":9,"rf":0}},{"type":"Feature","geometry":{"type":"Point","coordinates":[7.17983,49.5141]},"properties":{"d":"34400","kva":630,"kwp":157.0,"ratio":0.25,"load":14,"rf":0}},{"type":"Feature","geometry":{"type":"Point","coordinates":[7.17415,49.51721]},"properties":{"d":"34400","kva":630,"kwp":180.2,"ratio":0.29,"load":17,"rf":0}},{"type":"Feature","geometry":{"type":"Point","coordinates":[7.13238,49.51444]},"properties":{"d":"34400","kva":100,"kwp":5.8,"ratio":0.06,"load":3,"rf":0}},{"type":"Feature","geometry":{"type":"Point","coordinates":[7.13878,49.5081]},"properties":{"d":"34400","kva":100,"kwp":2.9,"ratio":0.03,"load":2,"rf":0}},{"type":"Feature","geometry":{"type":"Point","coordinates":[7.13985,49.53688]},"properties":{"d":"34400","kva":250,"kwp":43.6,"ratio":0.17,"load":10,"rf":0}},{"type":"Feature","geometry":{"type":"Point","coordinates":[7.13876,49.54028]},"properties":{"d":"34400","kva":100,"kwp":2.9,"ratio":0.03,"load":2,"rf":0}},{"type":"Feature","geometry":{"type":"Point","coordinates":[7.14989,49.49226]},"properties":{"d":"34400","kva":100,"kwp":1.9,"ratio":0.02,"load":1,"rf":0}},{"type":"Feature","geometry":{"type":"Point","coordinates":[7.19034,49.50704]},"properties":{"d":"34400","kva":630,"kwp":148.3,"ratio":0.24,"load":14,"rf":0}},{"type":"Feature","geometry":{"type":"Point","coordinates":[7.19282,49.51332]},"properties":{"d":"34400","kva":100,"kwp":2.9,"ratio":0.03,"load":2,"rf":0}},{"type":"Feature","geometry":{"type":"Point","coordinates":[7.16338,49.52587]},"properties":{"d":"34400","kva":160,"kwp":151.7,"ratio":0.95,"load":73,"rf":0}},{"type":"Feature","geometry":{"type":"Point","coordinates":[7.17424,49.52867]},"properties":{"d":"34400","kva":630,"kwp":195.7,"ratio":0.31,"load":9,"rf":0}},{"type":"Feature","geometry":{"type":"Point","coordinates":[7.18651,49.53039]},"properties":{"d":"34400","kva":400,"kwp":111.4,"ratio":0.28,"load":6,"rf":0}},{"type":"Feature","geometry":{"type":"Point","coordinates":[7.16875,49.53305]},"properties":{"d":"34400","kva":630,"kwp":175.4,"ratio":0.28,"load":16,"rf":0}},{"type":"Feature","geometry":{"type":"Point","coordinates":[7.18682,49.5296]},"properties":{"d":"34400","kva":400,"kwp":137.6,"ratio":0.34,"load":10,"rf":0}},{"type":"Feature","geometry":{"type":"Point","coordinates":[7.19497,49.53832]},"properties":{"d":"34400","kva":100,"kwp":65.8,"ratio":0.66,"load":27,"rf":0}},{"type":"Feature","geometry":{"type":"Point","coordinates":[7.20923,49.51353]},"properties":{"d":"34400","kva":630,"kwp":307.8,"ratio":0.49,"load":16,"rf":0}},{"type":"Feature","geometry":{"type":"Point","coordinates":[7.20576,49.51647]},"properties":{"d":"34400","kva":400,"kwp":119.2,"ratio":0.3,"load":7,"rf":0}},{"type":"Feature","geometry":{"type":"Point","coordinates":[7.19422,49.54835]},"properties":{"d":"34400","kva":630,"kwp":318.6,"ratio":0.51,"load":35,"rf":0}},{"type":"Feature","geometry":{"type":"Point","coordinates":[7.20284,49.55387]},"properties":{"d":"34400","kva":400,"kwp":159.2,"ratio":0.4,"load":27,"rf":0}},{"type":"Feature","geometry":{"type":"Point","coordinates":[7.21819,49.52999]},"properties":{"d":"34400","kva":630,"kwp":232.3,"ratio":0.37,"load":24,"rf":0}},{"type":"Feature","geometry":{"type":"Point","coordinates":[7.2084,49.59117]},"properties":{"d":"34400","kva":100,"kwp":0.0,"ratio":0.0,"load":1,"rf":0}},{"type":"Feature","geometry":{"type":"Point","coordinates":[7.21174,49.52539]},"properties":{"d":"34400","kva":100,"kwp":4.3,"ratio":0.04,"load":3,"rf":0}},{"type":"Feature","geometry":{"type":"Point","coordinates":[7.22398,49.52376]},"properties":{"d":"34400","kva":100,"kwp":1.4,"ratio":0.01,"load":1,"rf":0}},{"type":"Feature","geometry":{"type":"Point","coordinates":[7.22254,49.591]},"properties":{"d":"34400","kva":160,"kwp":0.0,"ratio":0.0,"load":6,"rf":0}},{"type":"Feature","geometry":{"type":"Point","coordinates":[7.22255,49.57438]},"properties":{"d":"34400","kva":250,"kwp":0.0,"ratio":0.0,"load":2,"rf":0}},{"type":"Feature","geometry":{"type":"Point","coordinates":[7.23163,49.52632]},"properties":{"d":"34400","kva":100,"kwp":2.9,"ratio":0.03,"load":2,"rf":0}},{"type":"Feature","geometry":{"type":"Point","coordinates":[7.22864,49.55676]},"properties":{"d":"34400","kva":100,"kwp":2.9,"ratio":0.03,"load":2,"rf":0}},{"type":"Feature","geometry":{"type":"Point","coordinates":[7.23323,49.55443]},"properties":{"d":"34400","kva":100,"kwp":4.3,"ratio":0.04,"load":3,"rf":0}},{"type":"Feature","geometry":{"type":"Point","coordinates":[7.25086,49.54912]},"properties":{"d":"34400","kva":800,"kwp":550.9,"ratio":0.69,"load":24,"rf":0}},{"type":"Feature","geometry":{"type":"Point","coordinates":[7.25519,49.55328]},"properties":{"d":"34400","kva":630,"kwp":372.8,"ratio":0.59,"load":21,"rf":0}},{"type":"Feature","geometry":{"type":"Point","coordinates":[7.24795,49.55382]},"properties":{"d":"34400","kva":630,"kwp":273.6,"ratio":0.43,"load":15,"rf":0}},{"type":"Feature","geometry":{"type":"Point","coordinates":[7.24411,49.54997]},"properties":{"d":"34400","kva":630,"kwp":250.8,"ratio":0.4,"load":26,"rf":0}},{"type":"Feature","geometry":{"type":"Point","coordinates":[7.24123,49.55464]},"properties":{"d":"34400","kva":630,"kwp":232.3,"ratio":0.37,"load":24,"rf":0}},{"type":"Feature","geometry":{"type":"Point","coordinates":[7.23864,49.54969]},"properties":{"d":"34400","kva":630,"kwp":306.5,"ratio":0.49,"load":14,"rf":0}},{"type":"Feature","geometry":{"type":"Point","coordinates":[7.25093,49.55649]},"properties":{"d":"34400","kva":250,"kwp":77.0,"ratio":0.31,"load":20,"rf":0}},{"type":"Feature","geometry":{"type":"Point","coordinates":[7.245,49.55718]},"properties":{"d":"34400","kva":250,"kwp":69.8,"ratio":0.28,"load":18,"rf":0}},{"type":"Feature","geometry":{"type":"Point","coordinates":[7.23955,49.58078]},"properties":{"d":"34400","kva":630,"kwp":0.0,"ratio":0.0,"load":7,"rf":0}},{"type":"Feature","geometry":{"type":"Point","coordinates":[7.23701,49.56462]},"properties":{"d":"34400","kva":100,"kwp":4.3,"ratio":0.04,"load":3,"rf":0}},{"type":"Feature","geometry":{"type":"Point","coordinates":[7.2635,49.52427]},"properties":{"d":"34400","kva":630,"kwp":239.4,"ratio":0.38,"load":25,"rf":0}},{"type":"Feature","geometry":{"type":"Point","coordinates":[7.25497,49.52284]},"properties":{"d":"34400","kva":630,"kwp":336.3,"ratio":0.53,"load":18,"rf":0}},{"type":"Feature","geometry":{"type":"Point","coordinates":[7.25936,49.52598]},"properties":{"d":"34400","kva":630,"kwp":210.9,"ratio":0.33,"load":22,"rf":0}},{"type":"Feature","geometry":{"type":"Point","coordinates":[7.26791,49.52535]},"properties":{"d":"34400","kva":400,"kwp":165.3,"ratio":0.41,"load":27,"rf":0}},{"type":"Feature","geometry":{"type":"Point","coordinates":[7.26299,49.52118]},"properties":{"d":"34400","kva":630,"kwp":329.2,"ratio":0.52,"load":17,"rf":0}},{"type":"Feature","geometry":{"type":"Point","coordinates":[7.25948,49.5299]},"properties":{"d":"34400","kva":400,"kwp":285.3,"ratio":0.71,"load":24,"rf":0}},{"type":"Feature","geometry":{"type":"Point","coordinates":[7.26767,49.53104]},"properties":{"d":"34400","kva":100,"kwp":4.3,"ratio":0.04,"load":3,"rf":0}},{"type":"Feature","geometry":{"type":"Point","coordinates":[7.25333,49.53552]},"properties":{"d":"34400","kva":100,"kwp":10.0,"ratio":0.1,"load":5,"rf":0}},{"type":"Feature","geometry":{"type":"Point","coordinates":[7.25763,49.58332]},"properties":{"d":"34400","kva":400,"kwp":0.0,"ratio":0.0,"load":6,"rf":0}},{"type":"Feature","geometry":{"type":"Point","coordinates":[7.26156,49.579]},"properties":{"d":"34400","kva":100,"kwp":8.6,"ratio":0.09,"load":6,"rf":0}},{"type":"Feature","geometry":{"type":"Point","coordinates":[7.26568,49.50031]},"properties":{"d":"34400","kva":100,"kwp":1.4,"ratio":0.01,"load":1,"rf":0}},{"type":"Feature","geometry":{"type":"Point","coordinates":[7.27177,49.51292]},"properties":{"d":"34400","kva":630,"kwp":267.2,"ratio":0.42,"load":28,"rf":0}},{"type":"Feature","geometry":{"type":"Point","coordinates":[7.27168,49.50872]},"properties":{"d":"34400","kva":250,"kwp":89.8,"ratio":0.36,"load":23,"rf":0}},{"type":"Feature","geometry":{"type":"Point","coordinates":[7.26513,49.56106]},"properties":{"d":"34400","kva":100,"kwp":8.6,"ratio":0.09,"load":6,"rf":0}},{"type":"Feature","geometry":{"type":"Point","coordinates":[7.26629,49.55385]},"properties":{"d":"34400","kva":100,"kwp":38.8,"ratio":0.39,"load":30,"rf":0}},{"type":"Feature","geometry":{"type":"Point","coordinates":[7.28354,49.53356]},"properties":{"d":"34400","kva":630,"kwp":250.8,"ratio":0.4,"load":26,"rf":0}},{"type":"Feature","geometry":{"type":"Point","coordinates":[7.29432,49.51407]},"properties":{"d":"34400","kva":400,"kwp":0.0,"ratio":0.0,"load":4,"rf":0}},{"type":"Feature","geometry":{"type":"Point","coordinates":[7.28873,49.51481]},"properties":{"d":"34400","kva":250,"kwp":0.0,"ratio":0.0,"load":2,"rf":0}},{"type":"Feature","geometry":{"type":"Point","coordinates":[7.29002,49.54189]},"properties":{"d":"34400","kva":400,"kwp":0.0,"ratio":0.0,"load":5,"rf":0}},{"type":"Feature","geometry":{"type":"Point","coordinates":[7.29341,49.54421]},"properties":{"d":"34400","kva":250,"kwp":0.0,"ratio":0.0,"load":2,"rf":0}},{"type":"Feature","geometry":{"type":"Point","coordinates":[7.29318,49.57803]},"properties":{"d":"34400","kva":400,"kwp":0.0,"ratio":0.0,"load":5,"rf":0}},{"type":"Feature","geometry":{"type":"Point","coordinates":[7.28891,49.58158]},"properties":{"d":"34400","kva":250,"kwp":0.0,"ratio":0.0,"load":3,"rf":0}},{"type":"Feature","geometry":{"type":"Point","coordinates":[7.2911,49.55962]},"properties":{"d":"34400","kva":250,"kwp":0.0,"ratio":0.0,"load":7,"rf":0}},{"type":"Feature","geometry":{"type":"Point","coordinates":[7.2839,49.57034]},"properties":{"d":"34400","kva":100,"kwp":0.0,"ratio":0.0,"load":1,"rf":0}},{"type":"Feature","geometry":{"type":"Point","coordinates":[7.29157,49.50676]},"properties":{"d":"34400","kva":100,"kwp":0.0,"ratio":0.0,"load":1,"rf":0}},{"type":"Feature","geometry":{"type":"Point","coordinates":[7.29815,49.53377]},"properties":{"d":"34400","kva":400,"kwp":8.6,"ratio":0.02,"load":10,"rf":0}},{"type":"Feature","geometry":{"type":"Point","coordinates":[7.29416,49.53394]},"properties":{"d":"34400","kva":250,"kwp":7.1,"ratio":0.03,"load":3,"rf":0}},{"type":"Feature","geometry":{"type":"Point","coordinates":[7.30539,49.51586]},"properties":{"d":"34400","kva":100,"kwp":0.0,"ratio":0.0,"load":1,"rf":0}},{"type":"Feature","geometry":{"type":"Point","coordinates":[7.31545,49.57813]},"properties":{"d":"34400","kva":400,"kwp":0.0,"ratio":0.0,"load":8,"rf":0}},{"type":"Feature","geometry":{"type":"Point","coordinates":[7.16382,49.4949]},"properties":{"d":"34400","kva":800,"kwp":306.2,"ratio":0.38,"load":11,"rf":0}},{"type":"Feature","geometry":{"type":"Point","coordinates":[7.13983,49.52146]},"properties":{"d":"34400","kva":800,"kwp":313.0,"ratio":0.39,"load":11,"rf":0}},{"type":"Feature","geometry":{"type":"Point","coordinates":[7.16126,49.49211]},"properties":{"d":"34400","kva":400,"kwp":127.9,"ratio":0.32,"load":9,"rf":0}},{"type":"Feature","geometry":{"type":"Point","coordinates":[7.18682,49.5296]},"properties":{"d":"34400","kva":400,"kwp":137.6,"ratio":0.34,"load":10,"rf":0}},{"type":"Feature","geometry":{"type":"Point","coordinates":[7.19497,49.53832]},"properties":{"d":"34400","kva":100,"kwp":65.8,"ratio":0.66,"load":27,"rf":0}},{"type":"Feature","geometry":{"type":"Point","coordinates":[7.20923,49.51353]},"properties":{"d":"34400","kva":630,"kwp":307.8,"ratio":0.49,"load":16,"rf":0}},{"type":"Feature","geometry":{"type":"Point","coordinates":[7.25086,49.54912]},"properties":{"d":"34400","kva":800,"kwp":550.9,"ratio":0.69,"load":24,"rf":0}},{"type":"Feature","geometry":{"type":"Point","coordinates":[7.23864,49.54969]},"properties":{"d":"34400","kva":630,"kwp":306.5,"ratio":0.49,"load":14,"rf":0}},{"type":"Feature","geometry":{"type":"Point","coordinates":[7.25497,49.52284]},"properties":{"d":"34400","kva":630,"kwp":336.3,"ratio":0.53,"load":18,"rf":0}},{"type":"Feature","geometry":{"type":"Point","coordinates":[7.26299,49.52118]},"properties":{"d":"34400","kva":630,"kwp":329.2,"ratio":0.52,"load":17,"rf":0}},{"type":"Feature","geometry":{"type":"Point","coordinates":[7.25333,49.53552]},"properties":{"d":"34400","kva":100,"kwp":10.0,"ratio":0.1,"load":5,"rf":0}},{"type":"Feature","geometry":{"type":"Point","coordinates":[7.29432,49.51407]},"properties":{"d":"34400","kva":400,"kwp":0.0,"ratio":0.0,"load":4,"rf":0}},{"type":"Feature","geometry":{"type":"Point","coordinates":[7.29002,49.54189]},"properties":{"d":"34400","kva":400,"kwp":0.0,"ratio":0.0,"load":5,"rf":0}},{"type":"Feature","geometry":{"type":"Point","coordinates":[7.29318,49.57803]},"properties":{"d":"34400","kva":400,"kwp":0.0,"ratio":0.0,"load":5,"rf":0}},{"type":"Feature","geometry":{"type":"Point","coordinates":[7.29416,49.53394]},"properties":{"d":"34400","kva":250,"kwp":7.1,"ratio":0.03,"load":3,"rf":0}},{"type":"Feature","geometry":{"type":"Point","coordinates":[7.13966,49.51895]},"properties":{"d":"34400","kva":630,"kwp":192.8,"ratio":0.31,"load":9,"rf":0}},{"type":"Feature","geometry":{"type":"Point","coordinates":[7.15726,49.51056]},"properties":{"d":"34400","kva":630,"kwp":194.8,"ratio":0.31,"load":9,"rf":0}},{"type":"Feature","geometry":{"type":"Point","coordinates":[7.14935,49.52027]},"properties":{"d":"34400","kva":630,"kwp":64.0,"ratio":0.1,"load":4,"rf":0}},{"type":"Feature","geometry":{"type":"Point","coordinates":[7.17424,49.52867]},"properties":{"d":"34400","kva":630,"kwp":195.7,"ratio":0.31,"load":9,"rf":0}},{"type":"Feature","geometry":{"type":"Point","coordinates":[7.18651,49.53039]},"properties":{"d":"34400","kva":630,"kwp":111.4,"ratio":0.18,"load":6,"rf":0}},{"type":"Feature","geometry":{"type":"Point","coordinates":[7.20576,49.51647]},"properties":{"d":"34400","kva":630,"kwp":119.2,"ratio":0.19,"load":7,"rf":0}},{"type":"Feature","geometry":{"type":"Point","coordinates":[7.22255,49.57438]},"properties":{"d":"34400","kva":630,"kwp":0.0,"ratio":0.0,"load":2,"rf":0}},{"type":"Feature","geometry":{"type":"Point","coordinates":[7.25519,49.55328]},"properties":{"d":"34400","kva":630,"kwp":372.8,"ratio":0.59,"load":21,"rf":0}},{"type":"Feature","geometry":{"type":"Point","coordinates":[7.24795,49.55382]},"properties":{"d":"34400","kva":630,"kwp":273.6,"ratio":0.43,"load":15,"rf":0}},{"type":"Feature","geometry":{"type":"Point","coordinates":[7.25948,49.5299]},"properties":{"d":"34400","kva":630,"kwp":285.3,"ratio":0.45,"load":24,"rf":0}},{"type":"Feature","geometry":{"type":"Point","coordinates":[7.28873,49.51481]},"properties":{"d":"34400","kva":630,"kwp":0.0,"ratio":0.0,"load":2,"rf":0}},{"type":"Feature","geometry":{"type":"Point","coordinates":[7.29341,49.54421]},"properties":{"d":"34400","kva":630,"kwp":0.0,"ratio":0.0,"load":2,"rf":0}},{"type":"Feature","geometry":{"type":"Point","coordinates":[7.28891,49.58158]},"properties":{"d":"34400","kva":630,"kwp":0.0,"ratio":0.0,"load":3,"rf":0}},{"type":"Feature","geometry":{"type":"Point","coordinates":[7.29815,49.53377]},"properties":{"d":"34400","kva":630,"kwp":8.6,"ratio":0.01,"load":10,"rf":0}},{"type":"Feature","geometry":{"type":"Point","coordinates":[7.29416,49.53394]},"properties":{"d":"34400","kva":630,"kwp":7.1,"ratio":0.01,"load":3,"rf":0}},{"type":"Feature","geometry":{"type":"Point","coordinates":[7.03,49.34517]},"properties":{"d":"34407","kva":630,"kwp":213.2,"ratio":0.34,"load":10,"rf":0}},{"type":"Feature","geometry":{"type":"Point","coordinates":[7.0253,49.34436]},"properties":{"d":"34407","kva":400,"kwp":84.2,"ratio":0.21,"load":11,"rf":0}},{"type":"Feature","geometry":{"type":"Point","coordinates":[7.0226,49.34153]},"properties":{"d":"34407","kva":400,"kwp":90.9,"ratio":0.23,"load":5,"rf":0}},{"type":"Feature","geometry":{"type":"Point","coordinates":[7.03548,49.34311]},"properties":{"d":"34407","kva":630,"kwp":11.8,"ratio":0.02,"load":6,"rf":0}},{"type":"Feature","geometry":{"type":"Point","coordinates":[7.03271,49.34658]},"properties":{"d":"34407","kva":400,"kwp":112.6,"ratio":0.28,"load":6,"rf":0}},{"type":"Feature","geometry":{"type":"Point","coordinates":[7.0196,49.34539]},"properties":{"d":"34407","kva":400,"kwp":90.3,"ratio":0.23,"load":4,"rf":0}},{"type":"Feature","geometry":{"type":"Point","coordinates":[7.0226,49.34153]},"properties":{"d":"34407","kva":400,"kwp":90.9,"ratio":0.23,"load":5,"rf":0}},{"type":"Feature","geometry":{"type":"Point","coordinates":[7.03548,49.34311]},"properties":{"d":"34407","kva":630,"kwp":11.8,"ratio":0.02,"load":6,"rf":0}},{"type":"Feature","geometry":{"type":"Point","coordinates":[7.03,49.34517]},"properties":{"d":"34407","kva":630,"kwp":213.2,"ratio":0.34,"load":10,"rf":0}},{"type":"Feature","geometry":{"type":"Point","coordinates":[7.03271,49.34658]},"properties":{"d":"34407","kva":630,"kwp":112.6,"ratio":0.18,"load":6,"rf":0}},{"type":"Feature","geometry":{"type":"Point","coordinates":[7.0196,49.34539]},"properties":{"d":"34407","kva":630,"kwp":90.3,"ratio":0.14,"load":4,"rf":0}},{"type":"Feature","geometry":{"type":"Point","coordinates":[6.70741,49.31284]},"properties":{"d":"34691","kva":100,"kwp":2.5,"ratio":0.02,"load":1,"rf":0}},{"type":"Feature","geometry":{"type":"Point","coordinates":[6.71216,49.29766]},"properties":{"d":"34691","kva":100,"kwp":1.7,"ratio":0.02,"load":1,"rf":0}},{"type":"Feature","geometry":{"type":"Point","coordinates":[6.71688,49.31094]},"properties":{"d":"34691","kva":630,"kwp":160.8,"ratio":0.26,"load":7,"rf":0}},{"type":"Feature","geometry":{"type":"Point","coordinates":[6.71459,49.30737]},"properties":{"d":"34691","kva":400,"kwp":106.9,"ratio":0.27,"load":6,"rf":0}},{"type":"Feature","geometry":{"type":"Point","coordinates":[6.72757,49.28416]},"properties":{"d":"34691","kva":400,"kwp":320.1,"ratio":0.8,"load":29,"rf":0}},{"type":"Feature","geometry":{"type":"Point","coordinates":[6.72923,49.28702]},"properties":{"d":"34691","kva":1000,"kwp":322.3,"ratio":0.32,"load":9,"rf":0}},{"type":"Feature","geometry":{"type":"Point","coordinates":[6.72389,49.29723]},"properties":{"d":"34691","kva":400,"kwp":96.2,"ratio":0.24,"load":5,"rf":0}},{"type":"Feature","geometry":{"type":"Point","coordinates":[6.71995,49.3009]},"properties":{"d":"34691","kva":630,"kwp":133.5,"ratio":0.21,"load":11,"rf":0}},{"type":"Feature","geometry":{"type":"Point","coordinates":[6.73009,49.29932]},"properties":{"d":"34691","kva":400,"kwp":86.2,"ratio":0.22,"load":11,"rf":0}},{"type":"Feature","geometry":{"type":"Point","coordinates":[6.73315,49.29315]},"properties":{"d":"34691","kva":630,"kwp":140.9,"ratio":0.22,"load":12,"rf":0}},{"type":"Feature","geometry":{"type":"Point","coordinates":[6.72657,49.30056]},"properties":{"d":"34691","kva":400,"kwp":68.0,"ratio":0.17,"load":9,"rf":0}},{"type":"Feature","geometry":{"type":"Point","coordinates":[6.75921,49.2938]},"properties":{"d":"34691","kva":630,"kwp":16.8,"ratio":0.03,"load":5,"rf":0}},{"type":"Feature","geometry":{"type":"Point","coordinates":[6.75964,49.29024]},"properties":{"d":"34691","kva":400,"kwp":36.5,"ratio":0.09,"load":3,"rf":0}},{"type":"Feature","geometry":{"type":"Point","coordinates":[6.756,49.29502]},"properties":{"d":"34691","kva":250,"kwp":29.8,"ratio":0.12,"load":6,"rf":0}},{"type":"Feature","geometry":{"type":"Point","coordinates":[6.72399,49.30385]},"properties":{"d":"34691","kva":100,"kwp":2.5,"ratio":0.02,"load":1,"rf":0}},{"type":"Feature","geometry":{"type":"Point","coordinates":[6.73798,49.27408]},"properties":{"d":"34691","kva":100,"kwp":9.8,"ratio":0.1,"load":7,"rf":0}},{"type":"Feature","geometry":{"type":"Point","coordinates":[6.72757,49.28416]},"properties":{"d":"34691","kva":400,"kwp":320.1,"ratio":0.8,"load":29,"rf":0}},{"type":"Feature","geometry":{"type":"Point","coordinates":[6.72923,49.28702]},"properties":{"d":"34691","kva":1000,"kwp":322.3,"ratio":0.32,"load":9,"rf":0}},{"type":"Feature","geometry":{"type":"Point","coordinates":[6.75921,49.2938]},"properties":{"d":"34691","kva":630,"kwp":16.8,"ratio":0.03,"load":5,"rf":0}},{"type":"Feature","geometry":{"type":"Point","coordinates":[6.71688,49.31094]},"properties":{"d":"34691","kva":630,"kwp":160.8,"ratio":0.26,"load":7,"rf":0}},{"type":"Feature","geometry":{"type":"Point","coordinates":[6.71459,49.30737]},"properties":{"d":"34691","kva":630,"kwp":106.9,"ratio":0.17,"load":6,"rf":0}},{"type":"Feature","geometry":{"type":"Point","coordinates":[6.72389,49.29723]},"properties":{"d":"34691","kva":630,"kwp":96.2,"ratio":0.15,"load":5,"rf":0}},{"type":"Feature","geometry":{"type":"Point","coordinates":[6.76379,49.42597]},"properties":{"d":"34793","kva":100,"kwp":1.7,"ratio":0.02,"load":1,"rf":0}},{"type":"Feature","geometry":{"type":"Point","coordinates":[6.69647,49.40544]},"properties":{"d":"34793","kva":100,"kwp":35.5,"ratio":0.36,"load":28,"rf":0}},{"type":"Feature","geometry":{"type":"Point","coordinates":[6.67098,49.39474]},"properties":{"d":"34793","kva":630,"kwp":406.8,"ratio":0.65,"load":21,"rf":0}},{"type":"Feature","geometry":{"type":"Point","coordinates":[6.67576,49.38994]},"properties":{"d":"34793","kva":400,"kwp":145.8,"ratio":0.36,"load":24,"rf":0}},{"type":"Feature","geometry":{"type":"Point","coordinates":[6.72999,49.42389]},"properties":{"d":"34793","kva":630,"kwp":321.3,"ratio":0.51,"load":20,"rf":0}},{"type":"Feature","geometry":{"type":"Point","coordinates":[6.72118,49.41405]},"properties":{"d":"34793","kva":630,"kwp":263.3,"ratio":0.42,"load":28,"rf":0}},{"type":"Feature","geometry":{"type":"Point","coordinates":[6.69392,49.38786]},"properties":{"d":"34793","kva":630,"kwp":444.9,"ratio":0.71,"load":24,"rf":0}},{"type":"Feature","geometry":{"type":"Point","coordinates":[6.70268,49.38729]},"properties":{"d":"34793","kva":630,"kwp":267.9,"ratio":0.43,"load":12,"rf":0}},{"type":"Feature","geometry":{"type":"Point","coordinates":[6.71533,49.40722]},"properties":{"d":"34793","kva":630,"kwp":261.6,"ratio":0.42,"load":28,"rf":0}},{"type":"Feature","geometry":{"type":"Point","coordinates":[6.72861,49.41517]},"properties":{"d":"34793","kva":630,"kwp":273.2,"ratio":0.43,"load":29,"rf":0}},{"type":"Feature","geometry":{"type":"Point","coordinates":[6.71025,49.39634]},"properties":{"d":"34793","kva":630,"kwp":539.3,"ratio":0.86,"load":30,"rf":0}},{"type":"Feature","geometry":{"type":"Point","coordinates":[6.72495,49.41208]},"properties":{"d":"34793","kva":630,"kwp":367.6,"ratio":0.58,"load":19,"rf":0}},{"type":"Feature","geometry":{"type":"Point","coordinates":[6.72843,49.42972]},"properties":{"d":"34793","kva":400,"kwp":220.2,"ratio":0.55,"load":14,"rf":0}},{"type":"Feature","geometry":{"type":"Point","coordinates":[6.70766,49.37732]},"properties":{"d":"34793","kva":630,"kwp":1069.4,"ratio":1.7,"load":65,"rf":1}},{"type":"Feature","geometry":{"type":"Point","coordinates":[6.69411,49.39253]},"properties":{"d":"34793","kva":630,"kwp":201.7,"ratio":0.32,"load":8,"rf":0}},{"type":"Feature","geometry":{"type":"Point","coordinates":[6.71065,49.38929]},"properties":{"d":"34793","kva":630,"kwp":115.6,"ratio":0.18,"load":8,"rf":0}},{"type":"Feature","geometry":{"type":"Point","coordinates":[6.6984,49.40134]},"properties":{"d":"34793","kva":160,"kwp":58.0,"ratio":0.36,"load":24,"rf":0}},{"type":"Feature","geometry":{"type":"Point","coordinates":[6.71134,49.38519]},"properties":{"d":"34793","kva":630,"kwp":147.2,"ratio":0.23,"load":6,"rf":0}},{"type":"Feature","geometry":{"type":"Point","coordinates":[6.70627,49.38518]},"properties":{"d":"34793","kva":630,"kwp":151.2,"ratio":0.24,"load":13,"rf":0}},{"type":"Feature","geometry":{"type":"Point","coordinates":[6.70099,49.39419]},"properties":{"d":"34793","kva":630,"kwp":356.9,"ratio":0.57,"load":19,"rf":0}},{"type":"Feature","geometry":{"type":"Point","coordinates":[6.70445,49.39253]},"properties":{"d":"34793","kva":630,"kwp":209.6,"ratio":0.33,"load":10,"rf":0}},{"type":"Feature","geometry":{"type":"Point","coordinates":[6.73151,49.42928]},"properties":{"d":"34793","kva":630,"kwp":365.9,"ratio":0.58,"load":41,"rf":0}},{"type":"Feature","geometry":{"type":"Point","coordinates":[6.76356,49.375]},"properties":{"d":"34793","kva":400,"kwp":86.2,"ratio":0.22,"load":4,"rf":0}},{"type":"Feature","geometry":{"type":"Point","coordinates":[6.7592,49.38138]},"properties":{"d":"34793","kva":250,"kwp":49.5,"ratio":0.2,"load":3,"rf":0}},{"type":"Feature","geometry":{"type":"Point","coordinates":[6.74129,49.36075]},"properties":{"d":"34793","kva":400,"kwp":10.1,"ratio":0.03,"load":5,"rf":0}},{"type":"Feature","geometry":{"type":"Point","coordinates":[6.73546,49.35675]},"properties":{"d":"34793","kva":630,"kwp":13.6,"ratio":0.02,"load":6,"rf":0}},{"type":"Feature","geometry":{"type":"Point","coordinates":[6.75395,49.38372]},"properties":{"d":"34793","kva":250,"kwp":105.6,"ratio":0.42,"load":7,"rf":0}},{"type":"Feature","geometry":{"type":"Point","coordinates":[6.75229,49.35947]},"properties":{"d":"34793","kva":100,"kwp":0.7,"ratio":0.01,"load":4,"rf":0}},{"type":"Feature","geometry":{"type":"Point","coordinates":[6.76641,49.37229]},"properties":{"d":"34793","kva":400,"kwp":61.0,"ratio":0.15,"load":7,"rf":0}},{"type":"Feature","geometry":{"type":"Point","coordinates":[6.72999,49.35503]},"properties":{"d":"34793","kva":1000,"kwp":160.8,"ratio":0.16,"load":3,"rf":0}},{"type":"Feature","geometry":{"type":"Point","coordinates":[6.72243,49.34512]},"properties":{"d":"34793","kva":630,"kwp":150.2,"ratio":0.24,"load":13,"rf":0}},{"type":"Feature","geometry":{"type":"Point","coordinates":[6.74266,49.35726]},"properties":{"d":"34793","kva":1000,"kwp":18.7,"ratio":0.02,"load":5,"rf":0}},{"type":"Feature","geometry":{"type":"Point","coordinates":[6.72892,49.34822]},"properties":{"d":"34793","kva":630,"kwp":209.4,"ratio":0.33,"load":20,"rf":0}},{"type":"Feature","geometry":{"type":"Point","coordinates":[6.72977,49.35858]},"properties":{"d":"34793","kva":630,"kwp":320.9,"ratio":0.51,"load":8,"rf":0}},{"type":"Feature","geometry":{"type":"Point","coordinates":[6.72977,49.35858]},"properties":{"d":"34793","kva":630,"kwp":320.9,"ratio":0.51,"load":8,"rf":0}},{"type":"Feature","geometry":{"type":"Point","coordinates":[6.7595,49.3678]},"properties":{"d":"34793","kva":630,"kwp":112.7,"ratio":0.18,"load":8,"rf":0}},{"type":"Feature","geometry":{"type":"Point","coordinates":[6.75705,49.37512]},"properties":{"d":"34793","kva":250,"kwp":44.5,"ratio":0.18,"load":8,"rf":0}},{"type":"Feature","geometry":{"type":"Point","coordinates":[6.72839,49.35201]},"properties":{"d":"34793","kva":630,"kwp":175.4,"ratio":0.28,"load":7,"rf":0}},{"type":"Feature","geometry":{"type":"Point","coordinates":[6.74822,49.35488]},"properties":{"d":"34793","kva":630,"kwp":14.4,"ratio":0.02,"load":7,"rf":0}},{"type":"Feature","geometry":{"type":"Point","coordinates":[6.76324,49.36982]},"properties":{"d":"34793","kva":400,"kwp":96.2,"ratio":0.24,"load":6,"rf":0}},{"type":"Feature","geometry":{"type":"Point","coordinates":[6.72583,49.35599]},"properties":{"d":"34793","kva":630,"kwp":260.3,"ratio":0.41,"load":12,"rf":0}},{"type":"Feature","geometry":{"type":"Point","coordinates":[6.75446,49.36911]},"properties":{"d":"34793","kva":630,"kwp":74.7,"ratio":0.12,"load":5,"rf":0}},{"type":"Feature","geometry":{"type":"Point","coordinates":[6.75933,49.38551]},"properties":{"d":"34793","kva":250,"kwp":48.8,"ratio":0.2,"load":10,"rf":0}},{"type":"Feature","geometry":{"type":"Point","coordinates":[6.72536,49.35286]},"properties":{"d":"34793","kva":630,"kwp":73.2,"ratio":0.12,"load":2,"rf":0}},{"type":"Feature","geometry":{"type":"Point","coordinates":[6.73753,49.35956]},"properties":{"d":"34793","kva":630,"kwp":76.1,"ratio":0.12,"load":4,"rf":0}},{"type":"Feature","geometry":{"type":"Point","coordinates":[6.72534,49.35913]},"properties":{"d":"34793","kva":630,"kwp":409.1,"ratio":0.65,"load":45,"rf":0}},{"type":"Feature","geometry":{"type":"Point","coordinates":[6.74159,49.35221]},"properties":{"d":"34793","kva":800,"kwp":17.9,"ratio":0.02,"load":4,"rf":0}},{"type":"Feature","geometry":{"type":"Point","coordinates":[6.75643,49.3772]},"properties":{"d":"34793","kva":250,"kwp":51.0,"ratio":0.2,"load":3,"rf":0}},{"type":"Feature","geometry":{"type":"Point","coordinates":[6.75394,49.37464]},"properties":{"d":"34793","kva":400,"kwp":71.8,"ratio":0.18,"load":9,"rf":0}},{"type":"Feature","geometry":{"type":"Point","coordinates":[6.73251,49.35865]},"properties":{"d":"34793","kva":630,"kwp":112.0,"ratio":0.18,"load":8,"rf":0}},{"type":"Feature","geometry":{"type":"Point","coordinates":[6.76296,49.37308]},"properties":{"d":"34793","kva":400,"kwp":88.3,"ratio":0.22,"load":4,"rf":0}},{"type":"Feature","geometry":{"type":"Point","coordinates":[6.73383,49.36102]},"properties":{"d":"34793","kva":630,"kwp":118.5,"ratio":0.19,"load":13,"rf":0}},{"type":"Feature","geometry":{"type":"Point","coordinates":[6.72446,49.34857]},"properties":{"d":"34793","kva":630,"kwp":113.4,"ratio":0.18,"load":8,"rf":0}},{"type":"Feature","geometry":{"type":"Point","coordinates":[6.76958,49.37688]},"properties":{"d":"34793","kva":160,"kwp":22.8,"ratio":0.14,"load":8,"rf":0}},{"type":"Feature","geometry":{"type":"Point","coordinates":[6.75786,49.37073]},"properties":{"d":"34793","kva":400,"kwp":74.7,"ratio":0.19,"load":9,"rf":0}},{"type":"Feature","geometry":{"type":"Point","coordinates":[6.77079,49.37404]},"properties":{"d":"34793","kva":250,"kwp":53.2,"ratio":0.21,"load":11,"rf":0}},{"type":"Feature","geometry":{"type":"Point","coordinates":[6.75431,49.3817]},"properties":{"d":"34793","kva":160,"kwp":30.2,"ratio":0.19,"load":2,"rf":0}},{"type":"Feature","geometry":{"type":"Point","coordinates":[6.76006,49.37393]},"properties":{"d":"34793","kva":250,"kwp":37.3,"ratio":0.15,"load":7,"rf":0}},{"type":"Feature","geometry":{"type":"Point","coordinates":[6.75678,49.36769]},"properties":{"d":"34793","kva":400,"kwp":177.3,"ratio":0.44,"load":28,"rf":0}},{"type":"Feature","geometry":{"type":"Point","coordinates":[6.739,49.34746]},"properties":{"d":"34793","kva":160,"kwp":4.3,"ratio":0.03,"load":6,"rf":0}},{"type":"Feature","geometry":{"type":"Point","coordinates":[6.73054,49.35281]},"properties":{"d":"34793","kva":630,"kwp":56.7,"ratio":0.09,"load":3,"rf":0}},{"type":"Feature","geometry":{"type":"Point","coordinates":[6.75707,49.38235]},"properties":{"d":"34793","kva":250,"kwp":61.7,"ratio":0.25,"load":6,"rf":0}},{"type":"Feature","geometry":{"type":"Point","coordinates":[6.72112,49.3478]},"properties":{"d":"34793","kva":800,"kwp":273.6,"ratio":0.34,"load":9,"rf":0}},{"type":"Feature","geometry":{"type":"Point","coordinates":[6.7367,49.35429]},"properties":{"d":"34793","kva":630,"kwp":11.5,"ratio":0.02,"load":6,"rf":0}},{"type":"Feature","geometry":{"type":"Point","coordinates":[6.72698,49.36142]},"properties":{"d":"34793","kva":160,"kwp":28.0,"ratio":0.18,"load":8,"rf":0}},{"type":"Feature","geometry":{"type":"Point","coordinates":[6.74854,49.35861]},"properties":{"d":"34793","kva":630,"kwp":7.2,"ratio":0.01,"load":7,"rf":0}},{"type":"Feature","geometry":{"type":"Point","coordinates":[6.72202,49.34944]},"properties":{"d":"34793","kva":400,"kwp":335.2,"ratio":0.84,"load":23,"rf":0}},{"type":"Feature","geometry":{"type":"Point","coordinates":[6.74801,49.36055]},"properties":{"d":"34793","kva":400,"kwp":5.7,"ratio":0.01,"load":6,"rf":0}},{"type":"Feature","geometry":{"type":"Point","coordinates":[6.72591,49.35533]},"properties":{"d":"34793","kva":1000,"kwp":180.6,"ratio":0.18,"load":3,"rf":0}},{"type":"Feature","geometry":{"type":"Point","coordinates":[6.7493,49.35773]},"properties":{"d":"34793","kva":630,"kwp":10.8,"ratio":0.02,"load":6,"rf":0}},{"type":"Feature","geometry":{"type":"Point","coordinates":[6.73804,49.35097]},"properties":{"d":"34793","kva":400,"kwp":9.3,"ratio":0.02,"load":7,"rf":0}},{"type":"Feature","geometry":{"type":"Point","coordinates":[6.76198,49.37147]},"properties":{"d":"34793","kva":250,"kwp":48.8,"ratio":0.2,"load":3,"rf":0}},{"type":"Feature","geometry":{"type":"Point","coordinates":[6.73638,49.36061]},"properties":{"d":"34793","kva":630,"kwp":91.9,"ratio":0.15,"load":5,"rf":0}},{"type":"Feature","geometry":{"type":"Point","coordinates":[6.76408,49.36899]},"properties":{"d":"34793","kva":400,"kwp":68.9,"ratio":0.17,"load":8,"rf":0}},{"type":"Feature","geometry":{"type":"Point","coordinates":[6.73359,49.34948]},"properties":{"d":"34793","kva":400,"kwp":7.9,"ratio":0.02,"load":5,"rf":0}},{"type":"Feature","geometry":{"type":"Point","coordinates":[6.73777,49.42949]},"properties":{"d":"34793","kva":100,"kwp":3.3,"ratio":0.03,"load":2,"rf":0}},{"type":"Feature","geometry":{"type":"Point","coordinates":[6.71891,49.38453]},"properties":{"d":"34793","kva":100,"kwp":3.6,"ratio":0.04,"load":2,"rf":0}},{"type":"Feature","geometry":{"type":"Point","coordinates":[6.72463,49.38653]},"properties":{"d":"34793","kva":100,"kwp":3.6,"ratio":0.04,"load":1,"rf":0}},{"type":"Feature","geometry":{"type":"Point","coordinates":[6.72554,49.43574]},"properties":{"d":"34793","kva":100,"kwp":5.0,"ratio":0.05,"load":3,"rf":0}},{"type":"Feature","geometry":{"type":"Point","coordinates":[6.73877,49.44136]},"properties":{"d":"34793","kva":800,"kwp":495.1,"ratio":0.62,"load":20,"rf":0}},{"type":"Feature","geometry":{"type":"Point","coordinates":[6.7349,49.45412]},"properties":{"d":"34793","kva":630,"kwp":308.4,"ratio":0.49,"load":34,"rf":0}},{"type":"Feature","geometry":{"type":"Point","coordinates":[6.72775,49.45666]},"properties":{"d":"34793","kva":250,"kwp":119.2,"ratio":0.48,"load":9,"rf":0}},{"type":"Feature","geometry":{"type":"Point","coordinates":[6.73912,49.44773]},"properties":{"d":"34793","kva":250,"kwp":122.5,"ratio":0.49,"load":9,"rf":0}},{"type":"Feature","geometry":{"type":"Point","coordinates":[6.75035,49.43129]},"properties":{"d":"34793","kva":630,"kwp":269.9,"ratio":0.43,"load":28,"rf":0}},{"type":"Feature","geometry":{"type":"Point","coordinates":[6.74337,49.41488]},"properties":{"d":"34793","kva":100,"kwp":14.9,"ratio":0.15,"load":10,"rf":0}},{"type":"Feature","geometry":{"type":"Point","coordinates":[6.75241,49.44991]},"properties":{"d":"34793","kva":100,"kwp":40.7,"ratio":0.41,"load":33,"rf":0}},{"type":"Feature","geometry":{"type":"Point","coordinates":[6.7872,49.45648]},"properties":{"d":"34793","kva":630,"kwp":505.8,"ratio":0.8,"load":27,"rf":0}},{"type":"Feature","geometry":{"type":"Point","coordinates":[6.75927,49.45094]},"properties":{"d":"34793","kva":630,"kwp":324.6,"ratio":0.52,"load":17,"rf":0}},{"type":"Feature","geometry":{"type":"Point","coordinates":[6.76511,49.44733]},"properties":{"d":"34793","kva":630,"kwp":347.8,"ratio":0.55,"load":18,"rf":0}},{"type":"Feature","geometry":{"type":"Point","coordinates":[6.76842,49.4509]},"properties":{"d":"34793","kva":630,"kwp":336.2,"ratio":0.53,"load":17,"rf":0}},{"type":"Feature","geometry":{"type":"Point","coordinates":[6.77732,49.45503]},"properties":{"d":"34793","kva":400,"kwp":236.8,"ratio":0.59,"load":20,"rf":0}},{"type":"Feature","geometry":{"type":"Point","coordinates":[6.77236,49.444]},"properties":{"d":"34793","kva":250,"kwp":79.5,"ratio":0.32,"load":21,"rf":0}},{"type":"Feature","geometry":{"type":"Point","coordinates":[6.76467,49.44008]},"properties":{"d":"34793","kva":100,"kwp":6.6,"ratio":0.07,"load":5,"rf":0}},{"type":"Feature","geometry":{"type":"Point","coordinates":[6.76755,49.4528]},"properties":{"d":"34793","kva":630,"kwp":313.6,"ratio":0.5,"load":34,"rf":0}},{"type":"Feature","geometry":{"type":"Point","coordinates":[6.75902,49.40207]},"properties":{"d":"34793","kva":100,"kwp":6.6,"ratio":0.07,"load":4,"rf":0}},{"type":"Feature","geometry":{"type":"Point","coordinates":[6.76627,49.41258]},"properties":{"d":"34793","kva":630,"kwp":651.1,"ratio":1.03,"load":22,"rf":0}},{"type":"Feature","geometry":{"type":"Point","coordinates":[6.76627,49.41258]},"properties":{"d":"34793","kva":630,"kwp":651.1,"ratio":1.03,"load":22,"rf":0}},{"type":"Feature","geometry":{"type":"Point","coordinates":[6.75896,49.41486]},"properties":{"d":"34793","kva":400,"kwp":213.6,"ratio":0.53,"load":14,"rf":0}},{"type":"Feature","geometry":{"type":"Point","coordinates":[6.76582,49.41611]},"properties":{"d":"34793","kva":630,"kwp":224.4,"ratio":0.36,"load":22,"rf":0}},{"type":"Feature","geometry":{"type":"Point","coordinates":[6.77508,49.41286]},"properties":{"d":"34793","kva":250,"kwp":74.0,"ratio":0.3,"load":18,"rf":0}},{"type":"Feature","geometry":{"type":"Point","coordinates":[6.76273,49.40806]},"properties":{"d":"34793","kva":630,"kwp":319.6,"ratio":0.51,"load":17,"rf":0}},{"type":"Feature","geometry":{"type":"Point","coordinates":[6.7657,49.41984]},"properties":{"d":"34793","kva":630,"kwp":299.7,"ratio":0.48,"load":15,"rf":0}},{"type":"Feature","geometry":{"type":"Point","coordinates":[6.76214,49.41893]},"properties":{"d":"34793","kva":250,"kwp":91.1,"ratio":0.36,"load":24,"rf":0}},{"type":"Feature","geometry":{"type":"Point","coordinates":[6.78055,49.41268]},"properties":{"d":"34793","kva":250,"kwp":45.7,"ratio":0.18,"load":10,"rf":0}},{"type":"Feature","geometry":{"type":"Point","coordinates":[6.77318,49.42471]},"properties":{"d":"34793","kva":100,"kwp":5.0,"ratio":0.05,"load":3,"rf":0}},{"type":"Feature","geometry":{"type":"Point","coordinates":[6.78134,49.40636]},"properties":{"d":"34793","kva":160,"kwp":37.2,"ratio":0.23,"load":14,"rf":0}},{"type":"Feature","geometry":{"type":"Point","coordinates":[6.7901,49.43818]},"properties":{"d":"34793","kva":100,"kwp":1.7,"ratio":0.02,"load":1,"rf":0}},{"type":"Feature","geometry":{"type":"Point","coordinates":[6.67098,49.39474]},"properties":{"d":"34793","kva":630,"kwp":406.8,"ratio":0.65,"load":21,"rf":0}},{"type":"Feature","geometry":{"type":"Point","coordinates":[6.70268,49.38729]},"properties":{"d":"34793","kva":630,"kwp":267.9,"ratio":0.43,"load":12,"rf":0}},{"type":"Feature","geometry":{"type":"Point","coordinates":[6.71025,49.39634]},"properties":{"d":"34793","kva":630,"kwp":539.3,"ratio":0.86,"load":30,"rf":0}},{"type":"Feature","geometry":{"type":"Point","coordinates":[6.72495,49.41208]},"properties":{"d":"34793","kva":630,"kwp":367.6,"ratio":0.58,"load":19,"rf":0}},{"type":"Feature","geometry":{"type":"Point","coordinates":[6.70766,49.37732]},"properties":{"d":"34793","kva":630,"kwp":1069.4,"ratio":1.7,"load":65,"rf":1}},{"type":"Feature","geometry":{"type":"Point","coordinates":[6.69411,49.39253]},"properties":{"d":"34793","kva":630,"kwp":201.7,"ratio":0.32,"load":8,"rf":0}},{"type":"Feature","geometry":{"type":"Point","coordinates":[6.70099,49.39419]},"properties":{"d":"34793","kva":630,"kwp":356.9,"ratio":0.57,"load":19,"rf":0}},{"type":"Feature","geometry":{"type":"Point","coordinates":[6.75351,49.36328]},"properties":{"d":"34793","kva":630,"kwp":17.2,"ratio":0.03,"load":6,"rf":0}},{"type":"Feature","geometry":{"type":"Point","coordinates":[6.75351,49.36328]},"properties":{"d":"34793","kva":630,"kwp":17.2,"ratio":0.03,"load":6,"rf":0}},{"type":"Feature","geometry":{"type":"Point","coordinates":[6.75351,49.36328]},"properties":{"d":"34793","kva":630,"kwp":17.2,"ratio":0.03,"load":6,"rf":0}},{"type":"Feature","geometry":{"type":"Point","coordinates":[6.75351,49.36328]},"properties":{"d":"34793","kva":630,"kwp":17.2,"ratio":0.03,"load":6,"rf":0}},{"type":"Feature","geometry":{"type":"Point","coordinates":[6.74129,49.36075]},"properties":{"d":"34793","kva":400,"kwp":10.1,"ratio":0.03,"load":5,"rf":0}},{"type":"Feature","geometry":{"type":"Point","coordinates":[6.73546,49.35675]},"properties":{"d":"34793","kva":630,"kwp":13.6,"ratio":0.02,"load":6,"rf":0}},{"type":"Feature","geometry":{"type":"Point","coordinates":[6.74266,49.35726]},"properties":{"d":"34793","kva":1000,"kwp":18.7,"ratio":0.02,"load":5,"rf":0}},{"type":"Feature","geometry":{"type":"Point","coordinates":[6.72977,49.35858]},"properties":{"d":"34793","kva":630,"kwp":320.9,"ratio":0.51,"load":8,"rf":0}},{"type":"Feature","geometry":{"type":"Point","coordinates":[6.72839,49.35201]},"properties":{"d":"34793","kva":630,"kwp":175.4,"ratio":0.28,"load":7,"rf":0}},{"type":"Feature","geometry":{"type":"Point","coordinates":[6.74822,49.35488]},"properties":{"d":"34793","kva":630,"kwp":14.4,"ratio":0.02,"load":7,"rf":0}},{"type":"Feature","geometry":{"type":"Point","coordinates":[6.76324,49.36982]},"properties":{"d":"34793","kva":400,"kwp":96.2,"ratio":0.24,"load":6,"rf":0}},{"type":"Feature","geometry":{"type":"Point","coordinates":[6.72583,49.35599]},"properties":{"d":"34793","kva":630,"kwp":260.3,"ratio":0.41,"load":12,"rf":0}},{"type":"Feature","geometry":{"type":"Point","coordinates":[6.72536,49.35286]},"properties":{"d":"34793","kva":630,"kwp":73.2,"ratio":0.12,"load":2,"rf":0}},{"type":"Feature","geometry":{"type":"Point","coordinates":[6.74159,49.35221]},"properties":{"d":"34793","kva":800,"kwp":17.9,"ratio":0.02,"load":4,"rf":0}},{"type":"Feature","geometry":{"type":"Point","coordinates":[6.739,49.34746]},"properties":{"d":"34793","kva":160,"kwp":4.3,"ratio":0.03,"load":6,"rf":0}},{"type":"Feature","geometry":{"type":"Point","coordinates":[6.75707,49.38235]},"properties":{"d":"34793","kva":250,"kwp":61.7,"ratio":0.25,"load":6,"rf":0}},{"type":"Feature","geometry":{"type":"Point","coordinates":[6.7367,49.35429]},"properties":{"d":"34793","kva":630,"kwp":11.5,"ratio":0.02,"load":6,"rf":0}},{"type":"Feature","geometry":{"type":"Point","coordinates":[6.74854,49.35861]},"properties":{"d":"34793","kva":630,"kwp":7.2,"ratio":0.01,"load":7,"rf":0}},{"type":"Feature","geometry":{"type":"Point","coordinates":[6.74801,49.36055]},"properties":{"d":"34793","kva":400,"kwp":5.7,"ratio":0.01,"load":6,"rf":0}},{"type":"Feature","geometry":{"type":"Point","coordinates":[6.72591,49.35533]},"properties":{"d":"34793","kva":1000,"kwp":180.6,"ratio":0.18,"load":3,"rf":0}},{"type":"Feature","geometry":{"type":"Point","coordinates":[6.7493,49.35773]},"properties":{"d":"34793","kva":630,"kwp":10.8,"ratio":0.02,"load":6,"rf":0}},{"type":"Feature","geometry":{"type":"Point","coordinates":[6.73804,49.35097]},"properties":{"d":"34793","kva":400,"kwp":9.3,"ratio":0.02,"load":7,"rf":0}},{"type":"Feature","geometry":{"type":"Point","coordinates":[6.73359,49.34948]},"properties":{"d":"34793","kva":400,"kwp":7.9,"ratio":0.02,"load":5,"rf":0}},{"type":"Feature","geometry":{"type":"Point","coordinates":[6.73877,49.44136]},"properties":{"d":"34793","kva":800,"kwp":495.1,"ratio":0.62,"load":20,"rf":0}},{"type":"Feature","geometry":{"type":"Point","coordinates":[6.7872,49.45648]},"properties":{"d":"34793","kva":630,"kwp":505.8,"ratio":0.8,"load":27,"rf":0}},{"type":"Feature","geometry":{"type":"Point","coordinates":[6.75927,49.45094]},"properties":{"d":"34793","kva":630,"kwp":324.6,"ratio":0.52,"load":17,"rf":0}},{"type":"Feature","geometry":{"type":"Point","coordinates":[6.76511,49.44733]},"properties":{"d":"34793","kva":630,"kwp":347.8,"ratio":0.55,"load":18,"rf":0}},{"type":"Feature","geometry":{"type":"Point","coordinates":[6.76842,49.4509]},"properties":{"d":"34793","kva":630,"kwp":336.2,"ratio":0.53,"load":17,"rf":0}},{"type":"Feature","geometry":{"type":"Point","coordinates":[6.77732,49.45503]},"properties":{"d":"34793","kva":400,"kwp":236.8,"ratio":0.59,"load":20,"rf":0}},{"type":"Feature","geometry":{"type":"Point","coordinates":[6.76627,49.41258]},"properties":{"d":"34793","kva":630,"kwp":651.1,"ratio":1.03,"load":22,"rf":0}},{"type":"Feature","geometry":{"type":"Point","coordinates":[6.7657,49.41984]},"properties":{"d":"34793","kva":630,"kwp":299.7,"ratio":0.48,"load":15,"rf":0}},{"type":"Feature","geometry":{"type":"Point","coordinates":[6.72999,49.42389]},"properties":{"d":"34793","kva":630,"kwp":321.3,"ratio":0.51,"load":20,"rf":0}},{"type":"Feature","geometry":{"type":"Point","coordinates":[6.69392,49.38786]},"properties":{"d":"34793","kva":630,"kwp":444.9,"ratio":0.71,"load":24,"rf":0}},{"type":"Feature","geometry":{"type":"Point","coordinates":[6.72843,49.42972]},"properties":{"d":"34793","kva":630,"kwp":220.2,"ratio":0.35,"load":14,"rf":0}},{"type":"Feature","geometry":{"type":"Point","coordinates":[6.71134,49.38519]},"properties":{"d":"34793","kva":630,"kwp":147.2,"ratio":0.23,"load":6,"rf":0}},{"type":"Feature","geometry":{"type":"Point","coordinates":[6.70445,49.39253]},"properties":{"d":"34793","kva":630,"kwp":209.6,"ratio":0.33,"load":10,"rf":0}},{"type":"Feature","geometry":{"type":"Point","coordinates":[6.76356,49.375]},"properties":{"d":"34793","kva":630,"kwp":86.2,"ratio":0.14,"load":4,"rf":0}},{"type":"Feature","geometry":{"type":"Point","coordinates":[6.7592,49.38138]},"properties":{"d":"34793","kva":630,"kwp":49.5,"ratio":0.08,"load":3,"rf":0}},{"type":"Feature","geometry":{"type":"Point","coordinates":[6.75395,49.38372]},"properties":{"d":"34793","kva":630,"kwp":105.6,"ratio":0.17,"load":7,"rf":0}},{"type":"Feature","geometry":{"type":"Point","coordinates":[6.72999,49.35503]},"properties":{"d":"34793","kva":630,"kwp":160.8,"ratio":0.26,"load":4,"rf":0}},{"type":"Feature","geometry":{"type":"Point","coordinates":[6.74266,49.35726]},"properties":{"d":"34793","kva":630,"kwp":18.7,"ratio":0.03,"load":7,"rf":0}},{"type":"Feature","geometry":{"type":"Point","coordinates":[6.74159,49.35221]},"properties":{"d":"34793","kva":630,"kwp":17.9,"ratio":0.03,"load":6,"rf":0}},{"type":"Feature","geometry":{"type":"Point","coordinates":[6.75643,49.3772]},"properties":{"d":"34793","kva":630,"kwp":51.0,"ratio":0.08,"load":3,"rf":0}},{"type":"Feature","geometry":{"type":"Point","coordinates":[6.76296,49.37308]},"properties":{"d":"34793","kva":630,"kwp":88.3,"ratio":0.14,"load":4,"rf":0}},{"type":"Feature","geometry":{"type":"Point","coordinates":[6.75431,49.3817]},"properties":{"d":"34793","kva":630,"kwp":30.2,"ratio":0.05,"load":2,"rf":0}},{"type":"Feature","geometry":{"type":"Point","coordinates":[6.72112,49.3478]},"properties":{"d":"34793","kva":630,"kwp":273.6,"ratio":0.43,"load":14,"rf":0}},{"type":"Feature","geometry":{"type":"Point","coordinates":[6.72202,49.34944]},"properties":{"d":"34793","kva":630,"kwp":335.2,"ratio":0.53,"load":23,"rf":0}},{"type":"Feature","geometry":{"type":"Point","coordinates":[6.76198,49.37147]},"properties":{"d":"34793","kva":630,"kwp":48.8,"ratio":0.08,"load":3,"rf":0}},{"type":"Feature","geometry":{"type":"Point","coordinates":[6.72775,49.45666]},"properties":{"d":"34793","kva":630,"kwp":119.2,"ratio":0.19,"load":9,"rf":0}},{"type":"Feature","geometry":{"type":"Point","coordinates":[6.73912,49.44773]},"properties":{"d":"34793","kva":630,"kwp":122.5,"ratio":0.19,"load":9,"rf":0}},{"type":"Feature","geometry":{"type":"Point","coordinates":[6.75896,49.41486]},"properties":{"d":"34793","kva":630,"kwp":213.6,"ratio":0.34,"load":14,"rf":0}},{"type":"Feature","geometry":{"type":"Point","coordinates":[6.76273,49.40806]},"properties":{"d":"34793","kva":630,"kwp":319.6,"ratio":0.51,"load":17,"rf":0}},{"type":"Feature","geometry":{"type":"Point","coordinates":[7.33448,49.34002]},"properties":{"d":"34859","kva":800,"kwp":326.1,"ratio":0.41,"load":12,"rf":0}},{"type":"Feature","geometry":{"type":"Point","coordinates":[7.33734,49.33067]},"properties":{"d":"34859","kva":630,"kwp":284.1,"ratio":0.45,"load":6,"rf":0}},{"type":"Feature","geometry":{"type":"Point","coordinates":[7.33734,49.33067]},"properties":{"d":"34859","kva":630,"kwp":284.1,"ratio":0.45,"load":6,"rf":0}},{"type":"Feature","geometry":{"type":"Point","coordinates":[7.35226,49.32629]},"properties":{"d":"34859","kva":400,"kwp":107.4,"ratio":0.27,"load":35,"rf":0}},{"type":"Feature","geometry":{"type":"Point","coordinates":[7.33551,49.34189]},"properties":{"d":"34859","kva":630,"kwp":214.9,"ratio":0.34,"load":10,"rf":0}},{"type":"Feature","geometry":{"type":"Point","coordinates":[7.32627,49.3532]},"properties":{"d":"34859","kva":400,"kwp":144.6,"ratio":0.36,"load":11,"rf":0}},{"type":"Feature","geometry":{"type":"Point","coordinates":[7.32771,49.34642]},"properties":{"d":"34859","kva":630,"kwp":201.4,"ratio":0.32,"load":9,"rf":0}},{"type":"Feature","geometry":{"type":"Point","coordinates":[7.3505,49.31453]},"properties":{"d":"34859","kva":630,"kwp":185.9,"ratio":0.3,"load":8,"rf":0}},{"type":"Feature","geometry":{"type":"Point","coordinates":[7.36868,49.33778]},"properties":{"d":"34859","kva":630,"kwp":215.9,"ratio":0.34,"load":10,"rf":0}},{"type":"Feature","geometry":{"type":"Point","coordinates":[7.37043,49.35217]},"properties":{"d":"34859","kva":400,"kwp":185.9,"ratio":0.46,"load":33,"rf":0}},{"type":"Feature","geometry":{"type":"Point","coordinates":[7.35501,49.34316]},"properties":{"d":"34859","kva":630,"kwp":18.6,"ratio":0.03,"load":7,"rf":0}},{"type":"Feature","geometry":{"type":"Point","coordinates":[7.33431,49.33651]},"properties":{"d":"34859","kva":630,"kwp":198.3,"ratio":0.31,"load":19,"rf":0}},{"type":"Feature","geometry":{"type":"Point","coordinates":[7.34217,49.32767]},"properties":{"d":"34859","kva":630,"kwp":71.3,"ratio":0.11,"load":5,"rf":0}},{"type":"Feature","geometry":{"type":"Point","coordinates":[7.34217,49.32767]},"properties":{"d":"34859","kva":630,"kwp":71.3,"ratio":0.11,"load":5,"rf":0}},{"type":"Feature","geometry":{"type":"Point","coordinates":[7.3459,49.33182]},"properties":{"d":"34859","kva":630,"kwp":26.9,"ratio":0.04,"load":3,"rf":0}},{"type":"Feature","geometry":{"type":"Point","coordinates":[7.33253,49.34732]},"properties":{"d":"34859","kva":630,"kwp":250.0,"ratio":0.4,"load":12,"rf":0}},{"type":"Feature","geometry":{"type":"Point","coordinates":[7.34098,49.32123]},"properties":{"d":"34859","kva":1000,"kwp":263.4,"ratio":0.26,"load":7,"rf":0}},{"type":"Feature","geometry":{"type":"Point","coordinates":[7.34529,49.3164]},"properties":{"d":"34859","kva":1000,"kwp":302.1,"ratio":0.3,"load":9,"rf":0}},{"type":"Feature","geometry":{"type":"Point","coordinates":[7.34243,49.34536]},"properties":{"d":"34859","kva":400,"kwp":80.6,"ratio":0.2,"load":4,"rf":0}},{"type":"Feature","geometry":{"type":"Point","coordinates":[7.32233,49.34117]},"properties":{"d":"34859","kva":1000,"kwp":158.0,"ratio":0.16,"load":3,"rf":0}},{"type":"Feature","geometry":{"type":"Point","coordinates":[7.33423,49.33015]},"properties":{"d":"34859","kva":1000,"kwp":231.4,"ratio":0.23,"load":4,"rf":0}},{"type":"Feature","geometry":{"type":"Point","coordinates":[7.33784,49.34478]},"properties":{"d":"34859","kva":400,"kwp":172.4,"ratio":0.43,"load":11,"rf":0}},{"type":"Feature","geometry":{"type":"Point","coordinates":[7.36307,49.34753]},"properties":{"d":"34859","kva":400,"kwp":115.7,"ratio":0.29,"load":17,"rf":0}},{"type":"Feature","geometry":{"type":"Point","coordinates":[7.34723,49.31914]},"properties":{"d":"34859","kva":630,"kwp":150.8,"ratio":0.24,"load":14,"rf":0}},{"type":"Feature","geometry":{"type":"Point","coordinates":[7.32277,49.33819]},"properties":{"d":"34859","kva":630,"kwp":147.7,"ratio":0.23,"load":14,"rf":0}},{"type":"Feature","geometry":{"type":"Point","coordinates":[7.36645,49.34184]},"properties":{"d":"34859","kva":250,"kwp":80.6,"ratio":0.32,"load":5,"rf":0}},{"type":"Feature","geometry":{"type":"Point","coordinates":[7.36308,49.34606]},"properties":{"d":"34859","kva":630,"kwp":179.1,"ratio":0.28,"load":17,"rf":0}},{"type":"Feature","geometry":{"type":"Point","coordinates":[7.3443,49.3393]},"properties":{"d":"34859","kva":800,"kwp":341.8,"ratio":0.43,"load":7,"rf":0}},{"type":"Feature","geometry":{"type":"Point","coordinates":[7.35658,49.34074]},"properties":{"d":"34859","kva":400,"kwp":160.6,"ratio":0.4,"load":10,"rf":0}},{"type":"Feature","geometry":{"type":"Point","coordinates":[7.32947,49.33581]},"properties":{"d":"34859","kva":400,"kwp":118.8,"ratio":0.3,"load":18,"rf":0}},{"type":"Feature","geometry":{"type":"Point","coordinates":[7.33881,49.32296]},"properties":{"d":"34859","kva":800,"kwp":132.6,"ratio":0.17,"load":14,"rf":0}},{"type":"Feature","geometry":{"type":"Point","coordinates":[7.3384,49.33419]},"properties":{"d":"34859","kva":630,"kwp":135.3,"ratio":0.21,"load":12,"rf":0}},{"type":"Feature","geometry":{"type":"Point","coordinates":[7.36185,49.34194]},"properties":{"d":"34859","kva":400,"kwp":114.7,"ratio":0.29,"load":8,"rf":0}},{"type":"Feature","geometry":{"type":"Point","coordinates":[7.3376,49.32711]},"properties":{"d":"34859","kva":630,"kwp":172.6,"ratio":0.27,"load":16,"rf":0}},{"type":"Feature","geometry":{"type":"Point","coordinates":[7.32775,49.33271]},"properties":{"d":"34859","kva":630,"kwp":159.1,"ratio":0.25,"load":14,"rf":0}},{"type":"Feature","geometry":{"type":"Point","coordinates":[7.34213,49.33338]},"properties":{"d":"34859","kva":400,"kwp":417.1,"ratio":1.04,"load":35,"rf":0}},{"type":"Feature","geometry":{"type":"Point","coordinates":[7.32549,49.34969]},"properties":{"d":"34859","kva":630,"kwp":173.5,"ratio":0.28,"load":7,"rf":0}},{"type":"Feature","geometry":{"type":"Point","coordinates":[7.35744,49.32859]},"properties":{"d":"34859","kva":250,"kwp":54.7,"ratio":0.22,"load":13,"rf":0}},{"type":"Feature","geometry":{"type":"Point","coordinates":[7.3482,49.34694]},"properties":{"d":"34859","kva":250,"kwp":421.3,"ratio":1.69,"load":63,"rf":0}},{"type":"Feature","geometry":{"type":"Point","coordinates":[7.36706,49.34677]},"properties":{"d":"34859","kva":400,"kwp":155.0,"ratio":0.39,"load":12,"rf":0}},{"type":"Feature","geometry":{"type":"Point","coordinates":[7.36707,49.34908]},"properties":{"d":"34859","kva":400,"kwp":88.8,"ratio":0.22,"load":13,"rf":0}},{"type":"Feature","geometry":{"type":"Point","coordinates":[7.36686,49.35023]},"properties":{"d":"34859","kva":160,"kwp":44.4,"ratio":0.28,"load":3,"rf":0}},{"type":"Feature","geometry":{"type":"Point","coordinates":[7.35367,49.31231]},"properties":{"d":"34859","kva":160,"kwp":33.1,"ratio":0.21,"load":12,"rf":0}},{"type":"Feature","geometry":{"type":"Point","coordinates":[7.33908,49.34813]},"properties":{"d":"34859","kva":400,"kwp":111.6,"ratio":0.28,"load":16,"rf":0}},{"type":"Feature","geometry":{"type":"Point","coordinates":[7.34636,49.32344]},"properties":{"d":"34859","kva":630,"kwp":42.4,"ratio":0.07,"load":4,"rf":0}},{"type":"Feature","geometry":{"type":"Point","coordinates":[7.33081,49.3337]},"properties":{"d":"34859","kva":630,"kwp":144.6,"ratio":0.23,"load":13,"rf":0}},{"type":"Feature","geometry":{"type":"Point","coordinates":[7.32727,49.33917]},"properties":{"d":"34859","kva":250,"kwp":156.1,"ratio":0.62,"load":44,"rf":0}},{"type":"Feature","geometry":{"type":"Point","coordinates":[7.35285,49.34884]},"properties":{"d":"34859","kva":250,"kwp":7.2,"ratio":0.03,"load":6,"rf":0}},{"type":"Feature","geometry":{"type":"Point","coordinates":[7.34011,49.32431]},"properties":{"d":"34859","kva":800,"kwp":102.3,"ratio":0.13,"load":2,"rf":0}},{"type":"Feature","geometry":{"type":"Point","coordinates":[7.34212,49.31795]},"properties":{"d":"34859","kva":400,"kwp":69.2,"ratio":0.17,"load":10,"rf":0}},{"type":"Feature","geometry":{"type":"Point","coordinates":[7.32216,49.35021]},"properties":{"d":"34859","kva":400,"kwp":156.0,"ratio":0.39,"load":26,"rf":0}},{"type":"Feature","geometry":{"type":"Point","coordinates":[7.3716,49.34099]},"properties":{"d":"34859","kva":160,"kwp":35.1,"ratio":0.22,"load":13,"rf":0}},{"type":"Feature","geometry":{"type":"Point","coordinates":[7.36989,49.34236]},"properties":{"d":"34859","kva":160,"kwp":33.1,"ratio":0.21,"load":12,"rf":0}},{"type":"Feature","geometry":{"type":"Point","coordinates":[7.3491,49.3464]},"properties":{"d":"34859","kva":630,"kwp":9.3,"ratio":0.01,"load":6,"rf":0}},{"type":"Feature","geometry":{"type":"Point","coordinates":[7.34649,49.33086]},"properties":{"d":"34859","kva":160,"kwp":19.6,"ratio":0.12,"load":7,"rf":0}},{"type":"Feature","geometry":{"type":"Point","coordinates":[7.33579,49.33621]},"properties":{"d":"34859","kva":630,"kwp":219.0,"ratio":0.35,"load":10,"rf":0}},{"type":"Feature","geometry":{"type":"Point","coordinates":[7.37161,49.34232]},"properties":{"d":"34859","kva":160,"kwp":19.6,"ratio":0.12,"load":7,"rf":0}},{"type":"Feature","geometry":{"type":"Point","coordinates":[7.32871,49.35156]},"properties":{"d":"34859","kva":400,"kwp":97.1,"ratio":0.24,"load":14,"rf":0}},{"type":"Feature","geometry":{"type":"Point","coordinates":[7.31966,49.34818]},"properties":{"d":"34859","kva":250,"kwp":57.8,"ratio":0.23,"load":14,"rf":0}},{"type":"Feature","geometry":{"type":"Point","coordinates":[7.36852,49.33545]},"properties":{"d":"34859","kva":250,"kwp":54.7,"ratio":0.22,"load":13,"rf":0}},{"type":"Feature","geometry":{"type":"Point","coordinates":[7.33282,49.33874]},"properties":{"d":"34859","kva":400,"kwp":45.5,"ratio":0.11,"load":18,"rf":0}},{"type":"Feature","geometry":{"type":"Point","coordinates":[7.34529,49.35416]},"properties":{"d":"34859","kva":100,"kwp":3.1,"ratio":0.03,"load":2,"rf":0}},{"type":"Feature","geometry":{"type":"Point","coordinates":[7.37438,49.30743]},"properties":{"d":"34859","kva":800,"kwp":360.5,"ratio":0.45,"load":13,"rf":0}},{"type":"Feature","geometry":{"type":"Point","coordinates":[7.36917,49.30103]},"properties":{"d":"34859","kva":630,"kwp":289.0,"ratio":0.46,"load":15,"rf":0}},{"type":"Feature","geometry":{"type":"Point","coordinates":[7.36497,49.29852]},"properties":{"d":"34859","kva":630,"kwp":264.4,"ratio":0.42,"load":12,"rf":0}},{"type":"Feature","geometry":{"type":"Point","coordinates":[7.37254,49.31158]},"properties":{"d":"34859","kva":400,"kwp":131.2,"ratio":0.33,"load":8,"rf":0}},{"type":"Feature","geometry":{"type":"Point","coordinates":[7.37962,49.30879]},"properties":{"d":"34859","kva":400,"kwp":125.0,"ratio":0.31,"load":7,"rf":0}},{"type":"Feature","geometry":{"type":"Point","coordinates":[7.37142,49.2967]},"properties":{"d":"34859","kva":250,"kwp":52.7,"ratio":0.21,"load":12,"rf":0}},{"type":"Feature","geometry":{"type":"Point","coordinates":[7.37144,49.29951]},"properties":{"d":"34859","kva":250,"kwp":60.9,"ratio":0.24,"load":14,"rf":0}},{"type":"Feature","geometry":{"type":"Point","coordinates":[7.38297,49.36134]},"properties":{"d":"34859","kva":100,"kwp":6.2,"ratio":0.06,"load":4,"rf":0}},{"type":"Feature","geometry":{"type":"Point","coordinates":[7.37702,49.36472]},"properties":{"d":"34859","kva":100,"kwp":13.4,"ratio":0.13,"load":8,"rf":0}},{"type":"Feature","geometry":{"type":"Point","coordinates":[7.40353,49.35553]},"properties":{"d":"34859","kva":1000,"kwp":0.0,"ratio":0.0,"load":6,"rf":0}},{"type":"Feature","geometry":{"type":"Point","coordinates":[7.40561,49.35053]},"properties":{"d":"34859","kva":630,"kwp":0.0,"ratio":0.0,"load":5,"rf":0}},{"type":"Feature","geometry":{"type":"Point","coordinates":[7.40094,49.35285]},"properties":{"d":"34859","kva":630,"kwp":0.0,"ratio":0.0,"load":7,"rf":0}},{"type":"Feature","geometry":{"type":"Point","coordinates":[7.40986,49.34877]},"properties":{"d":"34859","kva":250,"kwp":0.0,"ratio":0.0,"load":2,"rf":0}},{"type":"Feature","geometry":{"type":"Point","coordinates":[7.40023,49.35081]},"properties":{"d":"34859","kva":250,"kwp":0.0,"ratio":0.0,"load":2,"rf":0}},{"type":"Feature","geometry":{"type":"Point","coordinates":[7.39425,49.3703]},"properties":{"d":"34859","kva":100,"kwp":3.1,"ratio":0.03,"load":2,"rf":0}},{"type":"Feature","geometry":{"type":"Point","coordinates":[7.4176,49.32598]},"properties":{"d":"34859","kva":400,"kwp":0.0,"ratio":0.0,"load":3,"rf":0}},{"type":"Feature","geometry":{"type":"Point","coordinates":[7.41269,49.3243]},"properties":{"d":"34859","kva":400,"kwp":0.0,"ratio":0.0,"load":5,"rf":0}},{"type":"Feature","geometry":{"type":"Point","coordinates":[7.43445,49.34539]},"properties":{"d":"34859","kva":630,"kwp":0.0,"ratio":0.0,"load":7,"rf":0}},{"type":"Feature","geometry":{"type":"Point","coordinates":[7.33734,49.33067]},"properties":{"d":"34859","kva":630,"kwp":284.1,"ratio":0.45,"load":6,"rf":0}},{"type":"Feature","geometry":{"type":"Point","coordinates":[7.32627,49.3532]},"properties":{"d":"34859","kva":400,"kwp":144.6,"ratio":0.36,"load":11,"rf":0}},{"type":"Feature","geometry":{"type":"Point","coordinates":[7.36868,49.33778]},"properties":{"d":"34859","kva":630,"kwp":215.9,"ratio":0.34,"load":10,"rf":0}},{"type":"Feature","geometry":{"type":"Point","coordinates":[7.34766,49.34266]},"properties":{"d":"34859","kva":630,"kwp":78.4,"ratio":0.12,"load":5,"rf":0}},{"type":"Feature","geometry":{"type":"Point","coordinates":[7.34766,49.34266]},"properties":{"d":"34859","kva":630,"kwp":78.4,"ratio":0.12,"load":5,"rf":0}},{"type":"Feature","geometry":{"type":"Point","coordinates":[7.34766,49.34266]},"properties":{"d":"34859","kva":630,"kwp":78.4,"ratio":0.12,"load":5,"rf":0}},{"type":"Feature","geometry":{"type":"Point","coordinates":[7.34766,49.34266]},"properties":{"d":"34859","kva":630,"kwp":78.4,"ratio":0.12,"load":5,"rf":0}},{"type":"Feature","geometry":{"type":"Point","coordinates":[7.34766,49.34266]},"properties":{"d":"34859","kva":630,"kwp":78.4,"ratio":0.12,"load":5,"rf":0}},{"type":"Feature","geometry":{"type":"Point","coordinates":[7.34766,49.34266]},"properties":{"d":"34859","kva":630,"kwp":78.4,"ratio":0.12,"load":5,"rf":0}},{"type":"Feature","geometry":{"type":"Point","coordinates":[7.35501,49.34316]},"properties":{"d":"34859","kva":630,"kwp":18.6,"ratio":0.03,"load":7,"rf":0}},{"type":"Feature","geometry":{"type":"Point","coordinates":[7.34217,49.32767]},"properties":{"d":"34859","kva":630,"kwp":71.3,"ratio":0.11,"load":5,"rf":0}},{"type":"Feature","geometry":{"type":"Point","coordinates":[7.3459,49.33182]},"properties":{"d":"34859","kva":630,"kwp":26.9,"ratio":0.04,"load":3,"rf":0}},{"type":"Feature","geometry":{"type":"Point","coordinates":[7.33253,49.34732]},"properties":{"d":"34859","kva":630,"kwp":250.0,"ratio":0.4,"load":12,"rf":0}},{"type":"Feature","geometry":{"type":"Point","coordinates":[7.34098,49.32123]},"properties":{"d":"34859","kva":1000,"kwp":263.4,"ratio":0.26,"load":7,"rf":0}},{"type":"Feature","geometry":{"type":"Point","coordinates":[7.33423,49.33015]},"properties":{"d":"34859","kva":1000,"kwp":231.4,"ratio":0.23,"load":4,"rf":0}},{"type":"Feature","geometry":{"type":"Point","coordinates":[7.3443,49.3393]},"properties":{"d":"34859","kva":800,"kwp":341.8,"ratio":0.43,"load":7,"rf":0}},{"type":"Feature","geometry":{"type":"Point","coordinates":[7.36185,49.34194]},"properties":{"d":"34859","kva":400,"kwp":114.7,"ratio":0.29,"load":8,"rf":0}},{"type":"Feature","geometry":{"type":"Point","coordinates":[7.3376,49.32711]},"properties":{"d":"34859","kva":630,"kwp":172.6,"ratio":0.27,"load":16,"rf":0}},{"type":"Feature","geometry":{"type":"Point","coordinates":[7.34213,49.33338]},"properties":{"d":"34859","kva":400,"kwp":417.1,"ratio":1.04,"load":35,"rf":0}},{"type":"Feature","geometry":{"type":"Point","coordinates":[7.3482,49.34694]},"properties":{"d":"34859","kva":250,"kwp":421.3,"ratio":1.69,"load":63,"rf":0}},{"type":"Feature","geometry":{"type":"Point","coordinates":[7.36706,49.34677]},"properties":{"d":"34859","kva":400,"kwp":155.0,"ratio":0.39,"load":12,"rf":0}},{"type":"Feature","geometry":{"type":"Point","coordinates":[7.34636,49.32344]},"properties":{"d":"34859","kva":630,"kwp":42.4,"ratio":0.07,"load":4,"rf":0}},{"type":"Feature","geometry":{"type":"Point","coordinates":[7.35285,49.34884]},"properties":{"d":"34859","kva":250,"kwp":7.2,"ratio":0.03,"load":6,"rf":0}},{"type":"Feature","geometry":{"type":"Point","coordinates":[7.34011,49.32431]},"properties":{"d":"34859","kva":800,"kwp":102.3,"ratio":0.13,"load":2,"rf":0}},{"type":"Feature","geometry":{"type":"Point","coordinates":[7.3491,49.3464]},"properties":{"d":"34859","kva":630,"kwp":9.3,"ratio":0.01,"load":6,"rf":0}},{"type":"Feature","geometry":{"type":"Point","coordinates":[7.33579,49.33621]},"properties":{"d":"34859","kva":630,"kwp":219.0,"ratio":0.35,"load":10,"rf":0}},{"type":"Feature","geometry":{"type":"Point","coordinates":[7.37438,49.30743]},"properties":{"d":"34859","kva":800,"kwp":360.5,"ratio":0.45,"load":13,"rf":0}},{"type":"Feature","geometry":{"type":"Point","coordinates":[7.36917,49.30103]},"properties":{"d":"34859","kva":630,"kwp":289.0,"ratio":0.46,"load":15,"rf":0}},{"type":"Feature","geometry":{"type":"Point","coordinates":[7.36497,49.29852]},"properties":{"d":"34859","kva":630,"kwp":264.4,"ratio":0.42,"load":12,"rf":0}},{"type":"Feature","geometry":{"type":"Point","coordinates":[7.40353,49.35553]},"properties":{"d":"34859","kva":1000,"kwp":0.0,"ratio":0.0,"load":6,"rf":0}},{"type":"Feature","geometry":{"type":"Point","coordinates":[7.40561,49.35053]},"properties":{"d":"34859","kva":630,"kwp":0.0,"ratio":0.0,"load":5,"rf":0}},{"type":"Feature","geometry":{"type":"Point","coordinates":[7.41269,49.3243]},"properties":{"d":"34859","kva":400,"kwp":0.0,"ratio":0.0,"load":5,"rf":0}},{"type":"Feature","geometry":{"type":"Point","coordinates":[7.33448,49.34002]},"properties":{"d":"34859","kva":630,"kwp":326.1,"ratio":0.52,"load":18,"rf":0}},{"type":"Feature","geometry":{"type":"Point","coordinates":[7.35226,49.32629]},"properties":{"d":"34859","kva":630,"kwp":107.4,"ratio":0.17,"load":35,"rf":0}},{"type":"Feature","geometry":{"type":"Point","coordinates":[7.33551,49.34189]},"properties":{"d":"34859","kva":630,"kwp":214.9,"ratio":0.34,"load":10,"rf":0}},{"type":"Feature","geometry":{"type":"Point","coordinates":[7.32771,49.34642]},"properties":{"d":"34859","kva":630,"kwp":201.4,"ratio":0.32,"load":9,"rf":0}},{"type":"Feature","geometry":{"type":"Point","coordinates":[7.3505,49.31453]},"properties":{"d":"34859","kva":630,"kwp":185.9,"ratio":0.3,"load":8,"rf":0}},{"type":"Feature","geometry":{"type":"Point","coordinates":[7.34529,49.3164]},"properties":{"d":"34859","kva":630,"kwp":302.1,"ratio":0.48,"load":14,"rf":0}},{"type":"Feature","geometry":{"type":"Point","coordinates":[7.34243,49.34536]},"properties":{"d":"34859","kva":630,"kwp":80.6,"ratio":0.13,"load":4,"rf":0}},{"type":"Feature","geometry":{"type":"Point","coordinates":[7.32233,49.34117]},"properties":{"d":"34859","kva":630,"kwp":158.0,"ratio":0.25,"load":5,"rf":0}},{"type":"Feature","geometry":{"type":"Point","coordinates":[7.33784,49.34478]},"properties":{"d":"34859","kva":630,"kwp":172.4,"ratio":0.27,"load":11,"rf":0}},{"type":"Feature","geometry":{"type":"Point","coordinates":[7.36645,49.34184]},"properties":{"d":"34859","kva":630,"kwp":80.6,"ratio":0.13,"load":5,"rf":0}},{"type":"Feature","geometry":{"type":"Point","coordinates":[7.3443,49.3393]},"properties":{"d":"34859","kva":630,"kwp":341.8,"ratio":0.54,"load":10,"rf":0}},{"type":"Feature","geometry":{"type":"Point","coordinates":[7.35658,49.34074]},"properties":{"d":"34859","kva":630,"kwp":160.6,"ratio":0.25,"load":10,"rf":0}},{"type":"Feature","geometry":{"type":"Point","coordinates":[7.33881,49.32296]},"properties":{"d":"34859","kva":630,"kwp":132.6,"ratio":0.21,"load":21,"rf":0}},{"type":"Feature","geometry":{"type":"Point","coordinates":[7.32549,49.34969]},"properties":{"d":"34859","kva":630,"kwp":173.5,"ratio":0.28,"load":7,"rf":0}},{"type":"Feature","geometry":{"type":"Point","coordinates":[7.36686,49.35023]},"properties":{"d":"34859","kva":630,"kwp":44.4,"ratio":0.07,"load":3,"rf":0}},{"type":"Feature","geometry":{"type":"Point","coordinates":[7.37254,49.31158]},"properties":{"d":"34859","kva":630,"kwp":131.2,"ratio":0.21,"load":8,"rf":0}},{"type":"Feature","geometry":{"type":"Point","coordinates":[7.37962,49.30879]},"properties":{"d":"34859","kva":630,"kwp":125.0,"ratio":0.2,"load":7,"rf":0}},{"type":"Feature","geometry":{"type":"Point","coordinates":[7.40986,49.34877]},"properties":{"d":"34859","kva":630,"kwp":0.0,"ratio":0.0,"load":2,"rf":0}},{"type":"Feature","geometry":{"type":"Point","coordinates":[7.40023,49.35081]},"properties":{"d":"34859","kva":630,"kwp":0.0,"ratio":0.0,"load":2,"rf":0}},{"type":"Feature","geometry":{"type":"Point","coordinates":[7.4176,49.32598]},"properties":{"d":"34859","kva":630,"kwp":0.0,"ratio":0.0,"load":3,"rf":0}},{"type":"Feature","geometry":{"type":"Point","coordinates":[6.81754,49.28506]},"properties":{"d":"35446","kva":100,"kwp":0.3,"ratio":0.0,"load":0,"rf":0}},{"type":"Feature","geometry":{"type":"Point","coordinates":[6.82747,49.27722]},"properties":{"d":"35446","kva":100,"kwp":1.6,"ratio":0.02,"load":0,"rf":0}},{"type":"Feature","geometry":{"type":"Point","coordinates":[6.81763,49.28004]},"properties":{"d":"35446","kva":400,"kwp":28.3,"ratio":0.07,"load":2,"rf":0}},{"type":"Feature","geometry":{"type":"Point","coordinates":[6.81711,49.27386]},"properties":{"d":"35446","kva":400,"kwp":32.0,"ratio":0.08,"load":1,"rf":0}},{"type":"Feature","geometry":{"type":"Point","coordinates":[6.82277,49.27298]},"properties":{"d":"35446","kva":100,"kwp":0.3,"ratio":0.0,"load":0,"rf":0}},{"type":"Feature","geometry":{"type":"Point","coordinates":[6.81711,49.27386]},"properties":{"d":"35446","kva":630,"kwp":32.0,"ratio":0.05,"load":1,"rf":0}},{"type":"Feature","geometry":{"type":"Point","coordinates":[6.90715,49.34605]},"properties":{"d":"35498","kva":100,"kwp":1.6,"ratio":0.02,"load":1,"rf":0}},{"type":"Feature","geometry":{"type":"Point","coordinates":[6.90584,49.35332]},"properties":{"d":"35498","kva":100,"kwp":3.2,"ratio":0.03,"load":2,"rf":0}},{"type":"Feature","geometry":{"type":"Point","coordinates":[6.95484,49.32794]},"properties":{"d":"35498","kva":160,"kwp":146.0,"ratio":0.91,"load":70,"rf":0}},{"type":"Feature","geometry":{"type":"Point","coordinates":[7.00561,49.35626]},"properties":{"d":"35498","kva":400,"kwp":138.1,"ratio":0.35,"load":10,"rf":0}},{"type":"Feature","geometry":{"type":"Point","coordinates":[6.99725,49.35561]},"properties":{"d":"35498","kva":400,"kwp":199.9,"ratio":0.5,"load":13,"rf":0}},{"type":"Feature","geometry":{"type":"Point","coordinates":[6.92964,49.29498]},"properties":{"d":"35498","kva":630,"kwp":578.5,"ratio":0.92,"load":13,"rf":0}},{"type":"Feature","geometry":{"type":"Point","coordinates":[6.92964,49.29498]},"properties":{"d":"35498","kva":630,"kwp":578.5,"ratio":0.92,"load":13,"rf":0}},{"type":"Feature","geometry":{"type":"Point","coordinates":[6.94045,49.30881]},"properties":{"d":"35498","kva":800,"kwp":342.4,"ratio":0.43,"load":13,"rf":0}},{"type":"Feature","geometry":{"type":"Point","coordinates":[6.93475,49.36272]},"properties":{"d":"35498","kva":630,"kwp":296.4,"ratio":0.47,"load":14,"rf":0}},{"type":"Feature","geometry":{"type":"Point","coordinates":[6.89408,49.34419]},"properties":{"d":"35498","kva":630,"kwp":295.5,"ratio":0.47,"load":15,"rf":0}},{"type":"Feature","geometry":{"type":"Point","coordinates":[6.93615,49.30174]},"properties":{"d":"35498","kva":1000,"kwp":390.9,"ratio":0.39,"load":11,"rf":0}},{"type":"Feature","geometry":{"type":"Point","coordinates":[6.93566,49.3254]},"properties":{"d":"35498","kva":400,"kwp":91.2,"ratio":0.23,"load":13,"rf":0}},{"type":"Feature","geometry":{"type":"Point","coordinates":[6.94445,49.30512]},"properties":{"d":"35498","kva":630,"kwp":440.8,"ratio":0.7,"load":13,"rf":0}},{"type":"Feature","geometry":{"type":"Point","coordinates":[6.94445,49.30512]},"properties":{"d":"35498","kva":630,"kwp":440.8,"ratio":0.7,"load":13,"rf":0}},{"type":"Feature","geometry":{"type":"Point","coordinates":[6.94326,49.33778]},"properties":{"d":"35498","kva":630,"kwp":303.9,"ratio":0.48,"load":16,"rf":0}},{"type":"Feature","geometry":{"type":"Point","coordinates":[6.93297,49.30715]},"properties":{"d":"35498","kva":630,"kwp":489.6,"ratio":0.78,"load":11,"rf":0}},{"type":"Feature","geometry":{"type":"Point","coordinates":[6.93297,49.30715]},"properties":{"d":"35498","kva":630,"kwp":489.6,"ratio":0.78,"load":11,"rf":0}},{"type":"Feature","geometry":{"type":"Point","coordinates":[6.94887,49.31968]},"properties":{"d":"35498","kva":400,"kwp":136.4,"ratio":0.34,"load":8,"rf":0}},{"type":"Feature","geometry":{"type":"Point","coordinates":[6.94244,49.33044]},"properties":{"d":"35498","kva":400,"kwp":352.9,"ratio":0.88,"load":31,"rf":0}},{"type":"Feature","geometry":{"type":"Point","coordinates":[6.91925,49.33408]},"properties":{"d":"35498","kva":630,"kwp":444.8,"ratio":0.71,"load":25,"rf":0}},{"type":"Feature","geometry":{"type":"Point","coordinates":[6.93893,49.35035]},"properties":{"d":"35498","kva":400,"kwp":253.5,"ratio":0.63,"load":21,"rf":0}},{"type":"Feature","geometry":{"type":"Point","coordinates":[6.94097,49.36851]},"properties":{"d":"35498","kva":400,"kwp":141.4,"ratio":0.35,"load":23,"rf":0}},{"type":"Feature","geometry":{"type":"Point","coordinates":[6.9255,49.33425]},"properties":{"d":"35498","kva":630,"kwp":250.2,"ratio":0.4,"load":13,"rf":0}},{"type":"Feature","geometry":{"type":"Point","coordinates":[6.94036,49.31404]},"properties":{"d":"35498","kva":800,"kwp":314.6,"ratio":0.39,"load":11,"rf":0}},{"type":"Feature","geometry":{"type":"Point","coordinates":[6.95407,49.31417]},"properties":{"d":"35498","kva":630,"kwp":249.4,"ratio":0.4,"load":11,"rf":0}},{"type":"Feature","geometry":{"type":"Point","coordinates":[6.93363,49.3157]},"properties":{"d":"35498","kva":630,"kwp":208.7,"ratio":0.33,"load":9,"rf":0}},{"type":"Feature","geometry":{"type":"Point","coordinates":[6.92852,49.32954]},"properties":{"d":"35498","kva":630,"kwp":286.0,"ratio":0.45,"load":15,"rf":0}},{"type":"Feature","geometry":{"type":"Point","coordinates":[6.93117,49.3513]},"properties":{"d":"35498","kva":250,"kwp":60.1,"ratio":0.24,"load":15,"rf":0}},{"type":"Feature","geometry":{"type":"Point","coordinates":[6.9789,49.35757]},"properties":{"d":"35498","kva":400,"kwp":154.4,"ratio":0.39,"load":24,"rf":0}},{"type":"Feature","geometry":{"type":"Point","coordinates":[6.91338,49.32318]},"properties":{"d":"35498","kva":400,"kwp":137.4,"ratio":0.34,"load":10,"rf":0}},{"type":"Feature","geometry":{"type":"Point","coordinates":[6.93431,49.33739]},"properties":{"d":"35498","kva":630,"kwp":287.6,"ratio":0.46,"load":30,"rf":0}},{"type":"Feature","geometry":{"type":"Point","coordinates":[6.98337,49.3454]},"properties":{"d":"35498","kva":400,"kwp":248.6,"ratio":0.62,"load":21,"rf":0}},{"type":"Feature","geometry":{"type":"Point","coordinates":[6.9616,49.33969]},"properties":{"d":"35498","kva":400,"kwp":175.5,"ratio":0.44,"load":11,"rf":0}},{"type":"Feature","geometry":{"type":"Point","coordinates":[6.98725,49.34718]},"properties":{"d":"35498","kva":400,"kwp":188.5,"ratio":0.47,"load":12,"rf":0}},{"type":"Feature","geometry":{"type":"Point","coordinates":[6.93352,49.33193]},"properties":{"d":"35498","kva":800,"kwp":556.1,"ratio":0.7,"load":24,"rf":0}},{"type":"Feature","geometry":{"type":"Point","coordinates":[6.93501,49.36884]},"properties":{"d":"35498","kva":400,"kwp":154.4,"ratio":0.39,"load":25,"rf":0}},{"type":"Feature","geometry":{"type":"Point","coordinates":[6.94987,49.29869]},"properties":{"d":"35498","kva":630,"kwp":204.6,"ratio":0.32,"load":9,"rf":0}},{"type":"Feature","geometry":{"type":"Point","coordinates":[6.93388,49.33051]},"properties":{"d":"35498","kva":630,"kwp":281.1,"ratio":0.45,"load":15,"rf":0}},{"type":"Feature","geometry":{"type":"Point","coordinates":[6.9568,49.33891]},"properties":{"d":"35498","kva":250,"kwp":71.5,"ratio":0.29,"load":19,"rf":0}},{"type":"Feature","geometry":{"type":"Point","coordinates":[6.91861,49.33902]},"properties":{"d":"35498","kva":800,"kwp":461.5,"ratio":0.58,"load":19,"rf":0}},{"type":"Feature","geometry":{"type":"Point","coordinates":[6.91041,49.33622]},"properties":{"d":"35498","kva":630,"kwp":338.1,"ratio":0.54,"load":18,"rf":0}},{"type":"Feature","geometry":{"type":"Point","coordinates":[6.91327,49.332]},"properties":{"d":"35498","kva":400,"kwp":216.1,"ratio":0.54,"load":18,"rf":0}},{"type":"Feature","geometry":{"type":"Point","coordinates":[6.9199,49.32221]},"properties":{"d":"35498","kva":630,"kwp":482.3,"ratio":0.77,"load":26,"rf":0}},{"type":"Feature","geometry":{"type":"Point","coordinates":[6.92856,49.36392]},"properties":{"d":"35498","kva":630,"kwp":94.2,"ratio":0.15,"load":2,"rf":0}},{"type":"Feature","geometry":{"type":"Point","coordinates":[6.94719,49.29991]},"properties":{"d":"35498","kva":630,"kwp":368.2,"ratio":0.58,"load":19,"rf":0}},{"type":"Feature","geometry":{"type":"Point","coordinates":[6.91489,49.33806]},"properties":{"d":"35498","kva":630,"kwp":355.9,"ratio":0.56,"load":19,"rf":0}},{"type":"Feature","geometry":{"type":"Point","coordinates":[6.93868,49.31773]},"properties":{"d":"35498","kva":630,"kwp":238.2,"ratio":0.38,"load":11,"rf":0}},{"type":"Feature","geometry":{"type":"Point","coordinates":[6.92871,49.33836]},"properties":{"d":"35498","kva":630,"kwp":273.0,"ratio":0.43,"load":16,"rf":0}},{"type":"Feature","geometry":{"type":"Point","coordinates":[6.93481,49.3094]},"properties":{"d":"35498","kva":630,"kwp":227.0,"ratio":0.36,"load":10,"rf":0}},{"type":"Feature","geometry":{"type":"Point","coordinates":[6.94391,49.36083]},"properties":{"d":"35498","kva":400,"kwp":110.5,"ratio":0.28,"load":17,"rf":0}},{"type":"Feature","geometry":{"type":"Point","coordinates":[6.94637,49.31017]},"properties":{"d":"35498","kva":400,"kwp":123.2,"ratio":0.31,"load":7,"rf":0}},{"type":"Feature","geometry":{"type":"Point","coordinates":[6.93069,49.3009]},"properties":{"d":"35498","kva":630,"kwp":244.3,"ratio":0.39,"load":11,"rf":0}},{"type":"Feature","geometry":{"type":"Point","coordinates":[6.98057,49.34844]},"properties":{"d":"35498","kva":400,"kwp":235.6,"ratio":0.59,"load":20,"rf":0}},{"type":"Feature","geometry":{"type":"Point","coordinates":[6.91618,49.32609]},"properties":{"d":"35498","kva":630,"kwp":263.0,"ratio":0.42,"load":12,"rf":0}},{"type":"Feature","geometry":{"type":"Point","coordinates":[6.94111,49.29802]},"properties":{"d":"35498","kva":1000,"kwp":339.0,"ratio":0.34,"load":9,"rf":0}},{"type":"Feature","geometry":{"type":"Point","coordinates":[6.93691,49.31478]},"properties":{"d":"35498","kva":630,"kwp":177.1,"ratio":0.28,"load":16,"rf":0}},{"type":"Feature","geometry":{"type":"Point","coordinates":[6.89723,49.34046]},"properties":{"d":"35498","kva":400,"kwp":425.6,"ratio":1.06,"load":83,"rf":1}},{"type":"Feature","geometry":{"type":"Point","coordinates":[6.97163,49.34756]},"properties":{"d":"35498","kva":400,"kwp":173.9,"ratio":0.43,"load":27,"rf":0}},{"type":"Feature","geometry":{"type":"Point","coordinates":[6.89947,49.33385]},"properties":{"d":"35498","kva":250,"kwp":92.6,"ratio":0.37,"load":25,"rf":0}},{"type":"Feature","geometry":{"type":"Point","coordinates":[6.9308,49.35989]},"properties":{"d":"35498","kva":400,"kwp":271.2,"ratio":0.68,"load":24,"rf":0}},{"type":"Feature","geometry":{"type":"Point","coordinates":[6.92356,49.35082]},"properties":{"d":"35498","kva":250,"kwp":148.1,"ratio":0.59,"load":12,"rf":0}},{"type":"Feature","geometry":{"type":"Point","coordinates":[6.9016,49.3378]},"properties":{"d":"35498","kva":100,"kwp":1.6,"ratio":0.02,"load":1,"rf":0}},{"type":"Feature","geometry":{"type":"Point","coordinates":[6.90004,49.34902]},"properties":{"d":"35498","kva":160,"kwp":68.2,"ratio":0.43,"load":29,"rf":0}},{"type":"Feature","geometry":{"type":"Point","coordinates":[6.94057,49.31069]},"properties":{"d":"35498","kva":630,"kwp":185.3,"ratio":0.29,"load":8,"rf":0}},{"type":"Feature","geometry":{"type":"Point","coordinates":[6.92097,49.32467]},"properties":{"d":"35498","kva":400,"kwp":111.0,"ratio":0.28,"load":16,"rf":0}},{"type":"Feature","geometry":{"type":"Point","coordinates":[6.9354,49.3451]},"properties":{"d":"35498","kva":630,"kwp":378.5,"ratio":0.6,"load":43,"rf":0}},{"type":"Feature","geometry":{"type":"Point","coordinates":[6.96278,49.34798]},"properties":{"d":"35498","kva":250,"kwp":92.6,"ratio":0.37,"load":24,"rf":0}},{"type":"Feature","geometry":{"type":"Point","coordinates":[6.93658,49.29733]},"properties":{"d":"35498","kva":630,"kwp":243.3,"ratio":0.39,"load":11,"rf":0}},{"type":"Feature","geometry":{"type":"Point","coordinates":[6.9237,49.29524]},"properties":{"d":"35498","kva":400,"kwp":109.9,"ratio":0.27,"load":6,"rf":0}},{"type":"Feature","geometry":{"type":"Point","coordinates":[6.91569,49.34162]},"properties":{"d":"35498","kva":250,"kwp":84.5,"ratio":0.34,"load":22,"rf":0}},{"type":"Feature","geometry":{"type":"Point","coordinates":[6.92295,49.33594]},"properties":{"d":"35498","kva":630,"kwp":342.9,"ratio":0.54,"load":18,"rf":0}},{"type":"Feature","geometry":{"type":"Point","coordinates":[6.91702,49.31749]},"properties":{"d":"35498","kva":250,"kwp":202.5,"ratio":0.81,"load":29,"rf":0}},{"type":"Feature","geometry":{"type":"Point","coordinates":[6.93569,49.31974]},"properties":{"d":"35498","kva":630,"kwp":207.7,"ratio":0.33,"load":9,"rf":0}},{"type":"Feature","geometry":{"type":"Point","coordinates":[6.93018,49.31955]},"properties":{"d":"35498","kva":400,"kwp":450.3,"ratio":1.13,"load":41,"rf":0}},{"type":"Feature","geometry":{"type":"Point","coordinates":[6.93242,49.35735]},"properties":{"d":"35498","kva":400,"kwp":156.0,"ratio":0.39,"load":26,"rf":0}},{"type":"Feature","geometry":{"type":"Point","coordinates":[6.93127,49.34374]},"properties":{"d":"35498","kva":400,"kwp":214.5,"ratio":0.54,"load":18,"rf":0}},{"type":"Feature","geometry":{"type":"Point","coordinates":[6.95776,49.34306]},"properties":{"d":"35498","kva":250,"kwp":92.6,"ratio":0.37,"load":24,"rf":0}},{"type":"Feature","geometry":{"type":"Point","coordinates":[6.93322,49.34052]},"properties":{"d":"35498","kva":250,"kwp":97.5,"ratio":0.39,"load":26,"rf":0}},{"type":"Feature","geometry":{"type":"Point","coordinates":[7.01475,49.35189]},"properties":{"d":"35498","kva":160,"kwp":148.8,"ratio":0.93,"load":73,"rf":1}},{"type":"Feature","geometry":{"type":"Point","coordinates":[6.99603,49.33257]},"properties":{"d":"35498","kva":630,"kwp":140.4,"ratio":0.22,"load":5,"rf":0}},{"type":"Feature","geometry":{"type":"Point","coordinates":[6.99821,49.33906]},"properties":{"d":"35498","kva":250,"kwp":59.3,"ratio":0.24,"load":3,"rf":0}},{"type":"Feature","geometry":{"type":"Point","coordinates":[6.9989,49.34292]},"properties":{"d":"35498","kva":400,"kwp":70.6,"ratio":0.18,"load":9,"rf":0}},{"type":"Feature","geometry":{"type":"Point","coordinates":[6.98949,49.32847]},"properties":{"d":"35498","kva":400,"kwp":76.6,"ratio":0.19,"load":9,"rf":0}},{"type":"Feature","geometry":{"type":"Point","coordinates":[6.99098,49.3306]},"properties":{"d":"35498","kva":400,"kwp":144.8,"ratio":0.36,"load":23,"rf":0}},{"type":"Feature","geometry":{"type":"Point","coordinates":[7.00515,49.34641]},"properties":{"d":"35498","kva":630,"kwp":129.9,"ratio":0.21,"load":10,"rf":0}},{"type":"Feature","geometry":{"type":"Point","coordinates":[7.0161,49.34725]},"properties":{"d":"35498","kva":160,"kwp":25.5,"ratio":0.16,"load":8,"rf":0}},{"type":"Feature","geometry":{"type":"Point","coordinates":[6.98044,49.33078]},"properties":{"d":"35498","kva":400,"kwp":194.3,"ratio":0.49,"load":16,"rf":0}},{"type":"Feature","geometry":{"type":"Point","coordinates":[6.99122,49.32445]},"properties":{"d":"35498","kva":400,"kwp":78.9,"ratio":0.2,"load":10,"rf":0}},{"type":"Feature","geometry":{"type":"Point","coordinates":[6.9861,49.33161]},"properties":{"d":"35498","kva":400,"kwp":55.6,"ratio":0.14,"load":7,"rf":0}},{"type":"Feature","geometry":{"type":"Point","coordinates":[7.00869,49.34022]},"properties":{"d":"35498","kva":400,"kwp":72.8,"ratio":0.18,"load":9,"rf":0}},{"type":"Feature","geometry":{"type":"Point","coordinates":[7.0112,49.33751]},"properties":{"d":"35498","kva":100,"kwp":3.8,"ratio":0.04,"load":2,"rf":0}},{"type":"Feature","geometry":{"type":"Point","coordinates":[6.9939,49.32714]},"properties":{"d":"35498","kva":250,"kwp":86.1,"ratio":0.34,"load":6,"rf":0}},{"type":"Feature","geometry":{"type":"Point","coordinates":[6.98687,49.32761]},"properties":{"d":"35498","kva":250,"kwp":59.3,"ratio":0.24,"load":3,"rf":0}},{"type":"Feature","geometry":{"type":"Point","coordinates":[6.98626,49.33476]},"properties":{"d":"35498","kva":160,"kwp":31.9,"ratio":0.2,"load":11,"rf":0}},{"type":"Feature","geometry":{"type":"Point","coordinates":[6.98536,49.32897]},"properties":{"d":"35498","kva":400,"kwp":89.4,"ratio":0.22,"load":4,"rf":0}},{"type":"Feature","geometry":{"type":"Point","coordinates":[7.008,49.3363]},"properties":{"d":"35498","kva":250,"kwp":130.4,"ratio":0.52,"load":38,"rf":0}},{"type":"Feature","geometry":{"type":"Point","coordinates":[7.0033,49.34113]},"properties":{"d":"35498","kva":250,"kwp":60.8,"ratio":0.24,"load":6,"rf":0}},{"type":"Feature","geometry":{"type":"Point","coordinates":[6.98904,49.33327]},"properties":{"d":"35498","kva":250,"kwp":50.3,"ratio":0.2,"load":10,"rf":0}},{"type":"Feature","geometry":{"type":"Point","coordinates":[7.00247,49.34583]},"properties":{"d":"35498","kva":160,"kwp":32.3,"ratio":0.2,"load":2,"rf":0}},{"type":"Feature","geometry":{"type":"Point","coordinates":[6.975,49.33085]},"properties":{"d":"35498","kva":250,"kwp":89.4,"ratio":0.36,"load":24,"rf":0}},{"type":"Feature","geometry":{"type":"Point","coordinates":[6.98827,49.32565]},"properties":{"d":"35498","kva":250,"kwp":54.8,"ratio":0.22,"load":3,"rf":0}},{"type":"Feature","geometry":{"type":"Point","coordinates":[7.00087,49.33421]},"properties":{"d":"35498","kva":160,"kwp":27.8,"ratio":0.17,"load":1,"rf":0}},{"type":"Feature","geometry":{"type":"Point","coordinates":[7.01208,49.34744]},"properties":{"d":"35498","kva":160,"kwp":14.3,"ratio":0.09,"load":4,"rf":0}},{"type":"Feature","geometry":{"type":"Point","coordinates":[7.00798,49.3495]},"properties":{"d":"35498","kva":160,"kwp":25.5,"ratio":0.16,"load":8,"rf":0}},{"type":"Feature","geometry":{"type":"Point","coordinates":[6.99702,49.34036]},"properties":{"d":"35498","kva":250,"kwp":50.3,"ratio":0.2,"load":10,"rf":0}},{"type":"Feature","geometry":{"type":"Point","coordinates":[7.01738,49.34893]},"properties":{"d":"35498","kva":160,"kwp":21.3,"ratio":0.13,"load":8,"rf":0}},{"type":"Feature","geometry":{"type":"Point","coordinates":[6.99252,49.33222]},"properties":{"d":"35498","kva":400,"kwp":75.1,"ratio":0.19,"load":9,"rf":0}},{"type":"Feature","geometry":{"type":"Point","coordinates":[6.99763,49.33598]},"properties":{"d":"35498","kva":160,"kwp":29.3,"ratio":0.18,"load":9,"rf":0}},{"type":"Feature","geometry":{"type":"Point","coordinates":[6.99015,49.323]},"properties":{"d":"35498","kva":100,"kwp":52.4,"ratio":0.52,"load":38,"rf":0}},{"type":"Feature","geometry":{"type":"Point","coordinates":[6.99619,49.32913]},"properties":{"d":"35498","kva":250,"kwp":55.6,"ratio":0.22,"load":3,"rf":0}},{"type":"Feature","geometry":{"type":"Point","coordinates":[6.99543,49.34277]},"properties":{"d":"35498","kva":100,"kwp":11.3,"ratio":0.11,"load":6,"rf":0}},{"type":"Feature","geometry":{"type":"Point","coordinates":[6.99265,49.3291]},"properties":{"d":"35498","kva":250,"kwp":36.0,"ratio":0.14,"load":7,"rf":0}},{"type":"Feature","geometry":{"type":"Point","coordinates":[6.98442,49.33286]},"properties":{"d":"35498","kva":160,"kwp":30.9,"ratio":0.19,"load":12,"rf":0}},{"type":"Feature","geometry":{"type":"Point","coordinates":[7.01598,49.35747]},"properties":{"d":"35498","kva":100,"kwp":4.9,"ratio":0.05,"load":3,"rf":0}},{"type":"Feature","geometry":{"type":"Point","coordinates":[6.96982,49.34034]},"properties":{"d":"35498","kva":100,"kwp":4.9,"ratio":0.05,"load":3,"rf":0}},{"type":"Feature","geometry":{"type":"Point","coordinates":[6.97193,49.33457]},"properties":{"d":"35498","kva":100,"kwp":1.6,"ratio":0.02,"load":1,"rf":0}},{"type":"Feature","geometry":{"type":"Point","coordinates":[7.00561,49.35626]},"properties":{"d":"35498","kva":400,"kwp":138.1,"ratio":0.35,"load":10,"rf":0}},{"type":"Feature","geometry":{"type":"Point","coordinates":[6.92964,49.29498]},"properties":{"d":"35498","kva":630,"kwp":578.5,"ratio":0.92,"load":13,"rf":0}},{"type":"Feature","geometry":{"type":"Point","coordinates":[6.94045,49.30881]},"properties":{"d":"35498","kva":800,"kwp":342.4,"ratio":0.43,"load":13,"rf":0}},{"type":"Feature","geometry":{"type":"Point","coordinates":[6.93475,49.36272]},"properties":{"d":"35498","kva":630,"kwp":296.4,"ratio":0.47,"load":14,"rf":0}},{"type":"Feature","geometry":{"type":"Point","coordinates":[6.93615,49.30174]},"properties":{"d":"35498","kva":1000,"kwp":390.9,"ratio":0.39,"load":11,"rf":0}},{"type":"Feature","geometry":{"type":"Point","coordinates":[6.94445,49.30512]},"properties":{"d":"35498","kva":630,"kwp":440.8,"ratio":0.7,"load":13,"rf":0}},{"type":"Feature","geometry":{"type":"Point","coordinates":[6.93297,49.30715]},"properties":{"d":"35498","kva":630,"kwp":489.6,"ratio":0.78,"load":11,"rf":0}},{"type":"Feature","geometry":{"type":"Point","coordinates":[6.94244,49.33044]},"properties":{"d":"35498","kva":400,"kwp":352.9,"ratio":0.88,"load":31,"rf":0}},{"type":"Feature","geometry":{"type":"Point","coordinates":[6.93893,49.35035]},"properties":{"d":"35498","kva":400,"kwp":253.5,"ratio":0.63,"load":21,"rf":0}},{"type":"Feature","geometry":{"type":"Point","coordinates":[6.94036,49.31404]},"properties":{"d":"35498","kva":800,"kwp":314.6,"ratio":0.39,"load":11,"rf":0}},{"type":"Feature","geometry":{"type":"Point","coordinates":[6.95407,49.31417]},"properties":{"d":"35498","kva":630,"kwp":249.4,"ratio":0.4,"load":11,"rf":0}},{"type":"Feature","geometry":{"type":"Point","coordinates":[6.93363,49.3157]},"properties":{"d":"35498","kva":630,"kwp":208.7,"ratio":0.33,"load":9,"rf":0}},{"type":"Feature","geometry":{"type":"Point","coordinates":[6.91338,49.32318]},"properties":{"d":"35498","kva":400,"kwp":137.4,"ratio":0.34,"load":10,"rf":0}},{"type":"Feature","geometry":{"type":"Point","coordinates":[6.98337,49.3454]},"properties":{"d":"35498","kva":400,"kwp":248.6,"ratio":0.62,"load":21,"rf":0}},{"type":"Feature","geometry":{"type":"Point","coordinates":[6.93352,49.33193]},"properties":{"d":"35498","kva":800,"kwp":556.1,"ratio":0.7,"load":24,"rf":0}},{"type":"Feature","geometry":{"type":"Point","coordinates":[6.91861,49.33902]},"properties":{"d":"35498","kva":800,"kwp":461.5,"ratio":0.58,"load":19,"rf":0}},{"type":"Feature","geometry":{"type":"Point","coordinates":[6.91327,49.332]},"properties":{"d":"35498","kva":400,"kwp":216.1,"ratio":0.54,"load":18,"rf":0}},{"type":"Feature","geometry":{"type":"Point","coordinates":[6.9199,49.32221]},"properties":{"d":"35498","kva":630,"kwp":482.3,"ratio":0.77,"load":26,"rf":0}},{"type":"Feature","geometry":{"type":"Point","coordinates":[6.92856,49.36392]},"properties":{"d":"35498","kva":630,"kwp":94.2,"ratio":0.15,"load":2,"rf":0}},{"type":"Feature","geometry":{"type":"Point","coordinates":[6.94719,49.29991]},"properties":{"d":"35498","kva":630,"kwp":368.2,"ratio":0.58,"load":19,"rf":0}},{"type":"Feature","geometry":{"type":"Point","coordinates":[6.91489,49.33806]},"properties":{"d":"35498","kva":630,"kwp":355.9,"ratio":0.56,"load":19,"rf":0}},{"type":"Feature","geometry":{"type":"Point","coordinates":[6.93868,49.31773]},"properties":{"d":"35498","kva":630,"kwp":238.2,"ratio":0.38,"load":11,"rf":0}},{"type":"Feature","geometry":{"type":"Point","coordinates":[6.93481,49.3094]},"properties":{"d":"35498","kva":630,"kwp":227.0,"ratio":0.36,"load":10,"rf":0}},{"type":"Feature","geometry":{"type":"Point","coordinates":[6.93069,49.3009]},"properties":{"d":"35498","kva":630,"kwp":244.3,"ratio":0.39,"load":11,"rf":0}},{"type":"Feature","geometry":{"type":"Point","coordinates":[6.98057,49.34844]},"properties":{"d":"35498","kva":400,"kwp":235.6,"ratio":0.59,"load":20,"rf":0}},{"type":"Feature","geometry":{"type":"Point","coordinates":[6.91618,49.32609]},"properties":{"d":"35498","kva":630,"kwp":263.0,"ratio":0.42,"load":12,"rf":0}},{"type":"Feature","geometry":{"type":"Point","coordinates":[6.94111,49.29802]},"properties":{"d":"35498","kva":1000,"kwp":339.0,"ratio":0.34,"load":9,"rf":0}},{"type":"Feature","geometry":{"type":"Point","coordinates":[6.9308,49.35989]},"properties":{"d":"35498","kva":400,"kwp":271.2,"ratio":0.68,"load":24,"rf":0}},{"type":"Feature","geometry":{"type":"Point","coordinates":[6.93658,49.29733]},"properties":{"d":"35498","kva":630,"kwp":243.3,"ratio":0.39,"load":11,"rf":0}},{"type":"Feature","geometry":{"type":"Point","coordinates":[6.92295,49.33594]},"properties":{"d":"35498","kva":630,"kwp":342.9,"ratio":0.54,"load":18,"rf":0}},{"type":"Feature","geometry":{"type":"Point","coordinates":[6.91702,49.31749]},"properties":{"d":"35498","kva":250,"kwp":202.5,"ratio":0.81,"load":29,"rf":0}},{"type":"Feature","geometry":{"type":"Point","coordinates":[6.93569,49.31974]},"properties":{"d":"35498","kva":630,"kwp":207.7,"ratio":0.33,"load":9,"rf":0}},{"type":"Feature","geometry":{"type":"Point","coordinates":[6.93018,49.31955]},"properties":{"d":"35498","kva":400,"kwp":450.3,"ratio":1.13,"load":41,"rf":0}},{"type":"Feature","geometry":{"type":"Point","coordinates":[6.93127,49.34374]},"properties":{"d":"35498","kva":400,"kwp":214.5,"ratio":0.54,"load":18,"rf":0}},{"type":"Feature","geometry":{"type":"Point","coordinates":[6.98044,49.33078]},"properties":{"d":"35498","kva":400,"kwp":194.3,"ratio":0.49,"load":16,"rf":0}},{"type":"Feature","geometry":{"type":"Point","coordinates":[7.0033,49.34113]},"properties":{"d":"35498","kva":250,"kwp":60.8,"ratio":0.24,"load":6,"rf":0}},{"type":"Feature","geometry":{"type":"Point","coordinates":[6.99725,49.35561]},"properties":{"d":"35498","kva":630,"kwp":199.9,"ratio":0.32,"load":13,"rf":0}},{"type":"Feature","geometry":{"type":"Point","coordinates":[6.92964,49.29498]},"properties":{"d":"35498","kva":630,"kwp":578.5,"ratio":0.92,"load":13,"rf":0}},{"type":"Feature","geometry":{"type":"Point","coordinates":[6.89408,49.34419]},"properties":{"d":"35498","kva":630,"kwp":295.5,"ratio":0.47,"load":15,"rf":0}},{"type":"Feature","geometry":{"type":"Point","coordinates":[6.94326,49.33778]},"properties":{"d":"35498","kva":630,"kwp":303.9,"ratio":0.48,"load":16,"rf":0}},{"type":"Feature","geometry":{"type":"Point","coordinates":[6.93297,49.30715]},"properties":{"d":"35498","kva":630,"kwp":489.6,"ratio":0.78,"load":11,"rf":0}},{"type":"Feature","geometry":{"type":"Point","coordinates":[6.94887,49.31968]},"properties":{"d":"35498","kva":630,"kwp":136.4,"ratio":0.22,"load":8,"rf":0}},{"type":"Feature","geometry":{"type":"Point","coordinates":[6.91925,49.33408]},"properties":{"d":"35498","kva":630,"kwp":444.8,"ratio":0.71,"load":25,"rf":0}},{"type":"Feature","geometry":{"type":"Point","coordinates":[6.9255,49.33425]},"properties":{"d":"35498","kva":630,"kwp":250.2,"ratio":0.4,"load":13,"rf":0}},{"type":"Feature","geometry":{"type":"Point","coordinates":[6.92852,49.32954]},"properties":{"d":"35498","kva":630,"kwp":286.0,"ratio":0.45,"load":15,"rf":0}},{"type":"Feature","geometry":{"type":"Point","coordinates":[6.9616,49.33969]},"properties":{"d":"35498","kva":630,"kwp":175.5,"ratio":0.28,"load":11,"rf":0}},{"type":"Feature","geometry":{"type":"Point","coordinates":[6.98725,49.34718]},"properties":{"d":"35498","kva":630,"kwp":188.5,"ratio":0.3,"load":12,"rf":0}},{"type":"Feature","geometry":{"type":"Point","coordinates":[6.94987,49.29869]},"properties":{"d":"35498","kva":630,"kwp":204.6,"ratio":0.32,"load":9,"rf":0}},{"type":"Feature","geometry":{"type":"Point","coordinates":[6.93388,49.33051]},"properties":{"d":"35498","kva":630,"kwp":281.1,"ratio":0.45,"load":15,"rf":0}},{"type":"Feature","geometry":{"type":"Point","coordinates":[6.91041,49.33622]},"properties":{"d":"35498","kva":630,"kwp":338.1,"ratio":0.54,"load":18,"rf":0}},{"type":"Feature","geometry":{"type":"Point","coordinates":[6.92871,49.33836]},"properties":{"d":"35498","kva":630,"kwp":273.0,"ratio":0.43,"load":16,"rf":0}},{"type":"Feature","geometry":{"type":"Point","coordinates":[6.94637,49.31017]},"properties":{"d":"35498","kva":630,"kwp":123.2,"ratio":0.2,"load":7,"rf":0}},{"type":"Feature","geometry":{"type":"Point","coordinates":[6.92356,49.35082]},"properties":{"d":"35498","kva":630,"kwp":148.1,"ratio":0.24,"load":12,"rf":0}},{"type":"Feature","geometry":{"type":"Point","coordinates":[6.94057,49.31069]},"properties":{"d":"35498","kva":630,"kwp":185.3,"ratio":0.29,"load":8,"rf":0}},{"type":"Feature","geometry":{"type":"Point","coordinates":[6.9237,49.29524]},"properties":{"d":"35498","kva":630,"kwp":109.9,"ratio":0.17,"load":6,"rf":0}},{"type":"Feature","geometry":{"type":"Point","coordinates":[6.99603,49.33257]},"properties":{"d":"35498","kva":630,"kwp":140.4,"ratio":0.22,"load":5,"rf":0}},{"type":"Feature","geometry":{"type":"Point","coordinates":[6.99821,49.33906]},"properties":{"d":"35498","kva":630,"kwp":59.3,"ratio":0.09,"load":3,"rf":0}},{"type":"Feature","geometry":{"type":"Point","coordinates":[6.9939,49.32714]},"properties":{"d":"35498","kva":630,"kwp":86.1,"ratio":0.14,"load":6,"rf":0}},{"type":"Feature","geometry":{"type":"Point","coordinates":[6.98687,49.32761]},"properties":{"d":"35498","kva":630,"kwp":59.3,"ratio":0.09,"load":3,"rf":0}},{"type":"Feature","geometry":{"type":"Point","coordinates":[6.98536,49.32897]},"properties":{"d":"35498","kva":630,"kwp":89.4,"ratio":0.14,"load":4,"rf":0}},{"type":"Feature","geometry":{"type":"Point","coordinates":[7.00247,49.34583]},"properties":{"d":"35498","kva":630,"kwp":32.3,"ratio":0.05,"load":2,"rf":0}},{"type":"Feature","geometry":{"type":"Point","coordinates":[6.98827,49.32565]},"properties":{"d":"35498","kva":630,"kwp":54.8,"ratio":0.09,"load":3,"rf":0}},{"type":"Feature","geometry":{"type":"Point","coordinates":[7.00087,49.33421]},"properties":{"d":"35498","kva":630,"kwp":27.8,"ratio":0.04,"load":1,"rf":0}},{"type":"Feature","geometry":{"type":"Point","coordinates":[6.99619,49.32913]},"properties":{"d":"35498","kva":630,"kwp":55.6,"ratio":0.09,"load":3,"rf":0}},{"type":"Feature","geometry":{"type":"Point","coordinates":[6.8368,49.15248]},"properties":{"d":"35781","kva":400,"kwp":77.0,"ratio":0.19,"load":10,"rf":0}},{"type":"Feature","geometry":{"type":"Point","coordinates":[6.84238,49.15978]},"properties":{"d":"35781","kva":400,"kwp":106.5,"ratio":0.27,"load":6,"rf":0}},{"type":"Feature","geometry":{"type":"Point","coordinates":[6.84353,49.17313]},"properties":{"d":"35781","kva":160,"kwp":13.4,"ratio":0.08,"load":4,"rf":0}},{"type":"Feature","geometry":{"type":"Point","coordinates":[6.74482,49.18398]},"properties":{"d":"35781","kva":630,"kwp":179.9,"ratio":0.29,"load":7,"rf":0}},{"type":"Feature","geometry":{"type":"Point","coordinates":[6.73894,49.18387]},"properties":{"d":"35781","kva":630,"kwp":212.3,"ratio":0.34,"load":10,"rf":0}},{"type":"Feature","geometry":{"type":"Point","coordinates":[6.73363,49.18789]},"properties":{"d":"35781","kva":630,"kwp":168.3,"ratio":0.27,"load":7,"rf":0}},{"type":"Feature","geometry":{"type":"Point","coordinates":[6.75286,49.18866]},"properties":{"d":"35781","kva":630,"kwp":109.2,"ratio":0.17,"load":8,"rf":0}},{"type":"Feature","geometry":{"type":"Point","coordinates":[6.72974,49.17501]},"properties":{"d":"35781","kva":400,"kwp":114.6,"ratio":0.29,"load":6,"rf":0}},{"type":"Feature","geometry":{"type":"Point","coordinates":[6.73847,49.18027]},"properties":{"d":"35781","kva":630,"kwp":144.1,"ratio":0.23,"load":12,"rf":0}},{"type":"Feature","geometry":{"type":"Point","coordinates":[6.78162,49.21059]},"properties":{"d":"35781","kva":100,"kwp":5.3,"ratio":0.05,"load":4,"rf":0}},{"type":"Feature","geometry":{"type":"Point","coordinates":[6.8031,49.21786]},"properties":{"d":"35781","kva":800,"kwp":583.9,"ratio":0.73,"load":25,"rf":0}},{"type":"Feature","geometry":{"type":"Point","coordinates":[6.79943,49.2207]},"properties":{"d":"35781","kva":800,"kwp":398.9,"ratio":0.5,"load":15,"rf":0}},{"type":"Feature","geometry":{"type":"Point","coordinates":[6.80061,49.22381]},"properties":{"d":"35781","kva":400,"kwp":295.9,"ratio":0.74,"load":25,"rf":0}},{"type":"Feature","geometry":{"type":"Point","coordinates":[6.80163,49.227]},"properties":{"d":"35781","kva":630,"kwp":335.5,"ratio":0.53,"load":37,"rf":0}},{"type":"Feature","geometry":{"type":"Point","coordinates":[6.7968,49.21203]},"properties":{"d":"35781","kva":400,"kwp":420.8,"ratio":1.05,"load":78,"rf":0}},{"type":"Feature","geometry":{"type":"Point","coordinates":[6.80427,49.22474]},"properties":{"d":"35781","kva":800,"kwp":496.7,"ratio":0.62,"load":20,"rf":0}},{"type":"Feature","geometry":{"type":"Point","coordinates":[6.79428,49.21643]},"properties":{"d":"35781","kva":630,"kwp":371.9,"ratio":0.59,"load":41,"rf":0}},{"type":"Feature","geometry":{"type":"Point","coordinates":[6.80631,49.22871]},"properties":{"d":"35781","kva":400,"kwp":322.3,"ratio":0.81,"load":28,"rf":0}},{"type":"Feature","geometry":{"type":"Point","coordinates":[6.80821,49.23066]},"properties":{"d":"35781","kva":400,"kwp":235.1,"ratio":0.59,"load":16,"rf":0}},{"type":"Feature","geometry":{"type":"Point","coordinates":[6.8543,49.25045]},"properties":{"d":"35781","kva":1000,"kwp":32.9,"ratio":0.03,"load":4,"rf":0}},{"type":"Feature","geometry":{"type":"Point","coordinates":[6.82045,49.24599]},"properties":{"d":"35781","kva":630,"kwp":247.6,"ratio":0.39,"load":25,"rf":0}},{"type":"Feature","geometry":{"type":"Point","coordinates":[6.85339,49.25417]},"properties":{"d":"35781","kva":630,"kwp":66.5,"ratio":0.11,"load":5,"rf":0}},{"type":"Feature","geometry":{"type":"Point","coordinates":[6.85339,49.25417]},"properties":{"d":"35781","kva":630,"kwp":66.5,"ratio":0.11,"load":5,"rf":0}},{"type":"Feature","geometry":{"type":"Point","coordinates":[6.85133,49.24904]},"properties":{"d":"35781","kva":800,"kwp":16.0,"ratio":0.02,"load":10,"rf":0}},{"type":"Feature","geometry":{"type":"Point","coordinates":[6.83698,49.24646]},"properties":{"d":"35781","kva":630,"kwp":43.2,"ratio":0.07,"load":2,"rf":0}},{"type":"Feature","geometry":{"type":"Point","coordinates":[6.85323,49.25183]},"properties":{"d":"35781","kva":1000,"kwp":32.1,"ratio":0.03,"load":4,"rf":0}},{"type":"Feature","geometry":{"type":"Point","coordinates":[6.84506,49.25879]},"properties":{"d":"35781","kva":800,"kwp":153.4,"ratio":0.19,"load":4,"rf":0}},{"type":"Feature","geometry":{"type":"Point","coordinates":[6.82441,49.2476]},"properties":{"d":"35781","kva":630,"kwp":252.8,"ratio":0.4,"load":12,"rf":0}},{"type":"Feature","geometry":{"type":"Point","coordinates":[6.85689,49.25798]},"properties":{"d":"35781","kva":400,"kwp":20.2,"ratio":0.05,"load":3,"rf":0}},{"type":"Feature","geometry":{"type":"Point","coordinates":[6.83697,49.25305]},"properties":{"d":"35781","kva":100,"kwp":100.8,"ratio":1.01,"load":20,"rf":0}},{"type":"Feature","geometry":{"type":"Point","coordinates":[6.83312,49.24683]},"properties":{"d":"35781","kva":400,"kwp":92.4,"ratio":0.23,"load":12,"rf":0}},{"type":"Feature","geometry":{"type":"Point","coordinates":[6.82246,49.24728]},"properties":{"d":"35781","kva":400,"kwp":95.5,"ratio":0.24,"load":12,"rf":0}},{"type":"Feature","geometry":{"type":"Point","coordinates":[6.83852,49.24561]},"properties":{"d":"35781","kva":400,"kwp":10.3,"ratio":0.03,"load":4,"rf":0}},{"type":"Feature","geometry":{"type":"Point","coordinates":[6.84765,49.2617]},"properties":{"d":"35781","kva":100,"kwp":4.4,"ratio":0.04,"load":1,"rf":0}},{"type":"Feature","geometry":{"type":"Point","coordinates":[6.86213,49.25744]},"properties":{"d":"35781","kva":400,"kwp":25.2,"ratio":0.06,"load":1,"rf":0}},{"type":"Feature","geometry":{"type":"Point","coordinates":[6.85791,49.26037]},"properties":{"d":"35781","kva":250,"kwp":22.0,"ratio":0.09,"load":1,"rf":0}},{"type":"Feature","geometry":{"type":"Point","coordinates":[6.82305,49.25059]},"properties":{"d":"35781","kva":630,"kwp":88.0,"ratio":0.14,"load":7,"rf":0}},{"type":"Feature","geometry":{"type":"Point","coordinates":[6.85637,49.24615]},"properties":{"d":"35781","kva":630,"kwp":4.2,"ratio":0.01,"load":5,"rf":0}},{"type":"Feature","geometry":{"type":"Point","coordinates":[6.85029,49.26039]},"properties":{"d":"35781","kva":400,"kwp":7.5,"ratio":0.02,"load":3,"rf":0}},{"type":"Feature","geometry":{"type":"Point","coordinates":[6.8275,49.24905]},"properties":{"d":"35781","kva":400,"kwp":36.4,"ratio":0.09,"load":1,"rf":0}},{"type":"Feature","geometry":{"type":"Point","coordinates":[6.84197,49.26124]},"properties":{"d":"35781","kva":400,"kwp":13.4,"ratio":0.03,"load":3,"rf":0}},{"type":"Feature","geometry":{"type":"Point","coordinates":[6.84742,49.24717]},"properties":{"d":"35781","kva":400,"kwp":2.7,"ratio":0.01,"load":5,"rf":0}},{"type":"Feature","geometry":{"type":"Point","coordinates":[6.86017,49.24815]},"properties":{"d":"35781","kva":250,"kwp":234.8,"ratio":0.94,"load":34,"rf":0}},{"type":"Feature","geometry":{"type":"Point","coordinates":[6.83552,49.24844]},"properties":{"d":"35781","kva":400,"kwp":22.9,"ratio":0.06,"load":4,"rf":0}},{"type":"Feature","geometry":{"type":"Point","coordinates":[6.83808,49.24868]},"properties":{"d":"35781","kva":400,"kwp":26.0,"ratio":0.06,"load":2,"rf":0}},{"type":"Feature","geometry":{"type":"Point","coordinates":[6.83793,49.25941]},"properties":{"d":"35781","kva":400,"kwp":2.5,"ratio":0.01,"load":5,"rf":0}},{"type":"Feature","geometry":{"type":"Point","coordinates":[6.84493,49.24731]},"properties":{"d":"35781","kva":630,"kwp":116.2,"ratio":0.18,"load":6,"rf":0}},{"type":"Feature","geometry":{"type":"Point","coordinates":[6.84001,49.2583]},"properties":{"d":"35781","kva":400,"kwp":2.8,"ratio":0.01,"load":6,"rf":0}},{"type":"Feature","geometry":{"type":"Point","coordinates":[6.84291,49.25502]},"properties":{"d":"35781","kva":1000,"kwp":4.1,"ratio":0.0,"load":5,"rf":0}},{"type":"Feature","geometry":{"type":"Point","coordinates":[6.84959,49.25928]},"properties":{"d":"35781","kva":630,"kwp":17.1,"ratio":0.03,"load":3,"rf":0}},{"type":"Feature","geometry":{"type":"Point","coordinates":[6.85953,49.2527]},"properties":{"d":"35781","kva":630,"kwp":25.2,"ratio":0.04,"load":3,"rf":0}},{"type":"Feature","geometry":{"type":"Point","coordinates":[6.84743,49.25468]},"properties":{"d":"35781","kva":400,"kwp":1.9,"ratio":0.0,"load":6,"rf":0}},{"type":"Feature","geometry":{"type":"Point","coordinates":[6.81785,49.24465]},"properties":{"d":"35781","kva":630,"kwp":160.6,"ratio":0.25,"load":15,"rf":0}},{"type":"Feature","geometry":{"type":"Point","coordinates":[6.82021,49.25071]},"properties":{"d":"35781","kva":250,"kwp":33.1,"ratio":0.13,"load":8,"rf":0}},{"type":"Feature","geometry":{"type":"Point","coordinates":[6.8565,49.25065]},"properties":{"d":"35781","kva":800,"kwp":32.1,"ratio":0.04,"load":4,"rf":0}},{"type":"Feature","geometry":{"type":"Point","coordinates":[6.84313,49.24939]},"properties":{"d":"35781","kva":630,"kwp":5.3,"ratio":0.01,"load":8,"rf":0}},{"type":"Feature","geometry":{"type":"Point","coordinates":[6.85786,49.24718]},"properties":{"d":"35781","kva":160,"kwp":3.8,"ratio":0.02,"load":5,"rf":0}},{"type":"Feature","geometry":{"type":"Point","coordinates":[6.8508,49.25238]},"properties":{"d":"35781","kva":160,"kwp":1.5,"ratio":0.01,"load":1,"rf":0}},{"type":"Feature","geometry":{"type":"Point","coordinates":[6.85655,49.25267]},"properties":{"d":"35781","kva":800,"kwp":23.3,"ratio":0.03,"load":4,"rf":0}},{"type":"Feature","geometry":{"type":"Point","coordinates":[6.85561,49.25658]},"properties":{"d":"35781","kva":630,"kwp":31.3,"ratio":0.05,"load":3,"rf":0}},{"type":"Feature","geometry":{"type":"Point","coordinates":[6.84657,49.25624]},"properties":{"d":"35781","kva":400,"kwp":16.8,"ratio":0.04,"load":3,"rf":0}},{"type":"Feature","geometry":{"type":"Point","coordinates":[6.82372,49.24419]},"properties":{"d":"35781","kva":400,"kwp":214.0,"ratio":0.54,"load":36,"rf":0}},{"type":"Feature","geometry":{"type":"Point","coordinates":[6.85917,49.26176]},"properties":{"d":"35781","kva":250,"kwp":120.6,"ratio":0.48,"load":9,"rf":0}},{"type":"Feature","geometry":{"type":"Point","coordinates":[6.85889,49.25662]},"properties":{"d":"35781","kva":1000,"kwp":61.5,"ratio":0.06,"load":3,"rf":0}},{"type":"Feature","geometry":{"type":"Point","coordinates":[6.81969,49.24785]},"properties":{"d":"35781","kva":400,"kwp":90.5,"ratio":0.23,"load":12,"rf":0}},{"type":"Feature","geometry":{"type":"Point","coordinates":[6.861,49.25405]},"properties":{"d":"35781","kva":400,"kwp":22.5,"ratio":0.06,"load":3,"rf":0}},{"type":"Feature","geometry":{"type":"Point","coordinates":[6.84601,49.25142]},"properties":{"d":"35781","kva":400,"kwp":1.5,"ratio":0.0,"load":5,"rf":0}},{"type":"Feature","geometry":{"type":"Point","coordinates":[6.82904,49.24719]},"properties":{"d":"35781","kva":400,"kwp":174.1,"ratio":0.44,"load":29,"rf":0}},{"type":"Feature","geometry":{"type":"Point","coordinates":[6.8618,49.26002]},"properties":{"d":"35781","kva":160,"kwp":10.3,"ratio":0.06,"load":1,"rf":0}},{"type":"Feature","geometry":{"type":"Point","coordinates":[6.8558,49.26228]},"properties":{"d":"35781","kva":160,"kwp":75.3,"ratio":0.47,"load":33,"rf":0}},{"type":"Feature","geometry":{"type":"Point","coordinates":[6.84992,49.25379]},"properties":{"d":"35781","kva":630,"kwp":19.9,"ratio":0.03,"load":4,"rf":0}},{"type":"Feature","geometry":{"type":"Point","coordinates":[6.85325,49.26036]},"properties":{"d":"35781","kva":250,"kwp":2.5,"ratio":0.01,"load":4,"rf":0}},{"type":"Feature","geometry":{"type":"Point","coordinates":[6.85481,49.25928]},"properties":{"d":"35781","kva":400,"kwp":17.5,"ratio":0.04,"load":4,"rf":0}},{"type":"Feature","geometry":{"type":"Point","coordinates":[6.85184,49.25322]},"properties":{"d":"35781","kva":400,"kwp":16.0,"ratio":0.04,"load":3,"rf":0}},{"type":"Feature","geometry":{"type":"Point","coordinates":[6.83347,49.25009]},"properties":{"d":"35781","kva":100,"kwp":0.3,"ratio":0.0,"load":0,"rf":0}},{"type":"Feature","geometry":{"type":"Point","coordinates":[6.83797,49.26353]},"properties":{"d":"35781","kva":100,"kwp":2.2,"ratio":0.02,"load":3,"rf":0}},{"type":"Feature","geometry":{"type":"Point","coordinates":[6.84743,49.2599]},"properties":{"d":"35781","kva":250,"kwp":10.6,"ratio":0.04,"load":2,"rf":0}},{"type":"Feature","geometry":{"type":"Point","coordinates":[6.8528,49.25816]},"properties":{"d":"35781","kva":800,"kwp":5.2,"ratio":0.01,"load":5,"rf":0}},{"type":"Feature","geometry":{"type":"Point","coordinates":[6.83035,49.24896]},"properties":{"d":"35781","kva":250,"kwp":241.5,"ratio":0.97,"load":20,"rf":0}},{"type":"Feature","geometry":{"type":"Point","coordinates":[6.85438,49.24521]},"properties":{"d":"35781","kva":400,"kwp":1.9,"ratio":0.0,"load":5,"rf":0}},{"type":"Feature","geometry":{"type":"Point","coordinates":[6.85842,49.24995]},"properties":{"d":"35781","kva":400,"kwp":14.9,"ratio":0.04,"load":5,"rf":0}},{"type":"Feature","geometry":{"type":"Point","coordinates":[6.84488,49.26068]},"properties":{"d":"35781","kva":400,"kwp":14.9,"ratio":0.04,"load":4,"rf":0}},{"type":"Feature","geometry":{"type":"Point","coordinates":[6.84261,49.25643]},"properties":{"d":"35781","kva":250,"kwp":2.5,"ratio":0.01,"load":3,"rf":0}},{"type":"Feature","geometry":{"type":"Point","coordinates":[6.83592,49.25036]},"properties":{"d":"35781","kva":160,"kwp":7.8,"ratio":0.05,"load":2,"rf":0}},{"type":"Feature","geometry":{"type":"Point","coordinates":[6.857,49.25415]},"properties":{"d":"35781","kva":630,"kwp":24.4,"ratio":0.04,"load":3,"rf":0}},{"type":"Feature","geometry":{"type":"Point","coordinates":[6.84398,49.26276]},"properties":{"d":"35781","kva":100,"kwp":82.8,"ratio":0.83,"load":63,"rf":0}},{"type":"Feature","geometry":{"type":"Point","coordinates":[6.81771,49.24557]},"properties":{"d":"35781","kva":400,"kwp":69.1,"ratio":0.17,"load":8,"rf":0}},{"type":"Feature","geometry":{"type":"Point","coordinates":[6.84224,49.26294]},"properties":{"d":"35781","kva":160,"kwp":7.2,"ratio":0.04,"load":2,"rf":0}},{"type":"Feature","geometry":{"type":"Point","coordinates":[6.84924,49.2504]},"properties":{"d":"35781","kva":400,"kwp":2.7,"ratio":0.01,"load":5,"rf":0}},{"type":"Feature","geometry":{"type":"Point","coordinates":[6.82855,49.25086]},"properties":{"d":"35781","kva":100,"kwp":0.3,"ratio":0.0,"load":3,"rf":0}},{"type":"Feature","geometry":{"type":"Point","coordinates":[6.84458,49.25773]},"properties":{"d":"35781","kva":400,"kwp":10.0,"ratio":0.02,"load":5,"rf":0}},{"type":"Feature","geometry":{"type":"Point","coordinates":[6.82109,49.2492]},"properties":{"d":"35781","kva":400,"kwp":95.5,"ratio":0.24,"load":13,"rf":0}},{"type":"Feature","geometry":{"type":"Point","coordinates":[6.84128,49.25185]},"properties":{"d":"35781","kva":250,"kwp":2.3,"ratio":0.01,"load":3,"rf":0}},{"type":"Feature","geometry":{"type":"Point","coordinates":[6.84026,49.26011]},"properties":{"d":"35781","kva":100,"kwp":0.9,"ratio":0.01,"load":2,"rf":0}},{"type":"Feature","geometry":{"type":"Point","coordinates":[6.86096,49.25172]},"properties":{"d":"35781","kva":250,"kwp":94.6,"ratio":0.38,"load":6,"rf":0}},{"type":"Feature","geometry":{"type":"Point","coordinates":[6.84147,49.24682]},"properties":{"d":"35781","kva":250,"kwp":1.9,"ratio":0.01,"load":6,"rf":0}},{"type":"Feature","geometry":{"type":"Point","coordinates":[6.86109,49.25517]},"properties":{"d":"35781","kva":400,"kwp":25.6,"ratio":0.06,"load":2,"rf":0}},{"type":"Feature","geometry":{"type":"Point","coordinates":[6.85124,49.25639]},"properties":{"d":"35781","kva":160,"kwp":5.3,"ratio":0.03,"load":65,"rf":0}},{"type":"Feature","geometry":{"type":"Point","coordinates":[6.84885,49.25778]},"properties":{"d":"35781","kva":250,"kwp":9.0,"ratio":0.04,"load":2,"rf":0}},{"type":"Feature","geometry":{"type":"Point","coordinates":[6.82146,49.2443]},"properties":{"d":"35781","kva":250,"kwp":79.3,"ratio":0.32,"load":21,"rf":0}},{"type":"Feature","geometry":{"type":"Point","coordinates":[6.8341,49.2462]},"properties":{"d":"35781","kva":100,"kwp":1.1,"ratio":0.01,"load":0,"rf":0}},{"type":"Feature","geometry":{"type":"Point","coordinates":[6.79276,49.20666]},"properties":{"d":"35781","kva":100,"kwp":13.2,"ratio":0.13,"load":9,"rf":0}},{"type":"Feature","geometry":{"type":"Point","coordinates":[6.8578,49.18259]},"properties":{"d":"35781","kva":800,"kwp":239.0,"ratio":0.3,"load":8,"rf":0}},{"type":"Feature","geometry":{"type":"Point","coordinates":[6.83638,49.19801]},"properties":{"d":"35781","kva":800,"kwp":193.3,"ratio":0.24,"load":6,"rf":0}},{"type":"Feature","geometry":{"type":"Point","coordinates":[6.83218,49.21031]},"properties":{"d":"35781","kva":630,"kwp":377.8,"ratio":0.6,"load":42,"rf":0}},{"type":"Feature","geometry":{"type":"Point","coordinates":[6.85083,49.19148]},"properties":{"d":"35781","kva":250,"kwp":40.3,"ratio":0.16,"load":8,"rf":0}},{"type":"Feature","geometry":{"type":"Point","coordinates":[6.84047,49.20611]},"properties":{"d":"35781","kva":630,"kwp":536.6,"ratio":0.85,"load":30,"rf":0}},{"type":"Feature","geometry":{"type":"Point","coordinates":[6.84191,49.20291]},"properties":{"d":"35781","kva":800,"kwp":229.8,"ratio":0.29,"load":8,"rf":0}},{"type":"Feature","geometry":{"type":"Point","coordinates":[6.85674,49.18569]},"properties":{"d":"35781","kva":250,"kwp":53.7,"ratio":0.21,"load":3,"rf":0}},{"type":"Feature","geometry":{"type":"Point","coordinates":[6.83265,49.19357]},"properties":{"d":"35781","kva":400,"kwp":64.4,"ratio":0.16,"load":8,"rf":0}},{"type":"Feature","geometry":{"type":"Point","coordinates":[6.83516,49.20549]},"properties":{"d":"35781","kva":630,"kwp":428.0,"ratio":0.68,"load":24,"rf":0}},{"type":"Feature","geometry":{"type":"Point","coordinates":[6.84782,49.20011]},"properties":{"d":"35781","kva":400,"kwp":71.6,"ratio":0.18,"load":9,"rf":0}},{"type":"Feature","geometry":{"type":"Point","coordinates":[6.84599,49.20322]},"properties":{"d":"35781","kva":630,"kwp":131.0,"ratio":0.21,"load":11,"rf":0}},{"type":"Feature","geometry":{"type":"Point","coordinates":[6.78118,49.20227]},"properties":{"d":"35781","kva":100,"kwp":2.6,"ratio":0.03,"load":2,"rf":0}},{"type":"Feature","geometry":{"type":"Point","coordinates":[6.78767,49.21436]},"properties":{"d":"35781","kva":100,"kwp":10.6,"ratio":0.11,"load":7,"rf":0}},{"type":"Feature","geometry":{"type":"Point","coordinates":[6.81118,49.17628]},"properties":{"d":"35781","kva":630,"kwp":118.1,"ratio":0.19,"load":9,"rf":0}},{"type":"Feature","geometry":{"type":"Point","coordinates":[6.80398,49.17427]},"properties":{"d":"35781","kva":630,"kwp":134.2,"ratio":0.21,"load":10,"rf":0}},{"type":"Feature","geometry":{"type":"Point","coordinates":[6.81089,49.18111]},"properties":{"d":"35781","kva":250,"kwp":35.8,"ratio":0.14,"load":2,"rf":0}},{"type":"Feature","geometry":{"type":"Point","coordinates":[6.81672,49.19273]},"properties":{"d":"35781","kva":630,"kwp":167.4,"ratio":0.27,"load":6,"rf":0}},{"type":"Feature","geometry":{"type":"Point","coordinates":[6.81393,49.1869]},"properties":{"d":"35781","kva":800,"kwp":142.3,"ratio":0.18,"load":3,"rf":0}},{"type":"Feature","geometry":{"type":"Point","coordinates":[6.81297,49.19362]},"properties":{"d":"35781","kva":630,"kwp":237.9,"ratio":0.38,"load":11,"rf":0}},{"type":"Feature","geometry":{"type":"Point","coordinates":[6.81218,49.19957]},"properties":{"d":"35781","kva":100,"kwp":12.5,"ratio":0.12,"load":6,"rf":0}},{"type":"Feature","geometry":{"type":"Point","coordinates":[6.82405,49.171]},"properties":{"d":"35781","kva":630,"kwp":132.5,"ratio":0.21,"load":10,"rf":0}},{"type":"Feature","geometry":{"type":"Point","coordinates":[6.82916,49.1701]},"properties":{"d":"35781","kva":630,"kwp":104.7,"ratio":0.17,"load":8,"rf":0}},{"type":"Feature","geometry":{"type":"Point","coordinates":[6.83079,49.16681]},"properties":{"d":"35781","kva":250,"kwp":32.2,"ratio":0.13,"load":5,"rf":0}},{"type":"Feature","geometry":{"type":"Point","coordinates":[6.84238,49.15978]},"properties":{"d":"35781","kva":400,"kwp":106.5,"ratio":0.27,"load":6,"rf":0}},{"type":"Feature","geometry":{"type":"Point","coordinates":[6.74482,49.18398]},"properties":{"d":"35781","kva":630,"kwp":179.9,"ratio":0.29,"load":7,"rf":0}},{"type":"Feature","geometry":{"type":"Point","coordinates":[6.73363,49.18789]},"properties":{"d":"35781","kva":630,"kwp":168.3,"ratio":0.27,"load":7,"rf":0}},{"type":"Feature","geometry":{"type":"Point","coordinates":[6.8031,49.21786]},"properties":{"d":"35781","kva":800,"kwp":583.9,"ratio":0.73,"load":25,"rf":0}},{"type":"Feature","geometry":{"type":"Point","coordinates":[6.80061,49.22381]},"properties":{"d":"35781","kva":400,"kwp":295.9,"ratio":0.74,"load":25,"rf":0}},{"type":"Feature","geometry":{"type":"Point","coordinates":[6.80631,49.22871]},"properties":{"d":"35781","kva":400,"kwp":322.3,"ratio":0.81,"load":28,"rf":0}},{"type":"Feature","geometry":{"type":"Point","coordinates":[6.8543,49.25045]},"properties":{"d":"35781","kva":1000,"kwp":32.9,"ratio":0.03,"load":4,"rf":0}},{"type":"Feature","geometry":{"type":"Point","coordinates":[6.83658,49.25153]},"properties":{"d":"35781","kva":630,"kwp":6.1,"ratio":0.01,"load":48,"rf":0}},{"type":"Feature","geometry":{"type":"Point","coordinates":[6.85339,49.25417]},"properties":{"d":"35781","kva":630,"kwp":66.5,"ratio":0.11,"load":5,"rf":0}},{"type":"Feature","geometry":{"type":"Point","coordinates":[6.85133,49.24904]},"properties":{"d":"35781","kva":800,"kwp":16.0,"ratio":0.02,"load":10,"rf":0}},{"type":"Feature","geometry":{"type":"Point","coordinates":[6.85323,49.25183]},"properties":{"d":"35781","kva":1000,"kwp":32.1,"ratio":0.03,"load":4,"rf":0}},{"type":"Feature","geometry":{"type":"Point","coordinates":[6.83697,49.25305]},"properties":{"d":"35781","kva":100,"kwp":100.8,"ratio":1.01,"load":20,"rf":0}},{"type":"Feature","geometry":{"type":"Point","coordinates":[6.85637,49.24615]},"properties":{"d":"35781","kva":630,"kwp":4.2,"ratio":0.01,"load":5,"rf":0}},{"type":"Feature","geometry":{"type":"Point","coordinates":[6.83536,49.26312]},"properties":{"d":"35781","kva":630,"kwp":5.6,"ratio":0.01,"load":7,"rf":0}},{"type":"Feature","geometry":{"type":"Point","coordinates":[6.83536,49.26312]},"properties":{"d":"35781","kva":630,"kwp":5.6,"ratio":0.01,"load":7,"rf":0}},{"type":"Feature","geometry":{"type":"Point","coordinates":[6.83536,49.26312]},"properties":{"d":"35781","kva":630,"kwp":5.6,"ratio":0.01,"load":7,"rf":0}},{"type":"Feature","geometry":{"type":"Point","coordinates":[6.83536,49.26312]},"properties":{"d":"35781","kva":630,"kwp":5.6,"ratio":0.01,"load":7,"rf":0}},{"type":"Feature","geometry":{"type":"Point","coordinates":[6.8465,49.25319]},"properties":{"d":"35781","kva":630,"kwp":4.6,"ratio":0.01,"load":7,"rf":0}},{"type":"Feature","geometry":{"type":"Point","coordinates":[6.8465,49.25319]},"properties":{"d":"35781","kva":630,"kwp":4.6,"ratio":0.01,"load":7,"rf":0}},{"type":"Feature","geometry":{"type":"Point","coordinates":[6.8465,49.25319]},"properties":{"d":"35781","kva":630,"kwp":4.6,"ratio":0.01,"load":7,"rf":0}},{"type":"Feature","geometry":{"type":"Point","coordinates":[6.8465,49.25319]},"properties":{"d":"35781","kva":630,"kwp":4.6,"ratio":0.01,"load":7,"rf":0}},{"type":"Feature","geometry":{"type":"Point","coordinates":[6.84742,49.24717]},"properties":{"d":"35781","kva":400,"kwp":2.7,"ratio":0.01,"load":5,"rf":0}},{"type":"Feature","geometry":{"type":"Point","coordinates":[6.86017,49.24815]},"properties":{"d":"35781","kva":250,"kwp":234.8,"ratio":0.94,"load":34,"rf":0}},{"type":"Feature","geometry":{"type":"Point","coordinates":[6.83793,49.25941]},"properties":{"d":"35781","kva":400,"kwp":2.5,"ratio":0.01,"load":5,"rf":0}},{"type":"Feature","geometry":{"type":"Point","coordinates":[6.84493,49.24731]},"properties":{"d":"35781","kva":630,"kwp":116.2,"ratio":0.18,"load":6,"rf":0}},{"type":"Feature","geometry":{"type":"Point","coordinates":[6.84001,49.2583]},"properties":{"d":"35781","kva":400,"kwp":2.8,"ratio":0.01,"load":6,"rf":0}},{"type":"Feature","geometry":{"type":"Point","coordinates":[6.84291,49.25502]},"properties":{"d":"35781","kva":1000,"kwp":4.1,"ratio":0.0,"load":5,"rf":0}},{"type":"Feature","geometry":{"type":"Point","coordinates":[6.85953,49.2527]},"properties":{"d":"35781","kva":630,"kwp":25.2,"ratio":0.04,"load":3,"rf":0}},{"type":"Feature","geometry":{"type":"Point","coordinates":[6.84743,49.25468]},"properties":{"d":"35781","kva":400,"kwp":1.9,"ratio":0.0,"load":6,"rf":0}},{"type":"Feature","geometry":{"type":"Point","coordinates":[6.8565,49.25065]},"properties":{"d":"35781","kva":800,"kwp":32.1,"ratio":0.04,"load":4,"rf":0}},{"type":"Feature","geometry":{"type":"Point","coordinates":[6.84313,49.24939]},"properties":{"d":"35781","kva":630,"kwp":5.3,"ratio":0.01,"load":8,"rf":0}},{"type":"Feature","geometry":{"type":"Point","coordinates":[6.85786,49.24718]},"properties":{"d":"35781","kva":160,"kwp":3.8,"ratio":0.02,"load":5,"rf":0}},{"type":"Feature","geometry":{"type":"Point","coordinates":[6.85655,49.25267]},"properties":{"d":"35781","kva":800,"kwp":23.3,"ratio":0.03,"load":4,"rf":0}},{"type":"Feature","geometry":{"type":"Point","coordinates":[6.85561,49.25658]},"properties":{"d":"35781","kva":630,"kwp":31.3,"ratio":0.05,"load":3,"rf":0}},{"type":"Feature","geometry":{"type":"Point","coordinates":[6.85889,49.25662]},"properties":{"d":"35781","kva":1000,"kwp":61.5,"ratio":0.06,"load":3,"rf":0}},{"type":"Feature","geometry":{"type":"Point","coordinates":[6.861,49.25405]},"properties":{"d":"35781","kva":400,"kwp":22.5,"ratio":0.06,"load":3,"rf":0}},{"type":"Feature","geometry":{"type":"Point","coordinates":[6.84601,49.25142]},"properties":{"d":"35781","kva":400,"kwp":1.5,"ratio":0.0,"load":5,"rf":0}},{"type":"Feature","geometry":{"type":"Point","coordinates":[6.85184,49.25322]},"properties":{"d":"35781","kva":400,"kwp":16.0,"ratio":0.04,"load":3,"rf":0}},{"type":"Feature","geometry":{"type":"Point","coordinates":[6.85438,49.24521]},"properties":{"d":"35781","kva":400,"kwp":1.9,"ratio":0.0,"load":5,"rf":0}},{"type":"Feature","geometry":{"type":"Point","coordinates":[6.84261,49.25643]},"properties":{"d":"35781","kva":250,"kwp":2.5,"ratio":0.01,"load":3,"rf":0}},{"type":"Feature","geometry":{"type":"Point","coordinates":[6.84924,49.2504]},"properties":{"d":"35781","kva":400,"kwp":2.7,"ratio":0.01,"load":5,"rf":0}},{"type":"Feature","geometry":{"type":"Point","coordinates":[6.84128,49.25185]},"properties":{"d":"35781","kva":250,"kwp":2.3,"ratio":0.01,"load":3,"rf":0}},{"type":"Feature","geometry":{"type":"Point","coordinates":[6.84026,49.26011]},"properties":{"d":"35781","kva":100,"kwp":0.9,"ratio":0.01,"load":2,"rf":0}},{"type":"Feature","geometry":{"type":"Point","coordinates":[6.84147,49.24682]},"properties":{"d":"35781","kva":250,"kwp":1.9,"ratio":0.01,"load":6,"rf":0}},{"type":"Feature","geometry":{"type":"Point","coordinates":[6.85124,49.25639]},"properties":{"d":"35781","kva":160,"kwp":5.3,"ratio":0.03,"load":65,"rf":0}},{"type":"Feature","geometry":{"type":"Point","coordinates":[6.8578,49.18259]},"properties":{"d":"35781","kva":800,"kwp":239.0,"ratio":0.3,"load":8,"rf":0}},{"type":"Feature","geometry":{"type":"Point","coordinates":[6.84047,49.20611]},"properties":{"d":"35781","kva":630,"kwp":536.6,"ratio":0.85,"load":30,"rf":0}},{"type":"Feature","geometry":{"type":"Point","coordinates":[6.84191,49.20291]},"properties":{"d":"35781","kva":800,"kwp":229.8,"ratio":0.29,"load":8,"rf":0}},{"type":"Feature","geometry":{"type":"Point","coordinates":[6.81089,49.18111]},"properties":{"d":"35781","kva":250,"kwp":35.8,"ratio":0.14,"load":2,"rf":0}},{"type":"Feature","geometry":{"type":"Point","coordinates":[6.81672,49.19273]},"properties":{"d":"35781","kva":630,"kwp":167.4,"ratio":0.27,"load":6,"rf":0}},{"type":"Feature","geometry":{"type":"Point","coordinates":[6.83658,49.25153]},"properties":{"d":"35781","kva":630,"kwp":6.1,"ratio":0.01,"load":48,"rf":0}},{"type":"Feature","geometry":{"type":"Point","coordinates":[6.73894,49.18387]},"properties":{"d":"35781","kva":630,"kwp":212.3,"ratio":0.34,"load":10,"rf":0}},{"type":"Feature","geometry":{"type":"Point","coordinates":[6.72974,49.17501]},"properties":{"d":"35781","kva":630,"kwp":114.6,"ratio":0.18,"load":6,"rf":0}},{"type":"Feature","geometry":{"type":"Point","coordinates":[6.79943,49.2207]},"properties":{"d":"35781","kva":630,"kwp":398.9,"ratio":0.63,"load":22,"rf":0}},{"type":"Feature","geometry":{"type":"Point","coordinates":[6.80427,49.22474]},"properties":{"d":"35781","kva":630,"kwp":496.7,"ratio":0.79,"load":29,"rf":0}},{"type":"Feature","geometry":{"type":"Point","coordinates":[6.80821,49.23066]},"properties":{"d":"35781","kva":630,"kwp":235.1,"ratio":0.37,"load":16,"rf":0}},{"type":"Feature","geometry":{"type":"Point","coordinates":[6.85133,49.24904]},"properties":{"d":"35781","kva":630,"kwp":16.0,"ratio":0.03,"load":16,"rf":0}},{"type":"Feature","geometry":{"type":"Point","coordinates":[6.83698,49.24646]},"properties":{"d":"35781","kva":630,"kwp":43.2,"ratio":0.07,"load":2,"rf":0}},{"type":"Feature","geometry":{"type":"Point","coordinates":[6.84506,49.25879]},"properties":{"d":"35781","kva":630,"kwp":153.4,"ratio":0.24,"load":5,"rf":0}},{"type":"Feature","geometry":{"type":"Point","coordinates":[6.82441,49.2476]},"properties":{"d":"35781","kva":630,"kwp":252.8,"ratio":0.4,"load":12,"rf":0}},{"type":"Feature","geometry":{"type":"Point","coordinates":[6.83697,49.25305]},"properties":{"d":"35781","kva":630,"kwp":100.8,"ratio":0.16,"load":20,"rf":0}},{"type":"Feature","geometry":{"type":"Point","coordinates":[6.86213,49.25744]},"properties":{"d":"35781","kva":630,"kwp":25.2,"ratio":0.04,"load":1,"rf":0}},{"type":"Feature","geometry":{"type":"Point","coordinates":[6.85791,49.26037]},"properties":{"d":"35781","kva":630,"kwp":22.0,"ratio":0.03,"load":1,"rf":0}},{"type":"Feature","geometry":{"type":"Point","coordinates":[6.8275,49.24905]},"properties":{"d":"35781","kva":630,"kwp":36.4,"ratio":0.06,"load":1,"rf":0}},{"type":"Feature","geometry":{"type":"Point","coordinates":[6.84291,49.25502]},"properties":{"d":"35781","kva":630,"kwp":4.1,"ratio":0.01,"load":7,"rf":0}},{"type":"Feature","geometry":{"type":"Point","coordinates":[6.8508,49.25238]},"properties":{"d":"35781","kva":630,"kwp":1.5,"ratio":0.0,"load":1,"rf":0}},{"type":"Feature","geometry":{"type":"Point","coordinates":[6.85917,49.26176]},"properties":{"d":"35781","kva":630,"kwp":120.6,"ratio":0.19,"load":9,"rf":0}},{"type":"Feature","geometry":{"type":"Point","coordinates":[6.8618,49.26002]},"properties":{"d":"35781","kva":630,"kwp":10.3,"ratio":0.02,"load":1,"rf":0}},{"type":"Feature","geometry":{"type":"Point","coordinates":[6.83035,49.24896]},"properties":{"d":"35781","kva":630,"kwp":241.5,"ratio":0.38,"load":20,"rf":0}},{"type":"Feature","geometry":{"type":"Point","coordinates":[6.84261,49.25643]},"properties":{"d":"35781","kva":630,"kwp":2.5,"ratio":0.0,"load":3,"rf":0}},{"type":"Feature","geometry":{"type":"Point","coordinates":[6.84128,49.25185]},"properties":{"d":"35781","kva":630,"kwp":2.3,"ratio":0.0,"load":3,"rf":0}},{"type":"Feature","geometry":{"type":"Point","coordinates":[6.84026,49.26011]},"properties":{"d":"35781","kva":630,"kwp":0.9,"ratio":0.0,"load":2,"rf":0}},{"type":"Feature","geometry":{"type":"Point","coordinates":[6.86096,49.25172]},"properties":{"d":"35781","kva":630,"kwp":94.6,"ratio":0.15,"load":6,"rf":0}},{"type":"Feature","geometry":{"type":"Point","coordinates":[6.83638,49.19801]},"properties":{"d":"35781","kva":630,"kwp":193.3,"ratio":0.31,"load":8,"rf":0}},{"type":"Feature","geometry":{"type":"Point","coordinates":[6.85674,49.18569]},"properties":{"d":"35781","kva":630,"kwp":53.7,"ratio":0.09,"load":3,"rf":0}},{"type":"Feature","geometry":{"type":"Point","coordinates":[6.83516,49.20549]},"properties":{"d":"35781","kva":630,"kwp":428.0,"ratio":0.68,"load":24,"rf":0}},{"type":"Feature","geometry":{"type":"Point","coordinates":[6.81393,49.1869]},"properties":{"d":"35781","kva":630,"kwp":142.3,"ratio":0.23,"load":5,"rf":0}},{"type":"Feature","geometry":{"type":"Point","coordinates":[6.81297,49.19362]},"properties":{"d":"35781","kva":630,"kwp":237.9,"ratio":0.38,"load":11,"rf":0}},{"type":"Feature","geometry":{"type":"Point","coordinates":[6.9148,49.27336]},"properties":{"d":"35870","kva":100,"kwp":0.2,"ratio":0.0,"load":0,"rf":0}},{"type":"Feature","geometry":{"type":"Point","coordinates":[6.91827,49.22329]},"properties":{"d":"35870","kva":100,"kwp":4.4,"ratio":0.04,"load":2,"rf":0}},{"type":"Feature","geometry":{"type":"Point","coordinates":[6.9529,49.27571]},"properties":{"d":"35870","kva":630,"kwp":707.2,"ratio":1.12,"load":88,"rf":1}},{"type":"Feature","geometry":{"type":"Point","coordinates":[6.95032,49.27238]},"properties":{"d":"35870","kva":100,"kwp":28.3,"ratio":0.28,"load":23,"rf":0}},{"type":"Feature","geometry":{"type":"Point","coordinates":[6.95177,49.26571]},"properties":{"d":"35870","kva":100,"kwp":56.6,"ratio":0.57,"load":45,"rf":0}},{"type":"Feature","geometry":{"type":"Point","coordinates":[6.95321,49.26903]},"properties":{"d":"35870","kva":100,"kwp":84.9,"ratio":0.85,"load":67,"rf":0}},{"type":"Feature","geometry":{"type":"Point","coordinates":[6.96341,49.27776]},"properties":{"d":"35870","kva":400,"kwp":509.2,"ratio":1.27,"load":100,"rf":1}},{"type":"Feature","geometry":{"type":"Point","coordinates":[6.96185,49.27378]},"properties":{"d":"35870","kva":160,"kwp":198.0,"ratio":1.24,"load":97,"rf":1}},{"type":"Feature","geometry":{"type":"Point","coordinates":[6.98453,49.26626]},"properties":{"d":"35870","kva":100,"kwp":0.4,"ratio":0.0,"load":0,"rf":0}},{"type":"Feature","geometry":{"type":"Point","coordinates":[6.99718,49.26205]},"properties":{"d":"35870","kva":250,"kwp":11.7,"ratio":0.05,"load":3,"rf":0}},{"type":"Feature","geometry":{"type":"Point","coordinates":[6.93105,49.2759]},"properties":{"d":"35870","kva":100,"kwp":0.6,"ratio":0.01,"load":0,"rf":0}},{"type":"Feature","geometry":{"type":"Point","coordinates":[6.84255,49.22962]},"properties":{"d":"35870","kva":100,"kwp":0.8,"ratio":0.01,"load":0,"rf":0}},{"type":"Feature","geometry":{"type":"Point","coordinates":[6.94447,49.23728]},"properties":{"d":"35870","kva":100,"kwp":1.7,"ratio":0.02,"load":4,"rf":0}},{"type":"Feature","geometry":{"type":"Point","coordinates":[6.92348,49.2274]},"properties":{"d":"35870","kva":100,"kwp":62.0,"ratio":0.62,"load":49,"rf":0}},{"type":"Feature","geometry":{"type":"Point","coordinates":[6.90586,49.23672]},"properties":{"d":"35870","kva":160,"kwp":8.7,"ratio":0.05,"load":2,"rf":0}},{"type":"Feature","geometry":{"type":"Point","coordinates":[6.91879,49.22853]},"properties":{"d":"35870","kva":160,"kwp":2.4,"ratio":0.01,"load":2,"rf":0}},{"type":"Feature","geometry":{"type":"Point","coordinates":[6.99718,49.22058]},"properties":{"d":"35870","kva":100,"kwp":1.4,"ratio":0.01,"load":5,"rf":0}},{"type":"Feature","geometry":{"type":"Point","coordinates":[6.94265,49.24799]},"properties":{"d":"35870","kva":250,"kwp":13.4,"ratio":0.05,"load":2,"rf":0}},{"type":"Feature","geometry":{"type":"Point","coordinates":[6.93691,49.23847]},"properties":{"d":"35870","kva":100,"kwp":1.3,"ratio":0.01,"load":1,"rf":0}},{"type":"Feature","geometry":{"type":"Point","coordinates":[6.91616,49.24629]},"properties":{"d":"35870","kva":250,"kwp":6.0,"ratio":0.02,"load":2,"rf":0}},{"type":"Feature","geometry":{"type":"Point","coordinates":[6.98481,49.20895]},"properties":{"d":"35870","kva":100,"kwp":0.7,"ratio":0.01,"load":0,"rf":0}},{"type":"Feature","geometry":{"type":"Point","coordinates":[6.97429,49.22829]},"properties":{"d":"35870","kva":250,"kwp":21.8,"ratio":0.09,"load":3,"rf":0}},{"type":"Feature","geometry":{"type":"Point","coordinates":[6.95993,49.23267]},"properties":{"d":"35870","kva":100,"kwp":1.7,"ratio":0.02,"load":4,"rf":0}},{"type":"Feature","geometry":{"type":"Point","coordinates":[6.89905,49.23464]},"properties":{"d":"35870","kva":100,"kwp":4.0,"ratio":0.04,"load":1,"rf":0}},{"type":"Feature","geometry":{"type":"Point","coordinates":[6.93319,49.23487]},"properties":{"d":"35870","kva":160,"kwp":9.7,"ratio":0.06,"load":2,"rf":0}},{"type":"Feature","geometry":{"type":"Point","coordinates":[6.93364,49.24431]},"properties":{"d":"35870","kva":400,"kwp":9.1,"ratio":0.02,"load":3,"rf":0}},{"type":"Feature","geometry":{"type":"Point","coordinates":[6.97829,49.26118]},"properties":{"d":"35870","kva":160,"kwp":9.9,"ratio":0.06,"load":2,"rf":0}},{"type":"Feature","geometry":{"type":"Point","coordinates":[6.99129,49.22267]},"properties":{"d":"35870","kva":250,"kwp":19.5,"ratio":0.08,"load":2,"rf":0}},{"type":"Feature","geometry":{"type":"Point","coordinates":[6.92566,49.26611]},"properties":{"d":"35870","kva":100,"kwp":3.3,"ratio":0.03,"load":2,"rf":0}},{"type":"Feature","geometry":{"type":"Point","coordinates":[6.98126,49.24431]},"properties":{"d":"35870","kva":160,"kwp":2.8,"ratio":0.02,"load":1,"rf":0}},{"type":"Feature","geometry":{"type":"Point","coordinates":[6.96103,49.25521]},"properties":{"d":"35870","kva":100,"kwp":2.8,"ratio":0.03,"load":3,"rf":0}},{"type":"Feature","geometry":{"type":"Point","coordinates":[6.88049,49.22491]},"properties":{"d":"35870","kva":250,"kwp":15.3,"ratio":0.06,"load":2,"rf":0}},{"type":"Feature","geometry":{"type":"Point","coordinates":[6.98069,49.23326]},"properties":{"d":"35870","kva":630,"kwp":2.7,"ratio":0.0,"load":6,"rf":0}},{"type":"Feature","geometry":{"type":"Point","coordinates":[6.99303,49.2247]},"properties":{"d":"35870","kva":400,"kwp":2.3,"ratio":0.01,"load":5,"rf":0}},{"type":"Feature","geometry":{"type":"Point","coordinates":[6.94927,49.24007]},"properties":{"d":"35870","kva":630,"kwp":46.6,"ratio":0.07,"load":2,"rf":0}},{"type":"Feature","geometry":{"type":"Point","coordinates":[6.9602,49.24413]},"properties":{"d":"35870","kva":630,"kwp":11.5,"ratio":0.02,"load":4,"rf":0}},{"type":"Feature","geometry":{"type":"Point","coordinates":[6.93391,49.252]},"properties":{"d":"35870","kva":250,"kwp":10.2,"ratio":0.04,"load":3,"rf":0}},{"type":"Feature","geometry":{"type":"Point","coordinates":[6.93242,49.25764]},"properties":{"d":"35870","kva":100,"kwp":1.8,"ratio":0.02,"load":2,"rf":0}},{"type":"Feature","geometry":{"type":"Point","coordinates":[6.98149,49.21637]},"properties":{"d":"35870","kva":100,"kwp":0.8,"ratio":0.01,"load":2,"rf":0}},{"type":"Feature","geometry":{"type":"Point","coordinates":[6.99002,49.22805]},"properties":{"d":"35870","kva":250,"kwp":1.6,"ratio":0.01,"load":4,"rf":0}},{"type":"Feature","geometry":{"type":"Point","coordinates":[6.89079,49.24086]},"properties":{"d":"35870","kva":400,"kwp":14.4,"ratio":0.04,"load":3,"rf":0}},{"type":"Feature","geometry":{"type":"Point","coordinates":[6.92595,49.22984]},"properties":{"d":"35870","kva":400,"kwp":21.2,"ratio":0.05,"load":2,"rf":0}},{"type":"Feature","geometry":{"type":"Point","coordinates":[6.92768,49.24737]},"properties":{"d":"35870","kva":400,"kwp":15.7,"ratio":0.04,"load":4,"rf":0}},{"type":"Feature","geometry":{"type":"Point","coordinates":[6.9777,49.21127]},"properties":{"d":"35870","kva":100,"kwp":0.8,"ratio":0.01,"load":1,"rf":0}},{"type":"Feature","geometry":{"type":"Point","coordinates":[6.96816,49.23897]},"properties":{"d":"35870","kva":630,"kwp":15.0,"ratio":0.02,"load":6,"rf":0}},{"type":"Feature","geometry":{"type":"Point","coordinates":[6.97829,49.21648]},"properties":{"d":"35870","kva":630,"kwp":5.9,"ratio":0.01,"load":6,"rf":0}},{"type":"Feature","geometry":{"type":"Point","coordinates":[6.91718,49.23391]},"properties":{"d":"35870","kva":630,"kwp":29.9,"ratio":0.05,"load":3,"rf":0}},{"type":"Feature","geometry":{"type":"Point","coordinates":[6.92094,49.23302]},"properties":{"d":"35870","kva":400,"kwp":18.5,"ratio":0.05,"load":2,"rf":0}},{"type":"Feature","geometry":{"type":"Point","coordinates":[6.96972,49.20856]},"properties":{"d":"35870","kva":100,"kwp":3.4,"ratio":0.03,"load":2,"rf":0}},{"type":"Feature","geometry":{"type":"Point","coordinates":[6.95496,49.24977]},"properties":{"d":"35870","kva":400,"kwp":19.0,"ratio":0.05,"load":2,"rf":0}},{"type":"Feature","geometry":{"type":"Point","coordinates":[6.98105,49.21294]},"properties":{"d":"35870","kva":250,"kwp":5.0,"ratio":0.02,"load":3,"rf":0}},{"type":"Feature","geometry":{"type":"Point","coordinates":[6.8821,49.2233]},"properties":{"d":"35870","kva":250,"kwp":22.5,"ratio":0.09,"load":2,"rf":0}},{"type":"Feature","geometry":{"type":"Point","coordinates":[6.92335,49.23184]},"properties":{"d":"35870","kva":400,"kwp":25.5,"ratio":0.06,"load":3,"rf":0}},{"type":"Feature","geometry":{"type":"Point","coordinates":[6.89252,49.22327]},"properties":{"d":"35870","kva":160,"kwp":11.2,"ratio":0.07,"load":2,"rf":0}},{"type":"Feature","geometry":{"type":"Point","coordinates":[6.93211,49.23683]},"properties":{"d":"35870","kva":400,"kwp":28.2,"ratio":0.07,"load":3,"rf":0}},{"type":"Feature","geometry":{"type":"Point","coordinates":[6.98193,49.23041]},"properties":{"d":"35870","kva":630,"kwp":14.9,"ratio":0.02,"load":4,"rf":0}},{"type":"Feature","geometry":{"type":"Point","coordinates":[6.90959,49.24064]},"properties":{"d":"35870","kva":400,"kwp":20.8,"ratio":0.05,"load":3,"rf":0}},{"type":"Feature","geometry":{"type":"Point","coordinates":[6.96498,49.24298]},"properties":{"d":"35870","kva":630,"kwp":17.8,"ratio":0.03,"load":3,"rf":0}},{"type":"Feature","geometry":{"type":"Point","coordinates":[6.89561,49.23391]},"properties":{"d":"35870","kva":250,"kwp":11.8,"ratio":0.05,"load":2,"rf":0}},{"type":"Feature","geometry":{"type":"Point","coordinates":[6.92526,49.2323]},"properties":{"d":"35870","kva":400,"kwp":21.5,"ratio":0.05,"load":2,"rf":0}},{"type":"Feature","geometry":{"type":"Point","coordinates":[6.91209,49.23791]},"properties":{"d":"35870","kva":400,"kwp":27.9,"ratio":0.07,"load":3,"rf":0}},{"type":"Feature","geometry":{"type":"Point","coordinates":[6.89696,49.22543]},"properties":{"d":"35870","kva":250,"kwp":19.8,"ratio":0.08,"load":1,"rf":0}},{"type":"Feature","geometry":{"type":"Point","coordinates":[6.96681,49.21942]},"properties":{"d":"35870","kva":100,"kwp":69.4,"ratio":0.69,"load":54,"rf":0}},{"type":"Feature","geometry":{"type":"Point","coordinates":[6.91859,49.23913]},"properties":{"d":"35870","kva":250,"kwp":13.8,"ratio":0.06,"load":2,"rf":0}},{"type":"Feature","geometry":{"type":"Point","coordinates":[6.99158,49.22648]},"properties":{"d":"35870","kva":630,"kwp":4.4,"ratio":0.01,"load":5,"rf":0}},{"type":"Feature","geometry":{"type":"Point","coordinates":[6.94086,49.24061]},"properties":{"d":"35870","kva":630,"kwp":20.6,"ratio":0.03,"load":4,"rf":0}},{"type":"Feature","geometry":{"type":"Point","coordinates":[6.89136,49.22737]},"properties":{"d":"35870","kva":250,"kwp":25.8,"ratio":0.1,"load":1,"rf":0}},{"type":"Feature","geometry":{"type":"Point","coordinates":[6.99153,49.22084]},"properties":{"d":"35870","kva":630,"kwp":16.8,"ratio":0.03,"load":4,"rf":0}},{"type":"Feature","geometry":{"type":"Point","coordinates":[6.96355,49.20948]},"properties":{"d":"35870","kva":160,"kwp":5.9,"ratio":0.04,"load":4,"rf":0}},{"type":"Feature","geometry":{"type":"Point","coordinates":[6.93677,49.25374]},"properties":{"d":"35870","kva":100,"kwp":44.1,"ratio":0.44,"load":35,"rf":0}},{"type":"Feature","geometry":{"type":"Point","coordinates":[6.96364,49.21043]},"properties":{"d":"35870","kva":160,"kwp":13.4,"ratio":0.08,"load":2,"rf":0}},{"type":"Feature","geometry":{"type":"Point","coordinates":[6.96923,49.22743]},"properties":{"d":"35870","kva":400,"kwp":58.8,"ratio":0.15,"load":5,"rf":0}},{"type":"Feature","geometry":{"type":"Point","coordinates":[6.95054,49.24439]},"properties":{"d":"35870","kva":800,"kwp":44.2,"ratio":0.06,"load":2,"rf":0}},{"type":"Feature","geometry":{"type":"Point","coordinates":[6.93854,49.24557]},"properties":{"d":"35870","kva":250,"kwp":112.7,"ratio":0.45,"load":13,"rf":0}},{"type":"Feature","geometry":{"type":"Point","coordinates":[6.98712,49.22221]},"properties":{"d":"35870","kva":400,"kwp":36.3,"ratio":0.09,"load":3,"rf":0}},{"type":"Feature","geometry":{"type":"Point","coordinates":[6.95348,49.23257]},"properties":{"d":"35870","kva":250,"kwp":7.6,"ratio":0.03,"load":5,"rf":0}},{"type":"Feature","geometry":{"type":"Point","coordinates":[6.94638,49.23955]},"properties":{"d":"35870","kva":1000,"kwp":47.5,"ratio":0.05,"load":2,"rf":0}},{"type":"Feature","geometry":{"type":"Point","coordinates":[6.908,49.23469]},"properties":{"d":"35870","kva":400,"kwp":25.2,"ratio":0.06,"load":2,"rf":0}},{"type":"Feature","geometry":{"type":"Point","coordinates":[6.92186,49.25825]},"properties":{"d":"35870","kva":400,"kwp":13.7,"ratio":0.03,"load":4,"rf":0}},{"type":"Feature","geometry":{"type":"Point","coordinates":[6.97229,49.25137]},"properties":{"d":"35870","kva":400,"kwp":27.3,"ratio":0.07,"load":2,"rf":0}},{"type":"Feature","geometry":{"type":"Point","coordinates":[6.96123,49.25687]},"properties":{"d":"35870","kva":400,"kwp":43.5,"ratio":0.11,"load":1,"rf":0}},{"type":"Feature","geometry":{"type":"Point","coordinates":[6.96546,49.23914]},"properties":{"d":"35870","kva":630,"kwp":217.8,"ratio":0.35,"load":8,"rf":0}},{"type":"Feature","geometry":{"type":"Point","coordinates":[6.95504,49.23804]},"properties":{"d":"35870","kva":630,"kwp":5.4,"ratio":0.01,"load":7,"rf":0}},{"type":"Feature","geometry":{"type":"Point","coordinates":[6.96346,49.22229]},"properties":{"d":"35870","kva":800,"kwp":21.0,"ratio":0.03,"load":3,"rf":0}},{"type":"Feature","geometry":{"type":"Point","coordinates":[6.98913,49.23502]},"properties":{"d":"35870","kva":630,"kwp":55.5,"ratio":0.09,"load":4,"rf":0}},{"type":"Feature","geometry":{"type":"Point","coordinates":[6.98913,49.23502]},"properties":{"d":"35870","kva":630,"kwp":55.5,"ratio":0.09,"load":4,"rf":0}},{"type":"Feature","geometry":{"type":"Point","coordinates":[6.98818,49.21291]},"properties":{"d":"35870","kva":100,"kwp":2.1,"ratio":0.02,"load":1,"rf":0}},{"type":"Feature","geometry":{"type":"Point","coordinates":[6.96805,49.24797]},"properties":{"d":"35870","kva":1000,"kwp":28.8,"ratio":0.03,"load":4,"rf":0}},{"type":"Feature","geometry":{"type":"Point","coordinates":[6.9827,49.21375]},"properties":{"d":"35870","kva":400,"kwp":3.9,"ratio":0.01,"load":6,"rf":0}},{"type":"Feature","geometry":{"type":"Point","coordinates":[6.93496,49.24491]},"properties":{"d":"35870","kva":100,"kwp":45.2,"ratio":0.45,"load":34,"rf":0}},{"type":"Feature","geometry":{"type":"Point","coordinates":[6.98299,49.22183]},"properties":{"d":"35870","kva":400,"kwp":86.5,"ratio":0.22,"load":4,"rf":0}},{"type":"Feature","geometry":{"type":"Point","coordinates":[6.88877,49.23059]},"properties":{"d":"35870","kva":400,"kwp":21.4,"ratio":0.05,"load":2,"rf":0}},{"type":"Feature","geometry":{"type":"Point","coordinates":[6.93246,49.25397]},"properties":{"d":"35870","kva":630,"kwp":150.2,"ratio":0.24,"load":4,"rf":0}},{"type":"Feature","geometry":{"type":"Point","coordinates":[6.97954,49.2391]},"properties":{"d":"35870","kva":400,"kwp":1.8,"ratio":0.0,"load":8,"rf":0}},{"type":"Feature","geometry":{"type":"Point","coordinates":[6.97092,49.25931]},"properties":{"d":"35870","kva":400,"kwp":26.9,"ratio":0.07,"load":3,"rf":0}},{"type":"Feature","geometry":{"type":"Point","coordinates":[6.89493,49.24141]},"properties":{"d":"35870","kva":400,"kwp":30.9,"ratio":0.08,"load":3,"rf":0}},{"type":"Feature","geometry":{"type":"Point","coordinates":[6.95282,49.24675]},"properties":{"d":"35870","kva":1000,"kwp":69.5,"ratio":0.07,"load":2,"rf":0}},{"type":"Feature","geometry":{"type":"Point","coordinates":[6.94256,49.25047]},"properties":{"d":"35870","kva":250,"kwp":2.6,"ratio":0.01,"load":2,"rf":0}},{"type":"Feature","geometry":{"type":"Point","coordinates":[6.91106,49.26032]},"properties":{"d":"35870","kva":630,"kwp":30.4,"ratio":0.05,"load":2,"rf":0}},{"type":"Feature","geometry":{"type":"Point","coordinates":[6.97189,49.24351]},"properties":{"d":"35870","kva":630,"kwp":57.7,"ratio":0.09,"load":3,"rf":0}},{"type":"Feature","geometry":{"type":"Point","coordinates":[6.97189,49.24351]},"properties":{"d":"35870","kva":630,"kwp":57.7,"ratio":0.09,"load":3,"rf":0}},{"type":"Feature","geometry":{"type":"Point","coordinates":[6.9741,49.22652]},"properties":{"d":"35870","kva":400,"kwp":58.8,"ratio":0.15,"load":2,"rf":0}},{"type":"Feature","geometry":{"type":"Point","coordinates":[6.97634,49.21472]},"properties":{"d":"35870","kva":630,"kwp":6.7,"ratio":0.01,"load":7,"rf":0}},{"type":"Feature","geometry":{"type":"Point","coordinates":[6.89105,49.23838]},"properties":{"d":"35870","kva":400,"kwp":15.6,"ratio":0.04,"load":2,"rf":0}},{"type":"Feature","geometry":{"type":"Point","coordinates":[6.96801,49.23257]},"properties":{"d":"35870","kva":630,"kwp":126.8,"ratio":0.2,"load":4,"rf":0}},{"type":"Feature","geometry":{"type":"Point","coordinates":[6.93859,49.25061]},"properties":{"d":"35870","kva":630,"kwp":20.6,"ratio":0.03,"load":4,"rf":0}},{"type":"Feature","geometry":{"type":"Point","coordinates":[6.94192,49.23649]},"properties":{"d":"35870","kva":160,"kwp":91.4,"ratio":0.57,"load":41,"rf":0}},{"type":"Feature","geometry":{"type":"Point","coordinates":[6.99666,49.23956]},"properties":{"d":"35870","kva":1000,"kwp":46.0,"ratio":0.05,"load":3,"rf":0}},{"type":"Feature","geometry":{"type":"Point","coordinates":[6.98899,49.22499]},"properties":{"d":"35870","kva":400,"kwp":3.8,"ratio":0.01,"load":5,"rf":0}},{"type":"Feature","geometry":{"type":"Point","coordinates":[6.97432,49.24482]},"properties":{"d":"35870","kva":630,"kwp":51.0,"ratio":0.08,"load":5,"rf":0}},{"type":"Feature","geometry":{"type":"Point","coordinates":[6.97432,49.24482]},"properties":{"d":"35870","kva":630,"kwp":51.0,"ratio":0.08,"load":5,"rf":0}},{"type":"Feature","geometry":{"type":"Point","coordinates":[6.99477,49.25176]},"properties":{"d":"35870","kva":630,"kwp":65.4,"ratio":0.1,"load":1,"rf":0}},{"type":"Feature","geometry":{"type":"Point","coordinates":[6.8923,49.24406]},"properties":{"d":"35870","kva":630,"kwp":36.4,"ratio":0.06,"load":2,"rf":0}},{"type":"Feature","geometry":{"type":"Point","coordinates":[6.9049,49.23171]},"properties":{"d":"35870","kva":400,"kwp":27.6,"ratio":0.07,"load":2,"rf":0}},{"type":"Feature","geometry":{"type":"Point","coordinates":[6.95886,49.20542]},"properties":{"d":"35870","kva":250,"kwp":25.2,"ratio":0.1,"load":4,"rf":0}},{"type":"Feature","geometry":{"type":"Point","coordinates":[6.96589,49.23063]},"properties":{"d":"35870","kva":800,"kwp":43.7,"ratio":0.05,"load":2,"rf":0}},{"type":"Feature","geometry":{"type":"Point","coordinates":[6.90835,49.23186]},"properties":{"d":"35870","kva":400,"kwp":27.2,"ratio":0.07,"load":2,"rf":0}},{"type":"Feature","geometry":{"type":"Point","coordinates":[6.89343,49.22983]},"properties":{"d":"35870","kva":400,"kwp":21.5,"ratio":0.05,"load":2,"rf":0}},{"type":"Feature","geometry":{"type":"Point","coordinates":[6.90302,49.23043]},"properties":{"d":"35870","kva":250,"kwp":14.1,"ratio":0.06,"load":2,"rf":0}},{"type":"Feature","geometry":{"type":"Point","coordinates":[6.98449,49.23397]},"properties":{"d":"35870","kva":630,"kwp":1.6,"ratio":0.0,"load":4,"rf":0}},{"type":"Feature","geometry":{"type":"Point","coordinates":[6.97893,49.23021]},"properties":{"d":"35870","kva":400,"kwp":28.7,"ratio":0.07,"load":2,"rf":0}},{"type":"Feature","geometry":{"type":"Point","coordinates":[6.96139,49.25083]},"properties":{"d":"35870","kva":400,"kwp":30.8,"ratio":0.08,"load":2,"rf":0}},{"type":"Feature","geometry":{"type":"Point","coordinates":[6.98675,49.23921]},"properties":{"d":"35870","kva":630,"kwp":2.9,"ratio":0.0,"load":5,"rf":0}},{"type":"Feature","geometry":{"type":"Point","coordinates":[6.96119,49.20648]},"properties":{"d":"35870","kva":100,"kwp":5.9,"ratio":0.06,"load":3,"rf":0}},{"type":"Feature","geometry":{"type":"Point","coordinates":[6.94159,49.25295]},"properties":{"d":"35870","kva":250,"kwp":100.4,"ratio":0.4,"load":7,"rf":0}},{"type":"Feature","geometry":{"type":"Point","coordinates":[6.97831,49.2205]},"properties":{"d":"35870","kva":250,"kwp":52.1,"ratio":0.21,"load":3,"rf":0}},{"type":"Feature","geometry":{"type":"Point","coordinates":[6.99875,49.23608]},"properties":{"d":"35870","kva":630,"kwp":10.1,"ratio":0.02,"load":7,"rf":0}},{"type":"Feature","geometry":{"type":"Point","coordinates":[6.99875,49.23608]},"properties":{"d":"35870","kva":630,"kwp":10.1,"ratio":0.02,"load":7,"rf":0}},{"type":"Feature","geometry":{"type":"Point","coordinates":[6.92305,49.23616]},"properties":{"d":"35870","kva":630,"kwp":27.2,"ratio":0.04,"load":3,"rf":0}},{"type":"Feature","geometry":{"type":"Point","coordinates":[6.98631,49.22965]},"properties":{"d":"35870","kva":400,"kwp":4.0,"ratio":0.01,"load":7,"rf":0}},{"type":"Feature","geometry":{"type":"Point","coordinates":[6.88433,49.22757]},"properties":{"d":"35870","kva":400,"kwp":27.9,"ratio":0.07,"load":2,"rf":0}},{"type":"Feature","geometry":{"type":"Point","coordinates":[6.9752,49.25982]},"properties":{"d":"35870","kva":630,"kwp":50.6,"ratio":0.08,"load":2,"rf":0}},{"type":"Feature","geometry":{"type":"Point","coordinates":[6.99583,49.22359]},"properties":{"d":"35870","kva":630,"kwp":26.9,"ratio":0.04,"load":3,"rf":0}},{"type":"Feature","geometry":{"type":"Point","coordinates":[6.98552,49.2324]},"properties":{"d":"35870","kva":630,"kwp":2.4,"ratio":0.0,"load":6,"rf":0}},{"type":"Feature","geometry":{"type":"Point","coordinates":[6.97218,49.24085]},"properties":{"d":"35870","kva":800,"kwp":63.2,"ratio":0.08,"load":3,"rf":0}},{"type":"Feature","geometry":{"type":"Point","coordinates":[6.97218,49.24085]},"properties":{"d":"35870","kva":800,"kwp":63.2,"ratio":0.08,"load":3,"rf":0}},{"type":"Feature","geometry":{"type":"Point","coordinates":[6.90935,49.2576]},"properties":{"d":"35870","kva":400,"kwp":15.9,"ratio":0.04,"load":4,"rf":0}},{"type":"Feature","geometry":{"type":"Point","coordinates":[6.99088,49.23075]},"properties":{"d":"35870","kva":1000,"kwp":4.9,"ratio":0.0,"load":4,"rf":0}},{"type":"Feature","geometry":{"type":"Point","coordinates":[6.91521,49.24522]},"properties":{"d":"35870","kva":100,"kwp":0.5,"ratio":0.01,"load":0,"rf":0}},{"type":"Feature","geometry":{"type":"Point","coordinates":[6.9204,49.25623]},"properties":{"d":"35870","kva":100,"kwp":1.4,"ratio":0.01,"load":1,"rf":0}},{"type":"Feature","geometry":{"type":"Point","coordinates":[6.96229,49.25174]},"properties":{"d":"35870","kva":400,"kwp":26.9,"ratio":0.07,"load":3,"rf":0}},{"type":"Feature","geometry":{"type":"Point","coordinates":[6.97211,49.21248]},"properties":{"d":"35870","kva":630,"kwp":61.9,"ratio":0.1,"load":3,"rf":0}},{"type":"Feature","geometry":{"type":"Point","coordinates":[6.99258,49.22922]},"properties":{"d":"35870","kva":400,"kwp":2.0,"ratio":0.01,"load":6,"rf":0}},{"type":"Feature","geometry":{"type":"Point","coordinates":[6.93852,49.23585]},"properties":{"d":"35870","kva":100,"kwp":4.4,"ratio":0.04,"load":1,"rf":0}},{"type":"Feature","geometry":{"type":"Point","coordinates":[6.99441,49.23728]},"properties":{"d":"35870","kva":1000,"kwp":8.1,"ratio":0.01,"load":6,"rf":0}},{"type":"Feature","geometry":{"type":"Point","coordinates":[6.97318,49.24584]},"properties":{"d":"35870","kva":800,"kwp":34.0,"ratio":0.04,"load":2,"rf":0}},{"type":"Feature","geometry":{"type":"Point","coordinates":[6.94139,49.248]},"properties":{"d":"35870","kva":800,"kwp":22.2,"ratio":0.03,"load":2,"rf":0}},{"type":"Feature","geometry":{"type":"Point","coordinates":[6.91576,49.23669]},"properties":{"d":"35870","kva":630,"kwp":33.9,"ratio":0.05,"load":2,"rf":0}},{"type":"Feature","geometry":{"type":"Point","coordinates":[6.91537,49.25338]},"properties":{"d":"35870","kva":400,"kwp":15.9,"ratio":0.04,"load":3,"rf":0}},{"type":"Feature","geometry":{"type":"Point","coordinates":[6.99392,49.22604]},"properties":{"d":"35870","kva":800,"kwp":4.9,"ratio":0.01,"load":4,"rf":0}},{"type":"Feature","geometry":{"type":"Point","coordinates":[6.94597,49.24172]},"properties":{"d":"35870","kva":1000,"kwp":44.2,"ratio":0.04,"load":3,"rf":0}},{"type":"Feature","geometry":{"type":"Point","coordinates":[6.9925,49.23928]},"properties":{"d":"35870","kva":400,"kwp":0.8,"ratio":0.0,"load":4,"rf":0}},{"type":"Feature","geometry":{"type":"Point","coordinates":[6.96589,49.24487]},"properties":{"d":"35870","kva":800,"kwp":33.2,"ratio":0.04,"load":3,"rf":0}},{"type":"Feature","geometry":{"type":"Point","coordinates":[6.96622,49.21036]},"properties":{"d":"35870","kva":630,"kwp":54.0,"ratio":0.09,"load":2,"rf":0}},{"type":"Feature","geometry":{"type":"Point","coordinates":[6.99132,49.22358]},"properties":{"d":"35870","kva":250,"kwp":12.7,"ratio":0.05,"load":3,"rf":0}},{"type":"Feature","geometry":{"type":"Point","coordinates":[6.99829,49.23281]},"properties":{"d":"35870","kva":630,"kwp":6.3,"ratio":0.01,"load":5,"rf":0}},{"type":"Feature","geometry":{"type":"Point","coordinates":[6.97461,49.23472]},"properties":{"d":"35870","kva":630,"kwp":40.6,"ratio":0.06,"load":5,"rf":0}},{"type":"Feature","geometry":{"type":"Point","coordinates":[6.97461,49.23472]},"properties":{"d":"35870","kva":630,"kwp":40.6,"ratio":0.06,"load":5,"rf":0}},{"type":"Feature","geometry":{"type":"Point","coordinates":[6.91355,49.24919]},"properties":{"d":"35870","kva":400,"kwp":18.6,"ratio":0.05,"load":3,"rf":0}},{"type":"Feature","geometry":{"type":"Point","coordinates":[6.96775,49.2466]},"properties":{"d":"35870","kva":800,"kwp":21.3,"ratio":0.03,"load":4,"rf":0}},{"type":"Feature","geometry":{"type":"Point","coordinates":[6.9972,49.25004]},"properties":{"d":"35870","kva":630,"kwp":2.9,"ratio":0.0,"load":5,"rf":0}},{"type":"Feature","geometry":{"type":"Point","coordinates":[6.96883,49.24014]},"properties":{"d":"35870","kva":1000,"kwp":135.0,"ratio":0.14,"load":2,"rf":0}},{"type":"Feature","geometry":{"type":"Point","coordinates":[6.95446,49.23504]},"properties":{"d":"35870","kva":1000,"kwp":144.7,"ratio":0.14,"load":2,"rf":0}},{"type":"Feature","geometry":{"type":"Point","coordinates":[6.90798,49.2595]},"properties":{"d":"35870","kva":400,"kwp":17.1,"ratio":0.04,"load":4,"rf":0}},{"type":"Feature","geometry":{"type":"Point","coordinates":[6.9699,49.21305]},"properties":{"d":"35870","kva":630,"kwp":264.1,"ratio":0.42,"load":11,"rf":0}},{"type":"Feature","geometry":{"type":"Point","coordinates":[6.97798,49.24123]},"properties":{"d":"35870","kva":630,"kwp":35.7,"ratio":0.06,"load":4,"rf":0}},{"type":"Feature","geometry":{"type":"Point","coordinates":[6.97798,49.24123]},"properties":{"d":"35870","kva":630,"kwp":35.7,"ratio":0.06,"load":4,"rf":0}},{"type":"Feature","geometry":{"type":"Point","coordinates":[6.9709,49.25695]},"properties":{"d":"35870","kva":630,"kwp":47.4,"ratio":0.08,"load":3,"rf":0}},{"type":"Feature","geometry":{"type":"Point","coordinates":[6.97226,49.23463]},"properties":{"d":"35870","kva":400,"kwp":11.8,"ratio":0.03,"load":2,"rf":0}},{"type":"Feature","geometry":{"type":"Point","coordinates":[6.88812,49.22434]},"properties":{"d":"35870","kva":250,"kwp":24.8,"ratio":0.1,"load":1,"rf":0}},{"type":"Feature","geometry":{"type":"Point","coordinates":[6.99779,49.23098]},"properties":{"d":"35870","kva":800,"kwp":5.7,"ratio":0.01,"load":5,"rf":0}},{"type":"Feature","geometry":{"type":"Point","coordinates":[6.91455,49.23977]},"properties":{"d":"35870","kva":400,"kwp":33.3,"ratio":0.08,"load":2,"rf":0}},{"type":"Feature","geometry":{"type":"Point","coordinates":[6.97975,49.24888]},"properties":{"d":"35870","kva":630,"kwp":78.9,"ratio":0.13,"load":2,"rf":0}},{"type":"Feature","geometry":{"type":"Point","coordinates":[6.96557,49.25571]},"properties":{"d":"35870","kva":630,"kwp":69.1,"ratio":0.11,"load":2,"rf":0}},{"type":"Feature","geometry":{"type":"Point","coordinates":[6.97105,49.23107]},"properties":{"d":"35870","kva":630,"kwp":59.6,"ratio":0.09,"load":3,"rf":0}},{"type":"Feature","geometry":{"type":"Point","coordinates":[6.95583,49.25128]},"properties":{"d":"35870","kva":100,"kwp":5.5,"ratio":0.06,"load":1,"rf":0}},{"type":"Feature","geometry":{"type":"Point","coordinates":[6.94395,49.24057]},"properties":{"d":"35870","kva":630,"kwp":56.8,"ratio":0.09,"load":3,"rf":0}},{"type":"Feature","geometry":{"type":"Point","coordinates":[6.94395,49.24057]},"properties":{"d":"35870","kva":630,"kwp":56.8,"ratio":0.09,"load":3,"rf":0}},{"type":"Feature","geometry":{"type":"Point","coordinates":[6.98976,49.24532]},"properties":{"d":"35870","kva":630,"kwp":11.5,"ratio":0.02,"load":5,"rf":0}},{"type":"Feature","geometry":{"type":"Point","coordinates":[6.98976,49.24532]},"properties":{"d":"35870","kva":630,"kwp":11.5,"ratio":0.02,"load":5,"rf":0}},{"type":"Feature","geometry":{"type":"Point","coordinates":[6.9144,49.26136]},"properties":{"d":"35870","kva":630,"kwp":26.7,"ratio":0.04,"load":3,"rf":0}},{"type":"Feature","geometry":{"type":"Point","coordinates":[6.90221,49.24818]},"properties":{"d":"35870","kva":250,"kwp":94.1,"ratio":0.38,"load":7,"rf":0}},{"type":"Feature","geometry":{"type":"Point","coordinates":[6.91928,49.23563]},"properties":{"d":"35870","kva":400,"kwp":32.3,"ratio":0.08,"load":1,"rf":0}},{"type":"Feature","geometry":{"type":"Point","coordinates":[6.98893,49.24241]},"properties":{"d":"35870","kva":400,"kwp":194.8,"ratio":0.49,"load":15,"rf":0}},{"type":"Feature","geometry":{"type":"Point","coordinates":[6.99927,49.24552]},"properties":{"d":"35870","kva":1000,"kwp":3.1,"ratio":0.0,"load":3,"rf":0}},{"type":"Feature","geometry":{"type":"Point","coordinates":[6.92337,49.25119]},"properties":{"d":"35870","kva":160,"kwp":41.7,"ratio":0.26,"load":16,"rf":0}},{"type":"Feature","geometry":{"type":"Point","coordinates":[6.91364,49.26377]},"properties":{"d":"35870","kva":630,"kwp":23.3,"ratio":0.04,"load":4,"rf":0}},{"type":"Feature","geometry":{"type":"Point","coordinates":[6.9109,49.25534]},"properties":{"d":"35870","kva":400,"kwp":15.3,"ratio":0.04,"load":4,"rf":0}},{"type":"Feature","geometry":{"type":"Point","coordinates":[6.98805,49.24031]},"properties":{"d":"35870","kva":800,"kwp":1.8,"ratio":0.0,"load":6,"rf":0}},{"type":"Feature","geometry":{"type":"Point","coordinates":[6.96679,49.22911]},"properties":{"d":"35870","kva":400,"kwp":73.1,"ratio":0.18,"load":3,"rf":0}},{"type":"Feature","geometry":{"type":"Point","coordinates":[6.93141,49.24876]},"properties":{"d":"35870","kva":160,"kwp":5.5,"ratio":0.03,"load":3,"rf":0}},{"type":"Feature","geometry":{"type":"Point","coordinates":[6.98587,49.2404]},"properties":{"d":"35870","kva":800,"kwp":2.7,"ratio":0.0,"load":4,"rf":0}},{"type":"Feature","geometry":{"type":"Point","coordinates":[6.96277,49.24497]},"properties":{"d":"35870","kva":1000,"kwp":29.2,"ratio":0.03,"load":3,"rf":0}},{"type":"Feature","geometry":{"type":"Point","coordinates":[6.88983,49.23522]},"properties":{"d":"35870","kva":250,"kwp":57.0,"ratio":0.23,"load":12,"rf":0}},{"type":"Feature","geometry":{"type":"Point","coordinates":[6.95781,49.24104]},"properties":{"d":"35870","kva":100,"kwp":1.2,"ratio":0.01,"load":2,"rf":0}},{"type":"Feature","geometry":{"type":"Point","coordinates":[6.9653,49.24898]},"properties":{"d":"35870","kva":800,"kwp":121.7,"ratio":0.15,"load":19,"rf":0}},{"type":"Feature","geometry":{"type":"Point","coordinates":[6.9837,49.23205]},"properties":{"d":"35870","kva":630,"kwp":2.9,"ratio":0.0,"load":4,"rf":0}},{"type":"Feature","geometry":{"type":"Point","coordinates":[6.96442,49.22077]},"properties":{"d":"35870","kva":630,"kwp":27.7,"ratio":0.04,"load":3,"rf":0}},{"type":"Feature","geometry":{"type":"Point","coordinates":[6.96442,49.22077]},"properties":{"d":"35870","kva":630,"kwp":27.7,"ratio":0.04,"load":3,"rf":0}},{"type":"Feature","geometry":{"type":"Point","coordinates":[6.9781,49.22532]},"properties":{"d":"35870","kva":400,"kwp":28.6,"ratio":0.07,"load":1,"rf":0}},{"type":"Feature","geometry":{"type":"Point","coordinates":[6.98498,49.22634]},"properties":{"d":"35870","kva":800,"kwp":26.8,"ratio":0.03,"load":2,"rf":0}},{"type":"Feature","geometry":{"type":"Point","coordinates":[6.99024,49.23232]},"properties":{"d":"35870","kva":630,"kwp":4.4,"ratio":0.01,"load":7,"rf":0}},{"type":"Feature","geometry":{"type":"Point","coordinates":[6.98231,49.22451]},"properties":{"d":"35870","kva":630,"kwp":98.3,"ratio":0.16,"load":3,"rf":0}},{"type":"Feature","geometry":{"type":"Point","coordinates":[6.96442,49.24798]},"properties":{"d":"35870","kva":1000,"kwp":43.1,"ratio":0.04,"load":2,"rf":0}},{"type":"Feature","geometry":{"type":"Point","coordinates":[6.96498,49.23241]},"properties":{"d":"35870","kva":400,"kwp":201.9,"ratio":0.5,"load":16,"rf":0}},{"type":"Feature","geometry":{"type":"Point","coordinates":[6.97067,49.24596]},"properties":{"d":"35870","kva":800,"kwp":49.0,"ratio":0.06,"load":3,"rf":0}},{"type":"Feature","geometry":{"type":"Point","coordinates":[6.97067,49.24596]},"properties":{"d":"35870","kva":800,"kwp":49.0,"ratio":0.06,"load":3,"rf":0}},{"type":"Feature","geometry":{"type":"Point","coordinates":[6.99361,49.24505]},"properties":{"d":"35870","kva":630,"kwp":6.6,"ratio":0.01,"load":6,"rf":0}},{"type":"Feature","geometry":{"type":"Point","coordinates":[6.99361,49.24505]},"properties":{"d":"35870","kva":630,"kwp":6.6,"ratio":0.01,"load":6,"rf":0}},{"type":"Feature","geometry":{"type":"Point","coordinates":[6.99482,49.23894]},"properties":{"d":"35870","kva":1000,"kwp":4.6,"ratio":0.0,"load":6,"rf":0}},{"type":"Feature","geometry":{"type":"Point","coordinates":[6.96593,49.22699]},"properties":{"d":"35870","kva":630,"kwp":75.6,"ratio":0.12,"load":4,"rf":0}},{"type":"Feature","geometry":{"type":"Point","coordinates":[6.92131,49.26391]},"properties":{"d":"35870","kva":630,"kwp":36.1,"ratio":0.06,"load":3,"rf":0}},{"type":"Feature","geometry":{"type":"Point","coordinates":[6.97986,49.23993]},"properties":{"d":"35870","kva":800,"kwp":3.6,"ratio":0.0,"load":3,"rf":0}},{"type":"Feature","geometry":{"type":"Point","coordinates":[6.96177,49.24149]},"properties":{"d":"35870","kva":630,"kwp":99.8,"ratio":0.16,"load":2,"rf":0}},{"type":"Feature","geometry":{"type":"Point","coordinates":[6.96177,49.24149]},"properties":{"d":"35870","kva":630,"kwp":99.8,"ratio":0.16,"load":2,"rf":0}},{"type":"Feature","geometry":{"type":"Point","coordinates":[6.98006,49.2464]},"properties":{"d":"35870","kva":630,"kwp":19.8,"ratio":0.03,"load":4,"rf":0}},{"type":"Feature","geometry":{"type":"Point","coordinates":[6.987,49.23469]},"properties":{"d":"35870","kva":1000,"kwp":5.0,"ratio":0.01,"load":4,"rf":0}},{"type":"Feature","geometry":{"type":"Point","coordinates":[6.91007,49.22854]},"properties":{"d":"35870","kva":400,"kwp":39.3,"ratio":0.1,"load":2,"rf":0}},{"type":"Feature","geometry":{"type":"Point","coordinates":[6.99118,49.24888]},"properties":{"d":"35870","kva":800,"kwp":56.4,"ratio":0.07,"load":3,"rf":0}},{"type":"Feature","geometry":{"type":"Point","coordinates":[6.99441,49.2348]},"properties":{"d":"35870","kva":1000,"kwp":8.2,"ratio":0.01,"load":5,"rf":0}},{"type":"Feature","geometry":{"type":"Point","coordinates":[6.96739,49.25577]},"properties":{"d":"35870","kva":630,"kwp":45.4,"ratio":0.07,"load":2,"rf":0}},{"type":"Feature","geometry":{"type":"Point","coordinates":[6.98494,49.22336]},"properties":{"d":"35870","kva":400,"kwp":38.7,"ratio":0.1,"load":3,"rf":0}},{"type":"Feature","geometry":{"type":"Point","coordinates":[6.95925,49.24701]},"properties":{"d":"35870","kva":630,"kwp":20.1,"ratio":0.03,"load":5,"rf":0}},{"type":"Feature","geometry":{"type":"Point","coordinates":[6.92901,49.23512]},"properties":{"d":"35870","kva":630,"kwp":65.9,"ratio":0.1,"load":2,"rf":0}},{"type":"Feature","geometry":{"type":"Point","coordinates":[6.91476,49.25032]},"properties":{"d":"35870","kva":400,"kwp":15.1,"ratio":0.04,"load":4,"rf":0}},{"type":"Feature","geometry":{"type":"Point","coordinates":[6.94274,49.24498]},"properties":{"d":"35870","kva":630,"kwp":220.2,"ratio":0.35,"load":4,"rf":0}},{"type":"Feature","geometry":{"type":"Point","coordinates":[6.94274,49.24498]},"properties":{"d":"35870","kva":630,"kwp":220.2,"ratio":0.35,"load":4,"rf":0}},{"type":"Feature","geometry":{"type":"Point","coordinates":[6.92615,49.24425]},"properties":{"d":"35870","kva":630,"kwp":22.9,"ratio":0.04,"load":4,"rf":0}},{"type":"Feature","geometry":{"type":"Point","coordinates":[6.99844,49.23787]},"properties":{"d":"35870","kva":800,"kwp":10.8,"ratio":0.01,"load":5,"rf":0}},{"type":"Feature","geometry":{"type":"Point","coordinates":[6.99844,49.23787]},"properties":{"d":"35870","kva":800,"kwp":10.8,"ratio":0.01,"load":5,"rf":0}},{"type":"Feature","geometry":{"type":"Point","coordinates":[6.97638,49.21194]},"properties":{"d":"35870","kva":630,"kwp":59.2,"ratio":0.09,"load":2,"rf":0}},{"type":"Feature","geometry":{"type":"Point","coordinates":[6.98906,49.23776]},"properties":{"d":"35870","kva":800,"kwp":1.8,"ratio":0.0,"load":6,"rf":0}},{"type":"Feature","geometry":{"type":"Point","coordinates":[6.90419,49.23944]},"properties":{"d":"35870","kva":630,"kwp":52.1,"ratio":0.08,"load":2,"rf":0}},{"type":"Feature","geometry":{"type":"Point","coordinates":[6.90266,49.24296]},"properties":{"d":"35870","kva":250,"kwp":22.5,"ratio":0.09,"load":1,"rf":0}},{"type":"Feature","geometry":{"type":"Point","coordinates":[6.95848,49.25664]},"properties":{"d":"35870","kva":400,"kwp":38.7,"ratio":0.1,"load":1,"rf":0}},{"type":"Feature","geometry":{"type":"Point","coordinates":[6.95617,49.2409]},"properties":{"d":"35870","kva":630,"kwp":17.8,"ratio":0.03,"load":3,"rf":0}},{"type":"Feature","geometry":{"type":"Point","coordinates":[6.90183,49.23821]},"properties":{"d":"35870","kva":630,"kwp":50.1,"ratio":0.08,"load":2,"rf":0}},{"type":"Feature","geometry":{"type":"Point","coordinates":[6.93485,49.23664]},"properties":{"d":"35870","kva":400,"kwp":115.3,"ratio":0.29,"load":18,"rf":0}},{"type":"Feature","geometry":{"type":"Point","coordinates":[6.97807,49.23175]},"properties":{"d":"35870","kva":800,"kwp":40.9,"ratio":0.05,"load":5,"rf":0}},{"type":"Feature","geometry":{"type":"Point","coordinates":[6.97807,49.23175]},"properties":{"d":"35870","kva":800,"kwp":40.9,"ratio":0.05,"load":5,"rf":0}},{"type":"Feature","geometry":{"type":"Point","coordinates":[6.93894,49.24234]},"properties":{"d":"35870","kva":800,"kwp":126.7,"ratio":0.16,"load":2,"rf":0}},{"type":"Feature","geometry":{"type":"Point","coordinates":[6.93894,49.24234]},"properties":{"d":"35870","kva":800,"kwp":126.7,"ratio":0.16,"load":2,"rf":0}},{"type":"Feature","geometry":{"type":"Point","coordinates":[6.96787,49.25146]},"properties":{"d":"35870","kva":630,"kwp":20.9,"ratio":0.03,"load":4,"rf":0}},{"type":"Feature","geometry":{"type":"Point","coordinates":[6.93773,49.25203]},"properties":{"d":"35870","kva":630,"kwp":31.2,"ratio":0.05,"load":2,"rf":0}},{"type":"Feature","geometry":{"type":"Point","coordinates":[6.92397,49.24776]},"properties":{"d":"35870","kva":250,"kwp":8.0,"ratio":0.03,"load":4,"rf":0}},{"type":"Feature","geometry":{"type":"Point","coordinates":[6.91054,49.24242]},"properties":{"d":"35870","kva":400,"kwp":29.6,"ratio":0.07,"load":1,"rf":0}},{"type":"Feature","geometry":{"type":"Point","coordinates":[6.99196,49.23728]},"properties":{"d":"35870","kva":630,"kwp":116.0,"ratio":0.18,"load":3,"rf":0}},{"type":"Feature","geometry":{"type":"Point","coordinates":[6.99196,49.23728]},"properties":{"d":"35870","kva":630,"kwp":116.0,"ratio":0.18,"load":3,"rf":0}},{"type":"Feature","geometry":{"type":"Point","coordinates":[6.98971,49.21965]},"properties":{"d":"35870","kva":1000,"kwp":97.0,"ratio":0.1,"load":1,"rf":0}},{"type":"Feature","geometry":{"type":"Point","coordinates":[6.989,49.23044]},"properties":{"d":"35870","kva":400,"kwp":2.6,"ratio":0.01,"load":6,"rf":0}},{"type":"Feature","geometry":{"type":"Point","coordinates":[6.91998,49.24567]},"properties":{"d":"35870","kva":630,"kwp":20.8,"ratio":0.03,"load":5,"rf":0}},{"type":"Feature","geometry":{"type":"Point","coordinates":[6.97519,49.25621]},"properties":{"d":"35870","kva":630,"kwp":31.2,"ratio":0.05,"load":3,"rf":0}},{"type":"Feature","geometry":{"type":"Point","coordinates":[6.97405,49.22405]},"properties":{"d":"35870","kva":800,"kwp":156.2,"ratio":0.2,"load":4,"rf":0}},{"type":"Feature","geometry":{"type":"Point","coordinates":[6.95485,49.25436]},"properties":{"d":"35870","kva":400,"kwp":41.9,"ratio":0.1,"load":1,"rf":0}},{"type":"Feature","geometry":{"type":"Point","coordinates":[6.91898,49.25995]},"properties":{"d":"35870","kva":800,"kwp":37.0,"ratio":0.05,"load":2,"rf":0}},{"type":"Feature","geometry":{"type":"Point","coordinates":[6.90876,49.22614]},"properties":{"d":"35870","kva":400,"kwp":25.9,"ratio":0.06,"load":2,"rf":0}},{"type":"Feature","geometry":{"type":"Point","coordinates":[6.8967,49.2304]},"properties":{"d":"35870","kva":400,"kwp":24.5,"ratio":0.06,"load":3,"rf":0}},{"type":"Feature","geometry":{"type":"Point","coordinates":[6.97656,49.23968]},"properties":{"d":"35870","kva":1000,"kwp":26.1,"ratio":0.03,"load":3,"rf":0}},{"type":"Feature","geometry":{"type":"Point","coordinates":[6.98415,49.22052]},"properties":{"d":"35870","kva":630,"kwp":70.4,"ratio":0.11,"load":4,"rf":0}},{"type":"Feature","geometry":{"type":"Point","coordinates":[6.97164,49.23932]},"properties":{"d":"35870","kva":800,"kwp":75.5,"ratio":0.09,"load":4,"rf":0}},{"type":"Feature","geometry":{"type":"Point","coordinates":[6.97164,49.23932]},"properties":{"d":"35870","kva":800,"kwp":75.5,"ratio":0.09,"load":4,"rf":0}},{"type":"Feature","geometry":{"type":"Point","coordinates":[6.97164,49.23932]},"properties":{"d":"35870","kva":800,"kwp":75.5,"ratio":0.09,"load":4,"rf":0}},{"type":"Feature","geometry":{"type":"Point","coordinates":[6.92785,49.23701]},"properties":{"d":"35870","kva":630,"kwp":51.4,"ratio":0.08,"load":2,"rf":0}},{"type":"Feature","geometry":{"type":"Point","coordinates":[6.97054,49.24893]},"properties":{"d":"35870","kva":630,"kwp":41.9,"ratio":0.07,"load":5,"rf":0}},{"type":"Feature","geometry":{"type":"Point","coordinates":[6.97054,49.24893]},"properties":{"d":"35870","kva":630,"kwp":41.9,"ratio":0.07,"load":5,"rf":0}},{"type":"Feature","geometry":{"type":"Point","coordinates":[6.93888,49.24419]},"properties":{"d":"35870","kva":800,"kwp":64.0,"ratio":0.08,"load":1,"rf":0}},{"type":"Feature","geometry":{"type":"Point","coordinates":[6.97563,49.23295]},"properties":{"d":"35870","kva":1000,"kwp":73.1,"ratio":0.07,"load":2,"rf":0}},{"type":"Feature","geometry":{"type":"Point","coordinates":[6.97708,49.22768]},"properties":{"d":"35870","kva":800,"kwp":185.2,"ratio":0.23,"load":5,"rf":0}},{"type":"Feature","geometry":{"type":"Point","coordinates":[6.90174,49.22488]},"properties":{"d":"35870","kva":800,"kwp":75.9,"ratio":0.09,"load":2,"rf":0}},{"type":"Feature","geometry":{"type":"Point","coordinates":[6.9958,49.22745]},"properties":{"d":"35870","kva":630,"kwp":4.2,"ratio":0.01,"load":6,"rf":0}},{"type":"Feature","geometry":{"type":"Point","coordinates":[6.96548,49.23703]},"properties":{"d":"35870","kva":800,"kwp":201.8,"ratio":0.25,"load":3,"rf":0}},{"type":"Feature","geometry":{"type":"Point","coordinates":[6.99333,49.25412]},"properties":{"d":"35870","kva":800,"kwp":36.3,"ratio":0.05,"load":1,"rf":0}},{"type":"Feature","geometry":{"type":"Point","coordinates":[6.97988,49.23404]},"properties":{"d":"35870","kva":1000,"kwp":5.0,"ratio":0.01,"load":4,"rf":0}},{"type":"Feature","geometry":{"type":"Point","coordinates":[6.91171,49.25791]},"properties":{"d":"35870","kva":630,"kwp":27.0,"ratio":0.04,"load":5,"rf":0}},{"type":"Feature","geometry":{"type":"Point","coordinates":[6.99592,49.23315]},"properties":{"d":"35870","kva":630,"kwp":17.7,"ratio":0.03,"load":7,"rf":0}},{"type":"Feature","geometry":{"type":"Point","coordinates":[6.99592,49.23315]},"properties":{"d":"35870","kva":630,"kwp":17.7,"ratio":0.03,"load":7,"rf":0}},{"type":"Feature","geometry":{"type":"Point","coordinates":[6.96734,49.2217]},"properties":{"d":"35870","kva":160,"kwp":10.1,"ratio":0.06,"load":2,"rf":0}},{"type":"Feature","geometry":{"type":"Point","coordinates":[6.95825,49.25476]},"properties":{"d":"35870","kva":400,"kwp":40.3,"ratio":0.1,"load":1,"rf":0}},{"type":"Feature","geometry":{"type":"Point","coordinates":[6.90069,49.22746]},"properties":{"d":"35870","kva":630,"kwp":162.8,"ratio":0.26,"load":6,"rf":0}},{"type":"Feature","geometry":{"type":"Point","coordinates":[6.95333,49.24872]},"properties":{"d":"35870","kva":1000,"kwp":64.4,"ratio":0.06,"load":2,"rf":0}},{"type":"Feature","geometry":{"type":"Point","coordinates":[6.99427,49.21724]},"properties":{"d":"35870","kva":630,"kwp":46.8,"ratio":0.07,"load":2,"rf":0}},{"type":"Feature","geometry":{"type":"Point","coordinates":[6.97431,49.22021]},"properties":{"d":"35870","kva":100,"kwp":11.8,"ratio":0.12,"load":6,"rf":0}},{"type":"Feature","geometry":{"type":"Point","coordinates":[6.98633,49.22791]},"properties":{"d":"35870","kva":630,"kwp":6.6,"ratio":0.01,"load":6,"rf":0}},{"type":"Feature","geometry":{"type":"Point","coordinates":[6.91138,49.24697]},"properties":{"d":"35870","kva":400,"kwp":11.2,"ratio":0.03,"load":4,"rf":0}},{"type":"Feature","geometry":{"type":"Point","coordinates":[6.94845,49.24715]},"properties":{"d":"35870","kva":1000,"kwp":52.1,"ratio":0.05,"load":3,"rf":0}},{"type":"Feature","geometry":{"type":"Point","coordinates":[6.94235,49.2429]},"properties":{"d":"35870","kva":630,"kwp":68.2,"ratio":0.11,"load":5,"rf":0}},{"type":"Feature","geometry":{"type":"Point","coordinates":[6.94235,49.2429]},"properties":{"d":"35870","kva":630,"kwp":68.2,"ratio":0.11,"load":5,"rf":0}},{"type":"Feature","geometry":{"type":"Point","coordinates":[6.90251,49.23527]},"properties":{"d":"35870","kva":800,"kwp":38.3,"ratio":0.05,"load":4,"rf":0}},{"type":"Feature","geometry":{"type":"Point","coordinates":[6.99525,49.2485]},"properties":{"d":"35870","kva":630,"kwp":25.6,"ratio":0.04,"load":6,"rf":0}},{"type":"Feature","geometry":{"type":"Point","coordinates":[6.99525,49.2485]},"properties":{"d":"35870","kva":630,"kwp":25.6,"ratio":0.04,"load":6,"rf":0}},{"type":"Feature","geometry":{"type":"Point","coordinates":[6.97753,49.23382]},"properties":{"d":"35870","kva":800,"kwp":123.9,"ratio":0.15,"load":2,"rf":0}},{"type":"Feature","geometry":{"type":"Point","coordinates":[6.97753,49.23382]},"properties":{"d":"35870","kva":800,"kwp":123.9,"ratio":0.15,"load":2,"rf":0}},{"type":"Feature","geometry":{"type":"Point","coordinates":[6.99988,49.24009]},"properties":{"d":"35870","kva":630,"kwp":62.9,"ratio":0.1,"load":4,"rf":0}},{"type":"Feature","geometry":{"type":"Point","coordinates":[6.99988,49.24009]},"properties":{"d":"35870","kva":630,"kwp":62.9,"ratio":0.1,"load":4,"rf":0}},{"type":"Feature","geometry":{"type":"Point","coordinates":[6.93077,49.24393]},"properties":{"d":"35870","kva":630,"kwp":21.5,"ratio":0.03,"load":3,"rf":0}},{"type":"Feature","geometry":{"type":"Point","coordinates":[6.95698,49.21833]},"properties":{"d":"35870","kva":160,"kwp":26.9,"ratio":0.17,"load":9,"rf":0}},{"type":"Feature","geometry":{"type":"Point","coordinates":[6.9759,49.22271]},"properties":{"d":"35870","kva":400,"kwp":73.1,"ratio":0.18,"load":10,"rf":0}},{"type":"Feature","geometry":{"type":"Point","coordinates":[6.91639,49.25863]},"properties":{"d":"35870","kva":800,"kwp":32.7,"ratio":0.04,"load":3,"rf":0}},{"type":"Feature","geometry":{"type":"Point","coordinates":[6.95687,49.24409]},"properties":{"d":"35870","kva":800,"kwp":149.1,"ratio":0.19,"load":2,"rf":0}},{"type":"Feature","geometry":{"type":"Point","coordinates":[6.95687,49.24409]},"properties":{"d":"35870","kva":800,"kwp":149.1,"ratio":0.19,"load":2,"rf":0}},{"type":"Feature","geometry":{"type":"Point","coordinates":[6.97928,49.24346]},"properties":{"d":"35870","kva":630,"kwp":7.1,"ratio":0.01,"load":6,"rf":0}},{"type":"Feature","geometry":{"type":"Point","coordinates":[6.97564,49.25406]},"properties":{"d":"35870","kva":400,"kwp":21.3,"ratio":0.05,"load":2,"rf":0}},{"type":"Feature","geometry":{"type":"Point","coordinates":[6.98244,49.22766]},"properties":{"d":"35870","kva":800,"kwp":105.3,"ratio":0.13,"load":2,"rf":0}},{"type":"Feature","geometry":{"type":"Point","coordinates":[6.98244,49.22766]},"properties":{"d":"35870","kva":800,"kwp":105.3,"ratio":0.13,"load":2,"rf":0}},{"type":"Feature","geometry":{"type":"Point","coordinates":[6.96941,49.24337]},"properties":{"d":"35870","kva":800,"kwp":84.1,"ratio":0.11,"load":4,"rf":0}},{"type":"Feature","geometry":{"type":"Point","coordinates":[6.96941,49.24337]},"properties":{"d":"35870","kva":800,"kwp":84.1,"ratio":0.11,"load":4,"rf":0}},{"type":"Feature","geometry":{"type":"Point","coordinates":[6.93911,49.23979]},"properties":{"d":"35870","kva":100,"kwp":0.3,"ratio":0.0,"load":0,"rf":0}},{"type":"Feature","geometry":{"type":"Point","coordinates":[6.91721,49.26224]},"properties":{"d":"35870","kva":400,"kwp":19.8,"ratio":0.05,"load":3,"rf":0}},{"type":"Feature","geometry":{"type":"Point","coordinates":[6.96013,49.23752]},"properties":{"d":"35870","kva":400,"kwp":124.6,"ratio":0.31,"load":7,"rf":0}},{"type":"Feature","geometry":{"type":"Point","coordinates":[6.90449,49.2293]},"properties":{"d":"35870","kva":630,"kwp":201.2,"ratio":0.32,"load":8,"rf":0}},{"type":"Feature","geometry":{"type":"Point","coordinates":[6.9866,49.24769]},"properties":{"d":"35870","kva":800,"kwp":78.6,"ratio":0.1,"load":3,"rf":0}},{"type":"Feature","geometry":{"type":"Point","coordinates":[6.98689,49.24512]},"properties":{"d":"35870","kva":800,"kwp":234.9,"ratio":0.29,"load":2,"rf":0}},{"type":"Feature","geometry":{"type":"Point","coordinates":[6.98689,49.24512]},"properties":{"d":"35870","kva":800,"kwp":234.9,"ratio":0.29,"load":2,"rf":0}},{"type":"Feature","geometry":{"type":"Point","coordinates":[6.98689,49.24512]},"properties":{"d":"35870","kva":800,"kwp":234.9,"ratio":0.29,"load":2,"rf":0}},{"type":"Feature","geometry":{"type":"Point","coordinates":[6.97285,49.23176]},"properties":{"d":"35870","kva":630,"kwp":199.0,"ratio":0.32,"load":3,"rf":0}},{"type":"Feature","geometry":{"type":"Point","coordinates":[6.97285,49.23176]},"properties":{"d":"35870","kva":630,"kwp":199.0,"ratio":0.32,"load":3,"rf":0}},{"type":"Feature","geometry":{"type":"Point","coordinates":[6.94944,49.24195]},"properties":{"d":"35870","kva":630,"kwp":91.3,"ratio":0.14,"load":2,"rf":0}},{"type":"Feature","geometry":{"type":"Point","coordinates":[6.94944,49.24195]},"properties":{"d":"35870","kva":630,"kwp":91.3,"ratio":0.14,"load":2,"rf":0}},{"type":"Feature","geometry":{"type":"Point","coordinates":[6.89158,49.23265]},"properties":{"d":"35870","kva":630,"kwp":40.7,"ratio":0.06,"load":3,"rf":0}},{"type":"Feature","geometry":{"type":"Point","coordinates":[6.99353,49.20927]},"properties":{"d":"35870","kva":100,"kwp":9.8,"ratio":0.1,"load":5,"rf":0}},{"type":"Feature","geometry":{"type":"Point","coordinates":[7.02311,49.19542]},"properties":{"d":"35870","kva":630,"kwp":44.7,"ratio":0.07,"load":2,"rf":0}},{"type":"Feature","geometry":{"type":"Point","coordinates":[7.01753,49.19706]},"properties":{"d":"35870","kva":1000,"kwp":55.8,"ratio":0.06,"load":2,"rf":0}},{"type":"Feature","geometry":{"type":"Point","coordinates":[7.02584,49.19032]},"properties":{"d":"35870","kva":630,"kwp":82.0,"ratio":0.13,"load":4,"rf":0}},{"type":"Feature","geometry":{"type":"Point","coordinates":[7.02221,49.19242]},"properties":{"d":"35870","kva":630,"kwp":85.3,"ratio":0.14,"load":5,"rf":0}},{"type":"Feature","geometry":{"type":"Point","coordinates":[7.03727,49.17984]},"properties":{"d":"35870","kva":630,"kwp":123.9,"ratio":0.2,"load":3,"rf":0}},{"type":"Feature","geometry":{"type":"Point","coordinates":[7.03727,49.17984]},"properties":{"d":"35870","kva":630,"kwp":123.9,"ratio":0.2,"load":3,"rf":0}},{"type":"Feature","geometry":{"type":"Point","coordinates":[7.04415,49.17704]},"properties":{"d":"35870","kva":800,"kwp":141.3,"ratio":0.18,"load":3,"rf":0}},{"type":"Feature","geometry":{"type":"Point","coordinates":[7.04525,49.18343]},"properties":{"d":"35870","kva":400,"kwp":128.2,"ratio":0.32,"load":20,"rf":0}},{"type":"Feature","geometry":{"type":"Point","coordinates":[7.03878,49.18213]},"properties":{"d":"35870","kva":1000,"kwp":111.2,"ratio":0.11,"load":2,"rf":0}},{"type":"Feature","geometry":{"type":"Point","coordinates":[7.04215,49.18895]},"properties":{"d":"35870","kva":400,"kwp":48.1,"ratio":0.12,"load":4,"rf":0}},{"type":"Feature","geometry":{"type":"Point","coordinates":[7.04841,49.18283]},"properties":{"d":"35870","kva":250,"kwp":24.3,"ratio":0.1,"load":3,"rf":0}},{"type":"Feature","geometry":{"type":"Point","coordinates":[7.04115,49.18722]},"properties":{"d":"35870","kva":630,"kwp":100.8,"ratio":0.16,"load":3,"rf":0}},{"type":"Feature","geometry":{"type":"Point","coordinates":[7.03702,49.1874]},"properties":{"d":"35870","kva":400,"kwp":8.1,"ratio":0.02,"load":6,"rf":0}},{"type":"Feature","geometry":{"type":"Point","coordinates":[7.03679,49.1766]},"properties":{"d":"35870","kva":400,"kwp":119.6,"ratio":0.3,"load":19,"rf":0}},{"type":"Feature","geometry":{"type":"Point","coordinates":[7.04026,49.18019]},"properties":{"d":"35870","kva":400,"kwp":50.4,"ratio":0.13,"load":1,"rf":0}},{"type":"Feature","geometry":{"type":"Point","coordinates":[7.03526,49.19265]},"properties":{"d":"35870","kva":400,"kwp":54.4,"ratio":0.14,"load":2,"rf":0}},{"type":"Feature","geometry":{"type":"Point","coordinates":[7.04068,49.19105]},"properties":{"d":"35870","kva":250,"kwp":30.7,"ratio":0.12,"load":4,"rf":0}},{"type":"Feature","geometry":{"type":"Point","coordinates":[7.04776,49.17372]},"properties":{"d":"35870","kva":100,"kwp":6.9,"ratio":0.07,"load":2,"rf":0}},{"type":"Feature","geometry":{"type":"Point","coordinates":[6.83351,49.21544]},"properties":{"d":"35870","kva":160,"kwp":15.9,"ratio":0.1,"load":2,"rf":0}},{"type":"Feature","geometry":{"type":"Point","coordinates":[6.90593,49.26692]},"properties":{"d":"35870","kva":100,"kwp":2.2,"ratio":0.02,"load":2,"rf":0}},{"type":"Feature","geometry":{"type":"Point","coordinates":[6.96234,49.21482]},"properties":{"d":"35870","kva":100,"kwp":5.0,"ratio":0.05,"load":3,"rf":0}},{"type":"Feature","geometry":{"type":"Point","coordinates":[6.99718,49.26205]},"properties":{"d":"35870","kva":250,"kwp":11.7,"ratio":0.05,"load":3,"rf":0}},{"type":"Feature","geometry":{"type":"Point","coordinates":[6.99718,49.22058]},"properties":{"d":"35870","kva":100,"kwp":1.4,"ratio":0.01,"load":5,"rf":0}},{"type":"Feature","geometry":{"type":"Point","coordinates":[6.98149,49.21637]},"properties":{"d":"35870","kva":100,"kwp":0.8,"ratio":0.01,"load":2,"rf":0}},{"type":"Feature","geometry":{"type":"Point","coordinates":[6.97829,49.21648]},"properties":{"d":"35870","kva":630,"kwp":5.9,"ratio":0.01,"load":6,"rf":0}},{"type":"Feature","geometry":{"type":"Point","coordinates":[6.98105,49.21294]},"properties":{"d":"35870","kva":250,"kwp":5.0,"ratio":0.02,"load":3,"rf":0}},{"type":"Feature","geometry":{"type":"Point","coordinates":[6.94086,49.24061]},"properties":{"d":"35870","kva":630,"kwp":20.6,"ratio":0.03,"load":4,"rf":0}},{"type":"Feature","geometry":{"type":"Point","coordinates":[6.96355,49.20948]},"properties":{"d":"35870","kva":160,"kwp":5.9,"ratio":0.04,"load":4,"rf":0}},{"type":"Feature","geometry":{"type":"Point","coordinates":[6.93854,49.24557]},"properties":{"d":"35870","kva":250,"kwp":112.7,"ratio":0.45,"load":13,"rf":0}},{"type":"Feature","geometry":{"type":"Point","coordinates":[6.95348,49.23257]},"properties":{"d":"35870","kva":250,"kwp":7.6,"ratio":0.03,"load":5,"rf":0}},{"type":"Feature","geometry":{"type":"Point","coordinates":[6.96546,49.23914]},"properties":{"d":"35870","kva":630,"kwp":217.8,"ratio":0.35,"load":8,"rf":0}},{"type":"Feature","geometry":{"type":"Point","coordinates":[6.95504,49.23804]},"properties":{"d":"35870","kva":630,"kwp":5.4,"ratio":0.01,"load":7,"rf":0}},{"type":"Feature","geometry":{"type":"Point","coordinates":[6.9827,49.21375]},"properties":{"d":"35870","kva":400,"kwp":3.9,"ratio":0.01,"load":6,"rf":0}},{"type":"Feature","geometry":{"type":"Point","coordinates":[6.93246,49.25397]},"properties":{"d":"35870","kva":630,"kwp":150.2,"ratio":0.24,"load":4,"rf":0}},{"type":"Feature","geometry":{"type":"Point","coordinates":[6.97634,49.21472]},"properties":{"d":"35870","kva":630,"kwp":6.7,"ratio":0.01,"load":7,"rf":0}},{"type":"Feature","geometry":{"type":"Point","coordinates":[6.94914,49.2368]},"properties":{"d":"35870","kva":630,"kwp":12.6,"ratio":0.02,"load":7,"rf":0}},{"type":"Feature","geometry":{"type":"Point","coordinates":[6.94914,49.2368]},"properties":{"d":"35870","kva":630,"kwp":12.6,"ratio":0.02,"load":7,"rf":0}},{"type":"Feature","geometry":{"type":"Point","coordinates":[6.94914,49.2368]},"properties":{"d":"35870","kva":630,"kwp":12.6,"ratio":0.02,"load":7,"rf":0}},{"type":"Feature","geometry":{"type":"Point","coordinates":[6.94914,49.2368]},"properties":{"d":"35870","kva":630,"kwp":12.6,"ratio":0.02,"load":7,"rf":0}},{"type":"Feature","geometry":{"type":"Point","coordinates":[6.96801,49.23257]},"properties":{"d":"35870","kva":630,"kwp":126.8,"ratio":0.2,"load":4,"rf":0}},{"type":"Feature","geometry":{"type":"Point","coordinates":[6.98675,49.23921]},"properties":{"d":"35870","kva":630,"kwp":2.9,"ratio":0.0,"load":5,"rf":0}},{"type":"Feature","geometry":{"type":"Point","coordinates":[6.99875,49.23608]},"properties":{"d":"35870","kva":630,"kwp":10.1,"ratio":0.02,"load":7,"rf":0}},{"type":"Feature","geometry":{"type":"Point","coordinates":[6.97211,49.21248]},"properties":{"d":"35870","kva":630,"kwp":61.9,"ratio":0.1,"load":3,"rf":0}},{"type":"Feature","geometry":{"type":"Point","coordinates":[6.99441,49.23728]},"properties":{"d":"35870","kva":1000,"kwp":8.1,"ratio":0.01,"load":6,"rf":0}},{"type":"Feature","geometry":{"type":"Point","coordinates":[6.96589,49.24487]},"properties":{"d":"35870","kva":800,"kwp":33.2,"ratio":0.04,"load":3,"rf":0}},{"type":"Feature","geometry":{"type":"Point","coordinates":[6.96622,49.21036]},"properties":{"d":"35870","kva":630,"kwp":54.0,"ratio":0.09,"load":2,"rf":0}},{"type":"Feature","geometry":{"type":"Point","coordinates":[6.99829,49.23281]},"properties":{"d":"35870","kva":630,"kwp":6.3,"ratio":0.01,"load":5,"rf":0}},{"type":"Feature","geometry":{"type":"Point","coordinates":[6.91355,49.24919]},"properties":{"d":"35870","kva":400,"kwp":18.6,"ratio":0.05,"load":3,"rf":0}},{"type":"Feature","geometry":{"type":"Point","coordinates":[6.95446,49.23504]},"properties":{"d":"35870","kva":1000,"kwp":144.7,"ratio":0.14,"load":2,"rf":0}},{"type":"Feature","geometry":{"type":"Point","coordinates":[6.9699,49.21305]},"properties":{"d":"35870","kva":630,"kwp":264.1,"ratio":0.42,"load":11,"rf":0}},{"type":"Feature","geometry":{"type":"Point","coordinates":[6.99779,49.23098]},"properties":{"d":"35870","kva":800,"kwp":5.7,"ratio":0.01,"load":5,"rf":0}},{"type":"Feature","geometry":{"type":"Point","coordinates":[6.91455,49.23977]},"properties":{"d":"35870","kva":400,"kwp":33.3,"ratio":0.08,"load":2,"rf":0}},{"type":"Feature","geometry":{"type":"Point","coordinates":[6.97975,49.24888]},"properties":{"d":"35870","kva":630,"kwp":78.9,"ratio":0.13,"load":2,"rf":0}},{"type":"Feature","geometry":{"type":"Point","coordinates":[6.96557,49.25571]},"properties":{"d":"35870","kva":630,"kwp":69.1,"ratio":0.11,"load":2,"rf":0}},{"type":"Feature","geometry":{"type":"Point","coordinates":[6.98893,49.24241]},"properties":{"d":"35870","kva":400,"kwp":194.8,"ratio":0.49,"load":15,"rf":0}},{"type":"Feature","geometry":{"type":"Point","coordinates":[6.98805,49.24031]},"properties":{"d":"35870","kva":800,"kwp":1.8,"ratio":0.0,"load":6,"rf":0}},{"type":"Feature","geometry":{"type":"Point","coordinates":[6.95781,49.24104]},"properties":{"d":"35870","kva":100,"kwp":1.2,"ratio":0.01,"load":2,"rf":0}},{"type":"Feature","geometry":{"type":"Point","coordinates":[6.96498,49.23241]},"properties":{"d":"35870","kva":400,"kwp":201.9,"ratio":0.5,"load":16,"rf":0}},{"type":"Feature","geometry":{"type":"Point","coordinates":[6.99482,49.23894]},"properties":{"d":"35870","kva":1000,"kwp":4.6,"ratio":0.0,"load":6,"rf":0}},{"type":"Feature","geometry":{"type":"Point","coordinates":[6.92131,49.26391]},"properties":{"d":"35870","kva":630,"kwp":36.1,"ratio":0.06,"load":3,"rf":0}},{"type":"Feature","geometry":{"type":"Point","coordinates":[6.96177,49.24149]},"properties":{"d":"35870","kva":630,"kwp":99.8,"ratio":0.16,"load":2,"rf":0}},{"type":"Feature","geometry":{"type":"Point","coordinates":[6.91007,49.22854]},"properties":{"d":"35870","kva":400,"kwp":39.3,"ratio":0.1,"load":2,"rf":0}},{"type":"Feature","geometry":{"type":"Point","coordinates":[6.99118,49.24888]},"properties":{"d":"35870","kva":800,"kwp":56.4,"ratio":0.07,"load":3,"rf":0}},{"type":"Feature","geometry":{"type":"Point","coordinates":[6.99441,49.2348]},"properties":{"d":"35870","kva":1000,"kwp":8.2,"ratio":0.01,"load":5,"rf":0}},{"type":"Feature","geometry":{"type":"Point","coordinates":[6.92901,49.23512]},"properties":{"d":"35870","kva":630,"kwp":65.9,"ratio":0.1,"load":2,"rf":0}},{"type":"Feature","geometry":{"type":"Point","coordinates":[6.94274,49.24498]},"properties":{"d":"35870","kva":630,"kwp":220.2,"ratio":0.35,"load":4,"rf":0}},{"type":"Feature","geometry":{"type":"Point","coordinates":[6.95163,49.24004]},"properties":{"d":"35870","kva":630,"kwp":164.3,"ratio":0.26,"load":3,"rf":0}},{"type":"Feature","geometry":{"type":"Point","coordinates":[6.95163,49.24004]},"properties":{"d":"35870","kva":630,"kwp":164.3,"ratio":0.26,"load":3,"rf":0}},{"type":"Feature","geometry":{"type":"Point","coordinates":[6.95163,49.24004]},"properties":{"d":"35870","kva":630,"kwp":164.3,"ratio":0.26,"load":3,"rf":0}},{"type":"Feature","geometry":{"type":"Point","coordinates":[6.95163,49.24004]},"properties":{"d":"35870","kva":630,"kwp":164.3,"ratio":0.26,"load":3,"rf":0}},{"type":"Feature","geometry":{"type":"Point","coordinates":[6.95163,49.24004]},"properties":{"d":"35870","kva":630,"kwp":164.3,"ratio":0.26,"load":3,"rf":0}},{"type":"Feature","geometry":{"type":"Point","coordinates":[6.99844,49.23787]},"properties":{"d":"35870","kva":800,"kwp":10.8,"ratio":0.01,"load":5,"rf":0}},{"type":"Feature","geometry":{"type":"Point","coordinates":[6.97638,49.21194]},"properties":{"d":"35870","kva":630,"kwp":59.2,"ratio":0.09,"load":2,"rf":0}},{"type":"Feature","geometry":{"type":"Point","coordinates":[6.98906,49.23776]},"properties":{"d":"35870","kva":800,"kwp":1.8,"ratio":0.0,"load":6,"rf":0}},{"type":"Feature","geometry":{"type":"Point","coordinates":[6.99196,49.23728]},"properties":{"d":"35870","kva":630,"kwp":116.0,"ratio":0.18,"load":3,"rf":0}},{"type":"Feature","geometry":{"type":"Point","coordinates":[6.97405,49.22405]},"properties":{"d":"35870","kva":800,"kwp":156.2,"ratio":0.2,"load":4,"rf":0}},{"type":"Feature","geometry":{"type":"Point","coordinates":[6.92785,49.23701]},"properties":{"d":"35870","kva":630,"kwp":51.4,"ratio":0.08,"load":2,"rf":0}},{"type":"Feature","geometry":{"type":"Point","coordinates":[6.97708,49.22768]},"properties":{"d":"35870","kva":800,"kwp":185.2,"ratio":0.23,"load":5,"rf":0}},{"type":"Feature","geometry":{"type":"Point","coordinates":[6.90174,49.22488]},"properties":{"d":"35870","kva":800,"kwp":75.9,"ratio":0.09,"load":2,"rf":0}},{"type":"Feature","geometry":{"type":"Point","coordinates":[6.9958,49.22745]},"properties":{"d":"35870","kva":630,"kwp":4.2,"ratio":0.01,"load":6,"rf":0}},{"type":"Feature","geometry":{"type":"Point","coordinates":[6.96548,49.23703]},"properties":{"d":"35870","kva":800,"kwp":201.8,"ratio":0.25,"load":3,"rf":0}},{"type":"Feature","geometry":{"type":"Point","coordinates":[6.96934,49.21606]},"properties":{"d":"35870","kva":630,"kwp":115.0,"ratio":0.18,"load":3,"rf":0}},{"type":"Feature","geometry":{"type":"Point","coordinates":[6.96934,49.21606]},"properties":{"d":"35870","kva":630,"kwp":115.0,"ratio":0.18,"load":3,"rf":0}},{"type":"Feature","geometry":{"type":"Point","coordinates":[6.96934,49.21606]},"properties":{"d":"35870","kva":630,"kwp":115.0,"ratio":0.18,"load":3,"rf":0}},{"type":"Feature","geometry":{"type":"Point","coordinates":[6.96934,49.21606]},"properties":{"d":"35870","kva":630,"kwp":115.0,"ratio":0.18,"load":3,"rf":0}},{"type":"Feature","geometry":{"type":"Point","coordinates":[6.99592,49.23315]},"properties":{"d":"35870","kva":630,"kwp":17.7,"ratio":0.03,"load":7,"rf":0}},{"type":"Feature","geometry":{"type":"Point","coordinates":[6.90069,49.22746]},"properties":{"d":"35870","kva":630,"kwp":162.8,"ratio":0.26,"load":6,"rf":0}},{"type":"Feature","geometry":{"type":"Point","coordinates":[6.94845,49.24715]},"properties":{"d":"35870","kva":1000,"kwp":52.1,"ratio":0.05,"load":3,"rf":0}},{"type":"Feature","geometry":{"type":"Point","coordinates":[6.94235,49.2429]},"properties":{"d":"35870","kva":630,"kwp":68.2,"ratio":0.11,"load":5,"rf":0}},{"type":"Feature","geometry":{"type":"Point","coordinates":[6.90251,49.23527]},"properties":{"d":"35870","kva":800,"kwp":38.3,"ratio":0.05,"load":4,"rf":0}},{"type":"Feature","geometry":{"type":"Point","coordinates":[6.91639,49.25863]},"properties":{"d":"35870","kva":800,"kwp":32.7,"ratio":0.04,"load":3,"rf":0}},{"type":"Feature","geometry":{"type":"Point","coordinates":[6.97928,49.24346]},"properties":{"d":"35870","kva":630,"kwp":7.1,"ratio":0.01,"load":6,"rf":0}},{"type":"Feature","geometry":{"type":"Point","coordinates":[6.96941,49.24337]},"properties":{"d":"35870","kva":800,"kwp":84.1,"ratio":0.11,"load":4,"rf":0}},{"type":"Feature","geometry":{"type":"Point","coordinates":[6.91721,49.26224]},"properties":{"d":"35870","kva":400,"kwp":19.8,"ratio":0.05,"load":3,"rf":0}},{"type":"Feature","geometry":{"type":"Point","coordinates":[6.96013,49.23752]},"properties":{"d":"35870","kva":400,"kwp":124.6,"ratio":0.31,"load":7,"rf":0}},{"type":"Feature","geometry":{"type":"Point","coordinates":[6.90449,49.2293]},"properties":{"d":"35870","kva":630,"kwp":201.2,"ratio":0.32,"load":8,"rf":0}},{"type":"Feature","geometry":{"type":"Point","coordinates":[6.9866,49.24769]},"properties":{"d":"35870","kva":800,"kwp":78.6,"ratio":0.1,"load":3,"rf":0}},{"type":"Feature","geometry":{"type":"Point","coordinates":[6.97285,49.23176]},"properties":{"d":"35870","kva":630,"kwp":199.0,"ratio":0.32,"load":3,"rf":0}},{"type":"Feature","geometry":{"type":"Point","coordinates":[7.03727,49.17984]},"properties":{"d":"35870","kva":630,"kwp":123.9,"ratio":0.2,"load":3,"rf":0}},{"type":"Feature","geometry":{"type":"Point","coordinates":[7.04415,49.17704]},"properties":{"d":"35870","kva":800,"kwp":141.3,"ratio":0.18,"load":3,"rf":0}},{"type":"Feature","geometry":{"type":"Point","coordinates":[7.03878,49.18213]},"properties":{"d":"35870","kva":1000,"kwp":111.2,"ratio":0.11,"load":2,"rf":0}},{"type":"Feature","geometry":{"type":"Point","coordinates":[7.04115,49.18722]},"properties":{"d":"35870","kva":630,"kwp":100.8,"ratio":0.16,"load":3,"rf":0}},{"type":"Feature","geometry":{"type":"Point","coordinates":[7.03702,49.1874]},"properties":{"d":"35870","kva":400,"kwp":8.1,"ratio":0.02,"load":6,"rf":0}},{"type":"Feature","geometry":{"type":"Point","coordinates":[6.83351,49.21544]},"properties":{"d":"35870","kva":160,"kwp":15.9,"ratio":0.1,"load":2,"rf":0}},{"type":"Feature","geometry":{"type":"Point","coordinates":[6.91879,49.22853]},"properties":{"d":"35870","kva":630,"kwp":2.4,"ratio":0.0,"load":2,"rf":0}},{"type":"Feature","geometry":{"type":"Point","coordinates":[6.93691,49.23847]},"properties":{"d":"35870","kva":630,"kwp":1.3,"ratio":0.0,"load":1,"rf":0}},{"type":"Feature","geometry":{"type":"Point","coordinates":[6.91616,49.24629]},"properties":{"d":"35870","kva":630,"kwp":6.0,"ratio":0.01,"load":2,"rf":0}},{"type":"Feature","geometry":{"type":"Point","coordinates":[6.98149,49.21637]},"properties":{"d":"35870","kva":630,"kwp":0.8,"ratio":0.0,"load":2,"rf":0}},{"type":"Feature","geometry":{"type":"Point","coordinates":[6.95496,49.24977]},"properties":{"d":"35870","kva":630,"kwp":19.0,"ratio":0.03,"load":2,"rf":0}},{"type":"Feature","geometry":{"type":"Point","coordinates":[6.98105,49.21294]},"properties":{"d":"35870","kva":630,"kwp":5.0,"ratio":0.01,"load":3,"rf":0}},{"type":"Feature","geometry":{"type":"Point","coordinates":[6.96498,49.24298]},"properties":{"d":"35870","kva":630,"kwp":17.8,"ratio":0.03,"load":3,"rf":0}},{"type":"Feature","geometry":{"type":"Point","coordinates":[6.89696,49.22543]},"properties":{"d":"35870","kva":630,"kwp":19.8,"ratio":0.03,"load":1,"rf":0}},{"type":"Feature","geometry":{"type":"Point","coordinates":[6.89136,49.22737]},"properties":{"d":"35870","kva":630,"kwp":25.8,"ratio":0.04,"load":1,"rf":0}},{"type":"Feature","geometry":{"type":"Point","coordinates":[6.95054,49.24439]},"properties":{"d":"35870","kva":630,"kwp":44.2,"ratio":0.07,"load":3,"rf":0}},{"type":"Feature","geometry":{"type":"Point","coordinates":[6.94638,49.23955]},"properties":{"d":"35870","kva":630,"kwp":47.5,"ratio":0.08,"load":4,"rf":0}},{"type":"Feature","geometry":{"type":"Point","coordinates":[6.96123,49.25687]},"properties":{"d":"35870","kva":630,"kwp":43.5,"ratio":0.07,"load":1,"rf":0}},{"type":"Feature","geometry":{"type":"Point","coordinates":[6.98299,49.22183]},"properties":{"d":"35870","kva":630,"kwp":86.5,"ratio":0.14,"load":4,"rf":0}},{"type":"Feature","geometry":{"type":"Point","coordinates":[6.95282,49.24675]},"properties":{"d":"35870","kva":630,"kwp":69.5,"ratio":0.11,"load":3,"rf":0}},{"type":"Feature","geometry":{"type":"Point","coordinates":[6.94256,49.25047]},"properties":{"d":"35870","kva":630,"kwp":2.6,"ratio":0.0,"load":2,"rf":0}},{"type":"Feature","geometry":{"type":"Point","coordinates":[6.91106,49.26032]},"properties":{"d":"35870","kva":630,"kwp":30.4,"ratio":0.05,"load":2,"rf":0}},{"type":"Feature","geometry":{"type":"Point","coordinates":[6.97189,49.24351]},"properties":{"d":"35870","kva":630,"kwp":57.7,"ratio":0.09,"load":3,"rf":0}},{"type":"Feature","geometry":{"type":"Point","coordinates":[6.9741,49.22652]},"properties":{"d":"35870","kva":630,"kwp":58.8,"ratio":0.09,"load":2,"rf":0}},{"type":"Feature","geometry":{"type":"Point","coordinates":[6.99666,49.23956]},"properties":{"d":"35870","kva":630,"kwp":46.0,"ratio":0.07,"load":4,"rf":0}},{"type":"Feature","geometry":{"type":"Point","coordinates":[6.99477,49.25176]},"properties":{"d":"35870","kva":630,"kwp":65.4,"ratio":0.1,"load":1,"rf":0}},{"type":"Feature","geometry":{"type":"Point","coordinates":[6.98449,49.23397]},"properties":{"d":"35870","kva":630,"kwp":1.6,"ratio":0.0,"load":4,"rf":0}},{"type":"Feature","geometry":{"type":"Point","coordinates":[6.94159,49.25295]},"properties":{"d":"35870","kva":630,"kwp":100.4,"ratio":0.16,"load":7,"rf":0}},{"type":"Feature","geometry":{"type":"Point","coordinates":[6.97831,49.2205]},"properties":{"d":"35870","kva":630,"kwp":52.1,"ratio":0.08,"load":3,"rf":0}},{"type":"Feature","geometry":{"type":"Point","coordinates":[6.92305,49.23616]},"properties":{"d":"35870","kva":630,"kwp":27.2,"ratio":0.04,"load":3,"rf":0}},{"type":"Feature","geometry":{"type":"Point","coordinates":[6.97218,49.24085]},"properties":{"d":"35870","kva":630,"kwp":63.2,"ratio":0.1,"load":5,"rf":0}},{"type":"Feature","geometry":{"type":"Point","coordinates":[6.99088,49.23075]},"properties":{"d":"35870","kva":630,"kwp":4.9,"ratio":0.01,"load":6,"rf":0}},{"type":"Feature","geometry":{"type":"Point","coordinates":[6.97318,49.24584]},"properties":{"d":"35870","kva":630,"kwp":34.0,"ratio":0.05,"load":3,"rf":0}},{"type":"Feature","geometry":{"type":"Point","coordinates":[6.94139,49.248]},"properties":{"d":"35870","kva":630,"kwp":22.2,"ratio":0.04,"load":3,"rf":0}},{"type":"Feature","geometry":{"type":"Point","coordinates":[6.91576,49.23669]},"properties":{"d":"35870","kva":630,"kwp":33.9,"ratio":0.05,"load":2,"rf":0}},{"type":"Feature","geometry":{"type":"Point","coordinates":[6.99392,49.22604]},"properties":{"d":"35870","kva":630,"kwp":4.9,"ratio":0.01,"load":5,"rf":0}},{"type":"Feature","geometry":{"type":"Point","coordinates":[6.94597,49.24172]},"properties":{"d":"35870","kva":630,"kwp":44.2,"ratio":0.07,"load":4,"rf":0}},{"type":"Feature","geometry":{"type":"Point","coordinates":[6.9925,49.23928]},"properties":{"d":"35870","kva":630,"kwp":0.8,"ratio":0.0,"load":4,"rf":0}},{"type":"Feature","geometry":{"type":"Point","coordinates":[6.96883,49.24014]},"properties":{"d":"35870","kva":630,"kwp":135.0,"ratio":0.21,"load":3,"rf":0}},{"type":"Feature","geometry":{"type":"Point","coordinates":[6.95446,49.23504]},"properties":{"d":"35870","kva":630,"kwp":144.7,"ratio":0.23,"load":3,"rf":0}},{"type":"Feature","geometry":{"type":"Point","coordinates":[6.97798,49.24123]},"properties":{"d":"35870","kva":630,"kwp":35.7,"ratio":0.06,"load":4,"rf":0}},{"type":"Feature","geometry":{"type":"Point","coordinates":[6.88812,49.22434]},"properties":{"d":"35870","kva":630,"kwp":24.8,"ratio":0.04,"load":1,"rf":0}},{"type":"Feature","geometry":{"type":"Point","coordinates":[6.94395,49.24057]},"properties":{"d":"35870","kva":630,"kwp":56.8,"ratio":0.09,"load":3,"rf":0}},{"type":"Feature","geometry":{"type":"Point","coordinates":[6.98976,49.24532]},"properties":{"d":"35870","kva":630,"kwp":11.5,"ratio":0.02,"load":5,"rf":0}},{"type":"Feature","geometry":{"type":"Point","coordinates":[6.9144,49.26136]},"properties":{"d":"35870","kva":630,"kwp":26.7,"ratio":0.04,"load":3,"rf":0}},{"type":"Feature","geometry":{"type":"Point","coordinates":[6.90221,49.24818]},"properties":{"d":"35870","kva":630,"kwp":94.1,"ratio":0.15,"load":7,"rf":0}},{"type":"Feature","geometry":{"type":"Point","coordinates":[6.91928,49.23563]},"properties":{"d":"35870","kva":630,"kwp":32.3,"ratio":0.05,"load":1,"rf":0}},{"type":"Feature","geometry":{"type":"Point","coordinates":[6.99927,49.24552]},"properties":{"d":"35870","kva":630,"kwp":3.1,"ratio":0.0,"load":5,"rf":0}},{"type":"Feature","geometry":{"type":"Point","coordinates":[6.96679,49.22911]},"properties":{"d":"35870","kva":630,"kwp":73.1,"ratio":0.12,"load":3,"rf":0}},{"type":"Feature","geometry":{"type":"Point","coordinates":[6.98587,49.2404]},"properties":{"d":"35870","kva":630,"kwp":2.7,"ratio":0.0,"load":6,"rf":0}},{"type":"Feature","geometry":{"type":"Point","coordinates":[6.96277,49.24497]},"properties":{"d":"35870","kva":630,"kwp":29.2,"ratio":0.05,"load":4,"rf":0}},{"type":"Feature","geometry":{"type":"Point","coordinates":[6.95781,49.24104]},"properties":{"d":"35870","kva":630,"kwp":1.2,"ratio":0.0,"load":2,"rf":0}},{"type":"Feature","geometry":{"type":"Point","coordinates":[6.9837,49.23205]},"properties":{"d":"35870","kva":630,"kwp":2.9,"ratio":0.0,"load":4,"rf":0}},{"type":"Feature","geometry":{"type":"Point","coordinates":[6.9781,49.22532]},"properties":{"d":"35870","kva":630,"kwp":28.6,"ratio":0.05,"load":1,"rf":0}},{"type":"Feature","geometry":{"type":"Point","coordinates":[6.98498,49.22634]},"properties":{"d":"35870","kva":630,"kwp":26.8,"ratio":0.04,"load":3,"rf":0}},{"type":"Feature","geometry":{"type":"Point","coordinates":[6.98231,49.22451]},"properties":{"d":"35870","kva":630,"kwp":98.3,"ratio":0.16,"load":3,"rf":0}},{"type":"Feature","geometry":{"type":"Point","coordinates":[6.96442,49.24798]},"properties":{"d":"35870","kva":630,"kwp":43.1,"ratio":0.07,"load":3,"rf":0}},{"type":"Feature","geometry":{"type":"Point","coordinates":[6.97067,49.24596]},"properties":{"d":"35870","kva":630,"kwp":49.0,"ratio":0.08,"load":4,"rf":0}},{"type":"Feature","geometry":{"type":"Point","coordinates":[6.97986,49.23993]},"properties":{"d":"35870","kva":630,"kwp":3.6,"ratio":0.01,"load":5,"rf":0}},{"type":"Feature","geometry":{"type":"Point","coordinates":[6.987,49.23469]},"properties":{"d":"35870","kva":630,"kwp":5.0,"ratio":0.01,"load":6,"rf":0}},{"type":"Feature","geometry":{"type":"Point","coordinates":[6.99844,49.23787]},"properties":{"d":"35870","kva":630,"kwp":10.8,"ratio":0.02,"load":7,"rf":0}},{"type":"Feature","geometry":{"type":"Point","coordinates":[6.90419,49.23944]},"properties":{"d":"35870","kva":630,"kwp":52.1,"ratio":0.08,"load":2,"rf":0}},{"type":"Feature","geometry":{"type":"Point","coordinates":[6.90266,49.24296]},"properties":{"d":"35870","kva":630,"kwp":22.5,"ratio":0.04,"load":1,"rf":0}},{"type":"Feature","geometry":{"type":"Point","coordinates":[6.95848,49.25664]},"properties":{"d":"35870","kva":630,"kwp":38.7,"ratio":0.06,"load":1,"rf":0}},{"type":"Feature","geometry":{"type":"Point","coordinates":[6.90183,49.23821]},"properties":{"d":"35870","kva":630,"kwp":50.1,"ratio":0.08,"load":2,"rf":0}},{"type":"Feature","geometry":{"type":"Point","coordinates":[6.97807,49.23175]},"properties":{"d":"35870","kva":630,"kwp":40.9,"ratio":0.06,"load":7,"rf":0}},{"type":"Feature","geometry":{"type":"Point","coordinates":[6.93894,49.24234]},"properties":{"d":"35870","kva":630,"kwp":126.7,"ratio":0.2,"load":3,"rf":0}},{"type":"Feature","geometry":{"type":"Point","coordinates":[6.93773,49.25203]},"properties":{"d":"35870","kva":630,"kwp":31.2,"ratio":0.05,"load":2,"rf":0}},{"type":"Feature","geometry":{"type":"Point","coordinates":[6.91054,49.24242]},"properties":{"d":"35870","kva":630,"kwp":29.6,"ratio":0.05,"load":1,"rf":0}},{"type":"Feature","geometry":{"type":"Point","coordinates":[6.99196,49.23728]},"properties":{"d":"35870","kva":630,"kwp":116.0,"ratio":0.18,"load":3,"rf":0}},{"type":"Feature","geometry":{"type":"Point","coordinates":[6.98971,49.21965]},"properties":{"d":"35870","kva":630,"kwp":97.0,"ratio":0.15,"load":2,"rf":0}},{"type":"Feature","geometry":{"type":"Point","coordinates":[6.95485,49.25436]},"properties":{"d":"35870","kva":630,"kwp":41.9,"ratio":0.07,"load":1,"rf":0}},{"type":"Feature","geometry":{"type":"Point","coordinates":[6.91898,49.25995]},"properties":{"d":"35870","kva":630,"kwp":37.0,"ratio":0.06,"load":4,"rf":0}},{"type":"Feature","geometry":{"type":"Point","coordinates":[6.97656,49.23968]},"properties":{"d":"35870","kva":630,"kwp":26.1,"ratio":0.04,"load":5,"rf":0}},{"type":"Feature","geometry":{"type":"Point","coordinates":[6.97164,49.23932]},"properties":{"d":"35870","kva":630,"kwp":75.5,"ratio":0.12,"load":6,"rf":0}},{"type":"Feature","geometry":{"type":"Point","coordinates":[6.93888,49.24419]},"properties":{"d":"35870","kva":630,"kwp":64.0,"ratio":0.1,"load":1,"rf":0}},{"type":"Feature","geometry":{"type":"Point","coordinates":[6.97563,49.23295]},"properties":{"d":"35870","kva":630,"kwp":73.1,"ratio":0.12,"load":3,"rf":0}},{"type":"Feature","geometry":{"type":"Point","coordinates":[6.96548,49.23703]},"properties":{"d":"35870","kva":630,"kwp":201.8,"ratio":0.32,"load":5,"rf":0}},{"type":"Feature","geometry":{"type":"Point","coordinates":[6.99333,49.25412]},"properties":{"d":"35870","kva":630,"kwp":36.3,"ratio":0.06,"load":2,"rf":0}},{"type":"Feature","geometry":{"type":"Point","coordinates":[6.97988,49.23404]},"properties":{"d":"35870","kva":630,"kwp":5.0,"ratio":0.01,"load":6,"rf":0}},{"type":"Feature","geometry":{"type":"Point","coordinates":[6.95825,49.25476]},"properties":{"d":"35870","kva":630,"kwp":40.3,"ratio":0.06,"load":1,"rf":0}},{"type":"Feature","geometry":{"type":"Point","coordinates":[6.95333,49.24872]},"properties":{"d":"35870","kva":630,"kwp":64.4,"ratio":0.1,"load":3,"rf":0}},{"type":"Feature","geometry":{"type":"Point","coordinates":[6.97753,49.23382]},"properties":{"d":"35870","kva":630,"kwp":123.9,"ratio":0.2,"load":3,"rf":0}},{"type":"Feature","geometry":{"type":"Point","coordinates":[6.95687,49.24409]},"properties":{"d":"35870","kva":630,"kwp":149.1,"ratio":0.24,"load":3,"rf":0}},{"type":"Feature","geometry":{"type":"Point","coordinates":[6.98244,49.22766]},"properties":{"d":"35870","kva":630,"kwp":105.3,"ratio":0.17,"load":3,"rf":0}},{"type":"Feature","geometry":{"type":"Point","coordinates":[6.98689,49.24512]},"properties":{"d":"35870","kva":630,"kwp":234.9,"ratio":0.37,"load":3,"rf":0}},{"type":"Feature","geometry":{"type":"Point","coordinates":[6.94944,49.24195]},"properties":{"d":"35870","kva":630,"kwp":91.3,"ratio":0.14,"load":2,"rf":0}},{"type":"Feature","geometry":{"type":"Point","coordinates":[7.03727,49.17984]},"properties":{"d":"35870","kva":630,"kwp":123.9,"ratio":0.2,"load":3,"rf":0}},{"type":"Feature","geometry":{"type":"Point","coordinates":[7.04026,49.18019]},"properties":{"d":"35870","kva":630,"kwp":50.4,"ratio":0.08,"load":1,"rf":0}},{"type":"Feature","geometry":{"type":"Point","coordinates":[7.03526,49.19265]},"properties":{"d":"35870","kva":630,"kwp":54.4,"ratio":0.09,"load":2,"rf":0}},{"type":"Feature","geometry":{"type":"Point","coordinates":[7.03723,49.15607]},"properties":{"d":"36104","kva":630,"kwp":465.5,"ratio":0.74,"load":10,"rf":0}},{"type":"Feature","geometry":{"type":"Point","coordinates":[7.03723,49.15607]},"properties":{"d":"36104","kva":630,"kwp":465.5,"ratio":0.74,"load":10,"rf":0}},{"type":"Feature","geometry":{"type":"Point","coordinates":[7.03929,49.16334]},"properties":{"d":"36104","kva":800,"kwp":205.4,"ratio":0.26,"load":6,"rf":0}},{"type":"Feature","geometry":{"type":"Point","coordinates":[7.04189,49.15782]},"properties":{"d":"36104","kva":1000,"kwp":238.0,"ratio":0.24,"load":7,"rf":0}},{"type":"Feature","geometry":{"type":"Point","coordinates":[7.05297,49.1438]},"properties":{"d":"36104","kva":800,"kwp":314.1,"ratio":0.39,"load":11,"rf":0}},{"type":"Feature","geometry":{"type":"Point","coordinates":[7.03634,49.15856]},"properties":{"d":"36104","kva":800,"kwp":201.5,"ratio":0.25,"load":5,"rf":0}},{"type":"Feature","geometry":{"type":"Point","coordinates":[7.0561,49.14219]},"properties":{"d":"36104","kva":800,"kwp":263.1,"ratio":0.33,"load":10,"rf":0}},{"type":"Feature","geometry":{"type":"Point","coordinates":[7.03315,49.16625]},"properties":{"d":"36104","kva":250,"kwp":145.1,"ratio":0.58,"load":42,"rf":0}},{"type":"Feature","geometry":{"type":"Point","coordinates":[7.02907,49.16977]},"properties":{"d":"36104","kva":100,"kwp":100.2,"ratio":1.0,"load":75,"rf":0}},{"type":"Feature","geometry":{"type":"Point","coordinates":[7.05404,49.14074]},"properties":{"d":"36104","kva":400,"kwp":114.5,"ratio":0.29,"load":17,"rf":0}},{"type":"Feature","geometry":{"type":"Point","coordinates":[7.04689,49.14711]},"properties":{"d":"36104","kva":250,"kwp":71.4,"ratio":0.29,"load":17,"rf":0}},{"type":"Feature","geometry":{"type":"Point","coordinates":[7.0508,49.14787]},"properties":{"d":"36104","kva":400,"kwp":102.1,"ratio":0.26,"load":15,"rf":0}},{"type":"Feature","geometry":{"type":"Point","coordinates":[7.04427,49.15204]},"properties":{"d":"36104","kva":250,"kwp":57.8,"ratio":0.23,"load":14,"rf":0}},{"type":"Feature","geometry":{"type":"Point","coordinates":[7.05911,49.13881]},"properties":{"d":"36104","kva":400,"kwp":113.4,"ratio":0.28,"load":17,"rf":0}},{"type":"Feature","geometry":{"type":"Point","coordinates":[7.04648,49.14358]},"properties":{"d":"36104","kva":160,"kwp":35.2,"ratio":0.22,"load":13,"rf":0}},{"type":"Feature","geometry":{"type":"Point","coordinates":[7.03592,49.16334]},"properties":{"d":"36104","kva":400,"kwp":48.1,"ratio":0.12,"load":5,"rf":0}},{"type":"Feature","geometry":{"type":"Point","coordinates":[7.02913,49.16785]},"properties":{"d":"36104","kva":100,"kwp":0.6,"ratio":0.01,"load":1,"rf":0}},{"type":"Feature","geometry":{"type":"Point","coordinates":[7.04908,49.11833]},"properties":{"d":"36104","kva":630,"kwp":239.3,"ratio":0.38,"load":11,"rf":0}},{"type":"Feature","geometry":{"type":"Point","coordinates":[7.05001,49.12543]},"properties":{"d":"36104","kva":630,"kwp":166.2,"ratio":0.26,"load":16,"rf":0}},{"type":"Feature","geometry":{"type":"Point","coordinates":[7.05217,49.11835]},"properties":{"d":"36104","kva":1000,"kwp":322.6,"ratio":0.32,"load":5,"rf":0}},{"type":"Feature","geometry":{"type":"Point","coordinates":[7.06087,49.11834]},"properties":{"d":"36104","kva":400,"kwp":154.3,"ratio":0.39,"load":10,"rf":0}},{"type":"Feature","geometry":{"type":"Point","coordinates":[7.05972,49.11563]},"properties":{"d":"36104","kva":800,"kwp":282.4,"ratio":0.35,"load":10,"rf":0}},{"type":"Feature","geometry":{"type":"Point","coordinates":[7.04981,49.12296]},"properties":{"d":"36104","kva":400,"kwp":99.8,"ratio":0.25,"load":15,"rf":0}},{"type":"Feature","geometry":{"type":"Point","coordinates":[7.05478,49.11479]},"properties":{"d":"36104","kva":400,"kwp":141.8,"ratio":0.35,"load":10,"rf":0}},{"type":"Feature","geometry":{"type":"Point","coordinates":[7.06575,49.11613]},"properties":{"d":"36104","kva":400,"kwp":113.4,"ratio":0.28,"load":17,"rf":0}},{"type":"Feature","geometry":{"type":"Point","coordinates":[7.06367,49.17363]},"properties":{"d":"36104","kva":160,"kwp":129.1,"ratio":0.81,"load":66,"rf":1}},{"type":"Feature","geometry":{"type":"Point","coordinates":[7.07041,49.17418]},"properties":{"d":"36104","kva":100,"kwp":2.9,"ratio":0.03,"load":1,"rf":0}},{"type":"Feature","geometry":{"type":"Point","coordinates":[7.0697,49.12406]},"properties":{"d":"36104","kva":100,"kwp":2.3,"ratio":0.02,"load":1,"rf":0}},{"type":"Feature","geometry":{"type":"Point","coordinates":[7.0691,49.13412]},"properties":{"d":"36104","kva":630,"kwp":262.0,"ratio":0.42,"load":13,"rf":0}},{"type":"Feature","geometry":{"type":"Point","coordinates":[7.0657,49.12975]},"properties":{"d":"36104","kva":630,"kwp":175.8,"ratio":0.28,"load":17,"rf":0}},{"type":"Feature","geometry":{"type":"Point","coordinates":[7.06441,49.13159]},"properties":{"d":"36104","kva":400,"kwp":148.6,"ratio":0.37,"load":9,"rf":0}},{"type":"Feature","geometry":{"type":"Point","coordinates":[7.06242,49.12852]},"properties":{"d":"36104","kva":400,"kwp":137.2,"ratio":0.34,"load":8,"rf":0}},{"type":"Feature","geometry":{"type":"Point","coordinates":[7.07828,49.15113]},"properties":{"d":"36104","kva":250,"kwp":51.0,"ratio":0.2,"load":12,"rf":0}},{"type":"Feature","geometry":{"type":"Point","coordinates":[7.09068,49.15846]},"properties":{"d":"36104","kva":100,"kwp":1.1,"ratio":0.01,"load":0,"rf":0}},{"type":"Feature","geometry":{"type":"Point","coordinates":[7.09411,49.1653]},"properties":{"d":"36104","kva":630,"kwp":286.9,"ratio":0.46,"load":14,"rf":0}},{"type":"Feature","geometry":{"type":"Point","coordinates":[7.08752,49.1632]},"properties":{"d":"36104","kva":400,"kwp":142.9,"ratio":0.36,"load":8,"rf":0}},{"type":"Feature","geometry":{"type":"Point","coordinates":[7.08794,49.17001]},"properties":{"d":"36104","kva":630,"kwp":160.6,"ratio":0.25,"load":7,"rf":0}},{"type":"Feature","geometry":{"type":"Point","coordinates":[7.089,49.16535]},"properties":{"d":"36104","kva":630,"kwp":171.2,"ratio":0.27,"load":16,"rf":0}},{"type":"Feature","geometry":{"type":"Point","coordinates":[7.08602,49.16611]},"properties":{"d":"36104","kva":400,"kwp":157.6,"ratio":0.39,"load":12,"rf":0}},{"type":"Feature","geometry":{"type":"Point","coordinates":[7.09348,49.17674]},"properties":{"d":"36104","kva":160,"kwp":137.6,"ratio":0.86,"load":67,"rf":1}},{"type":"Feature","geometry":{"type":"Point","coordinates":[7.10056,49.15633]},"properties":{"d":"36104","kva":100,"kwp":5.7,"ratio":0.06,"load":3,"rf":0}},{"type":"Feature","geometry":{"type":"Point","coordinates":[7.10715,49.18829]},"properties":{"d":"36104","kva":100,"kwp":1.3,"ratio":0.01,"load":1,"rf":0}},{"type":"Feature","geometry":{"type":"Point","coordinates":[7.1098,49.18672]},"properties":{"d":"36104","kva":100,"kwp":5.4,"ratio":0.05,"load":4,"rf":0}},{"type":"Feature","geometry":{"type":"Point","coordinates":[7.12034,49.14451]},"properties":{"d":"36104","kva":630,"kwp":215.5,"ratio":0.34,"load":10,"rf":0}},{"type":"Feature","geometry":{"type":"Point","coordinates":[7.11471,49.14963]},"properties":{"d":"36104","kva":630,"kwp":293.7,"ratio":0.47,"load":15,"rf":0}},{"type":"Feature","geometry":{"type":"Point","coordinates":[7.11379,49.15354]},"properties":{"d":"36104","kva":400,"kwp":144.0,"ratio":0.36,"load":9,"rf":0}},{"type":"Feature","geometry":{"type":"Point","coordinates":[7.11334,49.14687]},"properties":{"d":"36104","kva":630,"kwp":169.0,"ratio":0.27,"load":15,"rf":0}},{"type":"Feature","geometry":{"type":"Point","coordinates":[7.10984,49.15562]},"properties":{"d":"36104","kva":400,"kwp":138.3,"ratio":0.35,"load":8,"rf":0}},{"type":"Feature","geometry":{"type":"Point","coordinates":[7.11839,49.19253]},"properties":{"d":"36104","kva":100,"kwp":24.4,"ratio":0.24,"load":18,"rf":0}},{"type":"Feature","geometry":{"type":"Point","coordinates":[7.15118,49.19759]},"properties":{"d":"36104","kva":400,"kwp":213.8,"ratio":0.53,"load":38,"rf":0}},{"type":"Feature","geometry":{"type":"Point","coordinates":[7.14034,49.19762]},"properties":{"d":"36104","kva":400,"kwp":194.8,"ratio":0.49,"load":35,"rf":0}},{"type":"Feature","geometry":{"type":"Point","coordinates":[7.13898,49.1925]},"properties":{"d":"36104","kva":400,"kwp":211.1,"ratio":0.53,"load":37,"rf":0}},{"type":"Feature","geometry":{"type":"Point","coordinates":[7.13892,49.19685]},"properties":{"d":"36104","kva":400,"kwp":184.0,"ratio":0.46,"load":34,"rf":0}},{"type":"Feature","geometry":{"type":"Point","coordinates":[7.14338,49.19247]},"properties":{"d":"36104","kva":250,"kwp":119.1,"ratio":0.48,"load":35,"rf":0}},{"type":"Feature","geometry":{"type":"Point","coordinates":[7.14246,49.19807]},"properties":{"d":"36104","kva":160,"kwp":75.8,"ratio":0.47,"load":33,"rf":0}},{"type":"Feature","geometry":{"type":"Point","coordinates":[7.13117,49.19505]},"properties":{"d":"36104","kva":160,"kwp":75.8,"ratio":0.47,"load":35,"rf":0}},{"type":"Feature","geometry":{"type":"Point","coordinates":[7.127,49.19375]},"properties":{"d":"36104","kva":160,"kwp":83.9,"ratio":0.52,"load":38,"rf":0}},{"type":"Feature","geometry":{"type":"Point","coordinates":[7.14518,49.20004]},"properties":{"d":"36104","kva":400,"kwp":229.8,"ratio":0.57,"load":42,"rf":0}},{"type":"Feature","geometry":{"type":"Point","coordinates":[7.13941,49.19447]},"properties":{"d":"36104","kva":250,"kwp":159.7,"ratio":0.64,"load":13,"rf":0}},{"type":"Feature","geometry":{"type":"Point","coordinates":[7.14373,49.19796]},"properties":{"d":"36104","kva":250,"kwp":83.9,"ratio":0.34,"load":21,"rf":0}},{"type":"Feature","geometry":{"type":"Point","coordinates":[7.14689,49.19736]},"properties":{"d":"36104","kva":160,"kwp":81.2,"ratio":0.51,"load":37,"rf":0}},{"type":"Feature","geometry":{"type":"Point","coordinates":[7.1486,49.19539]},"properties":{"d":"36104","kva":160,"kwp":73.1,"ratio":0.46,"load":33,"rf":0}},{"type":"Feature","geometry":{"type":"Point","coordinates":[7.16208,49.20409]},"properties":{"d":"36104","kva":100,"kwp":32.5,"ratio":0.32,"load":24,"rf":0}},{"type":"Feature","geometry":{"type":"Point","coordinates":[7.12861,49.19603]},"properties":{"d":"36104","kva":160,"kwp":89.3,"ratio":0.56,"load":41,"rf":0}},{"type":"Feature","geometry":{"type":"Point","coordinates":[7.1447,49.1938]},"properties":{"d":"36104","kva":160,"kwp":81.2,"ratio":0.51,"load":37,"rf":0}},{"type":"Feature","geometry":{"type":"Point","coordinates":[7.159,49.20147]},"properties":{"d":"36104","kva":100,"kwp":27.1,"ratio":0.27,"load":20,"rf":0}},{"type":"Feature","geometry":{"type":"Point","coordinates":[7.14606,49.19422]},"properties":{"d":"36104","kva":250,"kwp":97.4,"ratio":0.39,"load":27,"rf":0}},{"type":"Feature","geometry":{"type":"Point","coordinates":[7.15413,49.1991]},"properties":{"d":"36104","kva":100,"kwp":62.3,"ratio":0.62,"load":49,"rf":0}},{"type":"Feature","geometry":{"type":"Point","coordinates":[7.13702,49.19556]},"properties":{"d":"36104","kva":160,"kwp":97.4,"ratio":0.61,"load":9,"rf":0}},{"type":"Feature","geometry":{"type":"Point","coordinates":[7.14121,49.19411]},"properties":{"d":"36104","kva":160,"kwp":119.1,"ratio":0.74,"load":55,"rf":0}},{"type":"Feature","geometry":{"type":"Point","coordinates":[7.14388,49.19552]},"properties":{"d":"36104","kva":400,"kwp":211.1,"ratio":0.53,"load":14,"rf":0}},{"type":"Feature","geometry":{"type":"Point","coordinates":[7.14476,49.19238]},"properties":{"d":"36104","kva":160,"kwp":67.7,"ratio":0.42,"load":29,"rf":0}},{"type":"Feature","geometry":{"type":"Point","coordinates":[7.12183,49.1926]},"properties":{"d":"36104","kva":100,"kwp":10.8,"ratio":0.11,"load":8,"rf":0}},{"type":"Feature","geometry":{"type":"Point","coordinates":[7.14274,49.1971]},"properties":{"d":"36104","kva":250,"kwp":86.6,"ratio":0.35,"load":23,"rf":0}},{"type":"Feature","geometry":{"type":"Point","coordinates":[7.14914,49.1967]},"properties":{"d":"36104","kva":160,"kwp":62.2,"ratio":0.39,"load":5,"rf":0}},{"type":"Feature","geometry":{"type":"Point","coordinates":[7.14657,49.19596]},"properties":{"d":"36104","kva":160,"kwp":70.4,"ratio":0.44,"load":31,"rf":0}},{"type":"Feature","geometry":{"type":"Point","coordinates":[7.14524,49.19685]},"properties":{"d":"36104","kva":250,"kwp":94.7,"ratio":0.38,"load":26,"rf":0}},{"type":"Feature","geometry":{"type":"Point","coordinates":[7.13115,49.19387]},"properties":{"d":"36104","kva":100,"kwp":76.3,"ratio":0.76,"load":60,"rf":0}},{"type":"Feature","geometry":{"type":"Point","coordinates":[7.11378,49.18226]},"properties":{"d":"36104","kva":100,"kwp":5.4,"ratio":0.05,"load":4,"rf":0}},{"type":"Feature","geometry":{"type":"Point","coordinates":[7.12015,49.16031]},"properties":{"d":"36104","kva":100,"kwp":12.5,"ratio":0.12,"load":7,"rf":0}},{"type":"Feature","geometry":{"type":"Point","coordinates":[7.12487,49.19919]},"properties":{"d":"36104","kva":100,"kwp":8.1,"ratio":0.08,"load":6,"rf":0}},{"type":"Feature","geometry":{"type":"Point","coordinates":[7.12374,49.18221]},"properties":{"d":"36104","kva":100,"kwp":2.7,"ratio":0.03,"load":1,"rf":0}},{"type":"Feature","geometry":{"type":"Point","coordinates":[7.12832,49.14908]},"properties":{"d":"36104","kva":100,"kwp":2.3,"ratio":0.02,"load":69,"rf":0}},{"type":"Feature","geometry":{"type":"Point","coordinates":[7.13576,49.13332]},"properties":{"d":"36104","kva":630,"kwp":180.3,"ratio":0.29,"load":17,"rf":0}},{"type":"Feature","geometry":{"type":"Point","coordinates":[7.13286,49.13647]},"properties":{"d":"36104","kva":400,"kwp":93.0,"ratio":0.23,"load":14,"rf":0}},{"type":"Feature","geometry":{"type":"Point","coordinates":[7.13902,49.22958]},"properties":{"d":"36104","kva":800,"kwp":147.6,"ratio":0.18,"load":3,"rf":0}},{"type":"Feature","geometry":{"type":"Point","coordinates":[7.13072,49.23272]},"properties":{"d":"36104","kva":400,"kwp":77.2,"ratio":0.19,"load":4,"rf":0}},{"type":"Feature","geometry":{"type":"Point","coordinates":[7.14179,49.22543]},"properties":{"d":"36104","kva":250,"kwp":36.0,"ratio":0.14,"load":1,"rf":0}},{"type":"Feature","geometry":{"type":"Point","coordinates":[7.13202,49.17993]},"properties":{"d":"36104","kva":100,"kwp":2.7,"ratio":0.03,"load":2,"rf":0}},{"type":"Feature","geometry":{"type":"Point","coordinates":[7.14108,49.17251]},"properties":{"d":"36104","kva":100,"kwp":5.4,"ratio":0.05,"load":4,"rf":0}},{"type":"Feature","geometry":{"type":"Point","coordinates":[7.14169,49.2158]},"properties":{"d":"36104","kva":100,"kwp":4.0,"ratio":0.04,"load":2,"rf":0}},{"type":"Feature","geometry":{"type":"Point","coordinates":[7.15974,49.22491]},"properties":{"d":"36104","kva":1000,"kwp":257.0,"ratio":0.26,"load":6,"rf":0}},{"type":"Feature","geometry":{"type":"Point","coordinates":[7.15707,49.21948]},"properties":{"d":"36104","kva":630,"kwp":231.2,"ratio":0.37,"load":11,"rf":0}},{"type":"Feature","geometry":{"type":"Point","coordinates":[7.15498,49.21906]},"properties":{"d":"36104","kva":630,"kwp":143.2,"ratio":0.23,"load":12,"rf":0}},{"type":"Feature","geometry":{"type":"Point","coordinates":[7.1614,49.21266]},"properties":{"d":"36104","kva":160,"kwp":127.0,"ratio":0.79,"load":59,"rf":0}},{"type":"Feature","geometry":{"type":"Point","coordinates":[7.16509,49.21847]},"properties":{"d":"36104","kva":400,"kwp":332.8,"ratio":0.83,"load":23,"rf":0}},{"type":"Feature","geometry":{"type":"Point","coordinates":[7.15943,49.21606]},"properties":{"d":"36104","kva":250,"kwp":170.5,"ratio":0.68,"load":14,"rf":0}},{"type":"Feature","geometry":{"type":"Point","coordinates":[7.15992,49.16426]},"properties":{"d":"36104","kva":630,"kwp":495.2,"ratio":0.79,"load":32,"rf":0}},{"type":"Feature","geometry":{"type":"Point","coordinates":[7.16166,49.1675]},"properties":{"d":"36104","kva":400,"kwp":235.4,"ratio":0.59,"load":42,"rf":0}},{"type":"Feature","geometry":{"type":"Point","coordinates":[7.16341,49.18469]},"properties":{"d":"36104","kva":400,"kwp":332.8,"ratio":0.83,"load":23,"rf":0}},{"type":"Feature","geometry":{"type":"Point","coordinates":[7.16484,49.18327]},"properties":{"d":"36104","kva":400,"kwp":316.6,"ratio":0.79,"load":22,"rf":0}},{"type":"Feature","geometry":{"type":"Point","coordinates":[7.16351,49.15542]},"properties":{"d":"36104","kva":100,"kwp":10.8,"ratio":0.11,"load":8,"rf":0}},{"type":"Feature","geometry":{"type":"Point","coordinates":[7.16251,49.23236]},"properties":{"d":"36104","kva":100,"kwp":1.7,"ratio":0.02,"load":1,"rf":0}},{"type":"Feature","geometry":{"type":"Point","coordinates":[7.16717,49.19717]},"properties":{"d":"36104","kva":100,"kwp":102.6,"ratio":1.03,"load":84,"rf":0}},{"type":"Feature","geometry":{"type":"Point","coordinates":[7.18642,49.19554]},"properties":{"d":"36104","kva":630,"kwp":622.4,"ratio":0.99,"load":35,"rf":0}},{"type":"Feature","geometry":{"type":"Point","coordinates":[7.18045,49.1964]},"properties":{"d":"36104","kva":630,"kwp":549.8,"ratio":0.87,"load":32,"rf":0}},{"type":"Feature","geometry":{"type":"Point","coordinates":[7.17316,49.20233]},"properties":{"d":"36104","kva":250,"kwp":159.7,"ratio":0.64,"load":46,"rf":0}},{"type":"Feature","geometry":{"type":"Point","coordinates":[7.16617,49.23506]},"properties":{"d":"36104","kva":100,"kwp":0.6,"ratio":0.01,"load":0,"rf":0}},{"type":"Feature","geometry":{"type":"Point","coordinates":[7.17167,49.20611]},"properties":{"d":"36104","kva":100,"kwp":2.7,"ratio":0.03,"load":2,"rf":0}},{"type":"Feature","geometry":{"type":"Point","coordinates":[7.16855,49.22898]},"properties":{"d":"36104","kva":100,"kwp":46.1,"ratio":0.46,"load":38,"rf":0}},{"type":"Feature","geometry":{"type":"Point","coordinates":[7.17719,49.22719]},"properties":{"d":"36104","kva":100,"kwp":55.8,"ratio":0.56,"load":44,"rf":0}},{"type":"Feature","geometry":{"type":"Point","coordinates":[7.19009,49.20678]},"properties":{"d":"36104","kva":100,"kwp":123.5,"ratio":1.24,"load":96,"rf":0}},{"type":"Feature","geometry":{"type":"Point","coordinates":[7.04768,49.13463]},"properties":{"d":"36104","kva":100,"kwp":3.4,"ratio":0.03,"load":2,"rf":0}},{"type":"Feature","geometry":{"type":"Point","coordinates":[7.04562,49.17284]},"properties":{"d":"36104","kva":100,"kwp":4.1,"ratio":0.04,"load":1,"rf":0}},{"type":"Feature","geometry":{"type":"Point","coordinates":[7.03723,49.15607]},"properties":{"d":"36104","kva":630,"kwp":465.5,"ratio":0.74,"load":10,"rf":0}},{"type":"Feature","geometry":{"type":"Point","coordinates":[7.03929,49.16334]},"properties":{"d":"36104","kva":800,"kwp":205.4,"ratio":0.26,"load":6,"rf":0}},{"type":"Feature","geometry":{"type":"Point","coordinates":[7.05297,49.1438]},"properties":{"d":"36104","kva":800,"kwp":314.1,"ratio":0.39,"load":11,"rf":0}},{"type":"Feature","geometry":{"type":"Point","coordinates":[7.03634,49.15856]},"properties":{"d":"36104","kva":800,"kwp":201.5,"ratio":0.25,"load":5,"rf":0}},{"type":"Feature","geometry":{"type":"Point","coordinates":[7.04908,49.11833]},"properties":{"d":"36104","kva":630,"kwp":239.3,"ratio":0.38,"load":11,"rf":0}},{"type":"Feature","geometry":{"type":"Point","coordinates":[7.05217,49.11835]},"properties":{"d":"36104","kva":1000,"kwp":322.6,"ratio":0.32,"load":5,"rf":0}},{"type":"Feature","geometry":{"type":"Point","coordinates":[7.06087,49.11834]},"properties":{"d":"36104","kva":400,"kwp":154.3,"ratio":0.39,"load":10,"rf":0}},{"type":"Feature","geometry":{"type":"Point","coordinates":[7.05972,49.11563]},"properties":{"d":"36104","kva":800,"kwp":282.4,"ratio":0.35,"load":10,"rf":0}},{"type":"Feature","geometry":{"type":"Point","coordinates":[7.05478,49.11479]},"properties":{"d":"36104","kva":400,"kwp":141.8,"ratio":0.35,"load":10,"rf":0}},{"type":"Feature","geometry":{"type":"Point","coordinates":[7.0691,49.13412]},"properties":{"d":"36104","kva":630,"kwp":262.0,"ratio":0.42,"load":13,"rf":0}},{"type":"Feature","geometry":{"type":"Point","coordinates":[7.09411,49.1653]},"properties":{"d":"36104","kva":630,"kwp":286.9,"ratio":0.46,"load":14,"rf":0}},{"type":"Feature","geometry":{"type":"Point","coordinates":[7.08602,49.16611]},"properties":{"d":"36104","kva":400,"kwp":157.6,"ratio":0.39,"load":12,"rf":0}},{"type":"Feature","geometry":{"type":"Point","coordinates":[7.12832,49.14908]},"properties":{"d":"36104","kva":100,"kwp":2.3,"ratio":0.02,"load":69,"rf":0}},{"type":"Feature","geometry":{"type":"Point","coordinates":[7.13902,49.22958]},"properties":{"d":"36104","kva":800,"kwp":147.6,"ratio":0.18,"load":3,"rf":0}},{"type":"Feature","geometry":{"type":"Point","coordinates":[7.13072,49.23272]},"properties":{"d":"36104","kva":400,"kwp":77.2,"ratio":0.19,"load":4,"rf":0}},{"type":"Feature","geometry":{"type":"Point","coordinates":[7.15974,49.22491]},"properties":{"d":"36104","kva":1000,"kwp":257.0,"ratio":0.26,"load":6,"rf":0}},{"type":"Feature","geometry":{"type":"Point","coordinates":[7.18642,49.19554]},"properties":{"d":"36104","kva":630,"kwp":622.4,"ratio":0.99,"load":35,"rf":0}},{"type":"Feature","geometry":{"type":"Point","coordinates":[7.03723,49.15607]},"properties":{"d":"36104","kva":630,"kwp":465.5,"ratio":0.74,"load":10,"rf":0}},{"type":"Feature","geometry":{"type":"Point","coordinates":[7.04189,49.15782]},"properties":{"d":"36104","kva":630,"kwp":238.0,"ratio":0.38,"load":10,"rf":0}},{"type":"Feature","geometry":{"type":"Point","coordinates":[7.0561,49.14219]},"properties":{"d":"36104","kva":630,"kwp":263.1,"ratio":0.42,"load":15,"rf":0}},{"type":"Feature","geometry":{"type":"Point","coordinates":[7.05217,49.11835]},"properties":{"d":"36104","kva":630,"kwp":322.6,"ratio":0.51,"load":8,"rf":0}},{"type":"Feature","geometry":{"type":"Point","coordinates":[7.06441,49.13159]},"properties":{"d":"36104","kva":630,"kwp":148.6,"ratio":0.24,"load":9,"rf":0}},{"type":"Feature","geometry":{"type":"Point","coordinates":[7.06242,49.12852]},"properties":{"d":"36104","kva":630,"kwp":137.2,"ratio":0.22,"load":8,"rf":0}},{"type":"Feature","geometry":{"type":"Point","coordinates":[7.08752,49.1632]},"properties":{"d":"36104","kva":630,"kwp":142.9,"ratio":0.23,"load":8,"rf":0}},{"type":"Feature","geometry":{"type":"Point","coordinates":[7.08794,49.17001]},"properties":{"d":"36104","kva":630,"kwp":160.6,"ratio":0.25,"load":7,"rf":0}},{"type":"Feature","geometry":{"type":"Point","coordinates":[7.12034,49.14451]},"properties":{"d":"36104","kva":630,"kwp":215.5,"ratio":0.34,"load":10,"rf":0}},{"type":"Feature","geometry":{"type":"Point","coordinates":[7.11471,49.14963]},"properties":{"d":"36104","kva":630,"kwp":293.7,"ratio":0.47,"load":15,"rf":0}},{"type":"Feature","geometry":{"type":"Point","coordinates":[7.11379,49.15354]},"properties":{"d":"36104","kva":630,"kwp":144.0,"ratio":0.23,"load":9,"rf":0}},{"type":"Feature","geometry":{"type":"Point","coordinates":[7.10984,49.15562]},"properties":{"d":"36104","kva":630,"kwp":138.3,"ratio":0.22,"load":8,"rf":0}},{"type":"Feature","geometry":{"type":"Point","coordinates":[7.13941,49.19447]},"properties":{"d":"36104","kva":630,"kwp":159.7,"ratio":0.25,"load":13,"rf":0}},{"type":"Feature","geometry":{"type":"Point","coordinates":[7.13702,49.19556]},"properties":{"d":"36104","kva":630,"kwp":97.4,"ratio":0.15,"load":9,"rf":0}},{"type":"Feature","geometry":{"type":"Point","coordinates":[7.14388,49.19552]},"properties":{"d":"36104","kva":630,"kwp":211.1,"ratio":0.34,"load":14,"rf":0}},{"type":"Feature","geometry":{"type":"Point","coordinates":[7.14914,49.1967]},"properties":{"d":"36104","kva":630,"kwp":62.2,"ratio":0.1,"load":5,"rf":0}},{"type":"Feature","geometry":{"type":"Point","coordinates":[7.12374,49.18221]},"properties":{"d":"36104","kva":630,"kwp":2.7,"ratio":0.0,"load":1,"rf":0}},{"type":"Feature","geometry":{"type":"Point","coordinates":[7.14179,49.22543]},"properties":{"d":"36104","kva":630,"kwp":36.0,"ratio":0.06,"load":1,"rf":0}},{"type":"Feature","geometry":{"type":"Point","coordinates":[7.15707,49.21948]},"properties":{"d":"36104","kva":630,"kwp":231.2,"ratio":0.37,"load":11,"rf":0}},{"type":"Feature","geometry":{"type":"Point","coordinates":[7.16509,49.21847]},"properties":{"d":"36104","kva":630,"kwp":332.8,"ratio":0.53,"load":23,"rf":0}},{"type":"Feature","geometry":{"type":"Point","coordinates":[7.15943,49.21606]},"properties":{"d":"36104","kva":630,"kwp":170.5,"ratio":0.27,"load":14,"rf":0}},{"type":"Feature","geometry":{"type":"Point","coordinates":[7.15992,49.16426]},"properties":{"d":"36104","kva":630,"kwp":495.2,"ratio":0.79,"load":32,"rf":0}},{"type":"Feature","geometry":{"type":"Point","coordinates":[7.16341,49.18469]},"properties":{"d":"36104","kva":630,"kwp":332.8,"ratio":0.53,"load":23,"rf":0}},{"type":"Feature","geometry":{"type":"Point","coordinates":[7.16484,49.18327]},"properties":{"d":"36104","kva":630,"kwp":316.6,"ratio":0.5,"load":22,"rf":0}},{"type":"Feature","geometry":{"type":"Point","coordinates":[7.18045,49.1964]},"properties":{"d":"36104","kva":630,"kwp":549.8,"ratio":0.87,"load":32,"rf":0}}]}