{"type":"FeatureCollection","features":[{"type":"Feature","geometry":{"type":"LineString","coordinates":[[6.89001,49.23702],[6.89445,49.23805],[6.89871,49.23906],[6.90216,49.23984],[6.90573,49.24072],[6.91,49.24172],[6.9133,49.24249],[6.91502,49.24398],[6.91656,49.24539],[6.91828,49.24691],[6.92089,49.24927],[6.92303,49.25117],[6.92628,49.25282],[6.92971,49.25457],[6.93317,49.25634],[6.93659,49.25808],[6.93984,49.25706],[6.94316,49.25602],[6.94732,49.25479],[6.95049,49.25387],[6.95442,49.25272],[6.95837,49.25156],[6.96236,49.25277],[6.96556,49.25379],[6.96836,49.25464],[6.97065,49.25537],[6.97273,49.25382],[6.97479,49.25348]]},"properties":{"kv":110,"cable":false,"operator":"VSE","name":"Saarbr\u00fcckenNord|Saarbr\u00fccken S\u00fcd","rail":false}},{"type":"Feature","geometry":{"type":"LineString","coordinates":[[6.94391,49.2384],[6.94138,49.23937],[6.93785,49.23859],[6.93406,49.23777],[6.93121,49.23869],[6.92772,49.23961],[6.92474,49.2404],[6.92095,49.2414],[6.91673,49.24251],[6.91319,49.24314],[6.91112,49.2435],[6.90841,49.24397],[6.90561,49.24448],[6.90305,49.2448],[6.90046,49.24512],[6.89781,49.24571],[6.89442,49.24646],[6.89147,49.2478],[6.88945,49.2482],[6.88746,49.24914],[6.88521,49.24891]]},"properties":{"kv":110,"cable":false,"operator":"","name":"","rail":false}},{"type":"Feature","geometry":{"type":"LineString","coordinates":[[6.86267,49.23234],[6.86669,49.23148],[6.86952,49.23084],[6.87256,49.23013],[6.87452,49.22968],[6.87709,49.22913],[6.88075,49.22884],[6.88301,49.22992],[6.88522,49.23099],[6.8868,49.23375],[6.88833,49.23659]]},"properties":{"kv":110,"cable":false,"operator":"","name":"","rail":false}},{"type":"Feature","geometry":{"type":"LineString","coordinates":[[6.83352,49.21703],[6.83193,49.21824]]},"properties":{"kv":65,"cable":false,"operator":"Evonik","name":"","rail":false}},{"type":"Feature","geometry":{"type":"LineString","coordinates":[[6.84178,49.23549],[6.84237,49.23714]]},"properties":{"kv":110,"cable":false,"operator":"","name":"","rail":false}},{"type":"Feature","geometry":{"type":"LineString","coordinates":[[6.90999,49.29715],[6.91206,49.29874],[6.91448,49.30059],[6.91641,49.30207],[6.91852,49.30361],[6.92037,49.30509],[6.92251,49.30672],[6.92495,49.30859],[6.92748,49.31052],[6.93003,49.31248],[6.93232,49.31422],[6.93433,49.31579],[6.93671,49.31751],[6.93894,49.31925],[6.9411,49.32063],[6.94399,49.32178],[6.94707,49.32298],[6.95019,49.32425],[6.95331,49.32543],[6.9563,49.32655],[6.95939,49.32779],[6.96247,49.32902],[6.96564,49.33022],[6.96906,49.33165],[6.97117,49.33231],[6.97425,49.33303],[6.9781,49.33398],[6.9818,49.33479],[6.98202,49.33484],[6.98494,49.3355],[6.98842,49.33631],[6.99194,49.33711],[6.99571,49.33795],[6.99858,49.33863],[7.00216,49.33879],[7.00596,49.33894],[7.00899,49.33908],[7.01196,49.3392],[7.0151,49.33935],[7.0177,49.33944],[7.01792,49.34122],[7.01671,49.34311],[7.01514,49.3456],[7.01369,49.34787],[7.01242,49.34986],[7.01304,49.35166],[7.01385,49.35412],[7.01488,49.35724],[7.01555,49.3593],[7.01631,49.36163],[7.0143,49.36304],[7.01194,49.36471],[7.00963,49.36638],[7.00777,49.36772],[7.00427,49.37022],[7.00394,49.37333],[7.0037,49.37561],[7.00277,49.37723],[7.00174,49.37773],[6.99942,49.37835]]},"properties":{"kv":110,"cable":false,"operator":"","name":"Fenne - Uchtelfangen","rail":false}},{"type":"Feature","geometry":{"type":"LineString","coordinates":[[6.83957,49.25425],[6.83718,49.25655],[6.83528,49.25839],[6.83462,49.25901],[6.83218,49.26092]]},"properties":{"kv":110,"cable":false,"operator":"","name":"Ensdorf - Saarstahl VK","rail":false}},{"type":"Feature","geometry":{"type":"LineString","coordinates":[[7.322,49.30413],[7.32236,49.3027],[7.32469,49.30112],[7.32625,49.30004],[7.32947,49.29782],[7.33296,49.29542],[7.33916,49.29448],[7.34218,49.29401],[7.34434,49.29368],[7.35157,49.29252],[7.35508,49.29198],[7.35813,49.29148],[7.36159,49.29094]]},"properties":{"kv":110,"cable":false,"operator":"","name":"Beeden -","rail":false}},{"type":"Feature","geometry":{"type":"LineString","coordinates":[[6.88923,49.52717],[6.8867,49.52633],[6.88356,49.52527],[6.88082,49.5243],[6.87762,49.52321],[6.87505,49.52242],[6.87295,49.52161],[6.87057,49.51986],[6.86866,49.51842],[6.86644,49.51668],[6.86402,49.51491],[6.86213,49.51348],[6.85988,49.5118],[6.85745,49.50999],[6.8554,49.50843],[6.85295,49.50662],[6.85051,49.50478],[6.8485,49.5033],[6.84635,49.5017],[6.84386,49.50173],[6.84037,49.50172],[6.83742,49.50171],[6.83382,49.5017],[6.83025,49.50168],[6.82669,49.50168],[6.81983,49.50166],[6.81708,49.5018],[6.81417,49.50194],[6.81107,49.50208],[6.80896,49.50218],[6.80587,49.50321],[6.8028,49.50423],[6.80148,49.50376],[6.80129,49.50268],[6.79887,49.50186]]},"properties":{"kv":110,"cable":false,"operator":"","name":"Wadern Nord|S\u00fcd","rail":false}},{"type":"Feature","geometry":{"type":"LineString","coordinates":[[6.9972,49.37544],[6.99746,49.37547],[6.99776,49.3755],[6.99858,49.37559]]},"properties":{"kv":220,"cable":false,"operator":"","name":"","rail":false}},{"type":"Feature","geometry":{"type":"LineString","coordinates":[[7.12143,49.30985],[7.12268,49.30895],[7.12125,49.30684],[7.12036,49.30558],[7.11956,49.30439],[7.11875,49.3032],[7.11771,49.30165],[7.11602,49.3003],[7.11359,49.29874],[7.11128,49.29683],[7.10839,49.2945],[7.10551,49.29216],[7.10341,49.29043],[7.10202,49.28925],[7.09989,49.28762],[7.09884,49.28635],[7.10056,49.28396],[7.10256,49.28106],[7.09947,49.27875],[7.09771,49.27615],[7.09375,49.27492],[7.09,49.27379],[7.08929,49.27082],[7.08889,49.26902],[7.08683,49.26772],[7.08471,49.26643],[7.0827,49.26429],[7.08103,49.26262],[7.07805,49.26074],[7.07495,49.25883],[7.07183,49.2569],[7.07221,49.25363],[7.07177,49.25039],[7.07395,49.24914],[7.07376,49.2466],[7.07357,49.24414],[7.07514,49.24175],[7.07719,49.23844],[7.08282,49.23694]]},"properties":{"kv":110,"cable":false,"operator":"VSE","name":"","rail":false}},{"type":"Feature","geometry":{"type":"LineString","coordinates":[[7.11705,49.34824],[7.11463,49.34673],[7.11209,49.34636],[7.11006,49.3454],[7.10808,49.34445],[7.10708,49.34348],[7.10634,49.34165],[7.10506,49.34084],[7.10068,49.33817],[7.09785,49.33642],[7.09587,49.33587],[7.09124,49.3346],[7.08818,49.33375],[7.08538,49.33297],[7.08164,49.33194],[7.0788,49.33115],[7.07416,49.33087],[7.07092,49.33068],[7.06548,49.33036],[7.06128,49.3301],[7.05799,49.3299],[7.05432,49.32968],[7.05073,49.32947],[7.04566,49.32916],[7.04171,49.32893],[7.03594,49.32857],[7.03287,49.33052],[7.03111,49.33164]]},"properties":{"kv":110,"cable":false,"operator":"Creos","name":"Weiher - Felsenbrunnen; Weiher - Reden","rail":false}},{"type":"Feature","geometry":{"type":"LineString","coordinates":[[7.14711,49.28526],[7.14767,49.28292],[7.14761,49.28035],[7.14755,49.2778],[7.1475,49.27512],[7.14737,49.27028],[7.14653,49.26827],[7.14551,49.26589],[7.14442,49.26314]]},"properties":{"kv":110,"cable":false,"operator":"","name":"","rail":false}},{"type":"Feature","geometry":{"type":"LineString","coordinates":[[7.19389,49.33357],[7.1909,49.33293],[7.18774,49.33224],[7.18219,49.33103],[7.17854,49.33023],[7.17414,49.3293],[7.16909,49.32818],[7.16413,49.32712],[7.16133,49.32789]]},"properties":{"kv":110,"cable":false,"operator":"Saar Energie","name":"Bexbach -","rail":false}},{"type":"Feature","geometry":{"type":"LineString","coordinates":[[7.117,49.32147],[7.11787,49.32047],[7.11491,49.31875]]},"properties":{"kv":110,"cable":false,"operator":"Pfalzwerke AG","name":"","rail":false}},{"type":"Feature","geometry":{"type":"LineString","coordinates":[[6.99145,49.37723],[6.992,49.37556]]},"properties":{"kv":380,"cable":false,"operator":"Amprion","name":"380kV Bliestal S\u00fcd, 380kV B\u00fcrstadt Ltg.","rail":false}},{"type":"Feature","geometry":{"type":"LineString","coordinates":[[6.99221,49.37716],[6.99568,49.37817]]},"properties":{"kv":110,"cable":false,"operator":"RWE","name":"","rail":false}},{"type":"Feature","geometry":{"type":"LineString","coordinates":[[6.99767,49.37715],[6.99603,49.37665]]},"properties":{"kv":110,"cable":false,"operator":"Amprion","name":"Trafo 211","rail":false}},{"type":"Feature","geometry":{"type":"LineString","coordinates":[[6.99605,49.37424],[6.9964,49.37423]]},"properties":{"kv":110,"cable":false,"operator":"Amprion","name":"Trafo 411","rail":false}},{"type":"Feature","geometry":{"type":"LineString","coordinates":[[6.7897,49.29402],[6.79223,49.29817],[6.79411,49.30123],[6.79763,49.30353],[6.80098,49.30573],[6.80422,49.30787],[6.80252,49.31195],[6.79845,49.31555],[6.79789,49.31807],[6.79716,49.32095],[6.79705,49.32372],[6.7971,49.32677],[6.79705,49.33017],[6.79703,49.3334]]},"properties":{"kv":380,"cable":false,"operator":"Amprion","name":"Ensdorf - Uchtelfangen Nord |S\u00fcd _ Uchtelfangen Taubental Nord|S\u00fcd","rail":false}},{"type":"Feature","geometry":{"type":"LineString","coordinates":[[6.88888,49.43995],[6.89021,49.43789],[6.8916,49.43565],[6.89322,49.43314],[6.89524,49.4319],[6.8969,49.43083]]},"properties":{"kv":110,"cable":false,"operator":"","name":"","rail":false}},{"type":"Feature","geometry":{"type":"LineString","coordinates":[[6.87595,49.4441],[6.87913,49.44308],[6.88271,49.44192],[6.88617,49.44079],[6.88888,49.43995]]},"properties":{"kv":110,"cable":false,"operator":"","name":"","rail":false}},{"type":"Feature","geometry":{"type":"LineString","coordinates":[[6.60767,49.49369],[6.60731,49.49568],[6.60698,49.49742],[6.60663,49.49917],[6.60622,49.50122],[6.60585,49.50289],[6.60228,49.50439],[6.5994,49.50561],[6.59606,49.50701],[6.58987,49.50961],[6.58734,49.51176],[6.58461,49.51399],[6.58198,49.51611],[6.57974,49.518],[6.57776,49.51956],[6.57545,49.52131],[6.57256,49.52249],[6.56951,49.52357],[6.56639,49.52475],[6.56288,49.52609],[6.55987,49.52734],[6.5566,49.52864],[6.5538,49.52971],[6.5529,49.53186],[6.55195,49.53399],[6.55084,49.53648],[6.5499,49.53871],[6.54866,49.54153],[6.54777,49.54365],[6.5468,49.54576],[6.54672,49.54784],[6.5466,49.55172],[6.54657,49.55408],[6.54647,49.55706],[6.54637,49.55957],[6.54633,49.56139],[6.54624,49.56331],[6.54652,49.56538],[6.54666,49.56726],[6.54698,49.57044],[6.54723,49.57312],[6.54747,49.57532],[6.5477,49.5774],[6.54793,49.5794],[6.54569,49.58216],[6.54413,49.58409],[6.54182,49.58697],[6.54023,49.58897],[6.53878,49.59076],[6.53715,49.59282],[6.53552,49.59487],[6.53543,49.59498],[6.53533,49.5951],[6.53318,49.59778],[6.53367,49.60085],[6.53396,49.60269],[6.53428,49.60466],[6.53469,49.60683],[6.53493,49.60869],[6.53537,49.6113],[6.53589,49.61427],[6.53636,49.61691],[6.53663,49.61854],[6.53698,49.62094],[6.53741,49.62384],[6.53766,49.62533],[6.53773,49.62738],[6.53776,49.6294],[6.53782,49.6314],[6.53789,49.63345],[6.53792,49.63546],[6.538,49.63757],[6.53806,49.63945],[6.53809,49.64127],[6.53819,49.64362],[6.53716,49.64598],[6.53604,49.64858],[6.53493,49.65111],[6.5347,49.65165],[6.5338,49.65372],[6.53249,49.65674],[6.53162,49.65874],[6.53041,49.66152],[6.52954,49.66352],[6.52874,49.66534],[6.53016,49.66687],[6.53254,49.66938],[6.53399,49.6709],[6.53564,49.67263],[6.53745,49.67454],[6.54001,49.67724],[6.54211,49.67944],[6.54356,49.68098],[6.54549,49.68301],[6.54725,49.68486],[6.54877,49.68647],[6.55025,49.68802],[6.55121,49.69001],[6.55148,49.69056],[6.5521,49.69185],[6.5528,49.69326],[6.55324,49.69419],[6.55421,49.69632],[6.55522,49.69837],[6.55657,49.70094],[6.55907,49.70604],[6.55906,49.70624],[6.55818,49.70814]]},"properties":{"kv":110,"cable":false,"operator":"Amprion","name":"220 kV Saar Nord","rail":false}},{"type":"Feature","geometry":{"type":"LineString","coordinates":[[6.88401,49.24849],[6.8842,49.24922]]},"properties":{"kv":65,"cable":false,"operator":"Evonik","name":"","rail":false}},{"type":"Feature","geometry":{"type":"LineString","coordinates":[[6.97479,49.25348],[6.97826,49.25453],[6.98084,49.2553],[6.98518,49.25491],[6.98941,49.25452],[6.99393,49.25413],[6.9957,49.25369],[6.99757,49.25194],[7.0001,49.25182],[7.00494,49.25165],[7.00883,49.25152],[7.01265,49.25135],[7.01461,49.24874],[7.01638,49.24637],[7.01933,49.24614],[7.02274,49.24462],[7.02595,49.24319],[7.02905,49.24183],[7.0304,49.2401],[7.02882,49.23781],[7.02874,49.23614],[7.03118,49.23521],[7.03366,49.23367],[7.036,49.23227]]},"properties":{"kv":110,"cable":false,"operator":"","name":"","rail":false}},{"type":"Feature","geometry":{"type":"LineString","coordinates":[[6.87461,49.3711],[6.87299,49.37025],[6.87024,49.37047],[6.86695,49.37073],[6.86255,49.36964],[6.85767,49.37052],[6.85419,49.37018],[6.85013,49.36971],[6.84705,49.36929],[6.84288,49.36881],[6.84305,49.36622],[6.84327,49.36384],[6.84344,49.36149],[6.84366,49.35834],[6.8439,49.35546],[6.84407,49.35289],[6.84775,49.3522],[6.85196,49.35142],[6.85656,49.35057],[6.86101,49.34975],[6.86489,49.34909],[6.86697,49.34874],[6.86934,49.34827],[6.87379,49.34739],[6.87474,49.34445],[6.87566,49.34165],[6.87655,49.33889],[6.87751,49.33599],[6.87842,49.33331],[6.87935,49.33037],[6.88027,49.32751],[6.88117,49.32477]]},"properties":{"kv":65,"cable":false,"operator":"Creos","name":"","rail":false}},{"type":"Feature","geometry":{"type":"LineString","coordinates":[[6.9786,49.26368],[6.97686,49.26245],[6.97462,49.2609],[6.97279,49.25894],[6.97314,49.25709],[6.97349,49.25519],[6.97305,49.25321],[6.97434,49.25048],[6.97563,49.24766],[6.97667,49.24537],[6.97723,49.24403]]},"properties":{"kv":110,"cable":false,"operator":"DB Energie GmbH","name":"110 kV Bahnstrom Kaiserslautern - Saarbr\u00fccken 1|2;UW Saarbr\u00fccken - UW Bengel;UW Saarbr\u00fccken - UW Karthaus","rail":true}},{"type":"Feature","geometry":{"type":"LineString","coordinates":[[6.7897,49.29402],[6.78356,49.29309],[6.77986,49.29257],[6.77601,49.29198]]},"properties":{"kv":380,"cable":false,"operator":"Amprion","name":"Ensdorf - Uchtelfangen","rail":false}},{"type":"Feature","geometry":{"type":"LineString","coordinates":[[6.76298,49.36278],[6.76371,49.36039],[6.76595,49.35904]]},"properties":{"kv":220,"cable":false,"operator":"","name":"Saarwellingen - Fraulautern (neu 2011)","rail":false}},{"type":"Feature","geometry":{"type":"LineString","coordinates":[[6.77414,49.28971],[6.78001,49.28913]]},"properties":{"kv":110,"cable":true,"operator":"","name":"","rail":false}},{"type":"Feature","geometry":{"type":"LineString","coordinates":[[6.71283,49.23148],[6.71221,49.2364],[6.71175,49.24007],[6.71131,49.24354],[6.71463,49.24622],[6.71905,49.24982],[6.72347,49.25342],[6.72796,49.25706],[6.73263,49.26089],[6.7372,49.26459],[6.74255,49.26888],[6.74695,49.27254],[6.75187,49.27649],[6.75629,49.28008],[6.76188,49.28462],[6.7675,49.28721]]},"properties":{"kv":220,"cable":false,"operator":"Amprion","name":"","rail":false}},{"type":"Feature","geometry":{"type":"LineString","coordinates":[[6.90082,49.28354],[6.90083,49.2828]]},"properties":{"kv":65,"cable":false,"operator":"Creos","name":"Fenne - P\u00fcttlingen","rail":false}},{"type":"Feature","geometry":{"type":"LineString","coordinates":[[7.03125,49.33081],[7.03121,49.33085],[7.03036,49.33172],[7.0297,49.33302],[7.02692,49.3351],[7.0257,49.33494],[7.02528,49.33521],[7.0222,49.33716]]},"properties":{"kv":110,"cable":false,"operator":"Creos","name":"Weiher West","rail":false}},{"type":"Feature","geometry":{"type":"LineString","coordinates":[[7.03264,49.33474],[7.03195,49.33468],[7.03029,49.33718],[7.02616,49.33663],[7.02444,49.33616],[7.0222,49.33716]]},"properties":{"kv":220,"cable":false,"operator":"","name":"","rail":false}},{"type":"Feature","geometry":{"type":"LineString","coordinates":[[6.92915,49.42661],[6.93231,49.42654],[6.93641,49.42638],[6.94065,49.42626],[6.94665,49.42603],[6.95109,49.42593],[6.95514,49.4258],[6.95866,49.42748],[6.96283,49.42949],[6.96723,49.4316],[6.97056,49.43316],[6.97354,49.43456],[6.9785,49.43537],[6.98255,49.43602],[6.9874,49.43683],[6.99103,49.43894],[6.9941,49.44091],[6.99799,49.44337],[7.0019,49.44583],[7.00553,49.44801],[7.00803,49.44963],[7.01055,49.45123],[7.01295,49.45278],[7.01653,49.455],[7.01911,49.45661],[7.02007,49.45911],[7.02135,49.46236],[7.02419,49.46279],[7.02775,49.46315],[7.03032,49.46344],[7.03497,49.46403],[7.04034,49.46474],[7.04482,49.46525],[7.04954,49.46582],[7.05419,49.46639],[7.05788,49.46685],[7.06214,49.46576],[7.06711,49.4645],[7.07292,49.46501],[7.07794,49.46539],[7.08349,49.46585]]},"properties":{"kv":110,"cable":false,"operator":"","name":"Niedersaubach - Alsweiler (R\u00f6merhof)","rail":false}},{"type":"Feature","geometry":{"type":"LineString","coordinates":[[7.24069,49.3562],[7.23999,49.35604],[7.23849,49.35632],[7.23508,49.35765],[7.23169,49.35897],[7.22821,49.3603],[7.22569,49.36126],[7.22217,49.36266]]},"properties":{"kv":220,"cable":false,"operator":"Amprion","name":"Barbara Ltg. | Otterbach S\u00fcd","rail":false}},{"type":"Feature","geometry":{"type":"LineString","coordinates":[[6.88671,49.52604],[6.88932,49.52699]]},"properties":{"kv":110,"cable":false,"operator":"","name":"Lebach - Hermeskeil","rail":false}},{"type":"Feature","geometry":{"type":"LineString","coordinates":[[6.89043,49.52707],[6.89221,49.52572],[6.89406,49.52437],[6.89583,49.52304],[6.89962,49.52241],[6.90363,49.52175],[6.90764,49.5211],[6.91132,49.52049],[6.91507,49.52157],[6.91886,49.52267],[6.92262,49.52377],[6.92548,49.52408],[6.92942,49.5245],[6.9324,49.52484],[6.93431,49.52395],[6.93666,49.52288],[6.93931,49.52169],[6.94283,49.52008],[6.94702,49.52102],[6.94959,49.52158],[6.95325,49.52241],[6.95716,49.52328],[6.95942,49.52378],[6.96033,49.52399],[6.96368,49.52473],[6.96965,49.52571],[6.97357,49.52573],[6.97693,49.52616],[6.98029,49.52621],[6.98309,49.52625],[6.98722,49.5263],[6.99067,49.52634],[6.99508,49.52641],[6.99872,49.52645],[7.00249,49.52648],[7.00571,49.52655],[7.00893,49.52659],[7.01169,49.52663],[7.01445,49.52388],[7.01586,49.52247],[7.02033,49.52306],[7.02372,49.5235],[7.02651,49.52448],[7.0291,49.5254],[7.03243,49.52656],[7.03476,49.52737],[7.0378,49.52842],[7.04054,49.52937],[7.04328,49.53031]]},"properties":{"kv":110,"cable":false,"operator":"","name":"110 kV Hochwald Nord|S\u00fcd","rail":false}},{"type":"Feature","geometry":{"type":"LineString","coordinates":[[6.89083,49.5273],[6.89077,49.52712]]},"properties":{"kv":110,"cable":false,"operator":"","name":"110 kV Wadern - Kastel Ost|West","rail":false}},{"type":"Feature","geometry":{"type":"LineString","coordinates":[[7.14711,49.28526],[7.14433,49.28823],[7.14148,49.29129],[7.13887,49.29414],[7.13603,49.29719],[7.1332,49.3002],[7.13567,49.30377],[7.13038,49.30651],[7.12685,49.30728],[7.12412,49.3086],[7.12143,49.30985]]},"properties":{"kv":110,"cable":false,"operator":"","name":"","rail":false}},{"type":"Feature","geometry":{"type":"LineString","coordinates":[[6.62999,49.45476],[6.6292,49.45537]]},"properties":{"kv":110,"cable":false,"operator":"","name":"","rail":false}},{"type":"Feature","geometry":{"type":"LineString","coordinates":[[6.6292,49.45537],[6.62672,49.45707],[6.62829,49.46083],[6.62633,49.46336],[6.62812,49.46538],[6.62973,49.46728]]},"properties":{"kv":110,"cable":false,"operator":"VSE","name":"110 kV Merzig - Losheim","rail":false}},{"type":"Feature","geometry":{"type":"LineString","coordinates":[[6.76646,49.35922],[6.7684,49.35721],[6.77044,49.35508],[6.77151,49.35401],[6.76796,49.35295],[6.76446,49.35192],[6.7608,49.35084],[6.75728,49.3498],[6.7545,49.34899],[6.75084,49.34758],[6.74696,49.34634],[6.74332,49.34518],[6.73971,49.34437],[6.73595,49.34461],[6.73194,49.34487],[6.72976,49.34648]]},"properties":{"kv":110,"cable":false,"operator":"","name":"Saarwellingen - Rehlingen","rail":false}},{"type":"Feature","geometry":{"type":"LineString","coordinates":[[6.68869,49.36515],[6.69203,49.36519],[6.69431,49.36521],[6.69477,49.36778],[6.69522,49.37023],[6.69568,49.37287],[6.69617,49.37559],[6.6954,49.37818],[6.69326,49.3806],[6.69128,49.3817],[6.68746,49.38274],[6.68378,49.38375],[6.67996,49.38481],[6.6758,49.38596],[6.67094,49.38629],[6.66826,49.38947],[6.66572,49.39244],[6.66308,49.39557],[6.66056,49.39853],[6.65756,49.40123],[6.6548,49.4037],[6.65124,49.4065],[6.64865,49.40767],[6.64427,49.4094],[6.64086,49.41129],[6.63755,49.41352],[6.63576,49.41665],[6.63389,49.4199],[6.63246,49.4224],[6.63091,49.4252],[6.62932,49.42786]]},"properties":{"kv":110,"cable":false,"operator":"","name":"Rehlingen - Merzig 110 kV","rail":false}},{"type":"Feature","geometry":{"type":"LineString","coordinates":[[7.0743,49.47756],[7.07517,49.47588],[7.07755,49.47299],[7.07982,49.47038],[7.08196,49.46785],[7.08349,49.46585]]},"properties":{"kv":110,"cable":false,"operator":"","name":"Alsweiler - R\u00f6merhof","rail":false}},{"type":"Feature","geometry":{"type":"LineString","coordinates":[[7.08349,49.46585],[7.08768,49.46489],[7.09234,49.46382],[7.09706,49.46465],[7.10105,49.46538],[7.10522,49.46611],[7.10917,49.46682],[7.11384,49.46767],[7.11813,49.46621],[7.12264,49.46472],[7.1271,49.46318],[7.13139,49.46172],[7.13597,49.46017],[7.14131,49.46007],[7.1458,49.45997]]},"properties":{"kv":110,"cable":false,"operator":"","name":"","rail":false}},{"type":"Feature","geometry":{"type":"LineString","coordinates":[[6.74191,49.35746],[6.74255,49.3583]]},"properties":{"kv":220,"cable":false,"operator":"","name":"","rail":false}},{"type":"Feature","geometry":{"type":"LineString","coordinates":[[6.75546,49.36522],[6.75523,49.36516],[6.75486,49.36508],[6.75401,49.36488]]},"properties":{"kv":220,"cable":false,"operator":"ampiron","name":"","rail":false}},{"type":"Feature","geometry":{"type":"LineString","coordinates":[[6.76298,49.36278],[6.76104,49.36453],[6.75689,49.36494]]},"properties":{"kv":220,"cable":false,"operator":"","name":"Saarwellingen - Dieflen","rail":false}},{"type":"Feature","geometry":{"type":"LineString","coordinates":[[6.70539,49.13754],[6.7066,49.13758],[6.711,49.13796],[6.71811,49.13855],[6.72515,49.13916],[6.73327,49.13986],[6.74117,49.1405],[6.74848,49.14111],[6.75573,49.14174],[6.76176,49.14226],[6.77009,49.14277],[6.77614,49.14307],[6.77941,49.14323],[6.78311,49.1442],[6.78616,49.14499],[6.78772,49.14638],[6.78936,49.14783],[6.79427,49.15242],[6.79677,49.15474],[6.80149,49.15914],[6.80388,49.16141],[6.80946,49.16275],[6.81648,49.16467],[6.82344,49.16652],[6.82861,49.16786],[6.83414,49.16891],[6.8389,49.16982],[6.84245,49.17046],[6.84723,49.17133],[6.85144,49.17389],[6.8546,49.17586],[6.85966,49.17893],[6.86129,49.17993],[6.86559,49.18257],[6.86979,49.18512],[6.87345,49.18735],[6.87958,49.1911],[6.88213,49.19605],[6.88208,49.19662]]},"properties":{"kv":225,"cable":false,"operator":"RTE","name":"Liaison 225 kV n\u00b01 Petite-Rosselle - Saint-Avold","rail":false}},{"type":"Feature","geometry":{"type":"LineString","coordinates":[[6.72138,49.26639],[6.72304,49.26431],[6.72466,49.26233],[6.72939,49.26119],[6.73456,49.25998],[6.73972,49.25872],[6.7435,49.25695],[6.74665,49.25545],[6.75027,49.25372],[6.75365,49.25217],[6.75847,49.25145],[6.76339,49.2507],[6.76721,49.25014],[6.77172,49.2494]]},"properties":{"kv":110,"cable":false,"operator":"","name":"Wadgassen - Altforweiler","rail":false}},{"type":"Feature","geometry":{"type":"LineString","coordinates":[[6.84146,49.23459],[6.84481,49.23314],[6.84788,49.23185],[6.84941,49.23121],[6.85335,49.23157],[6.85659,49.23187],[6.86005,49.23219],[6.86267,49.23234]]},"properties":{"kv":110,"cable":false,"operator":"","name":"Fenne - Geislautern","rail":false}},{"type":"Feature","geometry":{"type":"LineString","coordinates":[[6.84022,49.23632],[6.83907,49.23731],[6.83745,49.23868],[6.83698,49.24026],[6.83618,49.24285],[6.83553,49.24495],[6.83493,49.24706],[6.83444,49.24848],[6.83622,49.24998],[6.83838,49.25183],[6.83991,49.25257]]},"properties":{"kv":110,"cable":false,"operator":"","name":"Geislautern - Saarstahl VK (Stat 70)","rail":false}},{"type":"Feature","geometry":{"type":"LineString","coordinates":[[6.72415,49.27875],[6.72525,49.27602],[6.72642,49.27305]]},"properties":{"kv":110,"cable":false,"operator":"","name":"","rail":false}},{"type":"Feature","geometry":{"type":"LineString","coordinates":[[7.00335,49.37491],[7.00353,49.3733],[7.00369,49.37169],[7.00387,49.3701],[7.0055,49.36893],[7.00747,49.36754],[7.00937,49.36617],[7.0113,49.36479],[7.01388,49.36558],[7.01675,49.36645],[7.01947,49.36729],[7.02208,49.36809],[7.02482,49.36894],[7.02755,49.36976],[7.03058,49.37067],[7.03314,49.3714],[7.03528,49.37211],[7.03757,49.3728],[7.03938,49.37336],[7.04029,49.37312],[7.04042,49.37298]]},"properties":{"kv":35,"cable":false,"operator":"","name":"","rail":false}},{"type":"Feature","geometry":{"type":"LineString","coordinates":[[7.0222,49.33716],[7.0197,49.33922],[7.01866,49.34127],[7.01664,49.34447],[7.01522,49.34668],[7.01349,49.3494],[7.01233,49.35122],[7.01331,49.35424],[7.01454,49.35799],[7.01553,49.36085],[7.01329,49.36243],[7.00951,49.36515],[7.00709,49.36686],[7.00332,49.36956],[7.00168,49.37165],[7.00172,49.3731]]},"properties":{"kv":220,"cable":false,"operator":"","name":"Uchtelfangen - KW Weiher","rail":false}},{"type":"Feature","geometry":{"type":"LineString","coordinates":[[7.24265,49.35636],[7.24472,49.3575],[7.24612,49.35994],[7.24716,49.36372],[7.24767,49.3654],[7.2496,49.36759],[7.2509,49.36911],[7.25575,49.37078],[7.25939,49.37199],[7.26257,49.37306],[7.26596,49.37419],[7.26946,49.3749],[7.27274,49.37555],[7.27792,49.37659],[7.28134,49.37728],[7.28613,49.37896],[7.28978,49.38028],[7.29453,49.38196],[7.29879,49.38343],[7.30341,49.38422],[7.30769,49.385]]},"properties":{"kv":110,"cable":false,"operator":"Westnetz","name":"110kV Kusel Ost,110kV Oberstein West","rail":false}},{"type":"Feature","geometry":{"type":"LineString","coordinates":[[7.11772,49.32163],[7.11935,49.32218],[7.12223,49.32313],[7.12504,49.32407],[7.12833,49.3233],[7.13191,49.32259],[7.13563,49.32185],[7.13938,49.32111],[7.14333,49.32032],[7.14742,49.32089],[7.15013,49.32128],[7.1522,49.32213],[7.15479,49.3242],[7.15794,49.32577],[7.16133,49.32789],[7.16132,49.32918],[7.16183,49.33194],[7.16492,49.33456],[7.16523,49.33789],[7.16541,49.34005],[7.16569,49.34119],[7.16642,49.34414],[7.16708,49.34703],[7.16745,49.35134],[7.1672,49.35377],[7.16788,49.35563],[7.16999,49.35571]]},"properties":{"kv":110,"cable":false,"operator":"VSE","name":"","rail":false}},{"type":"Feature","geometry":{"type":"LineString","coordinates":[[7.38901,49.29114],[7.38511,49.29084],[7.38283,49.29065],[7.37901,49.29033],[7.37551,49.29002],[7.37021,49.28957],[7.36728,49.29004],[7.36404,49.29055],[7.36159,49.29094]]},"properties":{"kv":110,"cable":false,"operator":"","name":"","rail":false}},{"type":"Feature","geometry":{"type":"LineString","coordinates":[[7.04328,49.53031],[7.04328,49.52937]]},"properties":{"kv":110,"cable":false,"operator":"","name":"110 kV Hochwald Nord|S\u00fcd","rail":false}},{"type":"Feature","geometry":{"type":"LineString","coordinates":[[7.14969,49.45989],[7.14988,49.45989],[7.15315,49.45985],[7.15703,49.45983],[7.16105,49.46081],[7.16531,49.46185],[7.16652,49.4614],[7.16611,49.4611]]},"properties":{"kv":110,"cable":false,"operator":"","name":"Alsweiler - St. Wendel","rail":false}},{"type":"Feature","geometry":{"type":"LineString","coordinates":[[6.8402,49.23537],[6.8403,49.23533],[6.84052,49.23523]]},"properties":{"kv":110,"cable":false,"operator":"","name":"","rail":false}},{"type":"Feature","geometry":{"type":"LineString","coordinates":[[7.03129,49.33074],[7.0313,49.33072],[7.03126,49.33068],[7.03157,49.32979]]},"properties":{"kv":110,"cable":false,"operator":"Creos Deutschland","name":"Fenne - Weiher","rail":false}},{"type":"Feature","geometry":{"type":"LineString","coordinates":[[7.0262,49.2994],[7.02609,49.29865]]},"properties":{"kv":65,"cable":false,"operator":"Creos","name":"Weiher-Camphausen","rail":false}},{"type":"Feature","geometry":{"type":"LineString","coordinates":[[7.02609,49.29865],[7.02575,49.29911]]},"properties":{"kv":65,"cable":false,"operator":"Creos","name":"T-Abzweig Fenne-L'Thal-Camphausen","rail":false}},{"type":"Feature","geometry":{"type":"LineString","coordinates":[[7.03003,49.33463],[7.03022,49.33343]]},"properties":{"kv":0,"cable":false,"operator":"Creos","name":"","rail":false}},{"type":"Feature","geometry":{"type":"LineString","coordinates":[[7.02984,49.33342],[7.02977,49.33461]]},"properties":{"kv":65,"cable":false,"operator":"Creos","name":"Weiher - Camphausen","rail":false}},{"type":"Feature","geometry":{"type":"LineString","coordinates":[[7.02952,49.33458],[7.02984,49.33342]]},"properties":{"kv":65,"cable":false,"operator":"Creos","name":"Weiher-SF 6 Anlage","rail":false}},{"type":"Feature","geometry":{"type":"LineString","coordinates":[[7.04942,49.34469],[7.04956,49.345],[7.04974,49.34528]]},"properties":{"kv":110,"cable":false,"operator":"","name":"","rail":false}},{"type":"Feature","geometry":{"type":"LineString","coordinates":[[7.02609,49.29865],[7.02698,49.29587],[7.02784,49.29319],[7.0285,49.29115]]},"properties":{"kv":65,"cable":false,"operator":"Creos","name":"","rail":false}},{"type":"Feature","geometry":{"type":"LineString","coordinates":[[6.89077,49.52712],[6.89188,49.52656],[6.89684,49.5264],[6.89995,49.52851]]},"properties":{"kv":110,"cable":false,"operator":"","name":"110 kV Wadern - Kastel Ost|West","rail":false}},{"type":"Feature","geometry":{"type":"LineString","coordinates":[[6.88957,49.52748],[6.88962,49.52748],[6.88977,49.52747],[6.8899,49.52747],[6.88992,49.52747],[6.88998,49.52747],[6.89006,49.52747],[6.89017,49.52747],[6.89022,49.52747],[6.89033,49.52747],[6.89045,49.52747],[6.89054,49.52747],[6.89068,49.52747],[6.89083,49.52746],[6.89091,49.52746]]},"properties":{"kv":110,"cable":false,"operator":"","name":"","rail":false}},{"type":"Feature","geometry":{"type":"LineString","coordinates":[[7.23895,49.36186],[7.23921,49.36171],[7.23961,49.36001]]},"properties":{"kv":380,"cable":false,"operator":"","name":"","rail":false}},{"type":"Feature","geometry":{"type":"LineString","coordinates":[[7.23345,49.36881],[7.23462,49.37]]},"properties":{"kv":380,"cable":false,"operator":"Amprion","name":"","rail":false}},{"type":"Feature","geometry":{"type":"LineString","coordinates":[[7.23961,49.36001],[7.24086,49.35848],[7.24096,49.35833]]},"properties":{"kv":380,"cable":false,"operator":"","name":"400 KV","rail":false}},{"type":"Feature","geometry":{"type":"LineString","coordinates":[[7.0222,49.33716],[7.02485,49.33498]]},"properties":{"kv":0,"cable":false,"operator":"","name":"","rail":false}},{"type":"Feature","geometry":{"type":"LineString","coordinates":[[6.9996,49.3774],[7.00174,49.37643]]},"properties":{"kv":110,"cable":false,"operator":"","name":"","rail":false}},{"type":"Feature","geometry":{"type":"LineString","coordinates":[[6.97746,49.24409],[6.97748,49.24405],[6.9775,49.244],[6.97752,49.24396],[6.97755,49.2439],[6.97761,49.24379],[6.97765,49.2437],[6.97767,49.24365],[6.9777,49.2436],[6.97772,49.24354],[6.97774,49.2435]]},"properties":{"kv":110,"cable":false,"operator":"DB Energie GmbH","name":"Saarbr\u00fccken","rail":true}},{"type":"Feature","geometry":{"type":"LineString","coordinates":[[6.88761,49.24867],[6.88507,49.24867],[6.88478,49.24868]]},"properties":{"kv":110,"cable":false,"operator":"","name":"","rail":false}},{"type":"Feature","geometry":{"type":"LineString","coordinates":[[7.11689,49.32249],[7.11418,49.3208]]},"properties":{"kv":110,"cable":false,"operator":"Pfalzwerke AG","name":"","rail":false}},{"type":"Feature","geometry":{"type":"LineString","coordinates":[[7.0308,49.3316],[7.03111,49.33115]]},"properties":{"kv":65,"cable":false,"operator":"Creos","name":"","rail":false}},{"type":"Feature","geometry":{"type":"LineString","coordinates":[[7.03287,49.33052],[7.03262,49.33052],[7.03146,49.3307],[7.03143,49.33071],[7.03139,49.33077]]},"properties":{"kv":110,"cable":false,"operator":"Creos","name":"Weiher - Felsenbrunnen","rail":false}},{"type":"Feature","geometry":{"type":"LineString","coordinates":[[7.02984,49.33342],[7.0308,49.3316]]},"properties":{"kv":65,"cable":false,"operator":"","name":"Weiher-SF 6 Anlage;Weiher Camphausen","rail":false}},{"type":"Feature","geometry":{"type":"LineString","coordinates":[[7.03157,49.32979],[7.03162,49.33103],[7.0308,49.3316]]},"properties":{"kv":65,"cable":false,"operator":"Creos Deutschland","name":"Weiher - Camphausen","rail":false}},{"type":"Feature","geometry":{"type":"LineString","coordinates":[[7.03022,49.33343],[7.03018,49.33465]]},"properties":{"kv":65,"cable":false,"operator":"Creos","name":"","rail":false}},{"type":"Feature","geometry":{"type":"LineString","coordinates":[[7.0262,49.2994],[7.02553,49.29929]]},"properties":{"kv":65,"cable":false,"operator":"Creos","name":"","rail":false}},{"type":"Feature","geometry":{"type":"LineString","coordinates":[[6.81416,49.32848],[6.81423,49.32829]]},"properties":{"kv":0,"cable":false,"operator":"","name":"","rail":false}},{"type":"Feature","geometry":{"type":"LineString","coordinates":[[6.88117,49.32477],[6.88287,49.32584],[6.88532,49.32741],[6.88823,49.32894],[6.89077,49.32866],[6.89357,49.32834],[6.89635,49.32803],[6.89972,49.32765],[6.90222,49.32737]]},"properties":{"kv":65,"cable":false,"operator":"Creos","name":"","rail":false}},{"type":"Feature","geometry":{"type":"LineString","coordinates":[[6.75738,49.3101],[6.75826,49.30922],[6.75979,49.30761],[6.76136,49.30608],[6.76412,49.30402],[6.76757,49.30151],[6.76779,49.29854]]},"properties":{"kv":110,"cable":false,"operator":"","name":"Ensdorf - Saarlouis","rail":false}},{"type":"Feature","geometry":{"type":"LineString","coordinates":[[6.77062,49.29105],[6.7712,49.29108],[6.77134,49.29108],[6.77185,49.2911]]},"properties":{"kv":220,"cable":false,"operator":"","name":"","rail":false}},{"type":"Feature","geometry":{"type":"LineString","coordinates":[[6.83232,49.30963],[6.83441,49.30863],[6.83835,49.30673],[6.84256,49.30472],[6.84703,49.30256],[6.85263,49.29986],[6.85923,49.29679],[6.86285,49.29511],[6.86592,49.29371],[6.87161,49.29312],[6.87498,49.29276],[6.87993,49.29223],[6.88662,49.29155],[6.89015,49.28999],[6.89235,49.28889],[6.89632,49.28691],[6.89908,49.28552],[6.90084,49.28419]]},"properties":{"kv":65,"cable":false,"operator":"Creos","name":"","rail":false}},{"type":"Feature","geometry":{"type":"LineString","coordinates":[[6.91369,49.29511],[6.91355,49.2952],[6.91349,49.29517]]},"properties":{"kv":110,"cable":false,"operator":"","name":"","rail":false}},{"type":"Feature","geometry":{"type":"LineString","coordinates":[[6.99853,49.37784],[6.9996,49.3774]]},"properties":{"kv":110,"cable":false,"operator":"","name":"","rail":false}},{"type":"Feature","geometry":{"type":"LineString","coordinates":[[7.00174,49.37643],[6.9993,49.3761]]},"properties":{"kv":220,"cable":false,"operator":"","name":"","rail":false}},{"type":"Feature","geometry":{"type":"LineString","coordinates":[[7.00225,49.37371],[7.00227,49.37704],[6.99945,49.37805],[6.99845,49.37812]]},"properties":{"kv":110,"cable":false,"operator":"","name":"","rail":false}},{"type":"Feature","geometry":{"type":"LineString","coordinates":[[6.9996,49.3774],[6.99866,49.37734]]},"properties":{"kv":110,"cable":false,"operator":"","name":"","rail":false}},{"type":"Feature","geometry":{"type":"LineString","coordinates":[[6.9786,49.26368],[6.98083,49.26494],[6.98606,49.26495],[6.99108,49.26497],[6.99455,49.26496],[6.99846,49.26787],[7.00179,49.27033],[7.00521,49.27285],[7.01011,49.27649],[7.0133,49.27883],[7.01665,49.28128],[7.02032,49.28403],[7.02407,49.2868],[7.02701,49.289],[7.02918,49.29061],[7.03311,49.2935],[7.03611,49.29576],[7.04024,49.29882],[7.04371,49.30135],[7.04564,49.30277],[7.04803,49.30454],[7.05019,49.30613],[7.05389,49.3089],[7.05699,49.31116],[7.05811,49.31382],[7.06081,49.31624],[7.06285,49.31821],[7.06472,49.32021],[7.06655,49.32215],[7.07058,49.32232],[7.07332,49.32242],[7.07546,49.32244],[7.07815,49.32254],[7.08139,49.3248],[7.08185,49.32484],[7.08239,49.32489],[7.08446,49.32509],[7.08682,49.32527],[7.08969,49.3262],[7.09303,49.32725],[7.09713,49.32859],[7.10121,49.32982],[7.1032,49.33046],[7.10538,49.33117],[7.11038,49.33272],[7.11521,49.33426],[7.1185,49.33411],[7.12248,49.3339],[7.12816,49.33367],[7.13242,49.33341],[7.1364,49.33328],[7.14005,49.3327],[7.14455,49.33203],[7.14883,49.3309],[7.15298,49.32981],[7.15688,49.32878],[7.1608,49.32774],[7.1641,49.32688],[7.16889,49.32712],[7.17302,49.32732],[7.17511,49.32767],[7.17884,49.3283],[7.18336,49.32909],[7.18575,49.32898],[7.1897,49.32973],[7.19313,49.33041],[7.19462,49.3327],[7.1953,49.33376],[7.19731,49.33413],[7.2014,49.3349],[7.20569,49.33574],[7.21065,49.33669],[7.21516,49.33755],[7.2202,49.33854],[7.22506,49.33946],[7.22872,49.34016],[7.23142,49.33913],[7.23401,49.33819],[7.23781,49.33674],[7.24199,49.33585],[7.2462,49.33496],[7.25065,49.33398],[7.25475,49.33308],[7.25838,49.33496],[7.26192,49.33681],[7.26552,49.33854],[7.26918,49.34045],[7.27261,49.34217],[7.27612,49.34402],[7.27943,49.3457],[7.28169,49.34687],[7.28453,49.34831],[7.28815,49.35023],[7.29234,49.35005],[7.29694,49.34988],[7.30046,49.34974],[7.30511,49.34966],[7.30946,49.34952],[7.31294,49.35075],[7.31654,49.35197],[7.32052,49.35337],[7.32435,49.35463],[7.32767,49.35328],[7.33166,49.35167],[7.33372,49.35086],[7.3357,49.35006],[7.33967,49.3484],[7.34211,49.34746],[7.34611,49.34955],[7.34775,49.35044],[7.34959,49.35143],[7.35449,49.35255],[7.35855,49.3546],[7.36203,49.35637],[7.36564,49.3582],[7.36909,49.35995],[7.37269,49.36177],[7.37644,49.36366],[7.37994,49.36542]]},"properties":{"kv":110,"cable":false,"operator":"DB Energie GmbH","name":"","rail":true}},{"type":"Feature","geometry":{"type":"LineString","coordinates":[[7.11418,49.3208],[7.11491,49.31875]]},"properties":{"kv":110,"cable":false,"operator":"Pfalzwerke AG","name":"","rail":false}},{"type":"Feature","geometry":{"type":"LineString","coordinates":[[7.11689,49.32249],[7.11718,49.32192],[7.11727,49.32178],[7.11731,49.32171]]},"properties":{"kv":110,"cable":false,"operator":"RWE","name":"","rail":false}},{"type":"Feature","geometry":{"type":"LineString","coordinates":[[7.11491,49.31875],[7.11608,49.31496],[7.11702,49.31198],[7.12143,49.30985]]},"properties":{"kv":110,"cable":false,"operator":"Pfalzwerke AG","name":"","rail":false}},{"type":"Feature","geometry":{"type":"LineString","coordinates":[[7.14423,49.33446],[7.14383,49.33481],[7.14049,49.33446],[7.13663,49.33404],[7.13291,49.33367],[7.12905,49.33388],[7.12329,49.33413],[7.11879,49.33434],[7.11464,49.33452],[7.11007,49.33304],[7.10502,49.3314],[7.10215,49.33047],[7.10002,49.32977],[7.09695,49.32879],[7.09289,49.32743],[7.08816,49.32595],[7.08413,49.32537],[7.08122,49.32499],[7.07801,49.3228],[7.075,49.32286],[7.07115,49.32292],[7.06709,49.32298],[7.06655,49.32122],[7.06612,49.31988],[7.06631,49.31932],[7.06267,49.31842],[7.06046,49.31637],[7.05759,49.31372],[7.05568,49.31195],[7.05335,49.30979],[7.04981,49.30848],[7.04748,49.30763]]},"properties":{"kv":65,"cable":false,"operator":"Creos","name":"","rail":false}},{"type":"Feature","geometry":{"type":"LineString","coordinates":[[6.62907,49.45474],[6.6294,49.45446]]},"properties":{"kv":110,"cable":false,"operator":"","name":"","rail":false}},{"type":"Feature","geometry":{"type":"LineString","coordinates":[[6.76604,49.36066],[6.76557,49.36145]]},"properties":{"kv":110,"cable":false,"operator":"","name":"","rail":false}},{"type":"Feature","geometry":{"type":"LineString","coordinates":[[6.62932,49.42786],[6.62804,49.4303],[6.62684,49.4327],[6.62547,49.43544],[6.62654,49.43811],[6.62775,49.4409],[6.62884,49.44355],[6.63005,49.44649],[6.62904,49.44912],[6.62799,49.45195],[6.62987,49.4536]]},"properties":{"kv":110,"cable":false,"operator":"","name":"110 kV Mechern Ost|West;20 kV Merzig Harlinger Weg;D\u00f6rrm\u00fchle","rail":false}},{"type":"Feature","geometry":{"type":"LineString","coordinates":[[6.6882,49.36517],[6.68842,49.36477]]},"properties":{"kv":110,"cable":false,"operator":"","name":"","rail":false}},{"type":"Feature","geometry":{"type":"LineString","coordinates":[[7.24111,49.35768],[7.24187,49.3579]]},"properties":{"kv":110,"cable":false,"operator":"","name":"110 kV","rail":false}},{"type":"Feature","geometry":{"type":"LineString","coordinates":[[7.23925,49.35707],[7.23945,49.35712],[7.24007,49.35731],[7.24035,49.35739],[7.24066,49.35747]]},"properties":{"kv":220,"cable":false,"operator":"","name":"220 kV","rail":false}},{"type":"Feature","geometry":{"type":"LineString","coordinates":[[7.23345,49.36881],[7.23494,49.3695]]},"properties":{"kv":380,"cable":false,"operator":"Amprion","name":"","rail":false}},{"type":"Feature","geometry":{"type":"LineString","coordinates":[[7.23534,49.36914],[7.23604,49.3693],[7.23635,49.36937],[7.23653,49.36942]]},"properties":{"kv":380,"cable":false,"operator":"","name":"","rail":false}},{"type":"Feature","geometry":{"type":"LineString","coordinates":[[7.2354,49.37041],[7.23545,49.37032],[7.23561,49.37005],[7.23595,49.36946],[7.23604,49.3693],[7.23624,49.36896],[7.23634,49.36879],[7.2364,49.36868]]},"properties":{"kv":380,"cable":false,"operator":"","name":"","rail":false}},{"type":"Feature","geometry":{"type":"LineString","coordinates":[[6.77489,49.29],[6.77482,49.29],[6.77454,49.28999],[6.77441,49.28999],[6.77425,49.28998],[6.7741,49.28998],[6.77396,49.28997],[6.77383,49.28997],[6.7737,49.28996],[6.77358,49.28996],[6.77343,49.28995],[6.77329,49.28995],[6.77315,49.28994],[6.77301,49.28994],[6.77288,49.28993],[6.77273,49.28993],[6.77259,49.28992],[6.77245,49.28992],[6.77234,49.28992],[6.7722,49.28991],[6.77212,49.28991]]},"properties":{"kv":110,"cable":false,"operator":"","name":"110 kV","rail":false}},{"type":"Feature","geometry":{"type":"LineString","coordinates":[[6.99082,49.37396],[6.99337,49.37357]]},"properties":{"kv":220,"cable":false,"operator":"","name":"","rail":false}},{"type":"Feature","geometry":{"type":"LineString","coordinates":[[6.99695,49.37637],[6.99702,49.37612],[6.99705,49.37597],[6.99708,49.37584],[6.99712,49.37571],[6.99716,49.37557],[6.9972,49.37544],[6.99732,49.37501],[6.99736,49.37487],[6.99739,49.37475],[6.99744,49.37458],[6.99746,49.37448],[6.9975,49.37433],[6.99754,49.37418]]},"properties":{"kv":220,"cable":false,"operator":"","name":"220 kV","rail":false}},{"type":"Feature","geometry":{"type":"LineString","coordinates":[[6.66927,49.27283],[6.67365,49.27346],[6.67808,49.27409],[6.68209,49.27469],[6.68595,49.27524],[6.69012,49.27582],[6.69283,49.27809],[6.69662,49.28146],[6.70069,49.28205],[6.70455,49.28261],[6.70954,49.2833],[6.71457,49.28402],[6.71893,49.28161],[6.72415,49.27875]]},"properties":{"kv":380,"cable":false,"operator":"RWE","name":"Vigy - Ensdorf (380kV)","rail":false}},{"type":"Feature","geometry":{"type":"LineString","coordinates":[[6.76298,49.36278],[6.76509,49.36119]]},"properties":{"kv":110,"cable":false,"operator":"","name":"Saarwellingen - Dillinger H\u00fctte N/S","rail":false}},{"type":"Feature","geometry":{"type":"LineString","coordinates":[[6.76548,49.36017],[6.76559,49.36022],[6.76578,49.36031],[6.76589,49.36036],[6.76599,49.36041],[6.76609,49.36046],[6.7662,49.36051],[6.76629,49.36055],[6.7664,49.3606],[6.76659,49.36069]]},"properties":{"kv":110,"cable":false,"operator":"","name":"110 kV","rail":false}},{"type":"Feature","geometry":{"type":"LineString","coordinates":[[6.75517,49.36528],[6.75519,49.36523],[6.75523,49.36516],[6.75527,49.36509],[6.7553,49.36503],[6.75535,49.36495],[6.75538,49.36488],[6.75543,49.36481],[6.75547,49.36474],[6.75568,49.36436],[6.75572,49.36428],[6.75576,49.36423]]},"properties":{"kv":220,"cable":false,"operator":"","name":"220 kV","rail":false}},{"type":"Feature","geometry":{"type":"LineString","coordinates":[[6.99788,49.37844],[6.99789,49.37839],[6.9979,49.37834],[6.99792,49.37828],[6.99794,49.37821],[6.99796,49.37813],[6.99798,49.37806],[6.99799,49.37799],[6.99801,49.37792],[6.99803,49.37785],[6.99805,49.37778],[6.99807,49.3777],[6.99809,49.37764],[6.99811,49.37756],[6.99813,49.3775],[6.99817,49.37735],[6.99818,49.37728],[6.9982,49.37721],[6.99824,49.37709]]},"properties":{"kv":110,"cable":false,"operator":"","name":"110 kV","rail":false}},{"type":"Feature","geometry":{"type":"LineString","coordinates":[[6.99082,49.37396],[6.99394,49.37382]]},"properties":{"kv":380,"cable":false,"operator":"Amprion","name":"","rail":false}},{"type":"Feature","geometry":{"type":"LineString","coordinates":[[6.7412,49.35717],[6.74128,49.35721],[6.74146,49.35728],[6.74162,49.35734],[6.7418,49.35741],[6.74191,49.35746]]},"properties":{"kv":220,"cable":false,"operator":"","name":"220 kV","rail":false}},{"type":"Feature","geometry":{"type":"LineString","coordinates":[[6.99494,49.37593],[6.99507,49.37545],[6.99512,49.37526],[6.99517,49.3751],[6.99521,49.37492],[6.99526,49.37473],[6.99531,49.37456],[6.99541,49.37417],[6.99546,49.37399],[6.99551,49.37381],[6.99556,49.37363],[6.99561,49.37346],[6.99566,49.37328],[6.99569,49.37315]]},"properties":{"kv":380,"cable":false,"operator":"","name":"380 kV","rail":false}},{"type":"Feature","geometry":{"type":"LineString","coordinates":[[6.77053,49.29076],[6.77064,49.29077],[6.77085,49.29078],[6.77104,49.29078],[6.77126,49.29079],[6.77147,49.2908],[6.77167,49.29081],[6.77187,49.29082],[6.77209,49.29083],[6.7723,49.29083],[6.77248,49.29084],[6.77302,49.29086],[6.77315,49.29087]]},"properties":{"kv":220,"cable":false,"operator":"","name":"220 kV","rail":false}},{"type":"Feature","geometry":{"type":"LineString","coordinates":[[7.31914,49.30637],[7.31708,49.30639]]},"properties":{"kv":220,"cable":false,"operator":"","name":"","rail":false}},{"type":"Feature","geometry":{"type":"LineString","coordinates":[[7.31986,49.30535],[7.31986,49.3053],[7.31987,49.30523],[7.31988,49.30516],[7.31989,49.30509],[7.31991,49.30501],[7.31992,49.30494],[7.31993,49.30485],[7.31995,49.30468],[7.31997,49.3046],[7.31998,49.30454],[7.31999,49.30446],[7.32,49.3044],[7.32001,49.30432],[7.32004,49.30412],[7.32005,49.30403],[7.32006,49.30397]]},"properties":{"kv":110,"cable":false,"operator":"","name":"","rail":false}},{"type":"Feature","geometry":{"type":"LineString","coordinates":[[7.24029,49.357],[7.24069,49.3562]]},"properties":{"kv":220,"cable":false,"operator":"Amprion","name":"","rail":false}},{"type":"Feature","geometry":{"type":"LineString","coordinates":[[7.32018,49.3062],[7.32091,49.30619],[7.321,49.30513]]},"properties":{"kv":110,"cable":false,"operator":"","name":"","rail":false}},{"type":"Feature","geometry":{"type":"LineString","coordinates":[[7.31978,49.30613],[7.31979,49.30624],[7.3198,49.30634],[7.3198,49.30637],[7.31981,49.30642]]},"properties":{"kv":220,"cable":false,"operator":"","name":"","rail":false}},{"type":"Feature","geometry":{"type":"LineString","coordinates":[[7.31979,49.30624],[7.32018,49.3062]]},"properties":{"kv":220,"cable":false,"operator":"","name":"","rail":false}},{"type":"Feature","geometry":{"type":"LineString","coordinates":[[7.321,49.30513],[7.32037,49.30505],[7.32023,49.30503]]},"properties":{"kv":110,"cable":false,"operator":"","name":"","rail":false}},{"type":"Feature","geometry":{"type":"LineString","coordinates":[[7.11705,49.34824],[7.11574,49.34873]]},"properties":{"kv":65,"cable":false,"operator":"Creos","name":"","rail":false}},{"type":"Feature","geometry":{"type":"LineString","coordinates":[[7.14781,49.28498],[7.14793,49.28498],[7.14805,49.28497],[7.14817,49.28497],[7.14863,49.28495],[7.14886,49.28494],[7.14891,49.28494]]},"properties":{"kv":110,"cable":false,"operator":"","name":"","rail":false}},{"type":"Feature","geometry":{"type":"LineString","coordinates":[[6.88761,49.24867],[6.88511,49.24846]]},"properties":{"kv":110,"cable":false,"operator":"","name":"","rail":false}},{"type":"Feature","geometry":{"type":"LineString","coordinates":[[7.16133,49.32789],[7.15761,49.32895],[7.1539,49.32999],[7.14845,49.33151],[7.14552,49.33235],[7.14429,49.33377]]},"properties":{"kv":65,"cable":false,"operator":"Creos","name":"","rail":false}},{"type":"Feature","geometry":{"type":"LineString","coordinates":[[7.06801,49.34491],[7.07057,49.34458],[7.07579,49.34393],[7.07667,49.34044],[7.07921,49.33754],[7.08418,49.33767],[7.08859,49.33779],[7.09173,49.33788],[7.09728,49.33803],[7.10032,49.3377],[7.10354,49.33735],[7.10683,49.33714],[7.10987,49.33696],[7.1116,49.33615],[7.11467,49.33472],[7.11829,49.33305],[7.12268,49.3316],[7.12344,49.32862],[7.12414,49.32614],[7.12093,49.32418],[7.11689,49.32249]]},"properties":{"kv":110,"cable":false,"operator":"VSE","name":"","rail":false}},{"type":"Feature","geometry":{"type":"LineString","coordinates":[[6.88833,49.23659],[6.88883,49.23738]]},"properties":{"kv":110,"cable":false,"operator":"","name":"","rail":false}},{"type":"Feature","geometry":{"type":"LineString","coordinates":[[7.02547,49.29928],[7.02554,49.29923],[7.02566,49.29915],[7.02574,49.2991]]},"properties":{"kv":110,"cable":false,"operator":"","name":"","rail":false}},{"type":"Feature","geometry":{"type":"LineString","coordinates":[[7.01122,49.38369],[7.01184,49.3855]]},"properties":{"kv":220,"cable":false,"operator":"Amprion","name":"","rail":false}},{"type":"Feature","geometry":{"type":"LineString","coordinates":[[7.11653,49.3216],[7.11668,49.32164],[7.11679,49.32167],[7.11691,49.32169],[7.11714,49.32175],[7.1172,49.32177],[7.11727,49.32178],[7.11737,49.32181],[7.1175,49.32184],[7.11762,49.32187],[7.11773,49.3219],[7.11793,49.32195]]},"properties":{"kv":110,"cable":false,"operator":"","name":"","rail":false}},{"type":"Feature","geometry":{"type":"LineString","coordinates":[[7.14871,49.28631],[7.14795,49.2855]]},"properties":{"kv":110,"cable":false,"operator":"","name":"","rail":false}},{"type":"Feature","geometry":{"type":"LineString","coordinates":[[7.04338,49.21471],[7.04339,49.21466],[7.0434,49.21458],[7.04341,49.21449],[7.04342,49.21441],[7.04343,49.21433],[7.04344,49.21425],[7.04345,49.2142]]},"properties":{"kv":110,"cable":false,"operator":"","name":"","rail":false}},{"type":"Feature","geometry":{"type":"LineString","coordinates":[[6.97739,49.24418],[6.97762,49.24422],[6.97804,49.24445]]},"properties":{"kv":110,"cable":false,"operator":"","name":"","rail":false}},{"type":"Feature","geometry":{"type":"LineString","coordinates":[[6.88438,49.24918],[6.88438,49.2491],[6.88439,49.24902],[6.8844,49.24885],[6.88441,49.24867],[6.88442,49.24848],[6.88442,49.2484],[6.88443,49.24832]]},"properties":{"kv":110,"cable":false,"operator":"","name":"110 kV","rail":false}},{"type":"Feature","geometry":{"type":"LineString","coordinates":[[7.23657,49.34236],[7.23461,49.34068],[7.23037,49.3408],[7.22679,49.33994],[7.22428,49.33947],[7.21976,49.3386],[7.21575,49.33781],[7.21034,49.33677],[7.20622,49.33599],[7.20112,49.33502],[7.1962,49.33408],[7.19389,49.33357]]},"properties":{"kv":110,"cable":false,"operator":"Saar Energie","name":"Bexbach -","rail":false}},{"type":"Feature","geometry":{"type":"LineString","coordinates":[[7.03668,49.23103],[7.03674,49.23106],[7.03685,49.23112],[7.03695,49.23117],[7.03708,49.23123],[7.03716,49.23127],[7.03726,49.23132],[7.03738,49.23139],[7.0376,49.2315],[7.03764,49.23152]]},"properties":{"kv":110,"cable":false,"operator":"","name":"","rail":false}},{"type":"Feature","geometry":{"type":"LineString","coordinates":[[6.99145,49.37723],[6.99732,49.37976],[7.0011,49.38143],[7.0057,49.38345],[7.00997,49.38522]]},"properties":{"kv":380,"cable":false,"operator":"Amprion","name":"380kV Bliestal S\u00fcd, 380kV B\u00fcrstadt Ltg.","rail":false}},{"type":"Feature","geometry":{"type":"LineString","coordinates":[[7.14711,49.28526],[7.14795,49.2855]]},"properties":{"kv":110,"cable":false,"operator":"","name":"","rail":false}},{"type":"Feature","geometry":{"type":"LineString","coordinates":[[7.2361,49.34254],[7.23644,49.34232],[7.23657,49.34236]]},"properties":{"kv":110,"cable":false,"operator":"","name":"","rail":false}},{"type":"Feature","geometry":{"type":"LineString","coordinates":[[6.88833,49.23659],[6.89001,49.23702]]},"properties":{"kv":110,"cable":false,"operator":"","name":"","rail":false}},{"type":"Feature","geometry":{"type":"LineString","coordinates":[[7.14888,49.28519],[7.14871,49.28631]]},"properties":{"kv":110,"cable":false,"operator":"","name":"","rail":false}},{"type":"Feature","geometry":{"type":"LineString","coordinates":[[7.00997,49.38522],[7.01184,49.3855]]},"properties":{"kv":380,"cable":false,"operator":"Amprion","name":"","rail":false}},{"type":"Feature","geometry":{"type":"LineString","coordinates":[[7.19404,49.33348],[7.19399,49.33358],[7.19389,49.33357]]},"properties":{"kv":110,"cable":false,"operator":"","name":"","rail":false}},{"type":"Feature","geometry":{"type":"LineString","coordinates":[[7.1441,49.33428],[7.14453,49.33453]]},"properties":{"kv":65,"cable":false,"operator":"","name":"","rail":false}},{"type":"Feature","geometry":{"type":"LineString","coordinates":[[6.88883,49.23738],[6.88886,49.23995],[6.88782,49.24134],[6.88778,49.24347],[6.88769,49.24627],[6.88761,49.24867]]},"properties":{"kv":110,"cable":false,"operator":"","name":"","rail":false}},{"type":"Feature","geometry":{"type":"LineString","coordinates":[[7.14793,49.28523],[7.14795,49.2855]]},"properties":{"kv":110,"cable":false,"operator":"","name":"","rail":false}},{"type":"Feature","geometry":{"type":"LineString","coordinates":[[7.01122,49.38369],[7.00997,49.38522]]},"properties":{"kv":220,"cable":false,"operator":"Amprion","name":"","rail":false}},{"type":"Feature","geometry":{"type":"LineString","coordinates":[[6.88883,49.23738],[6.89001,49.23702]]},"properties":{"kv":110,"cable":false,"operator":"","name":"","rail":false}},{"type":"Feature","geometry":{"type":"LineString","coordinates":[[7.19369,49.3334],[7.19375,49.33342],[7.19388,49.33344],[7.19404,49.33348],[7.19415,49.3335],[7.19419,49.33351]]},"properties":{"kv":110,"cable":false,"operator":"","name":"","rail":false}},{"type":"Feature","geometry":{"type":"LineString","coordinates":[[6.75275,49.15513],[6.75746,49.15607],[6.76023,49.15691],[6.76472,49.15783],[6.76987,49.15898],[6.77238,49.15952],[6.77393,49.16245],[6.77262,49.16467],[6.77081,49.16645],[6.77243,49.16758],[6.77529,49.16967],[6.77875,49.17214],[6.78148,49.1742],[6.78478,49.17659],[6.78849,49.17735],[6.79283,49.17824],[6.79548,49.17928],[6.79798,49.18043],[6.80185,49.1813],[6.8062,49.18233],[6.81001,49.18316],[6.81229,49.18371]]},"properties":{"kv":63,"cable":false,"operator":"RTE","name":"Liaison 63\u00a0kV n\u00b01 Petite-Rosselle\u00a0- Saint-Avold","rail":false}},{"type":"Feature","geometry":{"type":"LineString","coordinates":[[6.81414,49.18421],[6.81619,49.18624],[6.8179,49.18799],[6.81982,49.18992],[6.82129,49.19134],[6.82543,49.19131],[6.82929,49.19131],[6.83333,49.19067],[6.83564,49.19255],[6.83632,49.19296],[6.8426,49.19497],[6.84495,49.19573],[6.84701,49.19714],[6.85021,49.19933],[6.84949,49.2019],[6.84636,49.20437],[6.84329,49.20676],[6.84017,49.20921],[6.83522,49.21196],[6.83626,49.213],[6.83616,49.21511],[6.83423,49.21685]]},"properties":{"kv":65,"cable":false,"operator":"Creos","name":"Fenne - Warndt|Velsen - Warndt","rail":false}},{"type":"Feature","geometry":{"type":"LineString","coordinates":[[6.90083,49.2828],[6.89838,49.28203],[6.89557,49.27886],[6.89414,49.27725],[6.89281,49.27575],[6.89152,49.27428],[6.89239,49.2707],[6.89323,49.26727],[6.89382,49.26482],[6.89432,49.26276],[6.8956,49.25924],[6.89636,49.25653]]},"properties":{"kv":65,"cable":false,"operator":"Creos","name":"","rail":false}},{"type":"Feature","geometry":{"type":"LineString","coordinates":[[7.00172,49.3731],[6.99981,49.37464]]},"properties":{"kv":220,"cable":false,"operator":"","name":"","rail":false}},{"type":"Feature","geometry":{"type":"LineString","coordinates":[[6.99406,49.37401],[6.99484,49.3741],[6.99517,49.37414],[6.99541,49.37417],[6.99605,49.37424]]},"properties":{"kv":380,"cable":false,"operator":"","name":"","rail":false}},{"type":"Feature","geometry":{"type":"LineString","coordinates":[[6.89995,49.52851],[6.90157,49.53108],[6.90314,49.5337],[6.90481,49.53646],[6.90632,49.53888],[6.9077,49.5412],[6.90921,49.54367],[6.91231,49.54483],[6.91606,49.54626],[6.92005,49.54778],[6.923,49.5489],[6.92564,49.55039],[6.92881,49.55226],[6.93178,49.55396],[6.93443,49.55566],[6.93708,49.55732],[6.94026,49.55931],[6.94334,49.56157],[6.94658,49.56422],[6.94955,49.56649],[6.95203,49.56846],[6.95414,49.57023],[6.95639,49.57194],[6.95876,49.57386]]},"properties":{"kv":110,"cable":false,"operator":"","name":"110 kV Wadern - Kastel Ost|West","rail":false}},{"type":"Feature","geometry":{"type":"LineString","coordinates":[[6.84763,49.25483],[6.84283,49.25345],[6.84208,49.25284],[6.83993,49.25268]]},"properties":{"kv":110,"cable":false,"operator":"","name":"","rail":false}},{"type":"Feature","geometry":{"type":"LineString","coordinates":[[6.72642,49.27305],[6.72451,49.27053]]},"properties":{"kv":110,"cable":false,"operator":"","name":"","rail":false}},{"type":"Feature","geometry":{"type":"LineString","coordinates":[[6.84008,49.23618],[6.83877,49.23712],[6.83703,49.23857],[6.83625,49.24068],[6.83568,49.24222],[6.83497,49.24401],[6.83468,49.24482],[6.83381,49.24653],[6.83331,49.24851],[6.83291,49.25124],[6.83263,49.25394],[6.8325,49.25607],[6.83528,49.25839],[6.83723,49.26001],[6.83967,49.26208],[6.83984,49.26367],[6.83994,49.26603],[6.84014,49.26856],[6.8403,49.27089],[6.84048,49.27347],[6.84062,49.27528],[6.83926,49.27664],[6.83709,49.2789],[6.83512,49.28095],[6.83357,49.2827],[6.83007,49.28271],[6.82613,49.28271],[6.8233,49.28268],[6.81951,49.28269],[6.81555,49.28271],[6.81226,49.28273],[6.80818,49.28271],[6.80482,49.28274],[6.80172,49.28275],[6.79958,49.28272],[6.79636,49.28399],[6.79328,49.28527],[6.79009,49.28657],[6.78676,49.2879],[6.7843,49.28894],[6.78001,49.28885]]},"properties":{"kv":110,"cable":false,"operator":"","name":"","rail":false}},{"type":"Feature","geometry":{"type":"LineString","coordinates":[[7.09947,49.27875],[7.10171,49.27765]]},"properties":{"kv":110,"cable":false,"operator":"VSE","name":"St. Ingbert West;St. Ingbert Ost","rail":false}},{"type":"Feature","geometry":{"type":"LineString","coordinates":[[7.00421,49.37674],[7.00702,49.3782],[7.00987,49.37964],[7.01054,49.38164],[7.01122,49.38369]]},"properties":{"kv":220,"cable":false,"operator":"Amprion","name":"","rail":false}},{"type":"Feature","geometry":{"type":"LineString","coordinates":[[6.99944,49.37557],[7.00128,49.37579],[7.00421,49.37674]]},"properties":{"kv":220,"cable":false,"operator":"Amprion","name":"","rail":false}},{"type":"Feature","geometry":{"type":"LineString","coordinates":[[6.99944,49.37557],[7.00173,49.37488]]},"properties":{"kv":0,"cable":false,"operator":"RWE","name":"","rail":false}},{"type":"Feature","geometry":{"type":"LineString","coordinates":[[7.00174,49.37643],[7.00173,49.37488]]},"properties":{"kv":110,"cable":false,"operator":"RWE","name":"","rail":false}},{"type":"Feature","geometry":{"type":"LineString","coordinates":[[6.99562,49.3784],[6.99221,49.37716]]},"properties":{"kv":110,"cable":false,"operator":"RWE","name":"","rail":false}},{"type":"Feature","geometry":{"type":"LineString","coordinates":[[7.00174,49.37643],[7.00421,49.37674]]},"properties":{"kv":220,"cable":false,"operator":"Amprion","name":"","rail":false}},{"type":"Feature","geometry":{"type":"LineString","coordinates":[[7.00173,49.37488],[7.00172,49.3731]]},"properties":{"kv":110,"cable":false,"operator":"RWE","name":"","rail":false}},{"type":"Feature","geometry":{"type":"LineString","coordinates":[[7.08282,49.23694],[7.0822,49.23301],[7.0817,49.23018],[7.08118,49.22665],[7.0806,49.2229],[7.07695,49.22038],[7.07414,49.21841],[7.07021,49.21572],[7.06689,49.21346],[7.06305,49.21074],[7.06157,49.20885],[7.05881,49.20844],[7.05616,49.21013],[7.05497,49.21156],[7.05167,49.21329],[7.04883,49.21486],[7.04523,49.21444]]},"properties":{"kv":110,"cable":false,"operator":"RWE","name":"Brebach - St. Ingbert","rail":false}},{"type":"Feature","geometry":{"type":"LineString","coordinates":[[6.86717,49.25114],[6.86884,49.25075],[6.87186,49.2515],[6.87445,49.25122],[6.87438,49.24947],[6.87442,49.24787],[6.87438,49.24631],[6.87439,49.24482],[6.87469,49.2434],[6.87498,49.24216],[6.87489,49.24103],[6.87433,49.23981],[6.87367,49.23852],[6.87014,49.23821],[6.86861,49.23695],[6.86709,49.23569],[6.86461,49.23557],[6.86234,49.23547],[6.86042,49.23539],[6.85829,49.23527],[6.85628,49.23457],[6.85397,49.23375],[6.85151,49.23286],[6.84934,49.23206],[6.84776,49.23324],[6.8463,49.23433],[6.84466,49.23549],[6.84315,49.2366]]},"properties":{"kv":35,"cable":false,"operator":"","name":"Geislautern - VK-Stadionstra\u00dfe","rail":false}},{"type":"Feature","geometry":{"type":"LineString","coordinates":[[6.92915,49.42661],[6.92854,49.42407],[6.92778,49.42131],[6.92703,49.41842],[6.9263,49.41564],[6.92513,49.41154],[6.9288,49.4088],[6.93214,49.40631],[6.936,49.40344],[6.93903,49.40119],[6.94218,49.39882],[6.94633,49.39574],[6.95221,49.39517],[6.95642,49.39474],[6.96284,49.39407],[6.96709,49.39364],[6.97222,49.39314],[6.97611,49.39273],[6.97892,49.3891],[6.98157,49.38566],[6.98382,49.38272],[6.98635,49.37944],[6.99221,49.37716]]},"properties":{"kv":110,"cable":false,"operator":"Amprion","name":"Uchtelfangen - Lebach/Schmelz/St.Wendel","rail":false}},{"type":"Feature","geometry":{"type":"LineString","coordinates":[[6.62892,49.45518],[6.62578,49.4573],[6.62314,49.45948],[6.62511,49.4607],[6.62572,49.46321],[6.62629,49.46532],[6.62683,49.46779],[6.62752,49.47048],[6.62814,49.47312],[6.62875,49.47556],[6.62503,49.4782],[6.62255,49.47985],[6.62027,49.4815],[6.61772,49.48262],[6.61475,49.48393],[6.61131,49.48544],[6.61045,49.48734],[6.60951,49.48945]]},"properties":{"kv":110,"cable":false,"operator":"Amprion","name":"220 kV Saar Nord | 110kV Merzig Ltg.","rail":false}},{"type":"Feature","geometry":{"type":"LineString","coordinates":[[6.80027,49.50199],[6.80029,49.50214],[6.80031,49.50222],[6.80034,49.50243],[6.80036,49.50256]]},"properties":{"kv":110,"cable":false,"operator":"","name":"","rail":false}},{"type":"Feature","geometry":{"type":"LineString","coordinates":[[6.62946,49.45416],[6.62955,49.45421],[6.62964,49.45425],[6.62972,49.45429],[6.62979,49.45433],[6.62988,49.45437],[6.63006,49.45447],[6.63013,49.4545],[6.63019,49.45454],[6.63027,49.45458],[6.63035,49.45462],[6.6304,49.45465]]},"properties":{"kv":110,"cable":false,"operator":"","name":"110 kV","rail":false}},{"type":"Feature","geometry":{"type":"LineString","coordinates":[[7.1318,49.55505],[7.13206,49.55513],[7.13489,49.55605],[7.13862,49.55725],[7.14198,49.55836],[7.14546,49.55951],[7.14868,49.56054],[7.1522,49.55985],[7.15586,49.55914],[7.15953,49.55842],[7.16277,49.55779],[7.16607,49.55594],[7.16942,49.55406],[7.17328,49.55355],[7.17726,49.55363],[7.18103,49.55371],[7.18555,49.55381],[7.18898,49.55388],[7.19242,49.55516],[7.1959,49.55645],[7.19848,49.55742],[7.2019,49.55869],[7.20548,49.55716],[7.20948,49.55547],[7.21463,49.55364],[7.2196,49.55263],[7.22241,49.55206],[7.2255,49.55143],[7.22906,49.5507],[7.23264,49.54998],[7.23574,49.54827],[7.2384,49.54681]]},"properties":{"kv":110,"cable":false,"operator":"","name":"","rail":false}},{"type":"Feature","geometry":{"type":"LineString","coordinates":[[7.07327,49.47757],[7.07329,49.47766],[7.07332,49.47782],[7.07341,49.47826]]},"properties":{"kv":110,"cable":false,"operator":"","name":"","rail":false}},{"type":"Feature","geometry":{"type":"LineString","coordinates":[[6.89636,49.25653],[6.89916,49.25773]]},"properties":{"kv":110,"cable":false,"operator":"Creos","name":"","rail":false}},{"type":"Feature","geometry":{"type":"LineString","coordinates":[[6.89916,49.25773],[6.9031,49.2594],[6.90807,49.26159],[6.91051,49.26257],[6.91407,49.26407],[6.91647,49.2651],[6.91793,49.2651],[6.9227,49.26511],[6.92912,49.26505],[6.93297,49.26508],[6.93658,49.26506],[6.94163,49.26506],[6.9462,49.26507],[6.95,49.26507],[6.95554,49.26514],[6.96103,49.26515],[6.96478,49.26515],[6.97011,49.26516],[6.97548,49.26516],[6.97993,49.26516],[6.98619,49.26518],[6.99074,49.26519],[6.99449,49.26521],[6.99816,49.26792],[7.00149,49.27038],[7.00542,49.2733],[7.00978,49.27652],[7.01317,49.27902],[7.01607,49.28117],[7.01996,49.28409],[7.02368,49.28678],[7.02646,49.28887],[7.0285,49.29115]]},"properties":{"kv":110,"cable":false,"operator":"Creos","name":"","rail":false}},{"type":"Feature","geometry":{"type":"LineString","coordinates":[[6.89916,49.25773],[6.9001,49.25669],[6.90197,49.25466],[6.90155,49.25221],[6.90344,49.25131],[6.90388,49.25111],[6.9059,49.25086]]},"properties":{"kv":65,"cable":false,"operator":"Creos","name":"","rail":false}},{"type":"Feature","geometry":{"type":"LineString","coordinates":[[6.71395,49.22247],[6.71349,49.22643],[6.71283,49.23148]]},"properties":{"kv":220,"cable":false,"operator":"","name":"","rail":false}},{"type":"Feature","geometry":{"type":"LineString","coordinates":[[6.71395,49.22247],[6.71544,49.21741],[6.71699,49.21231],[6.71869,49.20664],[6.71496,49.20291],[6.71361,49.20158],[6.70974,49.1978],[6.70559,49.19366],[6.70069,49.18882],[6.69731,49.18539],[6.69434,49.18243],[6.6919,49.17857],[6.68938,49.17459],[6.68812,49.17069],[6.68781,49.1664],[6.68747,49.16149],[6.68721,49.15675],[6.68687,49.1507],[6.68654,49.14483],[6.68636,49.14058],[6.68776,49.13868],[6.69119,49.13896],[6.69509,49.13854],[6.70089,49.13847],[6.70166,49.13836]]},"properties":{"kv":225,"cable":false,"operator":"RTE","name":"Liaison 225 kV n\u00b01 Ensdorf - Saint-Avold","rail":false}},{"type":"Feature","geometry":{"type":"LineString","coordinates":[[6.81401,49.28628],[6.81768,49.28665],[6.82087,49.28697],[6.82441,49.28733],[6.82769,49.28765],[6.8278,49.28871],[6.82791,49.29049],[6.82803,49.29298],[6.82818,49.295],[6.82828,49.29698],[6.82845,49.29947],[6.82861,49.30179],[6.82875,49.30437],[6.82814,49.30625],[6.82752,49.30804],[6.82674,49.31055],[6.82593,49.31282],[6.82511,49.31535],[6.82438,49.31757],[6.82377,49.31947],[6.82297,49.32179],[6.82242,49.32348],[6.8217,49.32577],[6.81824,49.32696],[6.81416,49.32848],[6.81167,49.32934],[6.80862,49.33046],[6.80548,49.33154],[6.80223,49.33272],[6.79876,49.33398],[6.79582,49.33499],[6.7943,49.33554]]},"properties":{"kv":110,"cable":false,"operator":"","name":"Saarwellingen - Ensdorf","rail":false}},{"type":"Feature","geometry":{"type":"LineString","coordinates":[[6.78134,49.27539],[6.77855,49.27699],[6.77535,49.27909],[6.7729,49.28136],[6.77056,49.28352],[6.7699,49.28471]]},"properties":{"kv":110,"cable":false,"operator":"","name":"","rail":false}},{"type":"Feature","geometry":{"type":"LineString","coordinates":[[6.78134,49.27539],[6.78185,49.27551],[6.78201,49.27551],[6.7822,49.27565],[6.78223,49.27567]]},"properties":{"kv":110,"cable":false,"operator":"","name":"","rail":false}},{"type":"Feature","geometry":{"type":"LineString","coordinates":[[6.83218,49.26092],[6.83103,49.26348],[6.82813,49.266],[6.82493,49.26848],[6.8212,49.26899],[6.8166,49.26957],[6.81113,49.27037],[6.80658,49.27099],[6.80271,49.27189],[6.79884,49.27279],[6.7942,49.2731],[6.78955,49.27341],[6.7853,49.27371],[6.78188,49.27511],[6.78134,49.27539]]},"properties":{"kv":110,"cable":false,"operator":"","name":"Ensdorf - Saarstahl VK","rail":false}},{"type":"Feature","geometry":{"type":"LineString","coordinates":[[6.83474,49.26352],[6.83478,49.26355],[6.83301,49.26177]]},"properties":{"kv":110,"cable":false,"operator":"","name":"","rail":false}},{"type":"Feature","geometry":{"type":"LineString","coordinates":[[6.72451,49.27053],[6.72293,49.26844],[6.72138,49.26639]]},"properties":{"kv":110,"cable":false,"operator":"","name":"","rail":false}},{"type":"Feature","geometry":{"type":"LineString","coordinates":[[6.79402,49.33519],[6.79653,49.33384]]},"properties":{"kv":220,"cable":false,"operator":"","name":"Saarwellingen - Fraulautern","rail":false}},{"type":"Feature","geometry":{"type":"LineString","coordinates":[[6.7675,49.28721],[6.77241,49.28961]]},"properties":{"kv":110,"cable":true,"operator":"RWE","name":"","rail":false}},{"type":"Feature","geometry":{"type":"LineString","coordinates":[[6.78001,49.28885],[6.77367,49.28967]]},"properties":{"kv":110,"cable":true,"operator":"","name":"","rail":false}},{"type":"Feature","geometry":{"type":"LineString","coordinates":[[6.7685,49.29022],[6.77319,49.28964]]},"properties":{"kv":110,"cable":true,"operator":"","name":"","rail":false}},{"type":"Feature","geometry":{"type":"LineString","coordinates":[[6.7699,49.28471],[6.76915,49.28553],[6.7691,49.288],[6.77282,49.28962]]},"properties":{"kv":110,"cable":true,"operator":"","name":"","rail":false}},{"type":"Feature","geometry":{"type":"LineString","coordinates":[[6.77601,49.29198],[6.77461,49.29186]]},"properties":{"kv":380,"cable":false,"operator":"RWE","name":"","rail":false}},{"type":"Feature","geometry":{"type":"LineString","coordinates":[[6.77601,49.29198],[6.77457,49.29218]]},"properties":{"kv":380,"cable":false,"operator":"RWE","name":"","rail":false}},{"type":"Feature","geometry":{"type":"LineString","coordinates":[[6.77462,49.29167],[6.77601,49.29198]]},"properties":{"kv":220,"cable":false,"operator":"RWE","name":"","rail":false}},{"type":"Feature","geometry":{"type":"LineString","coordinates":[[6.77601,49.29198],[6.77459,49.29201]]},"properties":{"kv":220,"cable":false,"operator":"RWE","name":"","rail":false}},{"type":"Feature","geometry":{"type":"LineString","coordinates":[[6.77459,49.29201],[6.77206,49.29124]]},"properties":{"kv":220,"cable":true,"operator":"","name":"","rail":false}},{"type":"Feature","geometry":{"type":"LineString","coordinates":[[6.77226,49.29125],[6.77462,49.29167]]},"properties":{"kv":220,"cable":true,"operator":"","name":"","rail":false}},{"type":"Feature","geometry":{"type":"LineString","coordinates":[[6.78001,49.28913],[6.78431,49.28922],[6.78712,49.28805],[6.79027,49.28679],[6.7941,49.28522],[6.79737,49.2854],[6.80178,49.28563],[6.80503,49.2858],[6.80824,49.28597],[6.81136,49.28614],[6.81401,49.28628]]},"properties":{"kv":110,"cable":false,"operator":"","name":"","rail":false}},{"type":"Feature","geometry":{"type":"LineString","coordinates":[[6.7675,49.28721],[6.77091,49.29001]]},"properties":{"kv":220,"cable":true,"operator":"RWE","name":"","rail":false}},{"type":"Feature","geometry":{"type":"LineString","coordinates":[[6.77651,49.29097],[6.7787,49.28902],[6.77605,49.28539],[6.77111,49.28403],[6.7675,49.28721]]},"properties":{"kv":380,"cable":false,"operator":"RWE","name":"","rail":false}},{"type":"Feature","geometry":{"type":"LineString","coordinates":[[6.77435,49.29225],[6.77436,49.29217],[6.77438,49.29201],[6.77439,49.29185],[6.77443,49.29151],[6.77445,49.29132],[6.77446,49.29116],[6.77448,49.291],[6.77449,49.29091]]},"properties":{"kv":380,"cable":false,"operator":"","name":"380kV","rail":false}},{"type":"Feature","geometry":{"type":"LineString","coordinates":[[6.7943,49.33554],[6.79131,49.33666],[6.78834,49.33778],[6.78593,49.3401],[6.78345,49.34243],[6.78046,49.34546],[6.77784,49.34818],[6.77518,49.3509],[6.77229,49.35393],[6.7694,49.35694],[6.7671,49.35935]]},"properties":{"kv":220,"cable":false,"operator":"","name":"Saarwellingen - Fraulautern (neu 9/2011)","rail":false}},{"type":"Feature","geometry":{"type":"LineString","coordinates":[[6.79704,49.33545],[6.7943,49.33554]]},"properties":{"kv":220,"cable":false,"operator":"","name":"Saarwellingen - Fraulautern (neu 9/2011)","rail":false}},{"type":"Feature","geometry":{"type":"LineString","coordinates":[[6.78907,49.33785],[6.78871,49.3377],[6.7893,49.33803]]},"properties":{"kv":0,"cable":true,"operator":"","name":"","rail":false}},{"type":"Feature","geometry":{"type":"LineString","coordinates":[[6.79653,49.33384],[6.79703,49.3337]]},"properties":{"kv":0,"cable":false,"operator":"","name":"","rail":false}},{"type":"Feature","geometry":{"type":"LineString","coordinates":[[6.79653,49.33384],[6.79703,49.3334]]},"properties":{"kv":220,"cable":false,"operator":"","name":"","rail":false}},{"type":"Feature","geometry":{"type":"LineString","coordinates":[[6.76557,49.36145],[6.76368,49.36311],[6.76171,49.36484],[6.7601,49.36624]]},"properties":{"kv":220,"cable":false,"operator":"Amprion","name":"220 kV Saar Nord; 110 kV Merzig - Saarwellingen","rail":false}},{"type":"Feature","geometry":{"type":"LineString","coordinates":[[6.76595,49.35904],[6.76826,49.35658],[6.77176,49.35293],[6.775,49.34964],[6.77858,49.34596],[6.78344,49.34096],[6.78614,49.3382]]},"properties":{"kv":220,"cable":false,"operator":"","name":"Saarwellingen - Fraulautern","rail":false}},{"type":"Feature","geometry":{"type":"LineString","coordinates":[[6.76623,49.36138],[6.76661,49.36091]]},"properties":{"kv":10,"cable":false,"operator":"","name":"Saarwellingen - Lebach","rail":false}},{"type":"Feature","geometry":{"type":"LineString","coordinates":[[6.76623,49.36138],[6.76624,49.36074]]},"properties":{"kv":110,"cable":false,"operator":"","name":"Saarwellingen - Lebach","rail":false}},{"type":"Feature","geometry":{"type":"LineString","coordinates":[[6.76557,49.36145],[6.7671,49.35935]]},"properties":{"kv":220,"cable":false,"operator":"","name":"","rail":false}},{"type":"Feature","geometry":{"type":"LineString","coordinates":[[6.7671,49.35935],[6.76635,49.36035]]},"properties":{"kv":110,"cable":false,"operator":"","name":"","rail":false}},{"type":"Feature","geometry":{"type":"LineString","coordinates":[[6.7671,49.35935],[6.76646,49.35922],[6.76595,49.35904]]},"properties":{"kv":220,"cable":false,"operator":"RWE","name":"","rail":false}},{"type":"Feature","geometry":{"type":"LineString","coordinates":[[6.7671,49.35935],[6.76626,49.3603]]},"properties":{"kv":110,"cable":false,"operator":"","name":"","rail":false}},{"type":"Feature","geometry":{"type":"LineString","coordinates":[[6.76477,49.36107],[6.76475,49.36047],[6.76486,49.36026]]},"properties":{"kv":220,"cable":false,"operator":"","name":"","rail":false}},{"type":"Feature","geometry":{"type":"LineString","coordinates":[[6.76513,49.36038],[6.76496,49.36051],[6.76477,49.36107]]},"properties":{"kv":220,"cable":false,"operator":"","name":"","rail":false}},{"type":"Feature","geometry":{"type":"LineString","coordinates":[[6.76779,49.29854],[6.7685,49.29022]]},"properties":{"kv":110,"cable":true,"operator":"","name":"","rail":false}},{"type":"Feature","geometry":{"type":"LineString","coordinates":[[6.78614,49.3382],[6.79008,49.33674],[6.79402,49.33519]]},"properties":{"kv":220,"cable":false,"operator":"","name":"Saarwellingen - Fraulautern","rail":false}},{"type":"Feature","geometry":{"type":"LineString","coordinates":[[6.77258,49.35425],[6.77318,49.35431]]},"properties":{"kv":35,"cable":true,"operator":"","name":"Lehmkaul","rail":false}},{"type":"Feature","geometry":{"type":"LineString","coordinates":[[6.75973,49.36617],[6.76163,49.36445],[6.76367,49.36266],[6.76477,49.36107]]},"properties":{"kv":220,"cable":false,"operator":"","name":"Saarwellingen - Diefflen","rail":false}},{"type":"Feature","geometry":{"type":"LineString","coordinates":[[6.75689,49.36494],[6.75605,49.36494],[6.75565,49.36486],[6.75543,49.36481]]},"properties":{"kv":220,"cable":false,"operator":"","name":"","rail":false}},{"type":"Feature","geometry":{"type":"LineString","coordinates":[[6.75437,49.36421],[6.75523,49.36439],[6.75621,49.36461],[6.75689,49.36494]]},"properties":{"kv":110,"cable":false,"operator":"","name":"","rail":false}},{"type":"Feature","geometry":{"type":"LineString","coordinates":[[6.75437,49.36421],[6.75531,49.36425],[6.75563,49.36426],[6.75572,49.36428],[6.75593,49.36433]]},"properties":{"kv":220,"cable":false,"operator":"","name":"","rail":false}},{"type":"Feature","geometry":{"type":"LineString","coordinates":[[6.77172,49.2494],[6.77536,49.24861],[6.77913,49.24778],[6.78253,49.24778],[6.78474,49.24961],[6.78721,49.25171],[6.78968,49.25376],[6.79213,49.25585]]},"properties":{"kv":110,"cable":false,"operator":"","name":"Schaffhausen - Altforweiler","rail":false}},{"type":"Feature","geometry":{"type":"LineString","coordinates":[[6.76871,49.24907],[6.77172,49.2494]]},"properties":{"kv":10,"cable":false,"operator":"","name":"","rail":false}},{"type":"Feature","geometry":{"type":"LineString","coordinates":[[6.79456,49.25627],[6.79213,49.25585]]},"properties":{"kv":10,"cable":false,"operator":"","name":"Schaffhausen - Altforweiler","rail":false}},{"type":"Feature","geometry":{"type":"LineString","coordinates":[[6.79213,49.25585],[6.79551,49.25636]]},"properties":{"kv":110,"cable":false,"operator":"","name":"Schaffhausen - Altforweiler","rail":false}},{"type":"Feature","geometry":{"type":"LineString","coordinates":[[6.7946,49.25617],[6.79213,49.25585]]},"properties":{"kv":10,"cable":false,"operator":"","name":"Schaffhausen - Altforweiler","rail":false}},{"type":"Feature","geometry":{"type":"LineString","coordinates":[[6.79678,49.25712],[6.79675,49.25755]]},"properties":{"kv":0,"cable":true,"operator":"","name":"","rail":false}},{"type":"Feature","geometry":{"type":"LineString","coordinates":[[6.79551,49.25636],[6.79643,49.25758],[6.79657,49.25769],[6.79661,49.25771],[6.79668,49.25774],[6.79682,49.25785]]},"properties":{"kv":110,"cable":false,"operator":"","name":"","rail":false}},{"type":"Feature","geometry":{"type":"LineString","coordinates":[[6.79551,49.25636],[6.79653,49.25752],[6.79668,49.25763]]},"properties":{"kv":110,"cable":false,"operator":"","name":"","rail":false}},{"type":"Feature","geometry":{"type":"LineString","coordinates":[[6.79652,49.25771],[6.79657,49.25769],[6.79668,49.25763],[6.79672,49.25762],[6.79675,49.2576]]},"properties":{"kv":110,"cable":false,"operator":"","name":"110kV","rail":false}},{"type":"Feature","geometry":{"type":"LineString","coordinates":[[6.84014,49.23874],[6.8383,49.23958],[6.83636,49.24097],[6.83413,49.2425],[6.8314,49.24442],[6.82839,49.24482],[6.82542,49.24523],[6.82256,49.24559],[6.82004,49.24591],[6.81707,49.24723],[6.81258,49.24683],[6.80812,49.2463],[6.80394,49.24846],[6.79972,49.25055],[6.79689,49.25299],[6.79551,49.25636]]},"properties":{"kv":110,"cable":false,"operator":"","name":"Geislautern - Schaffhausen","rail":false}},{"type":"Feature","geometry":{"type":"LineString","coordinates":[[6.84237,49.23714],[6.84014,49.23874]]},"properties":{"kv":110,"cable":false,"operator":"","name":"Geislautern - Schaffhausen","rail":false}},{"type":"Feature","geometry":{"type":"LineString","coordinates":[[6.84085,49.23563],[6.84067,49.23571],[6.84057,49.23575]]},"properties":{"kv":110,"cable":false,"operator":"","name":"","rail":false}},{"type":"Feature","geometry":{"type":"LineString","coordinates":[[6.84237,49.23714],[6.8427,49.23905],[6.84456,49.2413],[6.84797,49.24244]]},"properties":{"kv":110,"cable":false,"operator":"","name":"","rail":false}},{"type":"Feature","geometry":{"type":"LineString","coordinates":[[6.83973,49.23488],[6.83977,49.23492],[6.83985,49.235],[6.83991,49.23507],[6.83999,49.23514],[6.84006,49.23522],[6.84013,49.2353],[6.8402,49.23537],[6.84028,49.23545],[6.84036,49.23553],[6.84043,49.2356],[6.84057,49.23575],[6.84065,49.23583],[6.84072,49.23591],[6.8408,49.23599],[6.84088,49.23607],[6.84095,49.23613],[6.84099,49.23618]]},"properties":{"kv":110,"cable":false,"operator":"","name":"","rail":false}},{"type":"Feature","geometry":{"type":"LineString","coordinates":[[6.81524,49.19686],[6.81559,49.19843],[6.81581,49.19917],[6.81604,49.20001],[6.81531,49.20054],[6.81441,49.2012],[6.81353,49.20185],[6.8128,49.20243],[6.81215,49.20319],[6.81153,49.20386],[6.81087,49.2046],[6.81026,49.20532]]},"properties":{"kv":10,"cable":false,"operator":"","name":"WW Lauterbach - Dorf im Warndt","rail":false}},{"type":"Feature","geometry":{"type":"LineString","coordinates":[[6.80019,49.37626],[6.79693,49.37485],[6.79379,49.3736],[6.79101,49.37245],[6.78791,49.37109],[6.78427,49.3696],[6.78073,49.36826],[6.77742,49.36684],[6.77436,49.36553],[6.77143,49.36433],[6.76826,49.36306],[6.76623,49.36138]]},"properties":{"kv":110,"cable":false,"operator":"","name":"Saarwellingen - Lebach","rail":false}},{"type":"Feature","geometry":{"type":"LineString","coordinates":[[6.81441,49.18414],[6.81562,49.18535],[6.81753,49.18729],[6.82008,49.18988],[6.8214,49.1912],[6.82524,49.19117],[6.82928,49.19115],[6.83346,49.19047],[6.83556,49.19218],[6.83681,49.19288],[6.83963,49.19377],[6.84279,49.19478],[6.84559,49.19566],[6.85124,49.19667],[6.85312,49.19731],[6.85679,49.19832],[6.85901,49.19936],[6.86278,49.20117],[6.86628,49.20293],[6.86671,49.20282],[6.86784,49.20144],[6.86803,49.20063],[6.87107,49.19813],[6.87311,49.19641],[6.8744,49.1962],[6.87762,49.19577],[6.88104,49.19595]]},"properties":{"kv":63,"cable":false,"operator":"RTE","name":"Liaison 63\u00a0kV Petite-Rosselle\u00a0- Saint-Avold","rail":false}},{"type":"Feature","geometry":{"type":"LineString","coordinates":[[6.81229,49.18371],[6.81523,49.18265],[6.81582,49.183],[6.81568,49.18318],[6.81441,49.18414]]},"properties":{"kv":63,"cable":false,"operator":"RTE","name":"Liaison 63\u00a0kV n\u00b01 Petite-Rosselle\u00a0- Saint-Avold","rail":false}},{"type":"Feature","geometry":{"type":"LineString","coordinates":[[6.83193,49.21824],[6.82861,49.22082],[6.82813,49.22386],[6.83092,49.22636],[6.83341,49.22859],[6.8356,49.22853],[6.83758,49.22846],[6.83895,49.22946],[6.84195,49.22945],[6.84701,49.23052],[6.85166,49.23094],[6.85202,49.23097],[6.85624,49.23136],[6.86127,49.23182],[6.86623,49.23228],[6.8708,49.2327],[6.87523,49.2331],[6.87653,49.23656],[6.87591,49.23939],[6.87574,49.24132],[6.87545,49.24458],[6.87945,49.24502],[6.88378,49.24547],[6.88341,49.24682],[6.88362,49.24796]]},"properties":{"kv":65,"cable":false,"operator":"Evonik","name":"Velsen - Fenne","rail":false}},{"type":"Feature","geometry":{"type":"LineString","coordinates":[[6.83423,49.21685],[6.83193,49.21824]]},"properties":{"kv":65,"cable":false,"operator":"Evonik","name":"","rail":false}},{"type":"Feature","geometry":{"type":"LineString","coordinates":[[6.88671,49.52604],[6.8911,49.52271],[6.89512,49.51971],[6.89859,49.51902],[6.90228,49.51587],[6.90515,49.51343],[6.90715,49.51176],[6.91115,49.50836],[6.91264,49.5064],[6.91508,49.50325],[6.91458,49.50054],[6.91384,49.49673],[6.91318,49.49321],[6.91241,49.48902],[6.91188,49.48628],[6.91146,49.48406],[6.91059,49.4796],[6.91333,49.47627],[6.91627,49.47268],[6.91826,49.47025],[6.92026,49.46778],[6.92259,49.46498],[6.92495,49.46212],[6.92775,49.45862],[6.93065,49.45508],[6.92805,49.45224],[6.92503,49.44864],[6.92242,49.44557],[6.91983,49.44253],[6.91723,49.43951],[6.9189,49.43758],[6.92266,49.43324],[6.92653,49.42887],[6.92864,49.42654],[6.92797,49.4242],[6.92724,49.42141],[6.92645,49.41849],[6.92573,49.4157],[6.92454,49.41144],[6.92778,49.40902],[6.93166,49.40611],[6.93559,49.40322],[6.93864,49.40096],[6.94176,49.39859],[6.94617,49.39543],[6.95198,49.39478],[6.95648,49.39428],[6.96276,49.39362],[6.96695,49.3932],[6.97208,49.39263],[6.97592,49.39226],[6.97849,49.38898],[6.98116,49.38549],[6.98335,49.38255],[6.98601,49.37908]]},"properties":{"kv":380,"cable":false,"operator":"Amprion","name":"380 kV Uchtelfangen Ost|West; 220 kV Osburg; 1110kV Hermeskeil Ost","rail":false}},{"type":"Feature","geometry":{"type":"LineString","coordinates":[[6.98601,49.37908],[6.99145,49.37723]]},"properties":{"kv":220,"cable":false,"operator":"Amprion","name":"220 kV Osburg","rail":false}},{"type":"Feature","geometry":{"type":"LineString","coordinates":[[6.98601,49.37908],[6.98907,49.37619],[6.99076,49.37465]]},"properties":{"kv":380,"cable":false,"operator":"Amprion","name":"380 kV Uchtelfangen Ost|West","rail":false}},{"type":"Feature","geometry":{"type":"LineString","coordinates":[[6.92469,49.3273],[6.9246,49.32793]]},"properties":{"kv":10,"cable":true,"operator":"","name":"","rail":false}},{"type":"Feature","geometry":{"type":"LineString","coordinates":[[6.90115,49.28417],[6.90094,49.28375]]},"properties":{"kv":65,"cable":false,"operator":"Creos","name":"Nordschacht - P\u00fcttlingen","rail":false}},{"type":"Feature","geometry":{"type":"LineString","coordinates":[[6.90083,49.2828],[6.90098,49.28353],[6.90115,49.28417]]},"properties":{"kv":65,"cable":false,"operator":"Creos","name":"Luisenthal - S\u00fcdschacht","rail":false}},{"type":"Feature","geometry":{"type":"LineString","coordinates":[[6.91349,49.29517],[6.91343,49.29513],[6.91357,49.29503]]},"properties":{"kv":110,"cable":false,"operator":"","name":"","rail":false}},{"type":"Feature","geometry":{"type":"LineString","coordinates":[[6.91349,49.29517],[6.91259,49.29574],[6.90999,49.29715]]},"properties":{"kv":110,"cable":false,"operator":"","name":"","rail":false}},{"type":"Feature","geometry":{"type":"LineString","coordinates":[[6.91342,49.29494],[6.91347,49.29497],[6.91357,49.29503],[6.91369,49.29511],[6.91379,49.29517],[6.91384,49.2952]]},"properties":{"kv":110,"cable":false,"operator":"","name":"","rail":false}},{"type":"Feature","geometry":{"type":"LineString","coordinates":[[6.62981,49.45466],[6.62892,49.45518]]},"properties":{"kv":110,"cable":false,"operator":"","name":"Merzig -","rail":false}},{"type":"Feature","geometry":{"type":"LineString","coordinates":[[6.63081,49.45357],[6.62999,49.45427]]},"properties":{"kv":110,"cable":false,"operator":"","name":"110 kV Merzig - Saarwellingen","rail":false}},{"type":"Feature","geometry":{"type":"LineString","coordinates":[[6.63081,49.45357],[6.63007,49.45425],[6.62892,49.45518]]},"properties":{"kv":0,"cable":false,"operator":"Amprion","name":"220 kV Saar Nord","rail":false}},{"type":"Feature","geometry":{"type":"LineString","coordinates":[[7.01184,49.3855],[7.01533,49.38587],[7.02004,49.38635],[7.02476,49.38679],[7.02927,49.38726],[7.03421,49.38776],[7.037,49.38623],[7.04039,49.38436],[7.04341,49.38573],[7.04737,49.38747],[7.05002,49.38705],[7.05459,49.38632],[7.05949,49.38546],[7.0645,49.38466],[7.06808,49.38234],[7.07153,49.38011],[7.07439,49.37828],[7.07923,49.37907],[7.08322,49.37971],[7.08728,49.37942],[7.09259,49.37904],[7.09646,49.37877],[7.10099,49.37845],[7.10477,49.3782],[7.10868,49.37789],[7.11335,49.3776],[7.11624,49.37856],[7.12007,49.37983],[7.12432,49.38125],[7.1292,49.38139],[7.1341,49.38152],[7.13799,49.38162],[7.14138,49.38169],[7.14579,49.38179],[7.15167,49.38195],[7.15711,49.38207],[7.16159,49.38219],[7.168,49.38235],[7.17197,49.38244],[7.17581,49.38254],[7.18131,49.38194],[7.18473,49.38157],[7.18873,49.38112],[7.19281,49.38068],[7.19546,49.37863],[7.19887,49.37595],[7.20179,49.37368],[7.2045,49.37157],[7.20728,49.36941],[7.21003,49.36727],[7.2144,49.36561],[7.21862,49.364],[7.22217,49.36266]]},"properties":{"kv":380,"cable":false,"operator":"Amprion","name":"380 kV Bliestal S\u00fcd;B\u00fcrstadt Ltg.;220 kV Osburg Ltg.;Barbara Ltg.","rail":false}},{"type":"Feature","geometry":{"type":"LineString","coordinates":[[7.22217,49.36266],[7.22422,49.36357],[7.22787,49.36625],[7.23345,49.36881]]},"properties":{"kv":380,"cable":false,"operator":"Amprion","name":"380kV Bliestal S\u00fcd, 380kV B\u00fcrstadt Ltg.","rail":false}},{"type":"Feature","geometry":{"type":"LineString","coordinates":[[6.87774,49.40486],[6.87389,49.40403],[6.87099,49.4034]]},"properties":{"kv":110,"cable":false,"operator":"","name":"Saarwellingen - Lebach","rail":false}},{"type":"Feature","geometry":{"type":"LineString","coordinates":[[6.89999,49.40946],[6.89557,49.40919],[6.89301,49.40818],[6.88914,49.40734],[6.88525,49.40649],[6.88164,49.40573],[6.87774,49.40486]]},"properties":{"kv":110,"cable":false,"operator":"","name":"Saarwellingen - Lebach","rail":false}},{"type":"Feature","geometry":{"type":"LineString","coordinates":[[6.90001,49.40963],[6.897,49.40978],[6.8968,49.41288],[6.89662,49.41493],[6.89646,49.41799],[6.8962,49.42127],[6.89686,49.42389],[6.89758,49.42656],[6.89603,49.4288],[6.8969,49.43083]]},"properties":{"kv":110,"cable":false,"operator":"","name":"","rail":false}},{"type":"Feature","geometry":{"type":"LineString","coordinates":[[7.05377,49.48899],[7.05215,49.49115],[7.05017,49.49395],[7.04886,49.49583],[7.04735,49.49789],[7.0456,49.50036],[7.04417,49.50231],[7.04243,49.50477],[7.04072,49.50715]]},"properties":{"kv":110,"cable":false,"operator":"","name":"Alsweiler - Walhausen;20 kV Alsweiler - Theley","rail":false}},{"type":"Feature","geometry":{"type":"LineString","coordinates":[[7.07205,49.47803],[7.06908,49.47999],[7.06636,49.48161],[7.06378,49.48307],[7.0615,49.4845],[7.05878,49.48604],[7.05641,49.48738],[7.05377,49.48899]]},"properties":{"kv":110,"cable":false,"operator":"","name":"Alsweiler - Walhausen | 20kV Alsweiler -Tholey | 20kV Alsweiler - Theley","rail":false}},{"type":"Feature","geometry":{"type":"LineString","coordinates":[[7.04647,49.53042],[7.04976,49.53142],[7.05264,49.53232],[7.05776,49.53388],[7.06087,49.53484],[7.06565,49.53628],[7.0685,49.53714],[7.07276,49.53844],[7.07821,49.54007],[7.08182,49.5412],[7.08561,49.54236],[7.08964,49.54332],[7.09344,49.54422],[7.09625,49.5449],[7.10013,49.54581],[7.1023,49.54648],[7.10541,49.54735],[7.10936,49.54851],[7.1134,49.54971],[7.11727,49.55081],[7.12138,49.55201],[7.12476,49.55301],[7.12801,49.55396],[7.1318,49.55505]]},"properties":{"kv":110,"cable":false,"operator":"","name":"110 kV Hochwald Nord|S\u00fcd","rail":false}},{"type":"Feature","geometry":{"type":"LineString","coordinates":[[6.9786,49.26368],[6.9782,49.26493],[6.97452,49.26493],[6.96975,49.26492],[6.96539,49.26493],[6.96072,49.26492],[6.95691,49.26491],[6.95311,49.26491],[6.95248,49.26777],[6.95193,49.27026],[6.95123,49.27337],[6.95057,49.27645],[6.94647,49.2777],[6.94237,49.27897],[6.93877,49.28005],[6.9345,49.28125],[6.93063,49.28239],[6.92637,49.28359],[6.9223,49.28476],[6.9193,49.28561],[6.91556,49.28667],[6.91216,49.28764],[6.90754,49.28857],[6.90385,49.28927],[6.90025,49.29003],[6.89675,49.29072],[6.89358,49.29254],[6.89099,49.29403],[6.88795,49.29642],[6.88485,49.29789],[6.88108,49.29971],[6.88008,49.30189],[6.87871,49.30489],[6.87743,49.30767],[6.87613,49.31051],[6.8786,49.31243],[6.88139,49.3146],[6.8837,49.31639],[6.88283,49.31902],[6.88194,49.32173],[6.881,49.32458],[6.88005,49.32748],[6.87912,49.33034],[6.87814,49.33327],[6.8773,49.33595],[6.87633,49.33887],[6.87545,49.34161],[6.87451,49.34443],[6.87361,49.34727],[6.86927,49.34806],[6.8649,49.34888],[6.8608,49.34964],[6.85642,49.35045],[6.85207,49.35125],[6.84787,49.35203],[6.84388,49.35277],[6.84367,49.35545],[6.84343,49.35831],[6.84318,49.36154],[6.84302,49.36383],[6.84283,49.36621],[6.84265,49.36879],[6.84248,49.37112],[6.84228,49.37359],[6.83964,49.37625],[6.83795,49.37797],[6.83651,49.3794],[6.83506,49.38164],[6.83351,49.38404],[6.83181,49.38648],[6.82926,49.38964],[6.82801,49.39115],[6.82595,49.39371],[6.82358,49.39662],[6.82207,49.39848],[6.81954,49.40034],[6.81674,49.40236],[6.81378,49.40453],[6.81071,49.40676],[6.80765,49.409],[6.80461,49.41121],[6.80147,49.41349],[6.79878,49.41547],[6.796,49.41743],[6.79317,49.42002],[6.79066,49.42224],[6.78814,49.42452],[6.78581,49.42661],[6.78335,49.42878],[6.78066,49.43118],[6.77806,49.43349],[6.7752,49.43599],[6.77131,49.43617],[6.76695,49.43634],[6.76348,49.43648],[6.75888,49.43667],[6.75499,49.43683],[6.75036,49.43702],[6.74595,49.43721],[6.74128,49.43741],[6.73716,49.43756],[6.73079,49.43782],[6.72949,49.44002],[6.72688,49.4444],[6.7242,49.44894],[6.72179,49.45133],[6.71946,49.45363],[6.71696,49.45609],[6.71449,49.45854],[6.71215,49.46086],[6.70968,49.4633],[6.70742,49.46553],[6.70523,49.46772],[6.7028,49.47012],[6.70088,49.47206],[6.6987,49.47422],[6.69626,49.47659],[6.6938,49.47907],[6.69437,49.4822],[6.69484,49.48469],[6.69718,49.48663],[6.6992,49.48837],[6.69881,49.4909],[6.69784,49.49295],[6.69578,49.49551],[6.69366,49.49813],[6.69407,49.50001],[6.69464,49.50273],[6.69504,49.50454],[6.69565,49.5074],[6.69623,49.51004],[6.70002,49.51212],[6.70053,49.51438],[6.69754,49.51628],[6.69562,49.51751],[6.69314,49.51908],[6.69258,49.5218],[6.69203,49.52418],[6.69147,49.52681],[6.69081,49.52995],[6.68741,49.532],[6.68456,49.53373],[6.68121,49.53577],[6.67808,49.53766],[6.67518,49.539],[6.67235,49.54114],[6.66874,49.54328],[6.66772,49.54614],[6.6668,49.54871],[6.66683,49.5494],[6.66685,49.55168],[6.6669,49.55467],[6.66697,49.5576],[6.66699,49.56059],[6.66703,49.56351],[6.66712,49.5665],[6.66716,49.56922],[6.66721,49.57176],[6.66726,49.57474],[6.66727,49.57749],[6.66733,49.58057],[6.6674,49.58338],[6.66743,49.58558],[6.66912,49.5883],[6.6706,49.59073],[6.67237,49.59365],[6.674,49.5963],[6.67729,49.60161],[6.67896,49.60436],[6.68056,49.60698],[6.6807,49.60946],[6.68088,49.61253],[6.68102,49.6153],[6.68114,49.61774],[6.68131,49.62074],[6.68143,49.62309],[6.68153,49.62485],[6.68169,49.6278],[6.68182,49.63018],[6.68194,49.63228],[6.6821,49.63507],[6.68224,49.63824],[6.68274,49.64076],[6.68328,49.64368],[6.68371,49.64604],[6.68413,49.64834],[6.68454,49.65052],[6.68506,49.65339],[6.68619,49.65561],[6.68725,49.65769],[6.68847,49.66008],[6.68969,49.66251],[6.69131,49.66569],[6.69243,49.66785],[6.69402,49.67101],[6.69447,49.67341],[6.69486,49.67549],[6.69531,49.67786],[6.69584,49.68061],[6.69633,49.68321],[6.69683,49.68604],[6.69734,49.68888],[6.69785,49.69148]]},"properties":{"kv":110,"cable":false,"operator":"DB Energie GmbH","name":"","rail":true}},{"type":"Feature","geometry":{"type":"LineString","coordinates":[[7.24247,49.35607],[7.24133,49.35422],[7.2411,49.35172],[7.24081,49.34779],[7.24062,49.34606],[7.23987,49.34537],[7.23968,49.34363],[7.23949,49.34123],[7.23935,49.33878],[7.23919,49.3368],[7.23901,49.33435],[7.24218,49.33247],[7.24524,49.33064],[7.24816,49.3289],[7.25101,49.32721],[7.25415,49.32533],[7.25709,49.32359],[7.26003,49.32182],[7.25908,49.31858],[7.25813,49.31548],[7.25748,49.31322],[7.26194,49.31093],[7.2649,49.3091],[7.26776,49.30739],[7.27065,49.30562],[7.27381,49.30323],[7.27599,49.30161],[7.27862,49.29965],[7.28337,49.29979],[7.28658,49.29989],[7.28997,49.3],[7.2936,49.3001],[7.29718,49.30021],[7.30201,49.30018],[7.3068,49.30016],[7.31176,49.30012],[7.31459,49.30256],[7.31729,49.3049],[7.3186,49.30494]]},"properties":{"kv":110,"cable":false,"operator":"","name":"Barbara - Beeden","rail":false}},{"type":"Feature","geometry":{"type":"LineString","coordinates":[[7.24069,49.3562],[7.24089,49.35515],[7.24086,49.35378],[7.24068,49.35146],[7.24044,49.34862],[7.24025,49.34608],[7.24009,49.34381],[7.23988,49.34121],[7.23971,49.33877],[7.23956,49.3367],[7.23937,49.33445],[7.24234,49.33268],[7.24547,49.33081],[7.2484,49.32906],[7.25145,49.32725],[7.2543,49.32556],[7.25741,49.3237],[7.26037,49.32193],[7.26073,49.31964],[7.26117,49.31697],[7.26149,49.31504],[7.26181,49.31303],[7.26212,49.31114],[7.26514,49.30927],[7.26798,49.30756],[7.27089,49.30579],[7.27394,49.30389],[7.27686,49.30208],[7.27959,49.30036],[7.28354,49.3005],[7.28725,49.30063],[7.29086,49.30074],[7.29409,49.30083],[7.2969,49.30087],[7.30145,49.30086],[7.30623,49.30093],[7.31079,49.30093],[7.31415,49.30328],[7.31708,49.30639]]},"properties":{"kv":220,"cable":false,"operator":"Amprion","name":"Bexbach - Beeden","rail":false}},{"type":"Feature","geometry":{"type":"LineString","coordinates":[[7.37994,49.36542],[7.3835,49.36721],[7.38711,49.36904],[7.39071,49.37086],[7.39456,49.37204],[7.39829,49.37319],[7.40207,49.37436],[7.40587,49.37554],[7.40925,49.37658],[7.41286,49.3777],[7.41649,49.37882],[7.4202,49.37996],[7.42396,49.38113],[7.42768,49.38229],[7.43127,49.3834],[7.43493,49.38454],[7.43857,49.38566],[7.4418,49.38666],[7.4456,49.38781],[7.44929,49.38894],[7.45141,49.38959],[7.45231,49.39138],[7.45339,49.39351],[7.45467,49.39604],[7.45571,49.3981],[7.45979,49.39913],[7.46413,49.40022],[7.4678,49.40114],[7.47168,49.40212],[7.47578,49.40315],[7.48006,49.40423],[7.48424,49.40528],[7.48776,49.40622],[7.49122,49.40715],[7.49484,49.40811],[7.49848,49.40908],[7.50189,49.40999],[7.50405,49.40941],[7.50748,49.40848],[7.51052,49.40766],[7.51392,49.40674],[7.51784,49.40568],[7.52146,49.40657],[7.5254,49.40753],[7.52933,49.40849],[7.53343,49.40961],[7.53773,49.41065],[7.54194,49.41146],[7.54552,49.41232],[7.54843,49.41301],[7.5512,49.41366],[7.55418,49.41435],[7.55764,49.41518],[7.56087,49.41589],[7.56497,49.41678],[7.56885,49.41658],[7.57351,49.41625],[7.58044,49.41608],[7.58083,49.41607],[7.58492,49.41595],[7.58893,49.41585],[7.59151,49.41578],[7.59616,49.41615],[7.60041,49.41658],[7.60484,49.41751],[7.60907,49.4184],[7.61332,49.4193],[7.6158,49.41982],[7.6187,49.42059],[7.62263,49.42163],[7.62676,49.42272],[7.63105,49.42385],[7.63513,49.42497],[7.6403,49.42619],[7.64355,49.42716],[7.64773,49.42825],[7.6514,49.42958],[7.65469,49.43009],[7.65885,49.4307],[7.66301,49.43146],[7.66734,49.43216],[7.67113,49.43276],[7.67402,49.43361],[7.677,49.43439],[7.68013,49.43489],[7.6833,49.4354],[7.68637,49.43589],[7.68951,49.43639],[7.69339,49.43678],[7.69654,49.43726],[7.69909,49.43765],[7.70185,49.43808],[7.70382,49.43838]]},"properties":{"kv":110,"cable":false,"operator":"DB Energie GmbH","name":"110 kV Bahnstrom Kaiserslautern - Saarbr\u00fccken 1|2","rail":true}},{"type":"Feature","geometry":{"type":"LineString","coordinates":[[7.30476,49.38486],[7.29872,49.38377],[7.29519,49.38259],[7.29023,49.38087],[7.28574,49.37924],[7.28116,49.37761],[7.27707,49.37678],[7.27129,49.37563],[7.26573,49.37453],[7.26191,49.37322],[7.25809,49.37195],[7.2543,49.37069],[7.25034,49.36935],[7.24539,49.36949],[7.23963,49.36964],[7.23716,49.36971]]},"properties":{"kv":380,"cable":false,"operator":"Amprion","name":"380kV B\u00fcrstadt Ltg. | 380kV Kaiserslautern S\u00fcd","rail":false}},{"type":"Feature","geometry":{"type":"LineString","coordinates":[[6.72576,49.34459],[6.72299,49.34338],[6.72002,49.34208],[6.71707,49.34081],[6.71208,49.34141],[6.70977,49.34375],[6.70701,49.34657],[6.7043,49.34933],[6.70165,49.35205],[6.69939,49.35435],[6.69589,49.35609],[6.69235,49.35786],[6.68964,49.36007],[6.68783,49.36269]]},"properties":{"kv":110,"cable":false,"operator":"","name":"Saarwellingen - Rehlingen","rail":false}},{"type":"Feature","geometry":{"type":"LineString","coordinates":[[6.72976,49.34648],[6.72804,49.34582],[6.72576,49.34459]]},"properties":{"kv":110,"cable":false,"operator":"","name":"","rail":false}},{"type":"Feature","geometry":{"type":"LineString","coordinates":[[7.14442,49.26314],[7.14768,49.25976],[7.15026,49.25722],[7.15285,49.25396],[7.15534,49.25082],[7.1593,49.24589],[7.15793,49.24358],[7.15666,49.24144],[7.15535,49.23919],[7.15771,49.23651],[7.15969,49.23423],[7.16161,49.23205],[7.16384,49.2295],[7.1657,49.22739],[7.16827,49.22482],[7.17071,49.22239],[7.17251,49.21786],[7.17381,49.21494],[7.17523,49.21175],[7.17344,49.20815],[7.17235,49.20597],[7.17082,49.2029],[7.16932,49.19989],[7.16791,49.19707],[7.16643,49.1941],[7.16954,49.19226],[7.17357,49.18988],[7.17757,49.18752],[7.18089,49.18556],[7.18454,49.18341],[7.1881,49.18129],[7.19225,49.17884],[7.19557,49.17688],[7.19931,49.17466],[7.20351,49.1722],[7.20621,49.17113],[7.20887,49.17008],[7.21058,49.16941]]},"properties":{"kv":110,"cable":false,"operator":"","name":"","rail":false}},{"type":"Feature","geometry":{"type":"LineString","coordinates":[[6.37861,49.51813],[6.38282,49.51666],[6.38627,49.5155],[6.39,49.51486],[6.39342,49.51437],[6.39709,49.5138],[6.40038,49.51325],[6.40383,49.51218],[6.40723,49.51116],[6.41032,49.51021],[6.41457,49.50717],[6.41721,49.50519],[6.41764,49.50277],[6.41819,49.50003],[6.41882,49.49691],[6.41924,49.49416],[6.41963,49.49175]]},"properties":{"kv":0,"cable":false,"operator":"","name":"Borg - Besch","rail":false}},{"type":"Feature","geometry":{"type":"LineString","coordinates":[[6.75535,49.36495],[6.75558,49.365],[6.75596,49.36508],[6.75698,49.36562]]},"properties":{"kv":220,"cable":false,"operator":"","name":"Saarwellingen - Diefflen","rail":false}},{"type":"Feature","geometry":{"type":"LineString","coordinates":[[7.6853,49.48728],[7.68357,49.48706],[7.67905,49.48655],[7.67385,49.48598],[7.66907,49.48543],[7.66409,49.48489],[7.66044,49.48348],[7.65661,49.48202],[7.65318,49.48076],[7.64853,49.4789],[7.64355,49.47701],[7.63999,49.47565],[7.63632,49.47425],[7.63281,49.4729],[7.62924,49.47154],[7.62347,49.47092],[7.61772,49.47029],[7.61266,49.46974],[7.60775,49.4692],[7.60316,49.4687],[7.59837,49.46818],[7.59364,49.46766],[7.58902,49.46715],[7.5862,49.46574],[7.5836,49.46444],[7.57994,49.46261],[7.57687,49.46108],[7.57334,49.4593],[7.5695,49.45738],[7.56569,49.4568],[7.56128,49.45611],[7.55752,49.45553],[7.55186,49.45466],[7.54728,49.45396],[7.54448,49.45156],[7.5397,49.44912],[7.53643,49.44745],[7.53238,49.4454],[7.5289,49.44362],[7.52498,49.44295],[7.52015,49.44212],[7.51565,49.44134],[7.51158,49.44065],[7.50737,49.43993],[7.5023,49.43905],[7.49732,49.4382],[7.49337,49.43752],[7.49237,49.43658],[7.49002,49.43537],[7.48631,49.43343],[7.48283,49.43164],[7.47952,49.4299],[7.47571,49.42791],[7.47258,49.42628],[7.46867,49.42424],[7.46515,49.4224],[7.46387,49.41963],[7.46259,49.41687],[7.46123,49.41398],[7.46226,49.41137],[7.46364,49.40779],[7.46501,49.40432],[7.46652,49.4005],[7.46719,49.3976],[7.4679,49.39452],[7.46869,49.39159],[7.46917,49.38894],[7.46799,49.38609],[7.46457,49.38452],[7.46089,49.38282],[7.45709,49.38107],[7.45631,49.3769],[7.454,49.37446],[7.4507,49.37104],[7.44879,49.36862],[7.44553,49.36454],[7.44259,49.36089],[7.43944,49.35688],[7.43677,49.3544],[7.43333,49.3512],[7.42994,49.34805],[7.42617,49.34454],[7.42357,49.34212],[7.421,49.33973],[7.41705,49.33493],[7.41423,49.33151],[7.41127,49.32792],[7.40861,49.32468],[7.40557,49.32098],[7.40303,49.3179],[7.40042,49.31464],[7.39751,49.31234],[7.39492,49.30939],[7.39259,49.30673],[7.38871,49.3023],[7.38679,49.30012],[7.38443,49.2996],[7.37797,49.29813],[7.37458,49.29737],[7.36909,49.29613],[7.36392,49.29496],[7.36044,49.29418],[7.35708,49.29342],[7.35334,49.29367],[7.34907,49.29396],[7.34225,49.29441],[7.33939,49.29485],[7.33364,49.29576],[7.33033,49.29803],[7.32679,49.30046],[7.32359,49.30262],[7.32222,49.30448],[7.32102,49.30655]]},"properties":{"kv":220,"cable":false,"operator":"","name":"Otterbach - Beeden","rail":false}},{"type":"Feature","geometry":{"type":"LineString","coordinates":[[7.03157,49.32979],[7.03306,49.32786],[7.0354,49.32478],[7.03807,49.32133],[7.04048,49.31823],[7.04267,49.31535],[7.04576,49.31134],[7.04805,49.30835],[7.04978,49.3061],[7.04787,49.3047],[7.04565,49.30307],[7.04348,49.30147],[7.03998,49.29891],[7.03588,49.29581],[7.03267,49.29341],[7.0285,49.29115]]},"properties":{"kv":110,"cable":false,"operator":"Creos Deutschland","name":"","rail":false}},{"type":"Feature","geometry":{"type":"LineString","coordinates":[[7.23623,49.3424],[7.23638,49.34249],[7.23653,49.34259]]},"properties":{"kv":110,"cable":false,"operator":"","name":"","rail":false}},{"type":"Feature","geometry":{"type":"LineString","coordinates":[[6.72415,49.27875],[6.72796,49.28038],[6.73179,49.28196],[6.7355,49.28385],[6.74022,49.28628],[6.74426,49.28647],[6.74887,49.28661],[6.75412,49.28676],[6.75938,49.28692],[6.76308,49.28699],[6.7675,49.28721]]},"properties":{"kv":380,"cable":false,"operator":"RWE","name":"Vigy - Ensdorf (380kV);Altforweiler - Ensdorf (110kV)","rail":false}},{"type":"Feature","geometry":{"type":"LineString","coordinates":[[6.80222,49.32909],[6.80217,49.3291],[6.79962,49.33228],[6.79837,49.3339],[6.79881,49.33472],[6.79823,49.33478],[6.79812,49.33486],[6.79628,49.33553],[6.79544,49.33586],[6.79431,49.33614],[6.79192,49.33683],[6.78891,49.33774],[6.78871,49.3377]]},"properties":{"kv":10,"cable":true,"operator":"","name":"","rail":false}},{"type":"Feature","geometry":{"type":"LineString","coordinates":[[6.59922,49.4569],[6.60286,49.45867],[6.60621,49.46032],[6.60896,49.46167],[6.61213,49.46052],[6.61558,49.45917],[6.6192,49.45801],[6.62326,49.45648],[6.62736,49.455],[6.62907,49.45474]]},"properties":{"kv":110,"cable":false,"operator":"","name":"Merzig - Borg","rail":false}},{"type":"Feature","geometry":{"type":"LineString","coordinates":[[6.7327,49.24342],[6.73288,49.24359],[6.73286,49.24393],[6.73284,49.2443]]},"properties":{"kv":0,"cable":true,"operator":"","name":"MS Linselerhof","rail":false}},{"type":"Feature","geometry":{"type":"LineString","coordinates":[[7.04429,49.21414],[7.04824,49.21458],[7.05049,49.21292],[7.05331,49.21085],[7.05531,49.20946],[7.05819,49.20792],[7.0578,49.20531],[7.05741,49.20227],[7.05708,49.19999],[7.05675,49.19761],[7.0564,49.19504],[7.0561,49.1929],[7.05535,49.1909],[7.05469,49.18907],[7.05382,49.1863],[7.05209,49.1842],[7.05052,49.18208],[7.05024,49.18073],[7.04846,49.17829],[7.04699,49.1763],[7.0458,49.17466],[7.04225,49.17448],[7.0391,49.17434]]},"properties":{"kv":65,"cable":false,"operator":"","name":"Brebach - B\u00fcbingen","rail":false}},{"type":"Feature","geometry":{"type":"LineString","coordinates":[[7.04369,49.21464],[7.0451,49.2147],[7.04956,49.21518],[7.05166,49.21683],[7.05405,49.21867],[7.05248,49.22062],[7.05159,49.22176],[7.0504,49.22324],[7.04858,49.22559],[7.04681,49.2281],[7.04401,49.22868],[7.0408,49.22933],[7.03795,49.2307]]},"properties":{"kv":110,"cable":false,"operator":"","name":"Brebach - Eschberg","rail":false}},{"type":"Feature","geometry":{"type":"LineString","coordinates":[[7.04523,49.21444],[7.04436,49.21445],[7.04379,49.21443],[7.04373,49.21442]]},"properties":{"kv":110,"cable":false,"operator":"RWE","name":"","rail":false}},{"type":"Feature","geometry":{"type":"LineString","coordinates":[[7.04523,49.21444],[7.0442,49.2147]]},"properties":{"kv":0,"cable":false,"operator":"RWE","name":"","rail":false}},{"type":"Feature","geometry":{"type":"LineString","coordinates":[[7.04421,49.21457],[7.04386,49.21458]]},"properties":{"kv":0,"cable":false,"operator":"","name":"","rail":false}},{"type":"Feature","geometry":{"type":"LineString","coordinates":[[7.04362,49.21468],[7.04349,49.21467],[7.04339,49.21466]]},"properties":{"kv":110,"cable":false,"operator":"","name":"","rail":false}},{"type":"Feature","geometry":{"type":"LineString","coordinates":[[7.0434,49.21458],[7.04363,49.21459]]},"properties":{"kv":110,"cable":false,"operator":"","name":"","rail":false}},{"type":"Feature","geometry":{"type":"LineString","coordinates":[[7.0442,49.21474],[7.0442,49.2147],[7.04421,49.21457],[7.04422,49.21448]]},"properties":{"kv":0,"cable":false,"operator":"","name":"","rail":false}},{"type":"Feature","geometry":{"type":"LineString","coordinates":[[7.1166,49.32153],[7.11672,49.32156],[7.11683,49.32159],[7.11695,49.32162],[7.11719,49.32168],[7.11726,49.3217],[7.11731,49.32171],[7.11742,49.32174],[7.11754,49.32177],[7.11766,49.3218],[7.11777,49.32182],[7.11796,49.32187]]},"properties":{"kv":110,"cable":false,"operator":"","name":"","rail":false}},{"type":"Feature","geometry":{"type":"LineString","coordinates":[[6.9964,49.37423],[6.99614,49.37389]]},"properties":{"kv":110,"cable":false,"operator":"Amprion","name":"Trafo 411","rail":false}},{"type":"Feature","geometry":{"type":"LineString","coordinates":[[6.9964,49.37423],[6.99611,49.37529],[6.99561,49.37678]]},"properties":{"kv":110,"cable":false,"operator":"Amprion","name":"Trafo 411","rail":false}},{"type":"Feature","geometry":{"type":"LineString","coordinates":[[6.8842,49.24922],[6.88454,49.24938],[6.88721,49.25104],[6.89087,49.25321],[6.89388,49.25505],[6.89636,49.25653]]},"properties":{"kv":110,"cable":false,"operator":"Creos","name":"","rail":false}},{"type":"Feature","geometry":{"type":"LineString","coordinates":[[6.99981,49.37464],[6.99875,49.37461]]},"properties":{"kv":220,"cable":false,"operator":"","name":"","rail":false}},{"type":"Feature","geometry":{"type":"LineString","coordinates":[[6.99082,49.37396],[6.99378,49.37439]]},"properties":{"kv":380,"cable":false,"operator":"Amprion","name":"","rail":false}},{"type":"Feature","geometry":{"type":"LineString","coordinates":[[6.99981,49.37464],[6.99879,49.37447]]},"properties":{"kv":0,"cable":false,"operator":"","name":"","rail":false}},{"type":"Feature","geometry":{"type":"LineString","coordinates":[[6.99082,49.37396],[6.99384,49.37417],[6.99554,49.37436],[6.99678,49.37467],[6.99739,49.37475],[6.99763,49.37478],[6.99793,49.37481]]},"properties":{"kv":220,"cable":false,"operator":"","name":"","rail":false}},{"type":"Feature","geometry":{"type":"LineString","coordinates":[[7.04072,49.50715],[7.0409,49.50961],[7.04134,49.513],[7.04173,49.51595],[7.04203,49.51853],[7.04237,49.52165],[7.04265,49.52393],[7.04295,49.52632],[7.04328,49.52937]]},"properties":{"kv":110,"cable":false,"operator":"","name":"Alsweiler - Walhausen","rail":false}},{"type":"Feature","geometry":{"type":"LineString","coordinates":[[6.95876,49.57386],[6.9617,49.57619],[6.9645,49.57836],[6.96728,49.58058],[6.97187,49.58082]]},"properties":{"kv":110,"cable":false,"operator":"","name":"110 kV Wadern - Kastel Ost|West","rail":false}},{"type":"Feature","geometry":{"type":"LineString","coordinates":[[7.04647,49.53042],[7.04328,49.52937]]},"properties":{"kv":110,"cable":false,"operator":"","name":"Alsweiler - Walhausen","rail":false}},{"type":"Feature","geometry":{"type":"LineString","coordinates":[[6.75973,49.36617],[6.7601,49.36624]]},"properties":{"kv":220,"cable":false,"operator":"Amprion","name":"","rail":false}},{"type":"Feature","geometry":{"type":"LineString","coordinates":[[6.41963,49.49175],[6.42279,49.489],[6.42665,49.48556],[6.43007,49.4826],[6.4329,49.48019],[6.43555,49.47786],[6.43871,49.47509],[6.44261,49.47165],[6.44745,49.4708],[6.45114,49.47017],[6.45559,49.4694],[6.46,49.46864],[6.46527,49.46771],[6.46942,49.46569],[6.47382,49.46361],[6.47812,49.46148],[6.48203,49.45958],[6.48554,49.45789],[6.48999,49.45573],[6.4938,49.45387],[6.49843,49.45164],[6.50276,49.44956],[6.50733,49.44728],[6.51227,49.44493],[6.51789,49.4422],[6.52229,49.44251],[6.52733,49.4428],[6.53193,49.44411]]},"properties":{"kv":110,"cable":false,"operator":"","name":"Wellingen - Borg","rail":false}},{"type":"Feature","geometry":{"type":"LineString","coordinates":[[6.53193,49.44411],[6.53708,49.44521],[6.54122,49.44601],[6.54523,49.44682],[6.54916,49.44764],[6.55272,49.44832],[6.55817,49.44881],[6.56508,49.44947],[6.5675,49.44972],[6.57276,49.45089],[6.57604,49.45163],[6.57945,49.4524],[6.5857,49.4538],[6.5907,49.45496],[6.5951,49.45601],[6.59922,49.4569]]},"properties":{"kv":110,"cable":false,"operator":"","name":"Merzig - Wellingen","rail":false}},{"type":"Feature","geometry":{"type":"LineString","coordinates":[[6.2867,49.19792],[6.29156,49.19621],[6.29706,49.19573],[6.30394,49.19505],[6.30976,49.19449],[6.3182,49.19362],[6.32396,49.19466],[6.32999,49.19575],[6.33536,49.1967],[6.34247,49.1986],[6.34883,49.19999],[6.35435,49.19979],[6.36257,49.19951],[6.37145,49.20037],[6.37746,49.20102],[6.38141,49.20144],[6.38799,49.2027],[6.39663,49.20397],[6.40242,49.20471],[6.40845,49.20534],[6.41323,49.20579],[6.41848,49.20628],[6.4243,49.20689],[6.43032,49.20754],[6.43492,49.20885],[6.4398,49.21029],[6.44512,49.21185],[6.44942,49.2131],[6.45496,49.21432],[6.45954,49.21532],[6.46507,49.21647],[6.47071,49.21765],[6.47611,49.2181],[6.48303,49.21866],[6.48933,49.21932],[6.49477,49.2209],[6.49934,49.22223],[6.50339,49.22337],[6.50852,49.22487],[6.51353,49.22632],[6.52219,49.22879],[6.5283,49.23054],[6.53322,49.23191],[6.53967,49.23377],[6.54483,49.23526],[6.54981,49.23665],[6.557,49.23878],[6.56144,49.24003],[6.56756,49.24173],[6.57249,49.2431],[6.57957,49.24514],[6.58604,49.24694],[6.59334,49.24907],[6.59811,49.25036],[6.60371,49.25192],[6.60934,49.25352],[6.61485,49.2551],[6.62415,49.2551],[6.62443,49.2551],[6.63096,49.25509],[6.63812,49.2551],[6.64262,49.25749],[6.64714,49.25988],[6.64741,49.26002],[6.64981,49.26129],[6.65597,49.26455],[6.66104,49.26724],[6.66546,49.26958],[6.66927,49.27283]]},"properties":{"kv":400,"cable":false,"operator":"RTE","name":"Liaisons 400 kV n\u00b01 et 2 Ensdorf (Allemagne) - Vigy","rail":false}},{"type":"Feature","geometry":{"type":"LineString","coordinates":[[7.21058,49.16941],[7.21232,49.16881],[7.21307,49.16855],[7.21332,49.16846],[7.21336,49.16843],[7.21351,49.16832],[7.2137,49.16819]]},"properties":{"kv":110,"cable":false,"operator":"","name":"","rail":false}},{"type":"Feature","geometry":{"type":"LineString","coordinates":[[7.21058,49.16941],[7.21287,49.1684],[7.21306,49.1683],[7.2131,49.16828],[7.21326,49.16816],[7.21345,49.16803]]},"properties":{"kv":110,"cable":false,"operator":"","name":"","rail":false}},{"type":"Feature","geometry":{"type":"LineString","coordinates":[[7.24093,49.35814],[7.24065,49.35806],[7.24033,49.35797],[7.23969,49.3578]]},"properties":{"kv":110,"cable":false,"operator":"","name":"","rail":false}},{"type":"Feature","geometry":{"type":"LineString","coordinates":[[7.24147,49.35621],[7.24024,49.35564],[7.23824,49.35606],[7.2332,49.35801],[7.22798,49.36],[7.22308,49.36188],[7.21834,49.3637],[7.21401,49.36536],[7.20987,49.36696],[7.20605,49.36902],[7.20175,49.37135],[7.19718,49.37382],[7.1924,49.37641],[7.18925,49.3781],[7.18497,49.38041],[7.18202,49.37968],[7.17914,49.37898],[7.17442,49.37782],[7.17087,49.37696],[7.16754,49.37614],[7.1636,49.37516],[7.15789,49.37377],[7.15474,49.37299],[7.15324,49.37388],[7.14835,49.37329],[7.14705,49.37201],[7.14586,49.3708],[7.14096,49.3696],[7.13662,49.36853],[7.13234,49.36745],[7.12979,49.36684],[7.1269,49.36614],[7.12468,49.3635],[7.12314,49.36172],[7.12225,49.36065],[7.11988,49.35797],[7.11902,49.35698],[7.1188,49.3558],[7.11809,49.35268],[7.11766,49.35102],[7.11742,49.34991],[7.11705,49.34824]]},"properties":{"kv":110,"cable":false,"operator":"Creos","name":"","rail":false}},{"type":"Feature","geometry":{"type":"LineString","coordinates":[[7.2413,49.3575],[7.24133,49.35727]]},"properties":{"kv":0,"cable":false,"operator":"Saar Energie","name":"Barbara -","rail":false}},{"type":"Feature","geometry":{"type":"LineString","coordinates":[[7.24216,49.35613],[7.24049,49.35438],[7.24033,49.35202],[7.24002,49.34864],[7.23986,49.34684],[7.23903,49.34483],[7.23657,49.34236]]},"properties":{"kv":110,"cable":false,"operator":"Saar Energie","name":"Barbara -","rail":false}},{"type":"Feature","geometry":{"type":"LineString","coordinates":[[7.24133,49.35727],[7.24094,49.35778]]},"properties":{"kv":110,"cable":false,"operator":"Saar Energie","name":"Barbara -","rail":false}},{"type":"Feature","geometry":{"type":"LineString","coordinates":[[7.36159,49.29094],[7.36177,49.28803],[7.36192,49.28579],[7.3596,49.28337],[7.35752,49.2812],[7.35462,49.27818],[7.35286,49.27633],[7.35057,49.27395],[7.34706,49.27028],[7.34485,49.26798],[7.34293,49.26597],[7.3407,49.26364],[7.33767,49.26143],[7.33363,49.2585],[7.33141,49.25545],[7.33415,49.25258],[7.33206,49.25106]]},"properties":{"kv":110,"cable":false,"operator":"Pfalzwerke AG","name":"","rail":false}},{"type":"Feature","geometry":{"type":"LineString","coordinates":[[7.31994,49.30637],[7.32102,49.30655]]},"properties":{"kv":220,"cable":false,"operator":"","name":"Otterbach - Beeden","rail":false}},{"type":"Feature","geometry":{"type":"LineString","coordinates":[[7.31955,49.30522],[7.31857,49.30518]]},"properties":{"kv":110,"cable":false,"operator":"","name":"Beeden - Rohrbach","rail":false}},{"type":"Feature","geometry":{"type":"LineString","coordinates":[[7.31857,49.30518],[7.31924,49.30456],[7.31966,49.30438]]},"properties":{"kv":110,"cable":false,"operator":"","name":"Beeden - Rohrbach","rail":false}},{"type":"Feature","geometry":{"type":"LineString","coordinates":[[7.31957,49.30514],[7.3186,49.30494]]},"properties":{"kv":110,"cable":false,"operator":"","name":"Barbara - Beeden","rail":false}},{"type":"Feature","geometry":{"type":"LineString","coordinates":[[7.3186,49.30494],[7.31962,49.30467]]},"properties":{"kv":110,"cable":false,"operator":"","name":"Barbara - Beeden","rail":false}},{"type":"Feature","geometry":{"type":"LineString","coordinates":[[7.31857,49.30518],[7.31751,49.30532],[7.3167,49.30497],[7.31504,49.30361],[7.31302,49.30192],[7.31142,49.30057],[7.30735,49.30059],[7.30386,49.30061],[7.30033,49.30064],[7.29681,49.30067],[7.29398,49.30057],[7.29089,49.30047],[7.28732,49.30037],[7.28342,49.30025],[7.27943,49.30013],[7.27656,49.30188],[7.27261,49.3022],[7.26932,49.30247],[7.26541,49.30279],[7.26164,49.30309],[7.25776,49.30342],[7.25381,49.30367],[7.25127,49.30255],[7.249,49.30154],[7.24627,49.30034],[7.24347,49.29912],[7.24071,49.2979],[7.23757,49.29842],[7.23487,49.29886],[7.23181,49.29938],[7.2283,49.29861],[7.22471,49.29785],[7.22076,49.29699],[7.21729,49.29632],[7.21362,49.29564],[7.21045,49.29442],[7.20721,49.29317],[7.2039,49.29206],[7.20112,49.29137],[7.1986,49.29071],[7.1961,49.29009],[7.19219,49.2906],[7.18917,49.29099],[7.18555,49.29145],[7.18197,49.29192],[7.17872,49.29234],[7.17514,49.2928],[7.17184,49.29323],[7.16839,49.29367],[7.16475,49.29415],[7.1618,49.29304],[7.15922,49.29206],[7.15635,49.29095],[7.15299,49.28966],[7.14984,49.28847],[7.14871,49.28631]]},"properties":{"kv":110,"cable":false,"operator":"","name":"Beeden - Rohrbach","rail":false}},{"type":"Feature","geometry":{"type":"LineString","coordinates":[[7.32265,49.30483],[7.32471,49.30268],[7.32812,49.30033],[7.33089,49.29844],[7.33377,49.2963],[7.33827,49.29548],[7.34245,49.29475],[7.34975,49.29431],[7.35396,49.29399],[7.35585,49.29634],[7.35715,49.29795],[7.36,49.30148],[7.36151,49.30419],[7.36148,49.30687],[7.36159,49.30939],[7.36171,49.31205],[7.3595,49.31517],[7.35674,49.31908],[7.35848,49.32048],[7.36033,49.32196],[7.36214,49.32343],[7.36159,49.325],[7.3608,49.32726],[7.35996,49.32963],[7.35917,49.3319],[7.35841,49.33405],[7.35766,49.33615],[7.35682,49.33854],[7.356,49.34089],[7.35557,49.34219],[7.35693,49.3432],[7.35823,49.34417],[7.35785,49.34586],[7.35742,49.34772],[7.35836,49.3485],[7.36046,49.35027],[7.36265,49.35209],[7.36501,49.35405],[7.36722,49.3559],[7.36946,49.35778],[7.37168,49.35966],[7.3738,49.36141],[7.37702,49.36301],[7.38002,49.36449],[7.38296,49.36596],[7.38612,49.36751],[7.38911,49.36898],[7.39164,49.37024],[7.39481,49.3718],[7.3983,49.37288],[7.40165,49.37391],[7.40541,49.37508],[7.40871,49.3761],[7.4122,49.37719],[7.41555,49.37822],[7.41895,49.37927],[7.42266,49.38042],[7.42625,49.38154],[7.42924,49.38245],[7.43275,49.38353],[7.43645,49.38468],[7.44002,49.38578],[7.44335,49.38681],[7.44678,49.38787],[7.45032,49.38896],[7.45147,49.3914],[7.45269,49.39398],[7.45355,49.39577],[7.45469,49.3982],[7.45589,49.40072],[7.45677,49.40262],[7.45779,49.40476],[7.45885,49.40698],[7.45967,49.40876],[7.46045,49.41039]]},"properties":{"kv":110,"cable":false,"operator":"","name":"Beeden -","rail":false}},{"type":"Feature","geometry":{"type":"LineString","coordinates":[[7.01959,49.35844],[7.02109,49.35681],[7.02359,49.35407],[7.02519,49.3523],[7.02753,49.34971],[7.03237,49.34926],[7.03705,49.34881],[7.04128,49.34775],[7.04597,49.34623],[7.04902,49.34524],[7.04974,49.34528]]},"properties":{"kv":110,"cable":false,"operator":"RWE","name":"Uchtelfangen - Heinitz","rail":false}},{"type":"Feature","geometry":{"type":"LineString","coordinates":[[7.00173,49.37488],[7.00225,49.37371]]},"properties":{"kv":110,"cable":false,"operator":"RWE","name":"","rail":false}},{"type":"Feature","geometry":{"type":"LineString","coordinates":[[6.67654,49.45825],[6.67745,49.45804],[6.682,49.45901],[6.68387,49.45935],[6.68654,49.45988],[6.6889,49.46033],[6.69087,49.46074],[6.69346,49.46125],[6.69569,49.46169],[6.69969,49.46247],[6.70209,49.46294],[6.70446,49.46341],[6.70797,49.46411],[6.71294,49.46508],[6.71568,49.46562],[6.7206,49.4666],[6.7228,49.46703],[6.72549,49.46757],[6.73141,49.46958],[6.73337,49.47026],[6.73539,49.47095],[6.73725,49.47158],[6.73922,49.47227],[6.74131,49.47295],[6.74331,49.47367],[6.74494,49.47476],[6.74661,49.47587],[6.74831,49.477],[6.74918,49.47759],[6.74991,49.47811],[6.7514,49.47909],[6.75307,49.48024],[6.75557,49.48195],[6.7578,49.48343],[6.75924,49.48438],[6.76073,49.48531],[6.76256,49.48654],[6.76462,49.48797],[6.77012,49.49161],[6.77096,49.4922],[6.77469,49.49477],[6.77812,49.49718]]},"properties":{"kv":20,"cable":true,"operator":"","name":"","rail":false}},{"type":"Feature","geometry":{"type":"LineString","coordinates":[[6.99875,49.37461],[6.99849,49.37459],[6.99801,49.37454],[6.99771,49.3745],[6.99746,49.37448]]},"properties":{"kv":220,"cable":false,"operator":"","name":"","rail":false}},{"type":"Feature","geometry":{"type":"LineString","coordinates":[[6.99879,49.37447],[6.99852,49.37444],[6.99805,49.37439],[6.99774,49.37436],[6.9975,49.37433]]},"properties":{"kv":220,"cable":false,"operator":"","name":"","rail":false}},{"type":"Feature","geometry":{"type":"LineString","coordinates":[[7.08249,49.53283],[7.08342,49.53352],[7.08444,49.53374],[7.08531,49.53407],[7.08679,49.53494],[7.0884,49.53626]]},"properties":{"kv":20,"cable":true,"operator":"","name":"","rail":false}},{"type":"Feature","geometry":{"type":"LineString","coordinates":[[6.90512,49.40137],[6.90555,49.40156],[6.90573,49.40161],[6.90552,49.40225],[6.90536,49.40282],[6.90541,49.40284]]},"properties":{"kv":35,"cable":true,"operator":"","name":"","rail":false}},{"type":"Feature","geometry":{"type":"LineString","coordinates":[[6.41919,49.49138],[6.41934,49.49147],[6.41967,49.49166],[6.41963,49.49175]]},"properties":{"kv":110,"cable":false,"operator":"","name":"","rail":false}},{"type":"Feature","geometry":{"type":"LineString","coordinates":[[6.37768,49.51787],[6.37861,49.51813]]},"properties":{"kv":0,"cable":true,"operator":"","name":"","rail":false}},{"type":"Feature","geometry":{"type":"LineString","coordinates":[[6.87099,49.4034],[6.86751,49.40265],[6.86305,49.40169],[6.85889,49.40083],[6.85437,49.39981],[6.85078,49.3975],[6.84758,49.39546],[6.84494,49.39375],[6.84195,49.39185],[6.83872,49.39183],[6.8354,49.39183],[6.83019,49.39177],[6.82591,49.3901],[6.82182,49.38852],[6.81788,49.38624],[6.81413,49.38416],[6.81079,49.38223],[6.80759,49.38046],[6.80409,49.37848],[6.80019,49.37626]]},"properties":{"kv":110,"cable":false,"operator":"","name":"Saarwellingen - Lebach","rail":false}},{"type":"Feature","geometry":{"type":"LineString","coordinates":[[6.74054,49.3575],[6.74255,49.3583]]},"properties":{"kv":110,"cable":false,"operator":"","name":"","rail":false}},{"type":"Feature","geometry":{"type":"LineString","coordinates":[[6.74255,49.3583],[6.7455,49.35964],[6.74826,49.3613],[6.75266,49.36311],[6.75437,49.36421]]},"properties":{"kv":220,"cable":false,"operator":"","name":"","rail":false}},{"type":"Feature","geometry":{"type":"LineString","coordinates":[[6.74054,49.3575],[6.74012,49.35646],[6.74026,49.35651],[6.7402,49.35658]]},"properties":{"kv":110,"cable":false,"operator":"","name":"","rail":false}},{"type":"Feature","geometry":{"type":"LineString","coordinates":[[6.74004,49.35675],[6.7401,49.35668],[6.73995,49.35664],[6.74054,49.3575]]},"properties":{"kv":110,"cable":false,"operator":"","name":"","rail":false}},{"type":"Feature","geometry":{"type":"LineString","coordinates":[[6.70942,49.36602],[6.70945,49.3661],[6.70965,49.3661],[6.70965,49.36615],[6.7099,49.36614]]},"properties":{"kv":110,"cable":false,"operator":"","name":"","rail":false}},{"type":"Feature","geometry":{"type":"LineString","coordinates":[[6.70989,49.36589],[6.70964,49.3659],[6.70964,49.36595],[6.70943,49.36596],[6.70942,49.36602]]},"properties":{"kv":110,"cable":false,"operator":"","name":"","rail":false}},{"type":"Feature","geometry":{"type":"LineString","coordinates":[[6.6882,49.36517],[6.68812,49.36553],[6.68809,49.36569],[6.68806,49.36588]]},"properties":{"kv":110,"cable":false,"operator":"","name":"Saarwellingen - Rehlingen","rail":false}},{"type":"Feature","geometry":{"type":"LineString","coordinates":[[6.68842,49.36477],[6.68783,49.36269]]},"properties":{"kv":110,"cable":false,"operator":"","name":"","rail":false}},{"type":"Feature","geometry":{"type":"LineString","coordinates":[[6.68842,49.36477],[6.69213,49.36475],[6.69634,49.3647],[6.70091,49.36466],[6.70536,49.36463],[6.70942,49.36602]]},"properties":{"kv":110,"cable":false,"operator":"","name":"","rail":false}},{"type":"Feature","geometry":{"type":"LineString","coordinates":[[6.68783,49.36269],[6.6882,49.36517]]},"properties":{"kv":110,"cable":false,"operator":"","name":"Saarwellingen - Rehlingen","rail":false}},{"type":"Feature","geometry":{"type":"LineString","coordinates":[[6.7601,49.36624],[6.75772,49.3684],[6.75737,49.36974],[6.75708,49.37119],[6.75559,49.3729],[6.75412,49.37461],[6.75268,49.37633],[6.75111,49.37815],[6.74955,49.37998],[6.74607,49.38057],[6.74283,49.38108],[6.73955,49.38165],[6.73611,49.38225],[6.73263,49.38285],[6.72924,49.38343],[6.72577,49.38404],[6.72234,49.3846],[6.71784,49.38534],[6.71595,49.38693],[6.71396,49.38863],[6.71223,49.39004],[6.71028,49.39161],[6.70826,49.39339],[6.70489,49.39623],[6.70287,49.39794],[6.69779,49.40009],[6.69491,49.4013],[6.69205,49.40246],[6.68888,49.40389],[6.68635,49.40495],[6.68337,49.40619],[6.68048,49.40742],[6.6777,49.40859],[6.67669,49.41066],[6.67566,49.41288],[6.67458,49.41509],[6.67355,49.41728],[6.67258,49.41937],[6.67168,49.42129],[6.67083,49.42299],[6.66984,49.42512],[6.66894,49.42704]]},"properties":{"kv":110,"cable":false,"operator":"Amprion","name":"220 kV Saar Nord;110 kV Merzig - Saarwellingen","rail":false}},{"type":"Feature","geometry":{"type":"LineString","coordinates":[[7.32102,49.30655],[7.31999,49.30676],[7.31916,49.30678],[7.31708,49.30639]]},"properties":{"kv":220,"cable":false,"operator":"","name":"Otterbach - Beeden","rail":false}},{"type":"Feature","geometry":{"type":"LineString","coordinates":[[6.79703,49.3334],[6.79703,49.33357],[6.79703,49.3337],[6.79704,49.33545]]},"properties":{"kv":380,"cable":false,"operator":"Amprion","name":"Ensdorf - Uchtelfangen Nord |S\u00fcd;Uchtelfangen Taubental Nord|S\u00fcd","rail":false}},{"type":"Feature","geometry":{"type":"LineString","coordinates":[[6.79704,49.33545],[6.79697,49.33814],[6.79952,49.34032],[6.80242,49.34264],[6.80757,49.34374],[6.81225,49.34482],[6.8178,49.34605],[6.82228,49.34707],[6.82764,49.34832],[6.83287,49.34941],[6.83916,49.35082],[6.84337,49.35128],[6.84728,49.35176],[6.85137,49.351],[6.85564,49.35022],[6.85965,49.34949],[6.86493,49.3485],[6.8689,49.3495],[6.87433,49.35108],[6.87939,49.35243],[6.88352,49.35356],[6.88803,49.35478],[6.89249,49.35599],[6.8971,49.35728],[6.90023,49.35982],[6.90422,49.36278],[6.90602,49.36425],[6.91131,49.36516],[6.91686,49.36621],[6.91997,49.36752],[6.92305,49.36888],[6.92726,49.37053],[6.93162,49.37238],[6.93587,49.37262],[6.9395,49.37274],[6.94143,49.37491],[6.94554,49.37606],[6.94776,49.37382],[6.95123,49.37301],[6.9544,49.37229],[6.95921,49.37335],[6.96097,49.37538],[6.96342,49.37807],[6.97093,49.38056],[6.97457,49.38191],[6.97855,49.38327],[6.98236,49.38183],[6.98553,49.37888],[6.98877,49.37592],[6.99082,49.37396]]},"properties":{"kv":380,"cable":false,"operator":"Amprion","name":"Ensdorf - Uchtelfangen Nord |S\u00fcd;Uchtelfangen Taubental Nord|S\u00fcd","rail":false}},{"type":"Feature","geometry":{"type":"LineString","coordinates":[[6.84797,49.24244],[6.8504,49.24424],[6.85187,49.24529]]},"properties":{"kv":110,"cable":false,"operator":"","name":"","rail":false}},{"type":"Feature","geometry":{"type":"LineString","coordinates":[[7.19804,49.24508],[7.19822,49.24616],[7.19871,49.24631],[7.19915,49.24656]]},"properties":{"kv":0,"cable":true,"operator":"","name":"","rail":false}},{"type":"Feature","geometry":{"type":"LineString","coordinates":[[6.70712,49.42365],[6.70965,49.42259]]},"properties":{"kv":0,"cable":true,"operator":"","name":"","rail":false}},{"type":"Feature","geometry":{"type":"LineString","coordinates":[[6.75698,49.36562],[6.75588,49.36522],[6.7555,49.36514],[6.75527,49.36509]]},"properties":{"kv":220,"cable":false,"operator":"","name":"Saarwellingen - Diefflen","rail":false}},{"type":"Feature","geometry":{"type":"LineString","coordinates":[[6.76559,49.36022],[6.76552,49.36029],[6.76546,49.36034],[6.76528,49.36026],[6.76513,49.36038]]},"properties":{"kv":110,"cable":false,"operator":"","name":"","rail":false}},{"type":"Feature","geometry":{"type":"LineString","coordinates":[[6.75401,49.36488],[6.75049,49.36566]]},"properties":{"kv":220,"cable":false,"operator":"ampiron","name":"","rail":false}},{"type":"Feature","geometry":{"type":"LineString","coordinates":[[6.75401,49.36488],[6.75494,49.36494],[6.7553,49.36503],[6.75553,49.36508]]},"properties":{"kv":220,"cable":false,"operator":"ampiron","name":"","rail":false}},{"type":"Feature","geometry":{"type":"LineString","coordinates":[[6.75596,49.36428],[6.75593,49.36433],[6.75589,49.36441],[6.75573,49.3647],[6.75565,49.36486],[6.75561,49.36494],[6.75558,49.365],[6.75553,49.36508],[6.7555,49.36514],[6.75546,49.36522],[6.75542,49.36528],[6.7554,49.36533]]},"properties":{"kv":220,"cable":false,"operator":"","name":"220 kV","rail":false}},{"type":"Feature","geometry":{"type":"LineString","coordinates":[[6.75698,49.36562],[6.7558,49.36537],[6.75542,49.36528],[6.75519,49.36523]]},"properties":{"kv":220,"cable":false,"operator":"","name":"Saarwellingen - Diefflen","rail":false}},{"type":"Feature","geometry":{"type":"LineString","coordinates":[[6.75698,49.36562],[6.75973,49.36617]]},"properties":{"kv":220,"cable":false,"operator":"","name":"Saarwellingen - Diefflen","rail":false}},{"type":"Feature","geometry":{"type":"LineString","coordinates":[[6.76562,49.36046],[6.76509,49.36119]]},"properties":{"kv":110,"cable":false,"operator":"","name":"Saarwellingen - Dillinger H\u00fctte N/S","rail":false}},{"type":"Feature","geometry":{"type":"LineString","coordinates":[[6.76555,49.36012],[6.76565,49.36017],[6.76584,49.36026],[6.76595,49.36031],[6.76605,49.36036],[6.76615,49.3604],[6.76625,49.36045],[6.76635,49.3605],[6.76664,49.36063]]},"properties":{"kv":110,"cable":false,"operator":"","name":"110 kV","rail":false}},{"type":"Feature","geometry":{"type":"LineString","coordinates":[[6.76541,49.36024],[6.76552,49.36029],[6.76571,49.36038],[6.76581,49.36043],[6.76613,49.36057],[6.76633,49.36066],[6.76653,49.36075]]},"properties":{"kv":110,"cable":false,"operator":"","name":"110 kV","rail":false}},{"type":"Feature","geometry":{"type":"LineString","coordinates":[[6.76486,49.36026],[6.76597,49.35988],[6.76565,49.36017],[6.76559,49.36022]]},"properties":{"kv":110,"cable":false,"operator":"","name":"","rail":false}},{"type":"Feature","geometry":{"type":"LineString","coordinates":[[6.76509,49.36119],[6.76573,49.3605]]},"properties":{"kv":110,"cable":false,"operator":"","name":"Saarwellingen - Dillinger H\u00fctte N/S","rail":false}},{"type":"Feature","geometry":{"type":"LineString","coordinates":[[6.75049,49.36566],[6.74988,49.36524],[6.7495,49.36504]]},"properties":{"kv":220,"cable":false,"operator":"ampiron","name":"","rail":false}},{"type":"Feature","geometry":{"type":"LineString","coordinates":[[6.74939,49.36513],[6.74977,49.36533],[6.75049,49.36566]]},"properties":{"kv":220,"cable":false,"operator":"ampiron","name":"","rail":false}},{"type":"Feature","geometry":{"type":"LineString","coordinates":[[6.96147,49.41447],[6.96151,49.41507],[6.96158,49.41537],[6.96178,49.41564],[6.96256,49.41622],[6.96307,49.41652],[6.96368,49.41691],[6.96397,49.41689],[6.96523,49.41723],[6.9664,49.41762],[6.9663,49.41812],[6.96673,49.41857],[6.96741,49.41907],[6.96795,49.41947],[6.96882,49.4198],[6.96929,49.42018],[6.96978,49.42059],[6.97031,49.42099]]},"properties":{"kv":20,"cable":true,"operator":"","name":"","rail":false}},{"type":"Feature","geometry":{"type":"LineString","coordinates":[[7.24042,49.35729],[7.24035,49.35739],[7.24032,49.35744],[7.24008,49.35767]]},"properties":{"kv":220,"cable":false,"operator":"","name":"","rail":false}},{"type":"Feature","geometry":{"type":"LineString","coordinates":[[7.24096,49.35833],[7.24158,49.35818],[7.24192,49.35767]]},"properties":{"kv":110,"cable":false,"operator":"","name":"","rail":false}},{"type":"Feature","geometry":{"type":"LineString","coordinates":[[7.24069,49.3562],[7.23966,49.35681]]},"properties":{"kv":220,"cable":false,"operator":"Amprion","name":"","rail":false}},{"type":"Feature","geometry":{"type":"LineString","coordinates":[[7.31191,49.17559],[7.31423,49.1757]]},"properties":{"kv":0,"cable":true,"operator":"","name":"","rail":false}},{"type":"Feature","geometry":{"type":"LineString","coordinates":[[7.31191,49.17559],[7.31177,49.17375]]},"properties":{"kv":0,"cable":true,"operator":"","name":"","rail":false}},{"type":"Feature","geometry":{"type":"LineString","coordinates":[[6.67009,49.45942],[6.67657,49.45834],[6.68069,49.45901],[6.68374,49.4596],[6.68692,49.46023],[6.68979,49.4608],[6.69316,49.46147],[6.69614,49.46205],[6.69961,49.46273],[6.70303,49.46341],[6.70641,49.46408],[6.70934,49.46465],[6.71249,49.46528],[6.71569,49.46592],[6.71914,49.46658],[6.72216,49.46719],[6.72533,49.46779],[6.73168,49.46998],[6.73437,49.47087],[6.73766,49.47202],[6.74025,49.47291],[6.74304,49.47387],[6.74561,49.47559],[6.74803,49.47723],[6.75049,49.47889],[6.753,49.48058],[6.75547,49.48222],[6.75808,49.48395],[6.76021,49.48538],[6.76248,49.48693],[6.76511,49.48867],[6.76765,49.49037],[6.76993,49.49191],[6.77447,49.49493],[6.77973,49.49641],[6.78288,49.49733],[6.78614,49.49825],[6.78945,49.4992],[6.79262,49.50009],[6.79593,49.50103],[6.79887,49.50186]]},"properties":{"kv":110,"cable":false,"operator":"VSE","name":"110 kV Merzig - Losheim","rail":false}},{"type":"Feature","geometry":{"type":"LineString","coordinates":[[6.66894,49.42704],[6.66781,49.42912],[6.66665,49.43115],[6.66565,49.43307],[6.66457,49.43497],[6.6635,49.43709],[6.66532,49.43964],[6.66249,49.44125],[6.66006,49.44323],[6.65887,49.44537],[6.6577,49.44752],[6.65488,49.44964],[6.65273,49.45071],[6.65049,49.45179],[6.64759,49.45315],[6.64508,49.45441],[6.64238,49.45564],[6.63972,49.45695],[6.63705,49.45542],[6.63439,49.45392],[6.63288,49.45376],[6.63081,49.45357]]},"properties":{"kv":110,"cable":false,"operator":"Amprion","name":"220 kV Saar Nord;110 kV Merzig - Saarwellingen","rail":false}},{"type":"Feature","geometry":{"type":"LineString","coordinates":[[7.21528,49.24794],[7.21544,49.24797],[7.21723,49.24794],[7.21844,49.2477],[7.22089,49.2476],[7.22372,49.24767]]},"properties":{"kv":0,"cable":true,"operator":"","name":"","rail":false}},{"type":"Feature","geometry":{"type":"LineString","coordinates":[[7.16216,49.231],[7.16265,49.23203]]},"properties":{"kv":0,"cable":true,"operator":"","name":"","rail":false}},{"type":"Feature","geometry":{"type":"LineString","coordinates":[[7.23961,49.36001],[7.23648,49.36272],[7.23425,49.36586]]},"properties":{"kv":380,"cable":false,"operator":"","name":"","rail":false}},{"type":"Feature","geometry":{"type":"LineString","coordinates":[[6.77465,49.29133],[6.77476,49.29134]]},"properties":{"kv":400,"cable":false,"operator":"RWE","name":"","rail":false}},{"type":"Feature","geometry":{"type":"LineString","coordinates":[[6.77476,49.29134],[6.77506,49.29136]]},"properties":{"kv":220,"cable":false,"operator":"RWE","name":"","rail":false}},{"type":"Feature","geometry":{"type":"LineString","coordinates":[[6.77466,49.29117],[6.77651,49.29097]]},"properties":{"kv":380,"cable":false,"operator":"RWE","name":"","rail":false}},{"type":"Feature","geometry":{"type":"LineString","coordinates":[[6.77468,49.29101],[6.77651,49.29097]]},"properties":{"kv":380,"cable":false,"operator":"RWE","name":"","rail":false}},{"type":"Feature","geometry":{"type":"LineString","coordinates":[[7.24058,49.35774],[7.24104,49.35787]]},"properties":{"kv":0,"cable":false,"operator":"","name":"65 KV","rail":false}},{"type":"Feature","geometry":{"type":"LineString","coordinates":[[6.86408,49.25199],[6.86431,49.25218],[6.86471,49.25228],[6.86511,49.2525],[6.86575,49.25231],[6.86644,49.25241],[6.86693,49.25196],[6.86698,49.2514],[6.86717,49.25114]]},"properties":{"kv":0,"cable":true,"operator":"","name":"","rail":false}},{"type":"Feature","geometry":{"type":"LineString","coordinates":[[7.04748,49.30763],[7.04505,49.30671],[7.04143,49.3054],[7.03518,49.30309],[7.03286,49.30223],[7.02821,49.3005],[7.0262,49.2994]]},"properties":{"kv":65,"cable":false,"operator":"Creos","name":"","rail":false}},{"type":"Feature","geometry":{"type":"LineString","coordinates":[[6.60951,49.48945],[6.6084,49.49297]]},"properties":{"kv":110,"cable":false,"operator":"Amprion","name":"110kV Merzig Ltg.","rail":false}},{"type":"Feature","geometry":{"type":"LineString","coordinates":[[6.6084,49.49297],[6.60767,49.49369]]},"properties":{"kv":110,"cable":false,"operator":"Amprion","name":"110kV Merzig Ltg.","rail":false}},{"type":"Feature","geometry":{"type":"LineString","coordinates":[[6.60767,49.49369],[6.60951,49.48945]]},"properties":{"kv":0,"cable":false,"operator":"Amprion","name":"220 kV Saar Nord","rail":false}},{"type":"Feature","geometry":{"type":"LineString","coordinates":[[6.74897,49.28658],[6.74936,49.28662],[6.75021,49.28574],[6.75085,49.28501],[6.75137,49.28448],[6.75207,49.28378],[6.75328,49.2825],[6.75391,49.28179],[6.75407,49.28173],[6.75497,49.28205],[6.75582,49.28219]]},"properties":{"kv":110,"cable":true,"operator":"","name":"","rail":false}},{"type":"Feature","geometry":{"type":"LineString","coordinates":[[6.74936,49.28662],[6.74897,49.28664]]},"properties":{"kv":110,"cable":true,"operator":"","name":"","rail":false}},{"type":"Feature","geometry":{"type":"LineString","coordinates":[[6.74897,49.28664],[6.74887,49.28661],[6.74897,49.28658]]},"properties":{"kv":110,"cable":false,"operator":"","name":"","rail":false}},{"type":"Feature","geometry":{"type":"LineString","coordinates":[[6.88852,49.44073],[6.88846,49.44072],[6.88847,49.44068],[6.88878,49.43995],[6.88888,49.43995]]},"properties":{"kv":20,"cable":true,"operator":"","name":"","rail":false}},{"type":"Feature","geometry":{"type":"LineString","coordinates":[[6.92557,49.37163],[6.92557,49.37146],[6.92513,49.37066],[6.92154,49.37342],[6.92112,49.37402],[6.92048,49.37418],[6.91778,49.3752],[6.91656,49.37591],[6.91635,49.37598],[6.91236,49.37617],[6.91208,49.37628],[6.91079,49.37714],[6.91054,49.37723],[6.90971,49.3784],[6.90914,49.37964],[6.90886,49.38023],[6.9085,49.38082],[6.90806,49.38131],[6.90742,49.38194],[6.90672,49.38262],[6.90563,49.38344],[6.90458,49.38429],[6.90423,49.38465],[6.90414,49.38467],[6.90383,49.38445]]},"properties":{"kv":35,"cable":true,"operator":"","name":"","rail":false}},{"type":"Feature","geometry":{"type":"LineString","coordinates":[[6.97749,49.2435],[6.97747,49.24355],[6.97742,49.24366],[6.97737,49.24377]]},"properties":{"kv":110,"cable":false,"operator":"DB Energie GmbH","name":"110 kV Bahnstrom Kaiserslautern - Saarbr\u00fccken 1|2;UW Saarbr\u00fccken - UW Bengel;UW Saarbr\u00fccken - UW Karthaus","rail":true}},{"type":"Feature","geometry":{"type":"LineString","coordinates":[[6.97756,49.24401],[6.9775,49.244],[6.97734,49.24396],[6.97727,49.24395]]},"properties":{"kv":110,"cable":false,"operator":"DB Energie GmbH","name":"110 kV Bahnstrom Kaiserslautern - Saarbr\u00fccken 1|2;UW Saarbr\u00fccken - UW Bengel;UW Saarbr\u00fccken - UW Karthaus","rail":true}},{"type":"Feature","geometry":{"type":"LineString","coordinates":[[6.97731,49.24401],[6.97748,49.24405],[6.97754,49.24406]]},"properties":{"kv":110,"cable":false,"operator":"DB Energie GmbH","name":"110 kV Bahnstrom Kaiserslautern - Saarbr\u00fccken 1|2;UW Saarbr\u00fccken - UW Bengel;UW Saarbr\u00fccken - UW Karthaus","rail":true}},{"type":"Feature","geometry":{"type":"LineString","coordinates":[[6.90903,49.37567],[6.90902,49.37572],[6.90905,49.37581],[6.90912,49.37592],[6.90929,49.376],[6.90962,49.3761],[6.91011,49.37622],[6.91064,49.37637],[6.91083,49.37641],[6.91106,49.37644],[6.91151,49.37644],[6.91169,49.37641],[6.91191,49.37634],[6.91228,49.37612],[6.91232,49.37611],[6.91396,49.37606],[6.9157,49.37595],[6.91641,49.3759],[6.9165,49.37586],[6.91709,49.37546],[6.91756,49.37522],[6.91836,49.37488],[6.919,49.37462],[6.91909,49.37454],[6.91997,49.3742],[6.92041,49.37405],[6.92077,49.37396],[6.9211,49.37392],[6.92143,49.37393],[6.92159,49.37379]]},"properties":{"kv":20,"cable":true,"operator":"","name":"","rail":false}},{"type":"Feature","geometry":{"type":"LineString","coordinates":[[6.97804,49.24445],[6.97738,49.24585],[6.97688,49.24915],[6.97523,49.25187],[6.97479,49.25348]]},"properties":{"kv":110,"cable":false,"operator":"","name":"","rail":false}},{"type":"Feature","geometry":{"type":"LineString","coordinates":[[6.97804,49.24445],[6.97758,49.24431],[6.97736,49.24426]]},"properties":{"kv":110,"cable":false,"operator":"","name":"","rail":false}},{"type":"Feature","geometry":{"type":"LineString","coordinates":[[7.03712,49.23159],[7.036,49.23227]]},"properties":{"kv":110,"cable":false,"operator":"","name":"","rail":false}},{"type":"Feature","geometry":{"type":"LineString","coordinates":[[7.036,49.23227],[7.03682,49.23143]]},"properties":{"kv":110,"cable":false,"operator":"","name":"","rail":false}},{"type":"Feature","geometry":{"type":"LineString","coordinates":[[7.0373,49.23116],[7.03795,49.2307]]},"properties":{"kv":110,"cable":false,"operator":"","name":"Brebach - Eschberg","rail":false}},{"type":"Feature","geometry":{"type":"LineString","coordinates":[[7.03795,49.2307],[7.03741,49.23121]]},"properties":{"kv":110,"cable":false,"operator":"","name":"Brebach - Eschberg","rail":false}},{"type":"Feature","geometry":{"type":"LineString","coordinates":[[7.03756,49.23158],[7.03752,49.23156],[7.0373,49.23145],[7.03718,49.23138],[7.03708,49.23133],[7.037,49.23129],[7.03689,49.23123],[7.03679,49.23117],[7.03668,49.23112],[7.03661,49.23108]]},"properties":{"kv":110,"cable":false,"operator":"","name":"","rail":false}},{"type":"Feature","geometry":{"type":"LineString","coordinates":[[7.16661,49.22708],[7.16898,49.22863]]},"properties":{"kv":0,"cable":true,"operator":"","name":"","rail":false}},{"type":"Feature","geometry":{"type":"LineString","coordinates":[[7.25098,49.2167],[7.25204,49.21647]]},"properties":{"kv":0,"cable":true,"operator":"","name":"","rail":false}},{"type":"Feature","geometry":{"type":"LineString","coordinates":[[6.83982,49.27473],[6.83988,49.27473],[6.83988,49.27465],[6.84092,49.27429],[6.84161,49.27417],[6.84298,49.27398],[6.84362,49.27387],[6.84422,49.27385],[6.84653,49.27396],[6.849,49.27431],[6.84933,49.27442],[6.85065,49.27435],[6.85304,49.27494],[6.8569,49.27595],[6.85852,49.27511],[6.85995,49.27595],[6.86075,49.27643],[6.86236,49.27766],[6.8629,49.27811],[6.86324,49.27886],[6.86375,49.27999],[6.86384,49.28017],[6.86417,49.28112],[6.86457,49.28206],[6.86473,49.28243],[6.86469,49.28248],[6.86497,49.28309],[6.86506,49.2831],[6.86522,49.28349],[6.86549,49.28439],[6.86558,49.28454],[6.86587,49.28523],[6.86619,49.28599],[6.8663,49.28604],[6.86639,49.28612],[6.86657,49.28649],[6.86665,49.28671],[6.86673,49.28701],[6.86676,49.28728],[6.86707,49.28784],[6.86721,49.28813],[6.86726,49.28833],[6.86726,49.28876],[6.86733,49.28893],[6.8676,49.2891],[6.86812,49.28959],[6.86845,49.28995],[6.86868,49.29025],[6.86876,49.2904],[6.86911,49.29075],[6.86961,49.29121],[6.87016,49.29173],[6.87038,49.29196],[6.87076,49.29244],[6.87114,49.29289],[6.87138,49.29315],[6.87188,49.29363],[6.87236,49.29405],[6.87267,49.29431],[6.87303,49.29464],[6.87318,49.29482],[6.87362,49.29543],[6.87387,49.29581],[6.87413,49.29617],[6.87451,49.29664],[6.87464,49.29681],[6.87478,49.29694],[6.87529,49.29724],[6.87571,49.29754],[6.87621,49.29794],[6.8767,49.29826],[6.87676,49.29832],[6.87708,49.29864],[6.87733,49.29896],[6.87762,49.29943],[6.87795,49.29987],[6.87831,49.30018],[6.87853,49.30037],[6.87869,49.30078],[6.87871,49.30117],[6.87861,49.30154],[6.87842,49.30195],[6.87814,49.30242],[6.87781,49.30283],[6.87766,49.30303],[6.87761,49.30357],[6.87727,49.30451],[6.87698,49.30513],[6.87642,49.30601],[6.87608,49.30657],[6.8757,49.30741],[6.87533,49.30825],[6.87515,49.30879],[6.87436,49.31031],[6.87403,49.31067],[6.87382,49.31099],[6.87356,49.31134],[6.87346,49.31162],[6.87331,49.31252],[6.87315,49.31295],[6.87266,49.31381],[6.8721,49.31478],[6.87181,49.31518],[6.8713,49.31569],[6.87118,49.31594],[6.87129,49.31638],[6.87139,49.31667],[6.87178,49.31728],[6.87225,49.31797],[6.87274,49.31871],[6.87358,49.31985],[6.87385,49.31985],[6.87415,49.32038],[6.87396,49.32042]]},"properties":{"kv":30,"cable":true,"operator":"dunoair","name":"","rail":false}},{"type":"Feature","geometry":{"type":"LineString","coordinates":[[6.79028,49.26353],[6.79136,49.263],[6.79242,49.26248],[6.79376,49.26173],[6.79638,49.26199],[6.79798,49.2629],[6.79896,49.26413],[6.79926,49.26446],[6.79969,49.26497]]},"properties":{"kv":20,"cable":false,"operator":"","name":"","rail":false}},{"type":"Feature","geometry":{"type":"LineString","coordinates":[[7.24369,49.20792],[7.24423,49.20801]]},"properties":{"kv":0,"cable":true,"operator":"","name":"","rail":false}},{"type":"Feature","geometry":{"type":"LineString","coordinates":[[7.19849,49.26743],[7.19921,49.2634],[7.19868,49.26159]]},"properties":{"kv":0,"cable":true,"operator":"STEAG","name":"","rail":false}},{"type":"Feature","geometry":{"type":"LineString","coordinates":[[7.15174,49.21916],[7.15175,49.21924]]},"properties":{"kv":0,"cable":true,"operator":"","name":"","rail":false}},{"type":"Feature","geometry":{"type":"LineString","coordinates":[[7.356,49.34089],[7.35475,49.3405]]},"properties":{"kv":110,"cable":false,"operator":"","name":"","rail":false}},{"type":"Feature","geometry":{"type":"LineString","coordinates":[[7.1183,49.24727],[7.1158,49.24828]]},"properties":{"kv":0,"cable":true,"operator":"","name":"","rail":false}},{"type":"Feature","geometry":{"type":"LineString","coordinates":[[7.28834,49.20989],[7.28897,49.20985],[7.28956,49.20982],[7.29009,49.20978],[7.29069,49.20974],[7.29232,49.20964]]},"properties":{"kv":0,"cable":true,"operator":"","name":"","rail":false}},{"type":"Feature","geometry":{"type":"LineString","coordinates":[[6.84462,49.36517],[6.84625,49.36574],[6.84808,49.36656]]},"properties":{"kv":0,"cable":true,"operator":"","name":"","rail":false}},{"type":"Feature","geometry":{"type":"LineString","coordinates":[[7.14558,49.21601],[7.14532,49.21572]]},"properties":{"kv":0,"cable":true,"operator":"","name":"","rail":false}},{"type":"Feature","geometry":{"type":"LineString","coordinates":[[7.19378,49.21946],[7.19439,49.2189]]},"properties":{"kv":0,"cable":true,"operator":"","name":"","rail":false}},{"type":"Feature","geometry":{"type":"LineString","coordinates":[[6.67867,49.46717],[6.67863,49.46722],[6.67872,49.46753],[6.67905,49.46789],[6.67965,49.46824],[6.67969,49.46821]]},"properties":{"kv":20,"cable":true,"operator":"Netzwerke Merzig GmbH","name":"","rail":false}},{"type":"Feature","geometry":{"type":"LineString","coordinates":[[6.67974,49.46823],[6.67963,49.46831],[6.6799,49.46845],[6.68006,49.46859],[6.68017,49.4687],[6.68021,49.46887],[6.68029,49.46902],[6.67964,49.46918]]},"properties":{"kv":20,"cable":true,"operator":"Netzwerke Merzig GmbH","name":"","rail":false}},{"type":"Feature","geometry":{"type":"LineString","coordinates":[[6.68036,49.47591],[6.68032,49.47588],[6.68063,49.47568],[6.6805,49.47559],[6.6811,49.47514],[6.68127,49.47498],[6.68151,49.47467],[6.68186,49.47427],[6.6821,49.474],[6.68239,49.47362],[6.68107,49.4726],[6.68055,49.47223],[6.68086,49.47202]]},"properties":{"kv":20,"cable":true,"operator":"","name":"","rail":false}},{"type":"Feature","geometry":{"type":"LineString","coordinates":[[6.6804,49.47588],[6.68037,49.47586],[6.68065,49.47569],[6.68101,49.47595],[6.68118,49.4761],[6.68141,49.47624],[6.68173,49.47639],[6.68211,49.47573],[6.68249,49.47587],[6.68242,49.47598]]},"properties":{"kv":20,"cable":true,"operator":"Netzwerke Merzig GmbH","name":"","rail":false}},{"type":"Feature","geometry":{"type":"LineString","coordinates":[[6.68037,49.47756],[6.68042,49.47761],[6.68085,49.47738],[6.68111,49.47718],[6.68129,49.47696],[6.68161,49.47638],[6.68139,49.47628],[6.68114,49.47613],[6.68093,49.47596],[6.68061,49.47574],[6.6804,49.47588]]},"properties":{"kv":20,"cable":true,"operator":"Netzwerke Merzig GmbH","name":"","rail":false}},{"type":"Feature","geometry":{"type":"LineString","coordinates":[[6.6803,49.47758],[6.68035,49.47765],[6.67998,49.47774],[6.67941,49.47784],[6.67898,49.47787],[6.67803,49.47788],[6.6775,49.47784],[6.67674,49.47772],[6.67616,49.4776],[6.67587,49.47749],[6.67558,49.4773],[6.67541,49.47714],[6.67548,49.47707]]},"properties":{"kv":20,"cable":true,"operator":"Netzwerke Merzig GmbH","name":"","rail":false}},{"type":"Feature","geometry":{"type":"LineString","coordinates":[[6.67063,49.47484],[6.6706,49.47488],[6.67157,49.47508],[6.67128,49.47534],[6.67198,49.47572],[6.67237,49.47588],[6.67313,49.47618],[6.6737,49.47639],[6.67458,49.47681],[6.67521,49.4767],[6.67525,49.47685],[6.67531,49.47701],[6.67538,49.47711],[6.67545,49.47705]]},"properties":{"kv":20,"cable":true,"operator":"Netzwerke Merzig GmbH","name":"","rail":false}},{"type":"Feature","geometry":{"type":"LineString","coordinates":[[6.67655,49.46457],[6.67701,49.46443],[6.67699,49.4644]]},"properties":{"kv":20,"cable":true,"operator":"Netzwerke Merzig GmbH","name":"","rail":false}},{"type":"Feature","geometry":{"type":"LineString","coordinates":[[6.67691,49.46442],[6.67692,49.46445],[6.67667,49.46452],[6.67654,49.46454]]},"properties":{"kv":20,"cable":true,"operator":"Netzwerke Merzig GmbH","name":"","rail":false}},{"type":"Feature","geometry":{"type":"LineString","coordinates":[[6.69655,49.49515],[6.69648,49.49509]]},"properties":{"kv":20,"cable":true,"operator":"","name":"","rail":false}},{"type":"Feature","geometry":{"type":"LineString","coordinates":[[6.69655,49.49515],[6.69686,49.49499],[6.69729,49.49464],[6.69804,49.49399],[6.69848,49.49436],[6.69896,49.49476],[6.69946,49.49517],[6.69954,49.49533],[6.70024,49.49595],[6.70065,49.49624]]},"properties":{"kv":20,"cable":true,"operator":"","name":"","rail":false}},{"type":"Feature","geometry":{"type":"LineString","coordinates":[[6.69911,49.49103],[6.69906,49.4914],[6.69898,49.49193],[6.69882,49.49284],[6.699,49.49363],[6.69848,49.49436]]},"properties":{"kv":20,"cable":true,"operator":"","name":"","rail":false}},{"type":"Feature","geometry":{"type":"LineString","coordinates":[[6.62973,49.46728],[6.63503,49.46691],[6.64186,49.46371],[6.64802,49.4608],[6.65065,49.46083],[6.65536,49.46086],[6.65795,49.46152],[6.66067,49.46223],[6.66371,49.46303],[6.66687,49.46385],[6.66948,49.46215],[6.67009,49.45942]]},"properties":{"kv":110,"cable":false,"operator":"VSE","name":"110 kV Merzig - Losheim","rail":false}},{"type":"Feature","geometry":{"type":"LineString","coordinates":[[6.95973,49.28302],[6.95918,49.28336],[6.95848,49.28384],[6.95801,49.28417],[6.95773,49.28435],[6.9576,49.2844],[6.95664,49.28467],[6.95571,49.28515],[6.95449,49.28609],[6.95457,49.28638],[6.9544,49.28641],[6.95425,49.28654],[6.95429,49.28694],[6.9543,49.28707],[6.95423,49.2872],[6.95414,49.28725],[6.95401,49.28728],[6.95376,49.28731],[6.95309,49.2873],[6.95254,49.28733],[6.95182,49.28744],[6.95148,49.28751],[6.95103,49.28752],[6.95051,49.28743],[6.94982,49.28689],[6.94956,49.28685],[6.94925,49.28685],[6.94881,49.28691],[6.94859,49.28709]]},"properties":{"kv":30,"cable":true,"operator":"dunoair","name":"","rail":false}},{"type":"Feature","geometry":{"type":"LineString","coordinates":[[6.83712,49.40428],[6.83447,49.40281],[6.83293,49.40224],[6.83126,49.40156],[6.83083,49.40159],[6.82949,49.40216],[6.8286,49.40248],[6.82798,49.40287],[6.82749,49.40347],[6.82694,49.40345],[6.82541,49.40298],[6.82462,49.40279],[6.82428,49.40309],[6.82367,49.40374],[6.82244,49.4048],[6.82168,49.40547],[6.82159,49.40553],[6.82153,49.40557],[6.82146,49.40559],[6.8214,49.40555],[6.82048,49.40516],[6.82038,49.40515],[6.81998,49.40544],[6.81908,49.40586],[6.81856,49.40595],[6.81761,49.40594],[6.81735,49.40594],[6.81625,49.40595],[6.81585,49.40612],[6.81547,49.4069],[6.81477,49.40766],[6.81466,49.40778],[6.8146,49.40783],[6.81404,49.40817],[6.81369,49.4084],[6.81164,49.40965],[6.81142,49.4099],[6.81141,49.40991],[6.81121,49.41014],[6.81085,49.41111],[6.81078,49.41124],[6.81064,49.41133],[6.81045,49.41146],[6.80924,49.41183],[6.8091,49.41187],[6.80905,49.41198],[6.809,49.41208],[6.80889,49.4123],[6.80894,49.41248],[6.80906,49.41287],[6.80922,49.41327],[6.80932,49.41352],[6.80928,49.4138],[6.80911,49.41393],[6.80897,49.41397],[6.80874,49.41408],[6.80793,49.41447],[6.80748,49.41468],[6.80717,49.41512],[6.80711,49.41556],[6.807,49.41585],[6.80675,49.41605],[6.8061,49.41623],[6.80561,49.41634],[6.80528,49.41668],[6.80506,49.41696],[6.80481,49.41717],[6.80479,49.41719],[6.80471,49.41729],[6.80457,49.41752],[6.80467,49.41799],[6.8047,49.41822],[6.80471,49.41832]]},"properties":{"kv":20,"cable":true,"operator":"","name":"","rail":false}},{"type":"Feature","geometry":{"type":"LineString","coordinates":[[7.15833,49.23863],[7.15702,49.23866],[7.156,49.23866],[7.15544,49.23867]]},"properties":{"kv":35,"cable":true,"operator":"","name":"","rail":false}},{"type":"Feature","geometry":{"type":"LineString","coordinates":[[6.96187,49.61004],[6.96288,49.60752]]},"properties":{"kv":0,"cable":true,"operator":"","name":"","rail":false}},{"type":"Feature","geometry":{"type":"LineString","coordinates":[[7.02889,49.44618],[7.02919,49.44596]]},"properties":{"kv":0,"cable":true,"operator":"","name":"","rail":false}},{"type":"Feature","geometry":{"type":"LineString","coordinates":[[6.74527,49.48414],[6.74431,49.48493],[6.74345,49.48564],[6.74238,49.48651],[6.74155,49.4872],[6.74061,49.48797],[6.73966,49.48877]]},"properties":{"kv":0,"cable":true,"operator":"","name":"","rail":false}},{"type":"Feature","geometry":{"type":"LineString","coordinates":[[6.84008,49.23618],[6.84039,49.23595]]},"properties":{"kv":110,"cable":false,"operator":"","name":"","rail":false}},{"type":"Feature","geometry":{"type":"LineString","coordinates":[[6.84022,49.23632],[6.84053,49.2361]]},"properties":{"kv":110,"cable":false,"operator":"","name":"Geislautern - Saarstahl VK (Stat 70)","rail":false}},{"type":"Feature","geometry":{"type":"LineString","coordinates":[[6.84039,49.23595],[6.84065,49.23583],[6.84074,49.23579]]},"properties":{"kv":110,"cable":false,"operator":"","name":"","rail":false}},{"type":"Feature","geometry":{"type":"LineString","coordinates":[[6.84046,49.23602],[6.84008,49.23618]]},"properties":{"kv":110,"cable":false,"operator":"","name":"","rail":false}},{"type":"Feature","geometry":{"type":"LineString","coordinates":[[6.84053,49.2361],[6.8408,49.23599],[6.8409,49.23594]]},"properties":{"kv":110,"cable":false,"operator":"","name":"Geislautern - Saarstahl VK (Stat 70)","rail":false}},{"type":"Feature","geometry":{"type":"LineString","coordinates":[[6.8406,49.23618],[6.84022,49.23632]]},"properties":{"kv":110,"cable":false,"operator":"","name":"Geislautern - Saarstahl VK (Stat 70)","rail":false}},{"type":"Feature","geometry":{"type":"LineString","coordinates":[[6.84098,49.23603],[6.84088,49.23607],[6.8406,49.23618]]},"properties":{"kv":110,"cable":false,"operator":"","name":"Geislautern - Saarstahl VK (Stat 70)","rail":false}},{"type":"Feature","geometry":{"type":"LineString","coordinates":[[6.84082,49.23587],[6.84072,49.23591],[6.84046,49.23602]]},"properties":{"kv":110,"cable":false,"operator":"","name":"","rail":false}},{"type":"Feature","geometry":{"type":"LineString","coordinates":[[6.84178,49.23549],[6.84085,49.23563]]},"properties":{"kv":110,"cable":false,"operator":"","name":"","rail":false}},{"type":"Feature","geometry":{"type":"LineString","coordinates":[[6.84052,49.23523],[6.84178,49.23549]]},"properties":{"kv":110,"cable":false,"operator":"","name":"","rail":false}},{"type":"Feature","geometry":{"type":"LineString","coordinates":[[6.84006,49.23522],[6.84015,49.23518],[6.84037,49.23509]]},"properties":{"kv":110,"cable":false,"operator":"","name":"Fenne - Geislautern","rail":false}},{"type":"Feature","geometry":{"type":"LineString","coordinates":[[6.83983,49.23484],[6.83994,49.23496],[6.84001,49.23503],[6.84008,49.23511],[6.84015,49.23518],[6.84023,49.23526],[6.8403,49.23533],[6.84037,49.23541],[6.84046,49.23549],[6.84052,49.23556],[6.84067,49.23571],[6.84074,49.23579],[6.84082,49.23587],[6.8409,49.23594],[6.84098,49.23603],[6.84105,49.23609],[6.84109,49.23614]]},"properties":{"kv":110,"cable":false,"operator":"","name":"","rail":false}},{"type":"Feature","geometry":{"type":"LineString","coordinates":[[7.22415,49.20892],[7.22415,49.20892]]},"properties":{"kv":0,"cable":true,"operator":"","name":"","rail":false}},{"type":"Feature","geometry":{"type":"LineString","coordinates":[[6.88908,49.64442],[6.88974,49.6409],[6.89042,49.63721],[6.89114,49.63341],[6.89159,49.6308],[6.8923,49.62705],[6.89282,49.62426],[6.89354,49.62025],[6.89401,49.61767],[6.89889,49.61496],[6.90308,49.61262],[6.9035,49.611],[6.90431,49.60779],[6.90523,49.60402],[6.90608,49.60082],[6.90468,49.59694],[6.90356,49.59383],[6.9024,49.59074],[6.90155,49.58837],[6.90039,49.5852],[6.89671,49.58217],[6.89337,49.57937],[6.89412,49.57614],[6.89482,49.57289],[6.89417,49.57013],[6.89352,49.56704],[6.89267,49.56356],[6.88724,49.56139],[6.88383,49.56008],[6.87838,49.55787],[6.87422,49.55621],[6.87368,49.55283],[6.87312,49.54933],[6.8727,49.54662],[6.87216,49.54307],[6.87174,49.54038],[6.87131,49.53776],[6.87449,49.53532],[6.87778,49.53283],[6.88134,49.53009],[6.88492,49.52746],[6.88671,49.52604]]},"properties":{"kv":380,"cable":false,"operator":"Amprion","name":"380 kV Uchtelfangen Ost|West; 220 kV Osburg; 1110kV Hermeskeil Ost","rail":false}},{"type":"Feature","geometry":{"type":"LineString","coordinates":[[6.88529,49.24914],[6.88751,49.2502],[6.8875,49.25292],[6.8878,49.25513],[6.88805,49.25715],[6.88837,49.25917],[6.8886,49.2613],[6.88879,49.26296],[6.88917,49.26555],[6.88948,49.26806],[6.88974,49.27],[6.89,49.27184],[6.89029,49.274],[6.89053,49.27593],[6.8908,49.27841],[6.89112,49.2808],[6.89221,49.28257],[6.89318,49.28433],[6.89503,49.28575],[6.89736,49.2875],[6.89945,49.28909],[6.90133,49.29054],[6.90341,49.29212],[6.90562,49.29381],[6.90788,49.29554],[6.90999,49.29715]]},"properties":{"kv":110,"cable":false,"operator":"","name":"","rail":false}},{"type":"Feature","geometry":{"type":"LineString","coordinates":[[7.0391,49.17434],[7.03781,49.1743]]},"properties":{"kv":65,"cable":false,"operator":"","name":"Brebach - B\u00fcbingen","rail":false}},{"type":"Feature","geometry":{"type":"LineString","coordinates":[[7.0391,49.17434],[7.03778,49.17423]]},"properties":{"kv":65,"cable":false,"operator":"","name":"Brebach - B\u00fcbingen","rail":false}},{"type":"Feature","geometry":{"type":"LineString","coordinates":[[7.23961,49.36001],[7.24045,49.35836],[7.24055,49.35821]]},"properties":{"kv":380,"cable":false,"operator":"Amprion","name":"","rail":false}},{"type":"Feature","geometry":{"type":"LineString","coordinates":[[6.992,49.37556],[6.99355,49.37527]]},"properties":{"kv":380,"cable":false,"operator":"Amprion","name":"380kV Bliestal S\u00fcd, 380kV B\u00fcrstadt Ltg.","rail":false}},{"type":"Feature","geometry":{"type":"LineString","coordinates":[[6.992,49.37556],[6.99359,49.37509]]},"properties":{"kv":380,"cable":false,"operator":"Amprion","name":"380kV Bliestal S\u00fcd, 380kV B\u00fcrstadt Ltg.","rail":false}},{"type":"Feature","geometry":{"type":"LineString","coordinates":[[6.99076,49.37465],[6.99363,49.37494]]},"properties":{"kv":380,"cable":false,"operator":"Amprion","name":"380 kV Uchtelfangen Ost|West","rail":false}},{"type":"Feature","geometry":{"type":"LineString","coordinates":[[6.99076,49.37465],[6.99374,49.37456]]},"properties":{"kv":380,"cable":false,"operator":"Amprion","name":"380 kV Uchtelfangen Ost|West","rail":false}},{"type":"Feature","geometry":{"type":"LineString","coordinates":[[6.99683,49.37451],[6.99723,49.37456],[6.99744,49.37458],[6.99768,49.3746],[6.99799,49.37463]]},"properties":{"kv":220,"cable":false,"operator":"","name":"","rail":false}},{"type":"Feature","geometry":{"type":"LineString","coordinates":[[6.99543,49.37313],[6.9954,49.37325],[6.99535,49.37343],[6.9953,49.3736],[6.99526,49.37379],[6.99521,49.37396],[6.99517,49.37414],[6.99507,49.37453],[6.99502,49.37471],[6.99497,49.37489],[6.99493,49.37507],[6.99488,49.37524],[6.99483,49.37542],[6.99471,49.3759]]},"properties":{"kv":380,"cable":false,"operator":"","name":"","rail":false}},{"type":"Feature","geometry":{"type":"LineString","coordinates":[[6.99511,49.37309],[6.99508,49.37321],[6.99503,49.37339],[6.99498,49.37356],[6.99493,49.37375],[6.99484,49.3741],[6.99474,49.37449],[6.99469,49.37467],[6.99464,49.37485],[6.99459,49.37504],[6.99455,49.3752],[6.9945,49.37538],[6.99437,49.37586]]},"properties":{"kv":380,"cable":false,"operator":"","name":"","rail":false}},{"type":"Feature","geometry":{"type":"LineString","coordinates":[[6.99433,49.37301],[6.99429,49.37313],[6.99425,49.37331],[6.9942,49.37348],[6.99415,49.37366],[6.99406,49.37401],[6.99385,49.37476],[6.99358,49.37577]]},"properties":{"kv":380,"cable":false,"operator":"","name":"","rail":false}},{"type":"Feature","geometry":{"type":"LineString","coordinates":[[6.99429,49.37313],[6.99508,49.37321],[6.9954,49.37325],[6.99566,49.37328],[6.99583,49.3733],[6.99633,49.37353]]},"properties":{"kv":380,"cable":false,"operator":"","name":"","rail":false}},{"type":"Feature","geometry":{"type":"LineString","coordinates":[[6.99633,49.37353],[6.99657,49.37355]]},"properties":{"kv":0,"cable":false,"operator":"","name":"","rail":false}},{"type":"Feature","geometry":{"type":"LineString","coordinates":[[6.99425,49.37331],[6.99447,49.37333],[6.99503,49.37339],[6.99535,49.37343],[6.99561,49.37346]]},"properties":{"kv":380,"cable":false,"operator":"","name":"","rail":false}},{"type":"Feature","geometry":{"type":"LineString","coordinates":[[6.99442,49.3735],[6.99447,49.37333]]},"properties":{"kv":380,"cable":false,"operator":"","name":"","rail":false}},{"type":"Feature","geometry":{"type":"LineString","coordinates":[[6.99614,49.37389],[6.99551,49.37381],[6.99526,49.37379],[6.99493,49.37375],[6.99415,49.37366]]},"properties":{"kv":380,"cable":false,"operator":"","name":"","rail":false}},{"type":"Feature","geometry":{"type":"LineString","coordinates":[[6.99528,49.37493],[6.99521,49.37492],[6.99497,49.37489],[6.99464,49.37485],[6.99385,49.37476]]},"properties":{"kv":380,"cable":false,"operator":"","name":"","rail":false}},{"type":"Feature","geometry":{"type":"LineString","coordinates":[[6.99528,49.37493],[6.99578,49.37525]]},"properties":{"kv":380,"cable":false,"operator":"","name":"","rail":false}},{"type":"Feature","geometry":{"type":"LineString","coordinates":[[6.99583,49.3751],[6.99528,49.37493]]},"properties":{"kv":380,"cable":false,"operator":"","name":"","rail":false}},{"type":"Feature","geometry":{"type":"LineString","coordinates":[[6.99588,49.37491],[6.99528,49.37493]]},"properties":{"kv":380,"cable":false,"operator":"","name":"","rail":false}},{"type":"Feature","geometry":{"type":"LineString","coordinates":[[6.9942,49.37348],[6.99442,49.3735],[6.99498,49.37356],[6.9953,49.3736],[6.99556,49.37363]]},"properties":{"kv":380,"cable":false,"operator":"","name":"","rail":false}},{"type":"Feature","geometry":{"type":"LineString","coordinates":[[6.99651,49.37509],[6.99752,49.37521],[6.99783,49.37524],[6.99865,49.37534]]},"properties":{"kv":220,"cable":false,"operator":"RWE","name":"","rail":false}},{"type":"Feature","geometry":{"type":"LineString","coordinates":[[6.99665,49.37552],[6.99716,49.37557],[6.99742,49.3756],[6.99772,49.37564]]},"properties":{"kv":220,"cable":false,"operator":"Amprion","name":"Trafo 211","rail":false}},{"type":"Feature","geometry":{"type":"LineString","coordinates":[[6.99674,49.37479],[6.99715,49.37485],[6.99736,49.37487],[6.99761,49.3749],[6.9979,49.37494]]},"properties":{"kv":220,"cable":false,"operator":"","name":"","rail":false}},{"type":"Feature","geometry":{"type":"LineString","coordinates":[[6.99578,49.37525],[6.99674,49.37479]]},"properties":{"kv":220,"cable":false,"operator":"","name":"","rail":false}},{"type":"Feature","geometry":{"type":"LineString","coordinates":[[6.99583,49.3751],[6.99674,49.37479]]},"properties":{"kv":220,"cable":false,"operator":"","name":"","rail":false}},{"type":"Feature","geometry":{"type":"LineString","coordinates":[[6.99588,49.37491],[6.99674,49.37479]]},"properties":{"kv":220,"cable":false,"operator":"","name":"","rail":false}},{"type":"Feature","geometry":{"type":"LineString","coordinates":[[6.99865,49.37534],[6.99944,49.37557]]},"properties":{"kv":0,"cable":false,"operator":"RWE","name":"","rail":false}},{"type":"Feature","geometry":{"type":"LineString","coordinates":[[6.99858,49.37559],[6.99944,49.37557]]},"properties":{"kv":220,"cable":false,"operator":"RWE","name":"","rail":false}},{"type":"Feature","geometry":{"type":"LineString","coordinates":[[6.99851,49.37587],[6.99769,49.37577],[6.99738,49.37574],[6.99712,49.37571]]},"properties":{"kv":220,"cable":false,"operator":"","name":"","rail":false}},{"type":"Feature","geometry":{"type":"LineString","coordinates":[[6.99844,49.37613],[6.99762,49.37603],[6.99731,49.376],[6.99705,49.37597]]},"properties":{"kv":220,"cable":false,"operator":"","name":"","rail":false}},{"type":"Feature","geometry":{"type":"LineString","coordinates":[[6.99702,49.37612],[6.99728,49.37615],[6.99758,49.37618],[6.99833,49.37626],[6.99829,49.37639],[6.99755,49.3763],[6.99725,49.37627]]},"properties":{"kv":220,"cable":false,"operator":"","name":"","rail":false}},{"type":"Feature","geometry":{"type":"LineString","coordinates":[[6.99679,49.37494],[6.99732,49.37501],[6.99757,49.37504],[6.99787,49.37507]]},"properties":{"kv":220,"cable":false,"operator":"","name":"","rail":false}},{"type":"Feature","geometry":{"type":"LineString","coordinates":[[6.99778,49.3742],[6.99774,49.37436],[6.99771,49.3745],[6.99768,49.3746],[6.99763,49.37478],[6.99761,49.3749],[6.99757,49.37504],[6.99752,49.37521],[6.99746,49.37547],[6.99742,49.3756],[6.99738,49.37574],[6.99735,49.37587],[6.99731,49.376],[6.99728,49.37615],[6.99725,49.37627],[6.99722,49.3764]]},"properties":{"kv":220,"cable":false,"operator":"","name":"","rail":false}},{"type":"Feature","geometry":{"type":"LineString","coordinates":[[6.9975,49.37644],[6.99755,49.3763],[6.99758,49.37618],[6.99762,49.37603],[6.99766,49.3759],[6.99769,49.37577],[6.99772,49.37564],[6.99776,49.3755],[6.99783,49.37524],[6.99787,49.37507],[6.9979,49.37494],[6.99793,49.37481],[6.99799,49.37463],[6.99801,49.37454],[6.99805,49.37439],[6.99809,49.37423]]},"properties":{"kv":220,"cable":false,"operator":"","name":"","rail":false}},{"type":"Feature","geometry":{"type":"LineString","coordinates":[[6.99621,49.37602],[6.99639,49.3755],[6.99665,49.37552]]},"properties":{"kv":110,"cable":false,"operator":"Amprion","name":"Trafo 211","rail":false}},{"type":"Feature","geometry":{"type":"LineString","coordinates":[[6.99603,49.37665],[6.99621,49.37602]]},"properties":{"kv":110,"cable":false,"operator":"Amprion","name":"Trafo 211","rail":false}},{"type":"Feature","geometry":{"type":"LineString","coordinates":[[6.99561,49.37678],[6.99758,49.37751]]},"properties":{"kv":110,"cable":false,"operator":"Amprion","name":"Trafo 411","rail":false}},{"type":"Feature","geometry":{"type":"LineString","coordinates":[[6.99621,49.37602],[6.99633,49.37532]]},"properties":{"kv":110,"cable":false,"operator":"Amprion","name":"","rail":false}},{"type":"Feature","geometry":{"type":"LineString","coordinates":[[6.99766,49.3759],[6.99735,49.37587],[6.99708,49.37584]]},"properties":{"kv":220,"cable":false,"operator":"","name":"","rail":false}},{"type":"Feature","geometry":{"type":"LineString","coordinates":[[6.9993,49.3761],[6.99844,49.37613]]},"properties":{"kv":220,"cable":false,"operator":"","name":"","rail":false}},{"type":"Feature","geometry":{"type":"LineString","coordinates":[[6.9993,49.3761],[6.99851,49.37587]]},"properties":{"kv":220,"cable":false,"operator":"","name":"","rail":false}},{"type":"Feature","geometry":{"type":"LineString","coordinates":[[6.99942,49.37835],[6.99839,49.37839]]},"properties":{"kv":110,"cable":false,"operator":"","name":"Fenne - Uchtelfangen","rail":false}},{"type":"Feature","geometry":{"type":"LineString","coordinates":[[6.99737,49.37829],[6.99562,49.3784]]},"properties":{"kv":110,"cable":false,"operator":"RWE","name":"","rail":false}},{"type":"Feature","geometry":{"type":"LineString","coordinates":[[6.99568,49.37817],[6.99753,49.37765]]},"properties":{"kv":110,"cable":false,"operator":"RWE","name":"","rail":false}},{"type":"Feature","geometry":{"type":"LineString","coordinates":[[6.99739,49.37821],[6.99562,49.3784]]},"properties":{"kv":110,"cable":false,"operator":"RWE","name":"","rail":false}},{"type":"Feature","geometry":{"type":"LineString","coordinates":[[6.99568,49.37817],[6.99756,49.37758]]},"properties":{"kv":110,"cable":false,"operator":"RWE","name":"","rail":false}},{"type":"Feature","geometry":{"type":"LineString","coordinates":[[6.99561,49.37678],[6.9976,49.37743]]},"properties":{"kv":110,"cable":false,"operator":"Amprion","name":"Trafo 411","rail":false}},{"type":"Feature","geometry":{"type":"LineString","coordinates":[[6.99764,49.37729],[6.99603,49.37665]]},"properties":{"kv":110,"cable":false,"operator":"Amprion","name":"Trafo 211","rail":false}},{"type":"Feature","geometry":{"type":"LineString","coordinates":[[6.99845,49.37812],[6.99816,49.37808],[6.99798,49.37806],[6.99783,49.37805]]},"properties":{"kv":110,"cable":false,"operator":"","name":"","rail":false}},{"type":"Feature","geometry":{"type":"LineString","coordinates":[[6.99806,49.37846],[6.99807,49.37841],[6.99809,49.37836],[6.9981,49.3783],[6.99812,49.37823],[6.99814,49.37815],[6.99816,49.37808],[6.99818,49.37801],[6.99819,49.37794],[6.99821,49.37787],[6.99823,49.3778],[6.99825,49.37772],[6.99827,49.37766],[6.99829,49.37759],[6.99831,49.37752],[6.99835,49.37737],[6.99837,49.3773],[6.99839,49.37723],[6.99842,49.37711]]},"properties":{"kv":110,"cable":false,"operator":"","name":"","rail":false}},{"type":"Feature","geometry":{"type":"LineString","coordinates":[[6.99809,49.37707],[6.99806,49.37719],[6.99804,49.37727],[6.99802,49.37733],[6.99798,49.37748],[6.99796,49.37755],[6.99794,49.37762],[6.99792,49.37769],[6.9979,49.37776],[6.99789,49.37783],[6.99785,49.37798],[6.99783,49.37805],[6.99781,49.37812],[6.99779,49.37819],[6.99777,49.37826],[6.99776,49.37832],[6.99774,49.37837],[6.99773,49.37842]]},"properties":{"kv":110,"cable":false,"operator":"","name":"","rail":false}},{"type":"Feature","geometry":{"type":"LineString","coordinates":[[6.99753,49.37779],[6.99789,49.37783],[6.99803,49.37785],[6.99821,49.37787]]},"properties":{"kv":110,"cable":false,"operator":"","name":"","rail":false}},{"type":"Feature","geometry":{"type":"LineString","coordinates":[[6.99747,49.37808],[6.99781,49.37812],[6.99796,49.37813],[6.99814,49.37815]]},"properties":{"kv":110,"cable":false,"operator":"","name":"","rail":false}},{"type":"Feature","geometry":{"type":"LineString","coordinates":[[6.99785,49.37798],[6.99799,49.37799],[6.99818,49.37801],[6.99839,49.37804],[6.99842,49.37796],[6.99819,49.37794],[6.99801,49.37792]]},"properties":{"kv":110,"cable":false,"operator":"","name":"","rail":false}},{"type":"Feature","geometry":{"type":"LineString","coordinates":[[6.9979,49.37776],[6.99805,49.37778],[6.99823,49.3778],[6.99853,49.37784]]},"properties":{"kv":110,"cable":false,"operator":"","name":"","rail":false}},{"type":"Feature","geometry":{"type":"LineString","coordinates":[[6.99753,49.37765],[6.99792,49.37769],[6.99807,49.3777],[6.99825,49.37772]]},"properties":{"kv":110,"cable":false,"operator":"RWE","name":"","rail":false}},{"type":"Feature","geometry":{"type":"LineString","coordinates":[[6.99756,49.37758],[6.99794,49.37762],[6.99809,49.37764],[6.99827,49.37766]]},"properties":{"kv":110,"cable":false,"operator":"RWE","name":"","rail":false}},{"type":"Feature","geometry":{"type":"LineString","coordinates":[[6.99758,49.37751],[6.99796,49.37755],[6.99811,49.37756],[6.99829,49.37759]]},"properties":{"kv":110,"cable":false,"operator":"Amprion","name":"Trafo 411","rail":false}},{"type":"Feature","geometry":{"type":"LineString","coordinates":[[6.9976,49.37743],[6.99798,49.37748],[6.99813,49.3775],[6.99831,49.37752]]},"properties":{"kv":110,"cable":false,"operator":"Amprion","name":"Trafo 411","rail":false}},{"type":"Feature","geometry":{"type":"LineString","coordinates":[[6.9981,49.3783],[6.99792,49.37828],[6.99777,49.37826],[6.99739,49.37821]]},"properties":{"kv":110,"cable":false,"operator":"RWE","name":"","rail":false}},{"type":"Feature","geometry":{"type":"LineString","coordinates":[[6.99807,49.37841],[6.99789,49.37839],[6.99774,49.37837],[6.9976,49.37836],[6.99737,49.37829]]},"properties":{"kv":110,"cable":false,"operator":"RWE","name":"","rail":false}},{"type":"Feature","geometry":{"type":"LineString","coordinates":[[6.99839,49.37839],[6.99809,49.37836],[6.9979,49.37834],[6.99776,49.37832]]},"properties":{"kv":110,"cable":false,"operator":"","name":"Fenne - Uchtelfangen","rail":false}},{"type":"Feature","geometry":{"type":"LineString","coordinates":[[6.99841,49.37826],[6.99812,49.37823],[6.99794,49.37821],[6.99779,49.37819]]},"properties":{"kv":110,"cable":false,"operator":"","name":"Fenne - Uchtelfangen","rail":false}},{"type":"Feature","geometry":{"type":"LineString","coordinates":[[6.99942,49.37835],[6.99841,49.37826]]},"properties":{"kv":110,"cable":false,"operator":"","name":"Fenne - Uchtelfangen","rail":false}},{"type":"Feature","geometry":{"type":"LineString","coordinates":[[6.99866,49.37734],[6.99837,49.3773],[6.99818,49.37728],[6.99804,49.37727]]},"properties":{"kv":110,"cable":false,"operator":"","name":"","rail":false}},{"type":"Feature","geometry":{"type":"LineString","coordinates":[[6.88955,49.52741],[6.88962,49.52741],[6.88991,49.52741],[6.88992,49.52741],[6.89006,49.52741],[6.89022,49.5274],[6.89032,49.5274],[6.89068,49.5274],[6.89083,49.5274],[6.89092,49.5274]]},"properties":{"kv":110,"cable":false,"operator":"","name":"","rail":false}},{"type":"Feature","geometry":{"type":"LineString","coordinates":[[6.88932,49.52699],[6.88985,49.52718]]},"properties":{"kv":110,"cable":false,"operator":"","name":"Lebach - Hermeskeil","rail":false}},{"type":"Feature","geometry":{"type":"LineString","coordinates":[[6.88971,49.52726],[6.88923,49.52717]]},"properties":{"kv":110,"cable":false,"operator":"","name":"Wadern Nord|S\u00fcd","rail":false}},{"type":"Feature","geometry":{"type":"LineString","coordinates":[[6.89036,49.52728],[6.89043,49.52707]]},"properties":{"kv":110,"cable":false,"operator":"","name":"110 kV Hochwald Nord|S\u00fcd","rail":false}},{"type":"Feature","geometry":{"type":"LineString","coordinates":[[6.88973,49.52754],[6.88992,49.52754],[6.88992,49.52747],[6.88992,49.52741]]},"properties":{"kv":110,"cable":false,"operator":"","name":"","rail":false}},{"type":"Feature","geometry":{"type":"LineString","coordinates":[[6.89069,49.52754],[6.89054,49.52754],[6.89054,49.52747],[6.89054,49.5274]]},"properties":{"kv":110,"cable":false,"operator":"","name":"","rail":false}},{"type":"Feature","geometry":{"type":"LineString","coordinates":[[6.89083,49.52746],[6.89083,49.5274],[6.89083,49.5273]]},"properties":{"kv":110,"cable":false,"operator":"","name":"","rail":false}},{"type":"Feature","geometry":{"type":"LineString","coordinates":[[6.89068,49.52747],[6.89068,49.5274],[6.89068,49.5273]]},"properties":{"kv":110,"cable":false,"operator":"","name":"","rail":false}},{"type":"Feature","geometry":{"type":"LineString","coordinates":[[6.89068,49.5273],[6.89077,49.52712]]},"properties":{"kv":110,"cable":false,"operator":"","name":"110 kV Wadern - Kastel Ost|West","rail":false}},{"type":"Feature","geometry":{"type":"LineString","coordinates":[[6.88955,49.52732],[6.88962,49.52732],[6.88962,49.52741],[6.88962,49.52748]]},"properties":{"kv":110,"cable":false,"operator":"","name":"","rail":false}},{"type":"Feature","geometry":{"type":"LineString","coordinates":[[6.88977,49.52747],[6.88976,49.52729],[6.88971,49.52726]]},"properties":{"kv":110,"cable":false,"operator":"","name":"","rail":false}},{"type":"Feature","geometry":{"type":"LineString","coordinates":[[6.88976,49.52721],[6.88987,49.52727],[6.88991,49.52733],[6.88991,49.52741],[6.8899,49.52747]]},"properties":{"kv":110,"cable":false,"operator":"","name":"","rail":false}},{"type":"Feature","geometry":{"type":"LineString","coordinates":[[6.89006,49.52747],[6.89006,49.52741],[6.89006,49.52731],[6.88991,49.52722],[6.88985,49.52718]]},"properties":{"kv":110,"cable":false,"operator":"","name":"","rail":false}},{"type":"Feature","geometry":{"type":"LineString","coordinates":[[6.89022,49.52747],[6.89022,49.5274],[6.89022,49.52731]]},"properties":{"kv":110,"cable":false,"operator":"","name":"","rail":false}},{"type":"Feature","geometry":{"type":"LineString","coordinates":[[6.89033,49.52747],[6.89032,49.5274],[6.89032,49.52732],[6.89036,49.52728]]},"properties":{"kv":110,"cable":false,"operator":"","name":"","rail":false}},{"type":"Feature","geometry":{"type":"LineString","coordinates":[[6.89022,49.52731],[6.89043,49.52707]]},"properties":{"kv":110,"cable":false,"operator":"","name":"110 kV Hochwald Nord|S\u00fcd","rail":false}},{"type":"Feature","geometry":{"type":"LineString","coordinates":[[6.88932,49.52699],[6.88976,49.52721]]},"properties":{"kv":110,"cable":false,"operator":"","name":"Lebach - Hermeskeil","rail":false}},{"type":"Feature","geometry":{"type":"LineString","coordinates":[[6.88955,49.52732],[6.88923,49.52717]]},"properties":{"kv":110,"cable":false,"operator":"","name":"Wadern Nord|S\u00fcd","rail":false}},{"type":"Feature","geometry":{"type":"LineString","coordinates":[[6.8969,49.43083],[6.9016,49.43131],[6.90547,49.43166],[6.90868,49.43196],[6.91431,49.43252],[6.91867,49.43287],[6.92266,49.43324],[6.92299,49.43356],[6.92693,49.42911],[6.92915,49.42661]]},"properties":{"kv":110,"cable":false,"operator":"Amprion","name":"Uchtelfangen - Lebach/Schmelz/St.Wendel","rail":false}},{"type":"Feature","geometry":{"type":"LineString","coordinates":[[6.99835,49.37737],[6.99817,49.37735],[6.99802,49.37733],[6.99764,49.37729]]},"properties":{"kv":110,"cable":false,"operator":"Amprion","name":"Trafo 211","rail":false}},{"type":"Feature","geometry":{"type":"LineString","coordinates":[[6.99839,49.37723],[6.9982,49.37721],[6.99806,49.37719],[6.99767,49.37715]]},"properties":{"kv":110,"cable":false,"operator":"Amprion","name":"Trafo 211","rail":false}},{"type":"Feature","geometry":{"type":"LineString","coordinates":[[6.99355,49.37527],[6.9945,49.37538],[6.99483,49.37542],[6.99507,49.37545]]},"properties":{"kv":380,"cable":false,"operator":"Amprion","name":"380kV Bliestal S\u00fcd, 380kV B\u00fcrstadt Ltg.","rail":false}},{"type":"Feature","geometry":{"type":"LineString","coordinates":[[6.99359,49.37509],[6.99455,49.3752],[6.99488,49.37524],[6.99512,49.37526]]},"properties":{"kv":380,"cable":false,"operator":"Amprion","name":"380kV Bliestal S\u00fcd, 380kV B\u00fcrstadt Ltg.","rail":false}},{"type":"Feature","geometry":{"type":"LineString","coordinates":[[6.99374,49.37456],[6.99469,49.37467],[6.99502,49.37471],[6.99526,49.37473]]},"properties":{"kv":380,"cable":false,"operator":"Amprion","name":"380 kV Uchtelfangen Ost|West","rail":false}},{"type":"Feature","geometry":{"type":"LineString","coordinates":[[6.99378,49.37439],[6.99474,49.37449],[6.99507,49.37453],[6.99531,49.37456]]},"properties":{"kv":380,"cable":false,"operator":"Amprion","name":"","rail":false}},{"type":"Feature","geometry":{"type":"LineString","coordinates":[[6.99363,49.37494],[6.99459,49.37504],[6.99493,49.37507],[6.99517,49.3751]]},"properties":{"kv":380,"cable":false,"operator":"Amprion","name":"380 kV Uchtelfangen Ost|West","rail":false}},{"type":"Feature","geometry":{"type":"LineString","coordinates":[[6.99394,49.37382],[6.99521,49.37396],[6.99546,49.37399]]},"properties":{"kv":380,"cable":false,"operator":"Amprion","name":"","rail":false}},{"type":"Feature","geometry":{"type":"LineString","coordinates":[[6.7737,49.29255],[6.77371,49.29247],[6.77372,49.29231],[6.77374,49.29215],[6.77375,49.29199],[6.77377,49.29183],[6.7738,49.29149],[6.77382,49.2913],[6.77385,49.29098],[6.77386,49.29089]]},"properties":{"kv":380,"cable":false,"operator":"","name":"380kV","rail":false}},{"type":"Feature","geometry":{"type":"LineString","coordinates":[[6.77358,49.29089],[6.77357,49.29097],[6.77356,49.29113],[6.77354,49.29129],[6.77353,49.29147],[6.77349,49.29182],[6.77348,49.29198],[6.77347,49.29214],[6.77345,49.2923],[6.77344,49.29246],[6.77343,49.29254]]},"properties":{"kv":380,"cable":false,"operator":"","name":"380kV","rail":false}},{"type":"Feature","geometry":{"type":"LineString","coordinates":[[6.77318,49.29253],[6.77319,49.29245],[6.77322,49.29213],[6.77323,49.29197],[6.77325,49.29181],[6.77328,49.29147],[6.7733,49.29128],[6.77331,49.29112],[6.77333,49.29096],[6.77334,49.29088]]},"properties":{"kv":380,"cable":false,"operator":"","name":"380kV","rail":false}},{"type":"Feature","geometry":{"type":"LineString","coordinates":[[6.77319,49.29245],[6.77344,49.29246],[6.77371,49.29247],[6.77406,49.29249],[6.77408,49.29233],[6.77372,49.29231],[6.77345,49.2923]]},"properties":{"kv":380,"cable":false,"operator":"","name":"380kV","rail":false}},{"type":"Feature","geometry":{"type":"LineString","coordinates":[[6.77322,49.29213],[6.77347,49.29214],[6.77374,49.29215],[6.77436,49.29217],[6.77457,49.29218]]},"properties":{"kv":380,"cable":false,"operator":"","name":"380kV","rail":false}},{"type":"Feature","geometry":{"type":"LineString","coordinates":[[6.77323,49.29197],[6.77348,49.29198],[6.77375,49.29199],[6.77438,49.29201]]},"properties":{"kv":380,"cable":false,"operator":"","name":"380kV","rail":false}},{"type":"Feature","geometry":{"type":"LineString","coordinates":[[6.77325,49.29181],[6.77349,49.29182],[6.77377,49.29183],[6.77439,49.29185],[6.77461,49.29186]]},"properties":{"kv":380,"cable":false,"operator":"","name":"380kV","rail":false}},{"type":"Feature","geometry":{"type":"LineString","coordinates":[[6.77443,49.29151],[6.7738,49.29149],[6.77353,49.29147],[6.77328,49.29147]]},"properties":{"kv":380,"cable":false,"operator":"","name":"380kV","rail":false}},{"type":"Feature","geometry":{"type":"LineString","coordinates":[[6.77465,49.29133],[6.77445,49.29132],[6.77382,49.2913],[6.77354,49.29129],[6.7733,49.29128]]},"properties":{"kv":380,"cable":false,"operator":"","name":"380kV","rail":false}},{"type":"Feature","geometry":{"type":"LineString","coordinates":[[6.77466,49.29117],[6.77446,49.29116],[6.77384,49.29114],[6.77356,49.29113],[6.77331,49.29112]]},"properties":{"kv":380,"cable":false,"operator":"","name":"380kV","rail":false}},{"type":"Feature","geometry":{"type":"LineString","coordinates":[[6.77333,49.29096],[6.77357,49.29097],[6.77385,49.29098],[6.77448,49.291],[6.77468,49.29101]]},"properties":{"kv":380,"cable":false,"operator":"","name":"380kV","rail":false}},{"type":"Feature","geometry":{"type":"LineString","coordinates":[[6.77506,49.29136],[6.77266,49.29127],[6.77274,49.29051]]},"properties":{"kv":220,"cable":false,"operator":"","name":"380kV","rail":false}},{"type":"Feature","geometry":{"type":"LineString","coordinates":[[6.77092,49.29008],[6.77085,49.29078]]},"properties":{"kv":220,"cable":false,"operator":"","name":"","rail":false}},{"type":"Feature","geometry":{"type":"LineString","coordinates":[[6.77056,49.29042],[6.77109,49.29044],[6.7713,49.29045],[6.7715,49.29046],[6.7717,49.29047],[6.77191,49.29048],[6.77212,49.29048],[6.77233,49.29049],[6.77252,49.2905],[6.77306,49.29052],[6.77317,49.29053]]},"properties":{"kv":220,"cable":false,"operator":"","name":"","rail":false}},{"type":"Feature","geometry":{"type":"LineString","coordinates":[[6.77316,49.29069],[6.77304,49.29069],[6.77251,49.29067],[6.77231,49.29066],[6.77211,49.29065],[6.77189,49.29064],[6.77169,49.29063],[6.77149,49.29063],[6.77128,49.29062],[6.77107,49.29061],[6.77066,49.29059],[6.77054,49.29059]]},"properties":{"kv":220,"cable":false,"operator":"","name":"","rail":false}},{"type":"Feature","geometry":{"type":"LineString","coordinates":[[6.77062,49.29105],[6.77064,49.29077],[6.77066,49.29059]]},"properties":{"kv":220,"cable":false,"operator":"","name":"","rail":false}},{"type":"Feature","geometry":{"type":"LineString","coordinates":[[6.77185,49.2911],[6.77187,49.29082],[6.77189,49.29064],[6.77191,49.29048]]},"properties":{"kv":220,"cable":false,"operator":"","name":"","rail":false}},{"type":"Feature","geometry":{"type":"LineString","coordinates":[[6.77104,49.29078],[6.77107,49.29061],[6.77109,49.29044],[6.7711,49.2903]]},"properties":{"kv":220,"cable":false,"operator":"","name":"","rail":false}},{"type":"Feature","geometry":{"type":"LineString","coordinates":[[6.77226,49.29121],[6.7723,49.29083],[6.77231,49.29066],[6.77233,49.29049]]},"properties":{"kv":220,"cable":false,"operator":"","name":"","rail":false}},{"type":"Feature","geometry":{"type":"LineString","coordinates":[[6.77206,49.2912],[6.77209,49.29083],[6.77211,49.29065],[6.77212,49.29048]]},"properties":{"kv":220,"cable":false,"operator":"","name":"","rail":false}},{"type":"Feature","geometry":{"type":"LineString","coordinates":[[6.77137,49.29017],[6.77151,49.29034],[6.7715,49.29046],[6.77149,49.29063],[6.77147,49.2908]]},"properties":{"kv":220,"cable":false,"operator":"","name":"","rail":false}},{"type":"Feature","geometry":{"type":"LineString","coordinates":[[6.77174,49.29017],[6.77172,49.29035],[6.7717,49.29047],[6.77169,49.29063],[6.77167,49.29081]]},"properties":{"kv":220,"cable":false,"operator":"","name":"","rail":false}},{"type":"Feature","geometry":{"type":"LineString","coordinates":[[6.77256,49.2902],[6.77252,49.2905],[6.77251,49.29067],[6.77248,49.29084]]},"properties":{"kv":220,"cable":false,"operator":"","name":"","rail":false}},{"type":"Feature","geometry":{"type":"LineString","coordinates":[[6.77312,49.29023],[6.77306,49.29052],[6.77304,49.29069],[6.77302,49.29086]]},"properties":{"kv":220,"cable":false,"operator":"","name":"","rail":false}},{"type":"Feature","geometry":{"type":"LineString","coordinates":[[6.77101,49.29122],[6.77122,49.29123],[6.77126,49.29079],[6.77128,49.29062],[6.7713,49.29045]]},"properties":{"kv":220,"cable":false,"operator":"","name":"","rail":false}},{"type":"Feature","geometry":{"type":"LineString","coordinates":[[6.77212,49.28986],[6.7722,49.28987],[6.77234,49.28987],[6.77246,49.28987],[6.77259,49.28988],[6.77273,49.28988],[6.77289,49.28989],[6.77302,49.28989],[6.77315,49.2899],[6.77329,49.2899],[6.77343,49.28991],[6.77359,49.28992],[6.7737,49.28992],[6.77384,49.28992],[6.77397,49.28993],[6.7741,49.28994],[6.77425,49.28994],[6.77441,49.28995],[6.77454,49.28995],[6.77482,49.28996],[6.77489,49.28996]]},"properties":{"kv":110,"cable":false,"operator":"","name":"","rail":false}},{"type":"Feature","geometry":{"type":"LineString","coordinates":[[6.77278,49.29],[6.77272,49.29],[6.77258,49.28999],[6.77245,49.28999],[6.77233,49.28998],[6.7722,49.28998],[6.77211,49.28997]]},"properties":{"kv":110,"cable":false,"operator":"","name":"","rail":false}},{"type":"Feature","geometry":{"type":"LineString","coordinates":[[6.77211,49.28997],[6.77175,49.29009],[6.77174,49.29017]]},"properties":{"kv":110,"cable":false,"operator":"","name":"","rail":false}},{"type":"Feature","geometry":{"type":"LineString","coordinates":[[6.77256,49.2902],[6.77258,49.28999],[6.77259,49.28992],[6.77259,49.28988]]},"properties":{"kv":110,"cable":false,"operator":"","name":"","rail":false}},{"type":"Feature","geometry":{"type":"LineString","coordinates":[[6.77217,49.2902],[6.7722,49.28998],[6.7722,49.28991],[6.7722,49.28987]]},"properties":{"kv":110,"cable":false,"operator":"","name":"","rail":false}},{"type":"Feature","geometry":{"type":"LineString","coordinates":[[6.77233,49.28998],[6.77234,49.28992],[6.77234,49.28987],[6.77236,49.28965]]},"properties":{"kv":110,"cable":false,"operator":"","name":"","rail":false}},{"type":"Feature","geometry":{"type":"LineString","coordinates":[[6.77245,49.28999],[6.77245,49.28992],[6.77246,49.28987],[6.77248,49.28966]]},"properties":{"kv":110,"cable":false,"operator":"","name":"","rail":false}},{"type":"Feature","geometry":{"type":"LineString","coordinates":[[6.77272,49.29],[6.77273,49.28993],[6.77273,49.28988],[6.77275,49.28967]]},"properties":{"kv":110,"cable":false,"operator":"","name":"","rail":false}},{"type":"Feature","geometry":{"type":"LineString","coordinates":[[6.77288,49.28993],[6.77289,49.28989],[6.77292,49.28967]]},"properties":{"kv":110,"cable":false,"operator":"","name":"","rail":false}},{"type":"Feature","geometry":{"type":"LineString","coordinates":[[6.77301,49.28994],[6.77302,49.28989],[6.77304,49.28967]]},"properties":{"kv":110,"cable":false,"operator":"","name":"","rail":false}},{"type":"Feature","geometry":{"type":"LineString","coordinates":[[6.77329,49.28995],[6.77329,49.2899],[6.77332,49.28968]]},"properties":{"kv":110,"cable":false,"operator":"","name":"","rail":false}},{"type":"Feature","geometry":{"type":"LineString","coordinates":[[6.77358,49.28996],[6.77359,49.28992],[6.77361,49.2897]]},"properties":{"kv":110,"cable":false,"operator":"","name":"","rail":false}},{"type":"Feature","geometry":{"type":"LineString","coordinates":[[6.7737,49.28996],[6.7737,49.28992],[6.77373,49.2897]]},"properties":{"kv":110,"cable":false,"operator":"","name":"","rail":false}},{"type":"Feature","geometry":{"type":"LineString","coordinates":[[6.77441,49.28999],[6.77441,49.28995],[6.77442,49.28976],[6.77456,49.28976],[6.77454,49.28995],[6.77454,49.28999]]},"properties":{"kv":110,"cable":false,"operator":"","name":"","rail":false}},{"type":"Feature","geometry":{"type":"LineString","coordinates":[[6.77422,49.29025],[6.77425,49.28998],[6.77425,49.28994]]},"properties":{"kv":110,"cable":false,"operator":"","name":"","rail":false}},{"type":"Feature","geometry":{"type":"LineString","coordinates":[[6.77381,49.2902],[6.77383,49.28997],[6.77384,49.28992]]},"properties":{"kv":110,"cable":false,"operator":"","name":"","rail":false}},{"type":"Feature","geometry":{"type":"LineString","coordinates":[[6.77396,49.28997],[6.77397,49.28993],[6.77399,49.28972]]},"properties":{"kv":110,"cable":false,"operator":"","name":"","rail":false}},{"type":"Feature","geometry":{"type":"LineString","coordinates":[[6.7741,49.28998],[6.7741,49.28994],[6.77412,49.28972]]},"properties":{"kv":110,"cable":false,"operator":"","name":"","rail":false}},{"type":"Feature","geometry":{"type":"LineString","coordinates":[[6.77312,49.29023],[6.77315,49.28994],[6.77315,49.2899]]},"properties":{"kv":110,"cable":false,"operator":"","name":"","rail":false}},{"type":"Feature","geometry":{"type":"LineString","coordinates":[[6.77343,49.29024],[6.77341,49.29006],[6.77343,49.28995],[6.77343,49.28991]]},"properties":{"kv":110,"cable":false,"operator":"","name":"","rail":false}},{"type":"Feature","geometry":{"type":"LineString","coordinates":[[6.77479,49.29029],[6.77482,49.29],[6.77482,49.28996]]},"properties":{"kv":110,"cable":false,"operator":"","name":"","rail":false}},{"type":"Feature","geometry":{"type":"LineString","coordinates":[[7.23501,49.3697],[7.23621,49.37]]},"properties":{"kv":380,"cable":false,"operator":"Amprion","name":"","rail":false}},{"type":"Feature","geometry":{"type":"LineString","coordinates":[[7.23416,49.36837],[7.23547,49.36857]]},"properties":{"kv":380,"cable":false,"operator":"","name":"","rail":false}},{"type":"Feature","geometry":{"type":"LineString","coordinates":[[7.23416,49.36837],[7.23537,49.36875]]},"properties":{"kv":380,"cable":false,"operator":"","name":"","rail":false}},{"type":"Feature","geometry":{"type":"LineString","coordinates":[[7.23425,49.36586],[7.23376,49.36857],[7.23507,49.36926]]},"properties":{"kv":380,"cable":false,"operator":"","name":"","rail":false}},{"type":"Feature","geometry":{"type":"LineString","coordinates":[[7.23425,49.36586],[7.23416,49.36837]]},"properties":{"kv":380,"cable":false,"operator":"","name":"","rail":false}},{"type":"Feature","geometry":{"type":"LineString","coordinates":[[7.23572,49.3705],[7.23577,49.3704],[7.23584,49.37028],[7.23593,49.37013],[7.23612,49.36978],[7.23626,49.36954],[7.23635,49.36937],[7.23645,49.36921],[7.23655,49.36903],[7.23664,49.36886],[7.23671,49.36875]]},"properties":{"kv":380,"cable":false,"operator":"","name":"","rail":false}},{"type":"Feature","geometry":{"type":"LineString","coordinates":[[7.23475,49.37016],[7.23491,49.36988],[7.23501,49.3697],[7.23525,49.3693],[7.23534,49.36914],[7.23544,49.36896],[7.23554,49.36879],[7.23564,49.36861],[7.2357,49.36851]]},"properties":{"kv":380,"cable":false,"operator":"","name":"","rail":false}},{"type":"Feature","geometry":{"type":"LineString","coordinates":[[7.23462,49.37],[7.23584,49.37028]]},"properties":{"kv":380,"cable":false,"operator":"Amprion","name":"","rail":false}},{"type":"Feature","geometry":{"type":"LineString","coordinates":[[7.23621,49.37],[7.23716,49.36971]]},"properties":{"kv":380,"cable":false,"operator":"Amprion","name":"","rail":false}},{"type":"Feature","geometry":{"type":"LineString","coordinates":[[7.23653,49.36942],[7.23716,49.36971]]},"properties":{"kv":380,"cable":false,"operator":"","name":"","rail":false}},{"type":"Feature","geometry":{"type":"LineString","coordinates":[[7.23547,49.36857],[7.23564,49.36861],[7.23634,49.36879],[7.23664,49.36886]]},"properties":{"kv":380,"cable":false,"operator":"","name":"","rail":false}},{"type":"Feature","geometry":{"type":"LineString","coordinates":[[7.23537,49.36875],[7.23554,49.36879],[7.23624,49.36896],[7.23655,49.36903]]},"properties":{"kv":380,"cable":false,"operator":"","name":"","rail":false}},{"type":"Feature","geometry":{"type":"LineString","coordinates":[[7.23507,49.36926],[7.23525,49.3693],[7.23595,49.36946],[7.23626,49.36954]]},"properties":{"kv":380,"cable":false,"operator":"","name":"","rail":false}},{"type":"Feature","geometry":{"type":"LineString","coordinates":[[7.23494,49.3695],[7.23612,49.36978]]},"properties":{"kv":380,"cable":false,"operator":"Amprion","name":"","rail":false}},{"type":"Feature","geometry":{"type":"LineString","coordinates":[[7.23544,49.36896],[7.23645,49.36921]]},"properties":{"kv":380,"cable":false,"operator":"","name":"","rail":false}},{"type":"Feature","geometry":{"type":"LineString","coordinates":[[7.23593,49.37013],[7.23561,49.37005],[7.23491,49.36988]]},"properties":{"kv":380,"cable":false,"operator":"","name":"","rail":false}},{"type":"Feature","geometry":{"type":"LineString","coordinates":[[7.23577,49.3704],[7.23545,49.37032]]},"properties":{"kv":380,"cable":false,"operator":"","name":"","rail":false}},{"type":"Feature","geometry":{"type":"LineString","coordinates":[[7.24147,49.35621],[7.24216,49.35613]]},"properties":{"kv":110,"cable":false,"operator":"","name":"","rail":false}},{"type":"Feature","geometry":{"type":"LineString","coordinates":[[7.24173,49.35761],[7.24247,49.35607]]},"properties":{"kv":110,"cable":false,"operator":"","name":"Barbara - Beeden","rail":false}},{"type":"Feature","geometry":{"type":"LineString","coordinates":[[7.24159,49.35758],[7.24247,49.35607]]},"properties":{"kv":110,"cable":false,"operator":"","name":"Barbara - Beeden","rail":false}},{"type":"Feature","geometry":{"type":"LineString","coordinates":[[7.24195,49.35768],[7.24265,49.35636]]},"properties":{"kv":110,"cable":false,"operator":"Westnetz","name":"110kV Kusel Ost;110kV Oberstein West","rail":false}},{"type":"Feature","geometry":{"type":"LineString","coordinates":[[7.24184,49.35765],[7.24265,49.35636]]},"properties":{"kv":110,"cable":false,"operator":"Westnetz","name":"110kV Kusel Ost;110kV Oberstein West","rail":false}},{"type":"Feature","geometry":{"type":"LineString","coordinates":[[7.24133,49.35727],[7.24216,49.35613]]},"properties":{"kv":65,"cable":false,"operator":"Saar Energie","name":"Barbara -","rail":false}},{"type":"Feature","geometry":{"type":"LineString","coordinates":[[7.24057,49.35777],[7.24064,49.35767],[7.24048,49.35762],[7.24036,49.35778],[7.24006,49.3577],[7.24008,49.35767]]},"properties":{"kv":65,"cable":false,"operator":"","name":"","rail":false}},{"type":"Feature","geometry":{"type":"LineString","coordinates":[[7.23931,49.35697],[7.23951,49.35703],[7.24014,49.35721],[7.24042,49.35729],[7.24074,49.35738]]},"properties":{"kv":220,"cable":false,"operator":"","name":"","rail":false}},{"type":"Feature","geometry":{"type":"LineString","coordinates":[[7.23966,49.35681],[7.23951,49.35703],[7.23945,49.35712]]},"properties":{"kv":220,"cable":false,"operator":"RWE","name":"","rail":false}},{"type":"Feature","geometry":{"type":"LineString","coordinates":[[7.24007,49.35731],[7.24014,49.35721],[7.24029,49.357]]},"properties":{"kv":220,"cable":false,"operator":"RWE","name":"","rail":false}},{"type":"Feature","geometry":{"type":"LineString","coordinates":[[7.24079,49.35773],[7.24102,49.35716]]},"properties":{"kv":65,"cable":false,"operator":"Evonik","name":"","rail":false}},{"type":"Feature","geometry":{"type":"LineString","coordinates":[[7.24102,49.35716],[7.24147,49.35621]]},"properties":{"kv":65,"cable":false,"operator":"Evonik","name":"","rail":false}},{"type":"Feature","geometry":{"type":"LineString","coordinates":[[7.23969,49.3578],[7.23967,49.35777],[7.23964,49.35775],[7.23947,49.3577],[7.23936,49.35786]]},"properties":{"kv":110,"cable":false,"operator":"","name":"","rail":false}},{"type":"Feature","geometry":{"type":"LineString","coordinates":[[7.24108,49.35804],[7.24093,49.35814]]},"properties":{"kv":110,"cable":false,"operator":"","name":"","rail":false}},{"type":"Feature","geometry":{"type":"LineString","coordinates":[[7.24121,49.35807],[7.24093,49.35814]]},"properties":{"kv":110,"cable":false,"operator":"","name":"","rail":false}},{"type":"Feature","geometry":{"type":"LineString","coordinates":[[7.24055,49.35821],[7.24065,49.35806]]},"properties":{"kv":110,"cable":false,"operator":"","name":"","rail":false}},{"type":"Feature","geometry":{"type":"LineString","coordinates":[[7.24108,49.35804],[7.24142,49.35753]]},"properties":{"kv":110,"cable":false,"operator":"","name":"","rail":false}},{"type":"Feature","geometry":{"type":"LineString","coordinates":[[7.24121,49.35807],[7.24154,49.35757]]},"properties":{"kv":110,"cable":false,"operator":"","name":"","rail":false}},{"type":"Feature","geometry":{"type":"LineString","coordinates":[[7.24195,49.35768],[7.24163,49.35818]]},"properties":{"kv":110,"cable":false,"operator":"","name":"","rail":false}},{"type":"Feature","geometry":{"type":"LineString","coordinates":[[7.24184,49.35765],[7.24151,49.35815]]},"properties":{"kv":110,"cable":false,"operator":"","name":"","rail":false}},{"type":"Feature","geometry":{"type":"LineString","coordinates":[[7.24173,49.35761],[7.24139,49.35812]]},"properties":{"kv":110,"cable":false,"operator":"","name":"","rail":false}},{"type":"Feature","geometry":{"type":"LineString","coordinates":[[7.24159,49.35758],[7.24125,49.35808]]},"properties":{"kv":110,"cable":false,"operator":"","name":"","rail":false}},{"type":"Feature","geometry":{"type":"LineString","coordinates":[[7.24182,49.35803],[7.24116,49.35784]]},"properties":{"kv":110,"cable":false,"operator":"","name":"","rail":false}},{"type":"Feature","geometry":{"type":"LineString","coordinates":[[7.24197,49.35782],[7.24117,49.35759]]},"properties":{"kv":110,"cable":false,"operator":"","name":"","rail":false}},{"type":"Feature","geometry":{"type":"LineString","coordinates":[[7.11574,49.34873],[7.11456,49.34914]]},"properties":{"kv":65,"cable":false,"operator":"Creos","name":"","rail":false}},{"type":"Feature","geometry":{"type":"LineString","coordinates":[[7.11574,49.34873],[7.11464,49.34917]]},"properties":{"kv":65,"cable":false,"operator":"Creos","name":"","rail":false}},{"type":"Feature","geometry":{"type":"LineString","coordinates":[[7.2363,49.34267],[7.23664,49.34245],[7.23657,49.34236]]},"properties":{"kv":110,"cable":false,"operator":"","name":"","rail":false}},{"type":"Feature","geometry":{"type":"LineString","coordinates":[[7.07316,49.47817],[7.07205,49.47803]]},"properties":{"kv":110,"cable":false,"operator":"","name":"Alsweiler - Walhausen | 20kV Alsweiler -Tholey | 20kV Alsweiler - Theley","rail":false}},{"type":"Feature","geometry":{"type":"LineString","coordinates":[[7.07306,49.47773],[7.07205,49.47803]]},"properties":{"kv":110,"cable":false,"operator":"","name":"Alsweiler - Walhausen | 20kV Alsweiler -Tholey | 20kV Alsweiler - Theley","rail":false}},{"type":"Feature","geometry":{"type":"LineString","coordinates":[[7.0731,49.4779],[7.07205,49.47803]]},"properties":{"kv":110,"cable":false,"operator":"","name":"Alsweiler - Walhausen | 20kV Alsweiler -Tholey | 20kV Alsweiler - Theley","rail":false}},{"type":"Feature","geometry":{"type":"LineString","coordinates":[[7.07312,49.47799],[7.07205,49.47803]]},"properties":{"kv":110,"cable":false,"operator":"","name":"Alsweiler - Walhausen | 20kV Alsweiler -Tholey | 20kV Alsweiler - Theley","rail":false}},{"type":"Feature","geometry":{"type":"LineString","coordinates":[[7.07365,49.47767],[7.0743,49.47756]]},"properties":{"kv":110,"cable":false,"operator":"","name":"Alsweiler - R\u00f6merhof","rail":false}},{"type":"Feature","geometry":{"type":"LineString","coordinates":[[7.07366,49.47776],[7.0743,49.47756]]},"properties":{"kv":110,"cable":false,"operator":"","name":"Alsweiler - R\u00f6merhof","rail":false}},{"type":"Feature","geometry":{"type":"LineString","coordinates":[[7.1458,49.45997],[7.14969,49.45989]]},"properties":{"kv":110,"cable":false,"operator":"","name":"","rail":false}},{"type":"Feature","geometry":{"type":"LineString","coordinates":[[7.14618,49.46017],[7.14619,49.46013],[7.1462,49.46007],[7.14621,49.45995],[7.14622,49.45992]]},"properties":{"kv":110,"cable":false,"operator":"","name":"","rail":false}},{"type":"Feature","geometry":{"type":"LineString","coordinates":[[7.1458,49.45997],[7.14581,49.46006],[7.1462,49.46007]]},"properties":{"kv":110,"cable":false,"operator":"","name":"","rail":false}},{"type":"Feature","geometry":{"type":"LineString","coordinates":[[7.14619,49.46013],[7.14654,49.46014]]},"properties":{"kv":110,"cable":false,"operator":"","name":"","rail":false}},{"type":"Feature","geometry":{"type":"LineString","coordinates":[[7.1458,49.45997],[7.14581,49.45993],[7.14621,49.45995],[7.14652,49.45998]]},"properties":{"kv":110,"cable":false,"operator":"","name":"","rail":false}},{"type":"Feature","geometry":{"type":"LineString","coordinates":[[6.97187,49.58082],[6.97502,49.58104]]},"properties":{"kv":110,"cable":false,"operator":"","name":"110 kV Wadern - Kastel Ost|West","rail":false}},{"type":"Feature","geometry":{"type":"LineString","coordinates":[[6.97502,49.58104],[6.97519,49.58099],[6.97546,49.58043]]},"properties":{"kv":110,"cable":false,"operator":"","name":"","rail":false}},{"type":"Feature","geometry":{"type":"LineString","coordinates":[[6.97502,49.58104],[6.97502,49.58094],[6.97509,49.58079],[6.97513,49.5808],[6.97524,49.58057]]},"properties":{"kv":110,"cable":false,"operator":"","name":"","rail":false}},{"type":"Feature","geometry":{"type":"LineString","coordinates":[[6.75689,49.36494],[6.75629,49.36451],[6.75589,49.36441],[6.75568,49.36436]]},"properties":{"kv":220,"cable":false,"operator":"","name":"","rail":false}},{"type":"Feature","geometry":{"type":"LineString","coordinates":[[6.75547,49.36474],[6.75528,49.3647],[6.75534,49.3646],[6.75573,49.3647]]},"properties":{"kv":220,"cable":false,"operator":"","name":"","rail":false}},{"type":"Feature","geometry":{"type":"LineString","coordinates":[[6.75437,49.36421],[6.75504,49.3648],[6.75538,49.36488],[6.75561,49.36494]]},"properties":{"kv":220,"cable":false,"operator":"","name":"","rail":false}},{"type":"Feature","geometry":{"type":"LineString","coordinates":[[6.74177,49.3576],[6.74255,49.3583]]},"properties":{"kv":220,"cable":false,"operator":"","name":"","rail":false}},{"type":"Feature","geometry":{"type":"LineString","coordinates":[[6.74107,49.35731],[6.74114,49.35735],[6.74132,49.35742],[6.74148,49.35749],[6.74166,49.35756],[6.74177,49.3576]]},"properties":{"kv":220,"cable":false,"operator":"","name":"220 kV","rail":false}},{"type":"Feature","geometry":{"type":"LineString","coordinates":[[6.74141,49.35774],[6.7416,49.35762],[6.74166,49.35756],[6.7418,49.35741]]},"properties":{"kv":220,"cable":false,"operator":"","name":"","rail":false}},{"type":"Feature","geometry":{"type":"LineString","coordinates":[[6.74125,49.35766],[6.74142,49.35754],[6.74148,49.35749],[6.74162,49.35734]]},"properties":{"kv":220,"cable":false,"operator":"","name":"","rail":false}},{"type":"Feature","geometry":{"type":"LineString","coordinates":[[6.74108,49.35758],[6.74127,49.35748],[6.74132,49.35742],[6.74146,49.35728]]},"properties":{"kv":220,"cable":false,"operator":"","name":"","rail":false}},{"type":"Feature","geometry":{"type":"LineString","coordinates":[[6.7409,49.35751],[6.7411,49.3574],[6.74114,49.35735],[6.74128,49.35721]]},"properties":{"kv":220,"cable":false,"operator":"","name":"","rail":false}},{"type":"Feature","geometry":{"type":"LineString","coordinates":[[6.6882,49.36517],[6.68869,49.36515]]},"properties":{"kv":110,"cable":false,"operator":"","name":"","rail":false}},{"type":"Feature","geometry":{"type":"LineString","coordinates":[[6.6882,49.36517],[6.68822,49.36554]]},"properties":{"kv":0,"cable":false,"operator":"","name":"Saarwellingen - Rehlingen","rail":false}},{"type":"Feature","geometry":{"type":"LineString","coordinates":[[6.68848,49.36591],[6.68853,49.36572],[6.68856,49.36557],[6.68869,49.36515]]},"properties":{"kv":110,"cable":false,"operator":"","name":"Rehlingen - Merzig 110 kV","rail":false}},{"type":"Feature","geometry":{"type":"LineString","coordinates":[[6.68845,49.36556],[6.68869,49.36515]]},"properties":{"kv":110,"cable":false,"operator":"","name":"Rehlingen - Merzig 110 kV","rail":false}},{"type":"Feature","geometry":{"type":"LineString","coordinates":[[6.62987,49.4536],[6.62958,49.45407]]},"properties":{"kv":110,"cable":false,"operator":"","name":"110 kV Mechern Ost|West;20 kV Merzig Harlinger Weg;D\u00f6rrm\u00fchle","rail":false}},{"type":"Feature","geometry":{"type":"LineString","coordinates":[[6.62987,49.4536],[6.62967,49.45411]]},"properties":{"kv":110,"cable":false,"operator":"","name":"110 kV Mechern Ost|West;20 kV Merzig Harlinger Weg;D\u00f6rrm\u00fchle","rail":false}},{"type":"Feature","geometry":{"type":"LineString","coordinates":[[6.68853,49.36572],[6.68809,49.36569]]},"properties":{"kv":110,"cable":false,"operator":"","name":"","rail":false}},{"type":"Feature","geometry":{"type":"LineString","coordinates":[[6.90117,49.40944],[6.89999,49.40946]]},"properties":{"kv":0,"cable":false,"operator":"","name":"Saarwellingen - Lebach","rail":false}},{"type":"Feature","geometry":{"type":"LineString","coordinates":[[6.90117,49.40935],[6.89999,49.40946]]},"properties":{"kv":110,"cable":false,"operator":"","name":"Saarwellingen - Lebach","rail":false}},{"type":"Feature","geometry":{"type":"LineString","coordinates":[[6.79887,49.50186],[6.80003,49.50216],[6.80029,49.50214]]},"properties":{"kv":110,"cable":false,"operator":"VSE","name":"110 kV Merzig - Losheim","rail":false}},{"type":"Feature","geometry":{"type":"LineString","coordinates":[[6.80062,49.50225],[6.80049,49.50221],[6.80031,49.50222]]},"properties":{"kv":110,"cable":false,"operator":"","name":"","rail":false}},{"type":"Feature","geometry":{"type":"LineString","coordinates":[[6.80066,49.50243],[6.80054,49.50242],[6.80034,49.50243]]},"properties":{"kv":110,"cable":false,"operator":"","name":"","rail":false}},{"type":"Feature","geometry":{"type":"LineString","coordinates":[[6.88451,49.24918],[6.88451,49.2491],[6.88452,49.24902],[6.88453,49.24885],[6.88454,49.24867],[6.88455,49.24849],[6.88456,49.2484],[6.88456,49.24832]]},"properties":{"kv":110,"cable":false,"operator":"","name":"110 kV","rail":false}},{"type":"Feature","geometry":{"type":"LineString","coordinates":[[6.88477,49.24911],[6.88529,49.24914]]},"properties":{"kv":110,"cable":false,"operator":"","name":"Fenne - Uchtelfangen","rail":false}},{"type":"Feature","geometry":{"type":"LineString","coordinates":[[6.88476,49.24903],[6.88529,49.24914]]},"properties":{"kv":110,"cable":false,"operator":"","name":"Fenne - Uchtelfangen","rail":false}},{"type":"Feature","geometry":{"type":"LineString","coordinates":[[6.88438,49.2491],[6.88451,49.2491],[6.88477,49.24911]]},"properties":{"kv":110,"cable":false,"operator":"","name":"Fenne - Uchtelfangen","rail":false}},{"type":"Feature","geometry":{"type":"LineString","coordinates":[[6.88439,49.24902],[6.88452,49.24902],[6.88476,49.24903]]},"properties":{"kv":110,"cable":false,"operator":"","name":"Fenne - Uchtelfangen","rail":false}},{"type":"Feature","geometry":{"type":"LineString","coordinates":[[6.88407,49.2491],[6.8842,49.24914],[6.88431,49.24918],[6.88438,49.24918],[6.88451,49.24918]]},"properties":{"kv":110,"cable":false,"operator":"","name":"","rail":false}},{"type":"Feature","geometry":{"type":"LineString","coordinates":[[6.8848,49.24841],[6.88456,49.2484],[6.88442,49.2484]]},"properties":{"kv":110,"cable":false,"operator":"","name":"","rail":false}},{"type":"Feature","geometry":{"type":"LineString","coordinates":[[6.8848,49.2485],[6.88455,49.24849],[6.88442,49.24848]]},"properties":{"kv":110,"cable":false,"operator":"","name":"","rail":false}},{"type":"Feature","geometry":{"type":"LineString","coordinates":[[6.8842,49.24922],[6.88409,49.24923],[6.88407,49.24915],[6.88409,49.24913],[6.88406,49.24912]]},"properties":{"kv":110,"cable":false,"operator":"","name":"","rail":false}},{"type":"Feature","geometry":{"type":"LineString","coordinates":[[6.88478,49.24868],[6.88441,49.24867]]},"properties":{"kv":110,"cable":false,"operator":"","name":"","rail":false}},{"type":"Feature","geometry":{"type":"LineString","coordinates":[[6.88511,49.24846],[6.8848,49.2485]]},"properties":{"kv":110,"cable":false,"operator":"","name":"","rail":false}},{"type":"Feature","geometry":{"type":"LineString","coordinates":[[6.88511,49.24846],[6.8848,49.24841]]},"properties":{"kv":110,"cable":false,"operator":"","name":"","rail":false}},{"type":"Feature","geometry":{"type":"LineString","coordinates":[[6.88521,49.24891],[6.88478,49.24886]]},"properties":{"kv":110,"cable":false,"operator":"","name":"","rail":false}},{"type":"Feature","geometry":{"type":"LineString","coordinates":[[6.88362,49.24796],[6.8836,49.24825]]},"properties":{"kv":65,"cable":false,"operator":"Evonik","name":"Velsen - Fenne","rail":false}},{"type":"Feature","geometry":{"type":"LineString","coordinates":[[6.88362,49.24796],[6.88377,49.24826]]},"properties":{"kv":65,"cable":false,"operator":"Evonik","name":"Velsen - Fenne","rail":false}},{"type":"Feature","geometry":{"type":"LineString","coordinates":[[6.88478,49.24886],[6.88453,49.24885],[6.8844,49.24885]]},"properties":{"kv":110,"cable":false,"operator":"","name":"","rail":false}},{"type":"Feature","geometry":{"type":"LineString","coordinates":[[6.88521,49.24891],[6.88416,49.24907]]},"properties":{"kv":110,"cable":false,"operator":"","name":"","rail":false}},{"type":"Feature","geometry":{"type":"LineString","coordinates":[[6.88521,49.24891],[6.88422,49.24899]]},"properties":{"kv":110,"cable":false,"operator":"","name":"","rail":false}},{"type":"Feature","geometry":{"type":"LineString","coordinates":[[6.90586,49.25073],[6.90587,49.25074],[6.90597,49.25093],[6.90601,49.25095],[6.9061,49.25093],[6.90611,49.25091],[6.90609,49.25088],[6.90604,49.25078],[6.90601,49.25072],[6.90599,49.2507]]},"properties":{"kv":65,"cable":false,"operator":"","name":"","rail":false}},{"type":"Feature","geometry":{"type":"LineString","coordinates":[[6.9059,49.25086],[6.90618,49.25086]]},"properties":{"kv":65,"cable":false,"operator":"Creos","name":"T-Abzweig Fenne-L'Thal-Camphausen","rail":false}},{"type":"Feature","geometry":{"type":"LineString","coordinates":[[6.9059,49.25086],[6.90614,49.25076]]},"properties":{"kv":65,"cable":false,"operator":"Creos","name":"Luisenthal - S\u00fcdschacht","rail":false}},{"type":"Feature","geometry":{"type":"LineString","coordinates":[[6.90578,49.2507],[6.90581,49.25076],[6.90587,49.25074]]},"properties":{"kv":63,"cable":false,"operator":"","name":"","rail":false}},{"type":"Feature","geometry":{"type":"LineString","coordinates":[[6.90603,49.25065],[6.90606,49.25071],[6.90601,49.25072]]},"properties":{"kv":63,"cable":false,"operator":"","name":"","rail":false}},{"type":"Feature","geometry":{"type":"LineString","coordinates":[[6.83255,49.31061],[6.8324,49.31079],[6.83232,49.30963]]},"properties":{"kv":63,"cable":false,"operator":"saarenergie","name":"Ney-P\u00fcttlingen","rail":false}},{"type":"Feature","geometry":{"type":"LineString","coordinates":[[6.83241,49.31055],[6.83227,49.31073],[6.83232,49.30963]]},"properties":{"kv":63,"cable":false,"operator":"saarenergie","name":"Ney-P\u00fcttlingen","rail":false}},{"type":"Feature","geometry":{"type":"LineString","coordinates":[[6.90084,49.28419],[6.90078,49.28376]]},"properties":{"kv":65,"cable":false,"operator":"Creos","name":"Ney - P\u00fcttlingen 2","rail":false}},{"type":"Feature","geometry":{"type":"LineString","coordinates":[[6.90084,49.28419],[6.90086,49.28375]]},"properties":{"kv":65,"cable":false,"operator":"Creos","name":"Ney - P\u00fcttlingen 1","rail":false}},{"type":"Feature","geometry":{"type":"LineString","coordinates":[[6.87491,49.37118],[6.87461,49.3711]]},"properties":{"kv":63,"cable":false,"operator":"Evonik","name":"","rail":false}},{"type":"Feature","geometry":{"type":"LineString","coordinates":[[6.87485,49.37123],[6.87461,49.3711]]},"properties":{"kv":63,"cable":false,"operator":"Evonik","name":"","rail":false}},{"type":"Feature","geometry":{"type":"LineString","coordinates":[[6.84178,49.23549],[6.84074,49.23548]]},"properties":{"kv":110,"cable":false,"operator":"","name":"","rail":false}},{"type":"Feature","geometry":{"type":"LineString","coordinates":[[6.84178,49.23549],[6.84059,49.23531]]},"properties":{"kv":110,"cable":false,"operator":"","name":"","rail":false}},{"type":"Feature","geometry":{"type":"LineString","coordinates":[[6.84037,49.23509],[6.84146,49.23459]]},"properties":{"kv":110,"cable":false,"operator":"","name":"Fenne - Geislautern","rail":false}},{"type":"Feature","geometry":{"type":"LineString","coordinates":[[6.84041,49.23516],[6.84146,49.23459]]},"properties":{"kv":110,"cable":false,"operator":"","name":"Fenne - Geislautern","rail":false}},{"type":"Feature","geometry":{"type":"LineString","coordinates":[[6.84028,49.23502],[6.84146,49.23459]]},"properties":{"kv":110,"cable":false,"operator":"","name":"Fenne - Geislautern","rail":false}},{"type":"Feature","geometry":{"type":"LineString","coordinates":[[6.84021,49.23494],[6.84146,49.23459]]},"properties":{"kv":110,"cable":false,"operator":"","name":"Fenne - Geislautern","rail":false}},{"type":"Feature","geometry":{"type":"LineString","coordinates":[[6.84013,49.2353],[6.84023,49.23526],[6.84041,49.23516]]},"properties":{"kv":110,"cable":false,"operator":"","name":"Fenne - Geislautern","rail":false}},{"type":"Feature","geometry":{"type":"LineString","coordinates":[[6.83999,49.23514],[6.84008,49.23511],[6.84028,49.23502]]},"properties":{"kv":110,"cable":false,"operator":"","name":"Fenne - Geislautern","rail":false}},{"type":"Feature","geometry":{"type":"LineString","coordinates":[[6.83991,49.23507],[6.84001,49.23503],[6.84021,49.23494]]},"properties":{"kv":110,"cable":false,"operator":"","name":"Fenne - Geislautern","rail":false}},{"type":"Feature","geometry":{"type":"LineString","coordinates":[[6.84028,49.23545],[6.84037,49.23541],[6.84059,49.23531]]},"properties":{"kv":110,"cable":false,"operator":"","name":"","rail":false}},{"type":"Feature","geometry":{"type":"LineString","coordinates":[[6.84074,49.23548],[6.84052,49.23556],[6.84043,49.2356]]},"properties":{"kv":110,"cable":false,"operator":"","name":"","rail":false}},{"type":"Feature","geometry":{"type":"LineString","coordinates":[[6.84105,49.23609],[6.84095,49.23613],[6.8408,49.23619],[6.84071,49.23625],[6.8406,49.2363]]},"properties":{"kv":110,"cable":false,"operator":"","name":"","rail":false}},{"type":"Feature","geometry":{"type":"LineString","coordinates":[[6.84046,49.23549],[6.84036,49.23553],[6.84017,49.23561],[6.8401,49.23561],[6.84,49.23565]]},"properties":{"kv":110,"cable":false,"operator":"","name":"","rail":false}},{"type":"Feature","geometry":{"type":"LineString","coordinates":[[6.83977,49.23492],[6.83964,49.23498],[6.83971,49.23505],[6.83994,49.23496]]},"properties":{"kv":110,"cable":false,"operator":"","name":"","rail":false}},{"type":"Feature","geometry":{"type":"LineString","coordinates":[[6.72667,49.27227],[6.72656,49.27229],[6.72669,49.27259],[6.72642,49.27305]]},"properties":{"kv":110,"cable":false,"operator":"","name":"","rail":false}},{"type":"Feature","geometry":{"type":"LineString","coordinates":[[6.72631,49.27234],[6.7264,49.27232],[6.72653,49.27262],[6.72642,49.27305]]},"properties":{"kv":110,"cable":false,"operator":"","name":"","rail":false}},{"type":"Feature","geometry":{"type":"LineString","coordinates":[[6.79708,49.25793],[6.79679,49.2577],[6.79675,49.25765],[6.79672,49.25762]]},"properties":{"kv":110,"cable":false,"operator":"","name":"","rail":false}},{"type":"Feature","geometry":{"type":"LineString","coordinates":[[6.83301,49.26177],[6.83218,49.26092]]},"properties":{"kv":110,"cable":false,"operator":"","name":"","rail":false}},{"type":"Feature","geometry":{"type":"LineString","coordinates":[[6.83465,49.26359],[6.8347,49.26362],[6.83301,49.26177]]},"properties":{"kv":110,"cable":false,"operator":"","name":"","rail":false}},{"type":"Feature","geometry":{"type":"LineString","coordinates":[[6.78216,49.27549],[6.78211,49.27546],[6.78201,49.27551],[6.78182,49.27561]]},"properties":{"kv":110,"cable":false,"operator":"","name":"","rail":false}},{"type":"Feature","geometry":{"type":"LineString","coordinates":[[6.78237,49.27569],[6.78227,49.27561],[6.7822,49.27565]]},"properties":{"kv":110,"cable":false,"operator":"","name":"","rail":false}},{"type":"Feature","geometry":{"type":"LineString","coordinates":[[6.83991,49.25257],[6.83968,49.25256]]},"properties":{"kv":110,"cable":false,"operator":"","name":"Geislautern - Saarstahl VK (Stat 70)","rail":false}},{"type":"Feature","geometry":{"type":"LineString","coordinates":[[6.83993,49.25268],[6.83971,49.25272]]},"properties":{"kv":110,"cable":false,"operator":"","name":"","rail":false}},{"type":"Feature","geometry":{"type":"LineString","coordinates":[[6.83993,49.25268],[6.8397,49.25267]]},"properties":{"kv":110,"cable":false,"operator":"","name":"","rail":false}},{"type":"Feature","geometry":{"type":"LineString","coordinates":[[6.83991,49.25257],[6.83969,49.25261]]},"properties":{"kv":110,"cable":false,"operator":"","name":"Geislautern - Saarstahl VK (Stat 70)","rail":false}},{"type":"Feature","geometry":{"type":"LineString","coordinates":[[6.83974,49.25285],[6.83996,49.25279]]},"properties":{"kv":110,"cable":false,"operator":"","name":"Ensdorf - Saarstahl VK","rail":false}},{"type":"Feature","geometry":{"type":"LineString","coordinates":[[6.81504,49.18282],[6.81414,49.18421]]},"properties":{"kv":65,"cable":false,"operator":"Creos","name":"Fenne - Warndt","rail":false}},{"type":"Feature","geometry":{"type":"LineString","coordinates":[[6.81529,49.18295],[6.81414,49.18421]]},"properties":{"kv":65,"cable":false,"operator":"Creos","name":"Velsen - Warndt","rail":false}},{"type":"Feature","geometry":{"type":"LineString","coordinates":[[6.83423,49.21685],[6.83366,49.2171]]},"properties":{"kv":65,"cable":false,"operator":"Creos","name":"","rail":false}},{"type":"Feature","geometry":{"type":"LineString","coordinates":[[6.8336,49.2172],[6.83356,49.21718],[6.83349,49.21715],[6.83343,49.21712],[6.83337,49.21709],[6.8333,49.21706],[6.83326,49.21704]]},"properties":{"kv":65,"cable":false,"operator":"","name":"","rail":false}},{"type":"Feature","geometry":{"type":"LineString","coordinates":[[6.83364,49.21716],[6.8336,49.21714],[6.83353,49.21711],[6.83347,49.21708],[6.83341,49.21706],[6.83334,49.21702],[6.8333,49.21701]]},"properties":{"kv":65,"cable":false,"operator":"","name":"","rail":false}},{"type":"Feature","geometry":{"type":"LineString","coordinates":[[6.83366,49.2171],[6.8336,49.21714],[6.83356,49.21718]]},"properties":{"kv":65,"cable":false,"operator":"Evonik","name":"","rail":false}},{"type":"Feature","geometry":{"type":"LineString","coordinates":[[6.83326,49.2171],[6.8333,49.21706],[6.83334,49.21702]]},"properties":{"kv":65,"cable":false,"operator":"","name":"","rail":false}},{"type":"Feature","geometry":{"type":"LineString","coordinates":[[6.83337,49.21709],[6.83341,49.21706],[6.83346,49.21697]]},"properties":{"kv":65,"cable":false,"operator":"","name":"","rail":false}},{"type":"Feature","geometry":{"type":"LineString","coordinates":[[6.83361,49.21704],[6.83353,49.21711],[6.83349,49.21715]]},"properties":{"kv":65,"cable":false,"operator":"","name":"","rail":false}},{"type":"Feature","geometry":{"type":"LineString","coordinates":[[6.83352,49.21703],[6.83347,49.21708],[6.83343,49.21712]]},"properties":{"kv":65,"cable":false,"operator":"","name":"","rail":false}},{"type":"Feature","geometry":{"type":"LineString","coordinates":[[6.88377,49.24857],[6.88377,49.24865],[6.88394,49.24865],[6.88394,49.24873]]},"properties":{"kv":0,"cable":false,"operator":"","name":"","rail":false}},{"type":"Feature","geometry":{"type":"LineString","coordinates":[[6.88377,49.24857],[6.88378,49.24847]]},"properties":{"kv":0,"cable":false,"operator":"","name":"","rail":false}},{"type":"Feature","geometry":{"type":"LineString","coordinates":[[7.00225,49.37371],[7.00225,49.37176],[7.00377,49.36976],[7.00751,49.3671],[7.0099,49.36538],[7.0137,49.36267],[7.01637,49.36076],[7.01959,49.35844]]},"properties":{"kv":110,"cable":false,"operator":"RWE","name":"Uchtelfangen - Heinitz","rail":false}},{"type":"Feature","geometry":{"type":"LineString","coordinates":[[7.04949,49.34456],[7.04969,49.34498],[7.04974,49.34528]]},"properties":{"kv":110,"cable":false,"operator":"","name":"","rail":false}},{"type":"Feature","geometry":{"type":"LineString","coordinates":[[7.04974,49.34528],[7.05273,49.34541],[7.05626,49.34555],[7.06135,49.34578],[7.06801,49.34491]]},"properties":{"kv":110,"cable":false,"operator":"RWE","name":"","rail":false}},{"type":"Feature","geometry":{"type":"LineString","coordinates":[[7.11689,49.32249],[7.1173,49.32195],[7.11737,49.32181],[7.11742,49.32174]]},"properties":{"kv":110,"cable":false,"operator":"RWE","name":"","rail":false}},{"type":"Feature","geometry":{"type":"LineString","coordinates":[[7.11777,49.32182],[7.11773,49.3219],[7.11767,49.322],[7.11755,49.32198],[7.11762,49.32187]]},"properties":{"kv":110,"cable":false,"operator":"","name":"","rail":false}},{"type":"Feature","geometry":{"type":"LineString","coordinates":[[7.1175,49.32184],[7.11754,49.32177],[7.11762,49.32162]]},"properties":{"kv":110,"cable":false,"operator":"","name":"","rail":false}},{"type":"Feature","geometry":{"type":"LineString","coordinates":[[7.11691,49.32169],[7.11695,49.32162],[7.11701,49.32152],[7.117,49.32147]]},"properties":{"kv":110,"cable":false,"operator":"Pfalzwerke AG","name":"","rail":false}},{"type":"Feature","geometry":{"type":"LineString","coordinates":[[7.11679,49.32167],[7.11683,49.32159],[7.11689,49.32149],[7.117,49.32147]]},"properties":{"kv":110,"cable":false,"operator":"Pfalzwerke AG","name":"","rail":false}},{"type":"Feature","geometry":{"type":"LineString","coordinates":[[7.11658,49.32179],[7.11668,49.32164],[7.11672,49.32156]]},"properties":{"kv":110,"cable":false,"operator":"","name":"","rail":false}},{"type":"Feature","geometry":{"type":"LineString","coordinates":[[7.11705,49.3219],[7.11714,49.32175],[7.11719,49.32168]]},"properties":{"kv":110,"cable":false,"operator":"","name":"","rail":false}},{"type":"Feature","geometry":{"type":"LineString","coordinates":[[7.11772,49.32168],[7.11772,49.32163]]},"properties":{"kv":110,"cable":false,"operator":"","name":"","rail":false}},{"type":"Feature","geometry":{"type":"LineString","coordinates":[[7.11762,49.32162],[7.11772,49.32163]]},"properties":{"kv":110,"cable":false,"operator":"","name":"","rail":false}},{"type":"Feature","geometry":{"type":"LineString","coordinates":[[7.11762,49.32187],[7.11766,49.3218],[7.11772,49.32168]]},"properties":{"kv":110,"cable":false,"operator":"","name":"","rail":false}},{"type":"Feature","geometry":{"type":"LineString","coordinates":[[7.16999,49.35571],[7.17003,49.35578],[7.17039,49.35583],[7.17036,49.35593]]},"properties":{"kv":110,"cable":false,"operator":"","name":"","rail":false}},{"type":"Feature","geometry":{"type":"LineString","coordinates":[[7.16999,49.35571],[7.17007,49.35568],[7.17019,49.35573],[7.17033,49.35579],[7.17055,49.35582],[7.17053,49.35591]]},"properties":{"kv":110,"cable":false,"operator":"","name":"","rail":false}},{"type":"Feature","geometry":{"type":"LineString","coordinates":[[6.84062,49.27528],[6.84057,49.27513],[6.84006,49.27495],[6.84,49.2749],[6.84,49.27481]]},"properties":{"kv":110,"cable":false,"operator":"","name":"","rail":false}},{"type":"Feature","geometry":{"type":"LineString","coordinates":[[6.90222,49.32737],[6.90236,49.32708]]},"properties":{"kv":65,"cable":false,"operator":"Creos","name":"Luisenthal - S\u00fcdschacht","rail":false}},{"type":"Feature","geometry":{"type":"LineString","coordinates":[[7.0262,49.2994],[7.02563,49.29922]]},"properties":{"kv":65,"cable":false,"operator":"Creos","name":"Weiher-Camphausen","rail":false}},{"type":"Feature","geometry":{"type":"LineString","coordinates":[[7.04523,49.21444],[7.04436,49.21436],[7.0438,49.21435],[7.04374,49.21435]]},"properties":{"kv":110,"cable":false,"operator":"RWE","name":"","rail":false}},{"type":"Feature","geometry":{"type":"LineString","coordinates":[[7.04336,49.2142],[7.04336,49.21424],[7.04333,49.21448],[7.04332,49.21458],[7.04331,49.21466],[7.0433,49.2147]]},"properties":{"kv":110,"cable":false,"operator":"","name":"","rail":false}},{"type":"Feature","geometry":{"type":"LineString","coordinates":[[7.04349,49.21472],[7.04349,49.21467],[7.04351,49.21449],[7.04352,49.21442],[7.04353,49.21433],[7.04354,49.21421]]},"properties":{"kv":110,"cable":false,"operator":"","name":"","rail":false}},{"type":"Feature","geometry":{"type":"LineString","coordinates":[[7.04297,49.21464],[7.04331,49.21466],[7.04339,49.21466]]},"properties":{"kv":110,"cable":false,"operator":"","name":"","rail":false}},{"type":"Feature","geometry":{"type":"LineString","coordinates":[[7.04369,49.21464],[7.04362,49.21468]]},"properties":{"kv":110,"cable":false,"operator":"","name":"","rail":false}},{"type":"Feature","geometry":{"type":"LineString","coordinates":[[7.04363,49.21459],[7.04369,49.21464]]},"properties":{"kv":110,"cable":false,"operator":"","name":"","rail":false}},{"type":"Feature","geometry":{"type":"LineString","coordinates":[[7.04344,49.21425],[7.04336,49.21424],[7.0432,49.21423]]},"properties":{"kv":110,"cable":false,"operator":"","name":"","rail":false}},{"type":"Feature","geometry":{"type":"LineString","coordinates":[[7.04374,49.21435],[7.04353,49.21433],[7.04343,49.21433]]},"properties":{"kv":110,"cable":false,"operator":"","name":"","rail":false}},{"type":"Feature","geometry":{"type":"LineString","coordinates":[[7.04373,49.21442],[7.04352,49.21442],[7.04342,49.21441]]},"properties":{"kv":110,"cable":false,"operator":"","name":"","rail":false}},{"type":"Feature","geometry":{"type":"LineString","coordinates":[[7.04317,49.21448],[7.04333,49.21448],[7.04341,49.21449],[7.04351,49.21449],[7.04373,49.2145]]},"properties":{"kv":110,"cable":false,"operator":"","name":"","rail":false}},{"type":"Feature","geometry":{"type":"LineString","coordinates":[[7.0434,49.21458],[7.04332,49.21458],[7.04315,49.21457]]},"properties":{"kv":110,"cable":false,"operator":"","name":"","rail":false}},{"type":"Feature","geometry":{"type":"LineString","coordinates":[[7.10266,49.27734],[7.10267,49.27734],[7.10277,49.27731],[7.10284,49.27729],[7.10287,49.27728],[7.10291,49.27727],[7.10299,49.27725],[7.10306,49.27723],[7.10306,49.27723],[7.10311,49.27722],[7.10318,49.2772],[7.10326,49.27718]]},"properties":{"kv":110,"cable":false,"operator":"","name":"","rail":false}},{"type":"Feature","geometry":{"type":"LineString","coordinates":[[7.10261,49.27726],[7.10262,49.27726],[7.10272,49.27723],[7.10279,49.27721],[7.10282,49.2772],[7.10285,49.27719],[7.10294,49.27717],[7.10301,49.27715],[7.10301,49.27715],[7.10324,49.27709],[7.10332,49.27707],[7.10339,49.27705]]},"properties":{"kv":110,"cable":false,"operator":"Pfalzwerke AG","name":"","rail":false}},{"type":"Feature","geometry":{"type":"LineString","coordinates":[[7.14781,49.28505],[7.14793,49.28505],[7.14806,49.28504],[7.14818,49.28504],[7.14863,49.28502],[7.14892,49.28501]]},"properties":{"kv":110,"cable":false,"operator":"","name":"","rail":false}},{"type":"Feature","geometry":{"type":"LineString","coordinates":[[7.14806,49.28535],[7.14807,49.28522],[7.14806,49.28504],[7.14805,49.28497]]},"properties":{"kv":110,"cable":false,"operator":"","name":"","rail":false}},{"type":"Feature","geometry":{"type":"LineString","coordinates":[[7.14817,49.28524],[7.14818,49.28504],[7.14817,49.28497]]},"properties":{"kv":110,"cable":false,"operator":"","name":"","rail":false}},{"type":"Feature","geometry":{"type":"LineString","coordinates":[[7.14863,49.28523],[7.14863,49.28502],[7.14863,49.28495]]},"properties":{"kv":110,"cable":false,"operator":"","name":"","rail":false}},{"type":"Feature","geometry":{"type":"LineString","coordinates":[[7.14886,49.28494],[7.14888,49.28519]]},"properties":{"kv":110,"cable":false,"operator":"","name":"","rail":false}},{"type":"Feature","geometry":{"type":"LineString","coordinates":[[7.14793,49.28498],[7.14793,49.28505],[7.14793,49.28523]]},"properties":{"kv":110,"cable":false,"operator":"","name":"","rail":false}},{"type":"Feature","geometry":{"type":"LineString","coordinates":[[7.21336,49.16843],[7.2131,49.16828]]},"properties":{"kv":110,"cable":false,"operator":"","name":"","rail":false}},{"type":"Feature","geometry":{"type":"LineString","coordinates":[[7.21351,49.16832],[7.21326,49.16816]]},"properties":{"kv":110,"cable":false,"operator":"","name":"","rail":false}},{"type":"Feature","geometry":{"type":"LineString","coordinates":[[7.32029,49.30448],[7.322,49.30413]]},"properties":{"kv":110,"cable":false,"operator":"","name":"Beeden -","rail":false}},{"type":"Feature","geometry":{"type":"LineString","coordinates":[[7.32023,49.30496],[7.322,49.30413]]},"properties":{"kv":110,"cable":false,"operator":"","name":"","rail":false}},{"type":"Feature","geometry":{"type":"LineString","coordinates":[[7.32019,49.30532],[7.321,49.30513]]},"properties":{"kv":110,"cable":false,"operator":"","name":"","rail":false}},{"type":"Feature","geometry":{"type":"LineString","coordinates":[[7.321,49.30513],[7.32265,49.30483]]},"properties":{"kv":110,"cable":false,"operator":"","name":"Beeden -","rail":false}},{"type":"Feature","geometry":{"type":"LineString","coordinates":[[7.32028,49.30455],[7.32265,49.30483]]},"properties":{"kv":110,"cable":false,"operator":"","name":"","rail":false}},{"type":"Feature","geometry":{"type":"LineString","coordinates":[[7.31993,49.30485],[7.32024,49.30486],[7.32025,49.30479],[7.31982,49.30477]]},"properties":{"kv":110,"cable":false,"operator":"","name":"","rail":false}},{"type":"Feature","geometry":{"type":"LineString","coordinates":[[7.31954,49.30507],[7.3197,49.30508],[7.31982,49.30509],[7.31989,49.30509],[7.32,49.3051]]},"properties":{"kv":110,"cable":false,"operator":"","name":"","rail":false}},{"type":"Feature","geometry":{"type":"LineString","coordinates":[[7.31996,49.30536],[7.31998,49.30524],[7.31999,49.30517],[7.32,49.3051],[7.32007,49.30469],[7.32008,49.30461],[7.32011,49.3044],[7.32012,49.30432],[7.32015,49.30413],[7.32017,49.30403],[7.32017,49.30398]]},"properties":{"kv":110,"cable":false,"operator":"","name":"","rail":false}},{"type":"Feature","geometry":{"type":"LineString","coordinates":[[7.31994,49.30397],[7.31993,49.30402],[7.31992,49.30411],[7.31989,49.30431],[7.31987,49.30446],[7.31986,49.30453],[7.31985,49.30459],[7.31982,49.30477],[7.31979,49.30494],[7.31978,49.30501],[7.31974,49.3053],[7.31973,49.30534]]},"properties":{"kv":110,"cable":false,"operator":"","name":"","rail":false}},{"type":"Feature","geometry":{"type":"LineString","coordinates":[[7.31969,49.30401],[7.31993,49.30402],[7.32005,49.30403],[7.32017,49.30403]]},"properties":{"kv":110,"cable":false,"operator":"","name":"","rail":false}},{"type":"Feature","geometry":{"type":"LineString","coordinates":[[7.32034,49.30414],[7.32015,49.30413],[7.32004,49.30412],[7.31992,49.30411]]},"properties":{"kv":110,"cable":false,"operator":"","name":"","rail":false}},{"type":"Feature","geometry":{"type":"LineString","coordinates":[[7.32012,49.30432],[7.32001,49.30432],[7.31989,49.30431],[7.31966,49.3043]]},"properties":{"kv":110,"cable":false,"operator":"","name":"","rail":false}},{"type":"Feature","geometry":{"type":"LineString","coordinates":[[7.31963,49.30458],[7.31985,49.30459],[7.31997,49.3046],[7.32008,49.30461]]},"properties":{"kv":110,"cable":false,"operator":"","name":"","rail":false}},{"type":"Feature","geometry":{"type":"LineString","coordinates":[[7.71896,49.48754],[7.71472,49.4879],[7.71032,49.48824],[7.70659,49.48855],[7.70273,49.48884],[7.69776,49.48829],[7.69174,49.48764],[7.68551,49.48698],[7.68368,49.48675],[7.67878,49.48621],[7.67406,49.48567],[7.66937,49.48516],[7.6645,49.4846],[7.66075,49.48316],[7.65679,49.48167],[7.65319,49.48032],[7.64864,49.4785],[7.64437,49.4769],[7.63991,49.47523],[7.63619,49.47379],[7.63193,49.47219],[7.62785,49.47061],[7.62324,49.47011],[7.61854,49.4696],[7.61405,49.4691],[7.60911,49.46857],[7.60451,49.46807],[7.59996,49.46757],[7.59458,49.46699],[7.5896,49.46643],[7.58594,49.46463],[7.58209,49.46268],[7.57824,49.46078],[7.57377,49.45853],[7.5697,49.4565],[7.5641,49.45565],[7.55877,49.45483],[7.55297,49.45394],[7.54861,49.45327],[7.54426,49.45105],[7.53998,49.44886],[7.53672,49.44721],[7.53268,49.44515],[7.52911,49.44332],[7.52511,49.44264],[7.5203,49.44182],[7.51578,49.44104],[7.51144,49.4403],[7.50751,49.43962],[7.50217,49.43871],[7.4976,49.43793],[7.49358,49.43724],[7.48956,49.43652],[7.48428,49.43553],[7.47878,49.43454],[7.47354,49.43358],[7.46783,49.43245],[7.46289,49.43126],[7.45831,49.4301],[7.45252,49.42863],[7.44704,49.42718],[7.44185,49.42586],[7.43767,49.42566],[7.43159,49.4253],[7.42554,49.42496],[7.42081,49.42469],[7.4161,49.42442],[7.41114,49.42481],[7.40667,49.42517],[7.40214,49.42555],[7.39762,49.42593],[7.39402,49.42445],[7.3892,49.42251],[7.3852,49.42086],[7.38134,49.41926],[7.37725,49.4198],[7.37351,49.42031],[7.36966,49.42084],[7.36478,49.42149],[7.3617,49.42191],[7.3584,49.42077],[7.35257,49.41882],[7.34935,49.41773],[7.3457,49.41651],[7.34591,49.41444],[7.34618,49.41156],[7.34641,49.40882],[7.343,49.40607],[7.34051,49.40407],[7.33768,49.4018],[7.33428,49.3991],[7.3314,49.39682],[7.32855,49.39451],[7.32557,49.39214],[7.32284,49.38994],[7.31996,49.38763],[7.31527,49.3868],[7.31003,49.38584],[7.30476,49.38486]]},"properties":{"kv":380,"cable":false,"operator":"Amprion","name":"380kV B\u00fcrstadt Ltg. | 380kV Kaiserslautern S\u00fcd","rail":false}},{"type":"Feature","geometry":{"type":"LineString","coordinates":[[7.03117,49.33108],[7.03131,49.3309],[7.03136,49.33085]]},"properties":{"kv":110,"cable":false,"operator":"Creos","name":"","rail":false}},{"type":"Feature","geometry":{"type":"LineString","coordinates":[[7.19388,49.33344],[7.19383,49.33354],[7.19389,49.33357]]},"properties":{"kv":110,"cable":false,"operator":"","name":"","rail":false}},{"type":"Feature","geometry":{"type":"LineString","coordinates":[[7.19421,49.33338],[7.19415,49.3335]]},"properties":{"kv":110,"cable":false,"operator":"","name":"","rail":false}},{"type":"Feature","geometry":{"type":"LineString","coordinates":[[7.1938,49.33331],[7.19375,49.33342]]},"properties":{"kv":110,"cable":false,"operator":"","name":"","rail":false}},{"type":"Feature","geometry":{"type":"LineString","coordinates":[[6.8696,49.40729],[6.87099,49.4034]]},"properties":{"kv":10,"cable":true,"operator":"","name":"","rail":false}},{"type":"Feature","geometry":{"type":"LineString","coordinates":[[6.84059,49.23637],[6.84221,49.23564],[6.84203,49.23549],[6.84157,49.23476],[6.84154,49.23459],[6.84123,49.23421],[6.84107,49.2339],[6.84096,49.23363],[6.84113,49.23326],[6.84114,49.23321],[6.84055,49.233],[6.84068,49.23274],[6.84069,49.23263],[6.84066,49.23252],[6.84048,49.23236],[6.83948,49.23196],[6.83868,49.23164],[6.83898,49.23133],[6.83953,49.23073],[6.83995,49.23031],[6.84015,49.23012],[6.84039,49.22997],[6.84074,49.22984],[6.84105,49.22975],[6.84118,49.22971],[6.84171,49.22968],[6.8425,49.22961],[6.84293,49.22953],[6.84328,49.22944],[6.84373,49.22928],[6.84547,49.22872],[6.84625,49.22836],[6.84741,49.22784],[6.84845,49.22731],[6.84883,49.22706],[6.84914,49.2267],[6.84939,49.22607],[6.84955,49.22577],[6.84975,49.22564],[6.85017,49.22552],[6.85077,49.22529],[6.85115,49.22506],[6.85167,49.22486],[6.8519,49.22485],[6.8527,49.22498],[6.853,49.22489],[6.85498,49.22404],[6.85499,49.2241],[6.85504,49.22412],[6.85521,49.22419],[6.85533,49.22422],[6.85555,49.22424],[6.8558,49.22424],[6.85602,49.22426],[6.85628,49.22428],[6.85667,49.22431],[6.85707,49.22428],[6.85755,49.22422],[6.858,49.22422],[6.85853,49.22346],[6.85868,49.22301],[6.85848,49.22272],[6.85922,49.22279],[6.85974,49.22271],[6.86085,49.22247],[6.86294,49.22225],[6.86335,49.22212],[6.86395,49.22175],[6.86412,49.22157],[6.86448,49.22123],[6.86496,49.22082],[6.86554,49.22053],[6.86594,49.22058],[6.86974,49.22101],[6.86996,49.22032],[6.87008,49.21997],[6.87018,49.21964],[6.8703,49.21916],[6.87037,49.21897],[6.87061,49.21855],[6.87076,49.21853],[6.871,49.21847],[6.87124,49.2184],[6.87154,49.21824],[6.87174,49.21811],[6.87198,49.21793],[6.87206,49.21784],[6.8721,49.21777],[6.87211,49.21771],[6.87193,49.21747],[6.87174,49.21734],[6.87146,49.21717],[6.87121,49.21676],[6.87154,49.2166],[6.87165,49.2164],[6.87171,49.21632],[6.87207,49.21616],[6.87211,49.21606],[6.87216,49.21594],[6.87318,49.2154],[6.87469,49.21484],[6.87628,49.21442],[6.87749,49.21494],[6.87823,49.21519],[6.8791,49.21545],[6.87946,49.21559],[6.8798,49.21585],[6.88005,49.2161],[6.88025,49.21627],[6.88054,49.21653],[6.88179,49.21756],[6.88204,49.21771],[6.88228,49.2178],[6.88258,49.21788],[6.88328,49.21797],[6.88403,49.21805],[6.88594,49.21825],[6.8864,49.21832],[6.88667,49.21736],[6.88695,49.21749],[6.88724,49.21765],[6.88756,49.21776],[6.88791,49.2178],[6.89226,49.21785],[6.89276,49.21818],[6.89293,49.21797],[6.89301,49.21784],[6.89301,49.21777],[6.893,49.21768],[6.89291,49.21753],[6.8927,49.21731],[6.89259,49.21714],[6.89254,49.21698],[6.89254,49.21686],[6.89259,49.21671],[6.8927,49.21662],[6.89291,49.21655],[6.8932,49.21652],[6.89348,49.21652],[6.89377,49.21649],[6.89394,49.21644],[6.89411,49.21637],[6.89421,49.21629],[6.8944,49.21605],[6.89485,49.21548],[6.89489,49.21538],[6.89481,49.21529],[6.89467,49.21519],[6.8946,49.21509],[6.89436,49.2147],[6.89428,49.2145],[6.89423,49.2143],[6.89421,49.21384],[6.89417,49.21364],[6.89414,49.21345],[6.89417,49.2133],[6.89424,49.21311],[6.89425,49.21307],[6.89426,49.21288],[6.89423,49.21259],[6.8942,49.21248],[6.89419,49.2124],[6.89417,49.21192],[6.89408,49.21174],[6.89393,49.21157],[6.89383,49.2114],[6.89375,49.21119],[6.89362,49.21092],[6.89347,49.21074],[6.89319,49.21038],[6.89287,49.20974],[6.89236,49.20965]]},"properties":{"kv":0,"cable":true,"operator":"dunoair","name":"","rail":false}},{"type":"Feature","geometry":{"type":"LineString","coordinates":[[7.2384,49.54681],[7.23844,49.54688],[7.23814,49.54698]]},"properties":{"kv":110,"cable":false,"operator":"","name":"","rail":false}},{"type":"Feature","geometry":{"type":"LineString","coordinates":[[7.2382,49.54706],[7.23818,49.54703],[7.23814,49.54698],[7.23804,49.54686],[7.238,49.54681],[7.23797,49.54678]]},"properties":{"kv":110,"cable":false,"operator":"","name":"","rail":false}},{"type":"Feature","geometry":{"type":"LineString","coordinates":[[7.2384,49.54681],[7.23833,49.54675],[7.23804,49.54686]]},"properties":{"kv":110,"cable":false,"operator":"","name":"","rail":false}},{"type":"Feature","geometry":{"type":"LineString","coordinates":[[7.23818,49.54703],[7.23792,49.54712]]},"properties":{"kv":110,"cable":false,"operator":"","name":"","rail":false}},{"type":"Feature","geometry":{"type":"LineString","coordinates":[[7.238,49.54681],[7.23772,49.54691]]},"properties":{"kv":110,"cable":false,"operator":"","name":"","rail":false}},{"type":"Feature","geometry":{"type":"LineString","coordinates":[[7.1318,49.55505],[7.13188,49.55497],[7.13191,49.55482],[7.13198,49.55449]]},"properties":{"kv":110,"cable":false,"operator":"","name":"","rail":false}},{"type":"Feature","geometry":{"type":"LineString","coordinates":[[7.1318,49.55505],[7.13174,49.55495],[7.13177,49.55481],[7.13182,49.55461]]},"properties":{"kv":110,"cable":false,"operator":"","name":"","rail":false}},{"type":"Feature","geometry":{"type":"LineString","coordinates":[[7.13172,49.55481],[7.13177,49.55481],[7.13191,49.55482],[7.13197,49.55483]]},"properties":{"kv":110,"cable":false,"operator":"","name":"","rail":false}},{"type":"Feature","geometry":{"type":"LineString","coordinates":[[6.41963,49.49175],[6.41954,49.49178],[6.41918,49.49157],[6.41904,49.49149]]},"properties":{"kv":110,"cable":false,"operator":"","name":"","rail":false}},{"type":"Feature","geometry":{"type":"LineString","coordinates":[[6.62936,49.45424],[6.62945,49.45429],[6.62954,49.45433],[6.62962,49.45437],[6.62969,49.45441],[6.62978,49.45446],[6.63003,49.45458],[6.63009,49.45462],[6.63017,49.45466],[6.63025,49.4547],[6.6303,49.45473]]},"properties":{"kv":110,"cable":false,"operator":"","name":"","rail":false}},{"type":"Feature","geometry":{"type":"LineString","coordinates":[[6.6303,49.45473],[6.63034,49.45475],[6.63044,49.45467],[6.6304,49.45465]]},"properties":{"kv":110,"cable":false,"operator":"","name":"","rail":false}},{"type":"Feature","geometry":{"type":"LineString","coordinates":[[6.62948,49.4545],[6.62907,49.45474]]},"properties":{"kv":110,"cable":false,"operator":"","name":"","rail":false}},{"type":"Feature","geometry":{"type":"LineString","coordinates":[[6.62979,49.45433],[6.62969,49.45441],[6.62948,49.45458]]},"properties":{"kv":110,"cable":false,"operator":"","name":"","rail":false}},{"type":"Feature","geometry":{"type":"LineString","coordinates":[[6.62945,49.45429],[6.62955,49.45421],[6.62967,49.45411]]},"properties":{"kv":110,"cable":false,"operator":"","name":"","rail":false}},{"type":"Feature","geometry":{"type":"LineString","coordinates":[[6.62936,49.45424],[6.62946,49.45416],[6.62958,49.45407]]},"properties":{"kv":110,"cable":false,"operator":"","name":"","rail":false}},{"type":"Feature","geometry":{"type":"LineString","coordinates":[[6.62999,49.45427],[6.62988,49.45437],[6.62978,49.45446]]},"properties":{"kv":110,"cable":false,"operator":"","name":"110 kV Merzig - Saarwellingen","rail":false}},{"type":"Feature","geometry":{"type":"LineString","coordinates":[[6.63027,49.45458],[6.63017,49.45466],[6.63011,49.45471],[6.62999,49.45476]]},"properties":{"kv":110,"cable":false,"operator":"","name":"","rail":false}},{"type":"Feature","geometry":{"type":"LineString","coordinates":[[6.63006,49.45447],[6.62981,49.45466]]},"properties":{"kv":110,"cable":false,"operator":"","name":"Merzig -","rail":false}},{"type":"Feature","geometry":{"type":"LineString","coordinates":[[6.62972,49.45429],[6.62962,49.45437],[6.62948,49.4545]]},"properties":{"kv":110,"cable":false,"operator":"","name":"","rail":false}},{"type":"Feature","geometry":{"type":"LineString","coordinates":[[6.6294,49.45446],[6.62954,49.45433],[6.62964,49.45425]]},"properties":{"kv":110,"cable":false,"operator":"","name":"","rail":false}},{"type":"Feature","geometry":{"type":"LineString","coordinates":[[6.62989,49.45477],[6.63009,49.45462],[6.63019,49.45454]]},"properties":{"kv":110,"cable":false,"operator":"","name":"","rail":false}},{"type":"Feature","geometry":{"type":"LineString","coordinates":[[6.63004,49.45499],[6.62992,49.45493],[6.63007,49.45479],[6.63019,49.45474],[6.63025,49.4547],[6.63035,49.45462]]},"properties":{"kv":110,"cable":false,"operator":"","name":"","rail":false}},{"type":"Feature","geometry":{"type":"LineString","coordinates":[[6.6292,49.45537],[6.62989,49.4547]]},"properties":{"kv":110,"cable":false,"operator":"","name":"","rail":false}},{"type":"Feature","geometry":{"type":"LineString","coordinates":[[6.62989,49.4547],[6.63003,49.45458],[6.63013,49.4545]]},"properties":{"kv":110,"cable":false,"operator":"","name":"","rail":false}},{"type":"Feature","geometry":{"type":"LineString","coordinates":[[6.90151,49.40972],[6.90151,49.40968],[6.9015,49.40959],[6.9015,49.40953],[6.90149,49.40935],[6.90148,49.40928],[6.90148,49.40921]]},"properties":{"kv":110,"cable":false,"operator":"","name":"","rail":false}},{"type":"Feature","geometry":{"type":"LineString","coordinates":[[6.90142,49.40973],[6.90142,49.40968],[6.90141,49.40959],[6.90141,49.40953],[6.9014,49.40935],[6.9014,49.40928],[6.90139,49.40922]]},"properties":{"kv":110,"cable":false,"operator":"","name":"","rail":false}},{"type":"Feature","geometry":{"type":"LineString","coordinates":[[6.90001,49.40963],[6.90117,49.4096]]},"properties":{"kv":110,"cable":false,"operator":"","name":"","rail":false}},{"type":"Feature","geometry":{"type":"LineString","coordinates":[[6.90001,49.40963],[6.90118,49.40969]]},"properties":{"kv":110,"cable":false,"operator":"","name":"","rail":false}},{"type":"Feature","geometry":{"type":"LineString","coordinates":[[6.90118,49.40969],[6.90142,49.40968],[6.90151,49.40968]]},"properties":{"kv":110,"cable":false,"operator":"","name":"","rail":false}},{"type":"Feature","geometry":{"type":"LineString","coordinates":[[6.90117,49.4096],[6.90141,49.40959],[6.9015,49.40959]]},"properties":{"kv":110,"cable":false,"operator":"","name":"","rail":false}},{"type":"Feature","geometry":{"type":"LineString","coordinates":[[6.90117,49.40935],[6.9014,49.40935],[6.90149,49.40935]]},"properties":{"kv":110,"cable":false,"operator":"","name":"","rail":false}},{"type":"Feature","geometry":{"type":"LineString","coordinates":[[6.90113,49.40953],[6.90141,49.40953],[6.9015,49.40953]]},"properties":{"kv":110,"cable":false,"operator":"","name":"","rail":false}},{"type":"Feature","geometry":{"type":"LineString","coordinates":[[6.90111,49.40928],[6.9014,49.40928],[6.90148,49.40928]]},"properties":{"kv":110,"cable":false,"operator":"","name":"","rail":false}},{"type":"Feature","geometry":{"type":"LineString","coordinates":[[6.87264,49.44534],[6.87254,49.44574]]},"properties":{"kv":110,"cable":false,"operator":"","name":"","rail":false}},{"type":"Feature","geometry":{"type":"LineString","coordinates":[[6.87278,49.44535],[6.87271,49.44558]]},"properties":{"kv":110,"cable":false,"operator":"","name":"","rail":false}},{"type":"Feature","geometry":{"type":"LineString","coordinates":[[6.87258,49.44533],[6.87264,49.44534],[6.87278,49.44535],[6.87287,49.44536]]},"properties":{"kv":110,"cable":false,"operator":"","name":"","rail":false}},{"type":"Feature","geometry":{"type":"LineString","coordinates":[[6.87293,49.44484],[6.87268,49.44519]]},"properties":{"kv":110,"cable":false,"operator":"","name":"","rail":false}},{"type":"Feature","geometry":{"type":"LineString","coordinates":[[6.87293,49.44484],[6.87282,49.44521]]},"properties":{"kv":110,"cable":false,"operator":"","name":"","rail":false}},{"type":"Feature","geometry":{"type":"LineString","coordinates":[[6.87282,49.44521],[6.87278,49.44535]]},"properties":{"kv":110,"cable":false,"operator":"","name":"","rail":false}},{"type":"Feature","geometry":{"type":"LineString","coordinates":[[6.87268,49.44519],[6.87264,49.44534]]},"properties":{"kv":110,"cable":false,"operator":"","name":"","rail":false}},{"type":"Feature","geometry":{"type":"LineString","coordinates":[[6.87293,49.44484],[6.87595,49.4441]]},"properties":{"kv":110,"cable":false,"operator":"","name":"","rail":false}},{"type":"Feature","geometry":{"type":"LineString","coordinates":[[6.76634,49.36079],[6.76623,49.36138]]},"properties":{"kv":0,"cable":false,"operator":"","name":"","rail":false}},{"type":"Feature","geometry":{"type":"LineString","coordinates":[[6.76599,49.36041],[6.76605,49.36036],[6.76622,49.36019]]},"properties":{"kv":110,"cable":false,"operator":"","name":"","rail":false}},{"type":"Feature","geometry":{"type":"LineString","coordinates":[[6.76629,49.36055],[6.76635,49.3605],[6.76654,49.36033]]},"properties":{"kv":110,"cable":false,"operator":"","name":"","rail":false}},{"type":"Feature","geometry":{"type":"LineString","coordinates":[[6.76635,49.36035],[6.76625,49.36045],[6.7662,49.36051]]},"properties":{"kv":110,"cable":false,"operator":"","name":"","rail":false}},{"type":"Feature","geometry":{"type":"LineString","coordinates":[[6.76626,49.3603],[6.76615,49.3604],[6.76609,49.36046]]},"properties":{"kv":110,"cable":false,"operator":"","name":"","rail":false}},{"type":"Feature","geometry":{"type":"LineString","coordinates":[[6.7662,49.36051],[6.76613,49.36057],[6.76604,49.36066]]},"properties":{"kv":110,"cable":false,"operator":"","name":"","rail":false}},{"type":"Feature","geometry":{"type":"LineString","coordinates":[[6.76573,49.3605],[6.76581,49.36043],[6.76589,49.36036]]},"properties":{"kv":110,"cable":false,"operator":"","name":"Saarwellingen - Dillinger H\u00fctte N/S","rail":false}},{"type":"Feature","geometry":{"type":"LineString","coordinates":[[6.76578,49.36031],[6.76571,49.36038],[6.76562,49.36046]]},"properties":{"kv":110,"cable":false,"operator":"","name":"Saarwellingen - Dillinger H\u00fctte N/S","rail":false}},{"type":"Feature","geometry":{"type":"LineString","coordinates":[[6.76624,49.36074],[6.76633,49.36066],[6.7664,49.3606]]},"properties":{"kv":110,"cable":false,"operator":"","name":"Saarwellingen - Lebach","rail":false}},{"type":"Feature","geometry":{"type":"LineString","coordinates":[[6.76646,49.35922],[6.76605,49.36021]]},"properties":{"kv":110,"cable":false,"operator":"","name":"","rail":false}},{"type":"Feature","geometry":{"type":"LineString","coordinates":[[6.76605,49.36021],[6.76595,49.36031],[6.76589,49.36036]]},"properties":{"kv":110,"cable":false,"operator":"","name":"","rail":false}},{"type":"Feature","geometry":{"type":"LineString","coordinates":[[6.76595,49.36016],[6.76646,49.35922]]},"properties":{"kv":110,"cable":false,"operator":"","name":"","rail":false}},{"type":"Feature","geometry":{"type":"LineString","coordinates":[[6.76578,49.36031],[6.76584,49.36026],[6.76595,49.36016]]},"properties":{"kv":110,"cable":false,"operator":"","name":"","rail":false}},{"type":"Feature","geometry":{"type":"LineString","coordinates":[[6.92747,49.37594],[6.92772,49.37598],[6.92791,49.37599],[6.92825,49.376],[6.92844,49.376],[6.92865,49.37598],[6.93215,49.37535],[6.93386,49.37732]]},"properties":{"kv":0,"cable":true,"operator":"","name":"","rail":false}},{"type":"Feature","geometry":{"type":"LineString","coordinates":[[6.85367,49.36658],[6.8543,49.36678],[6.85481,49.36704],[6.85557,49.36731],[6.85576,49.36739],[6.8563,49.36775],[6.85695,49.36805],[6.85768,49.36831],[6.85842,49.36853],[6.85904,49.36857],[6.85927,49.3686],[6.85965,49.36868],[6.86109,49.36904],[6.86207,49.36934],[6.86274,49.36959],[6.86321,49.36972],[6.8648,49.37012],[6.86554,49.37032],[6.86586,49.3704],[6.86617,49.37044]]},"properties":{"kv":20,"cable":true,"operator":"","name":"","rail":false}},{"type":"Feature","geometry":{"type":"LineString","coordinates":[[7.12961,49.34587],[7.12981,49.34583]]},"properties":{"kv":0,"cable":true,"operator":"Creos","name":"","rail":false}},{"type":"Feature","geometry":{"type":"LineString","coordinates":[[7.14535,49.33401],[7.1463,49.33355],[7.14718,49.33318],[7.14737,49.33307]]},"properties":{"kv":0,"cable":true,"operator":"Creos","name":"","rail":false}},{"type":"Feature","geometry":{"type":"LineString","coordinates":[[7.03111,49.33115],[7.03117,49.33108]]},"properties":{"kv":65,"cable":false,"operator":"Creos","name":"","rail":false}},{"type":"Feature","geometry":{"type":"LineString","coordinates":[[7.03111,49.33164],[7.03022,49.33343]]},"properties":{"kv":65,"cable":false,"operator":"Creos","name":"Weiher - Reden","rail":false}},{"type":"Feature","geometry":{"type":"LineString","coordinates":[[7.1028,49.27717],[7.10282,49.2772],[7.10285,49.27724],[7.10287,49.27728],[7.1029,49.27732]]},"properties":{"kv":110,"cable":false,"operator":"","name":"","rail":false}},{"type":"Feature","geometry":{"type":"LineString","coordinates":[[7.10171,49.27765],[7.10261,49.27726]]},"properties":{"kv":110,"cable":false,"operator":"VSE","name":"St. Ingbert West","rail":false}},{"type":"Feature","geometry":{"type":"LineString","coordinates":[[7.10171,49.27765],[7.10266,49.27734]]},"properties":{"kv":110,"cable":false,"operator":"VSE","name":"St. Ingbert Ost","rail":false}},{"type":"Feature","geometry":{"type":"LineString","coordinates":[[6.94414,49.25537],[6.94418,49.2552]]},"properties":{"kv":0,"cable":true,"operator":"Creos","name":"","rail":false}},{"type":"Feature","geometry":{"type":"LineString","coordinates":[[7.3198,49.30634],[7.31914,49.30637]]},"properties":{"kv":220,"cable":false,"operator":"","name":"","rail":false}},{"type":"Feature","geometry":{"type":"LineString","coordinates":[[7.3198,49.30637],[7.31994,49.30637]]},"properties":{"kv":220,"cable":false,"operator":"","name":"Otterbach - Beeden","rail":false}},{"type":"Feature","geometry":{"type":"LineString","coordinates":[[7.31987,49.30446],[7.31999,49.30446],[7.32029,49.30448]]},"properties":{"kv":110,"cable":false,"operator":"","name":"Beeden -","rail":false}},{"type":"Feature","geometry":{"type":"LineString","coordinates":[[7.31986,49.30453],[7.31998,49.30454],[7.32028,49.30455]]},"properties":{"kv":110,"cable":false,"operator":"","name":"","rail":false}},{"type":"Feature","geometry":{"type":"LineString","coordinates":[[7.31966,49.30438],[7.32,49.3044],[7.32011,49.3044]]},"properties":{"kv":110,"cable":false,"operator":"","name":"Beeden - Rohrbach","rail":false}},{"type":"Feature","geometry":{"type":"LineString","coordinates":[[7.31962,49.30467],[7.31995,49.30468],[7.32007,49.30469]]},"properties":{"kv":110,"cable":false,"operator":"","name":"Barbara - Beeden","rail":false}},{"type":"Feature","geometry":{"type":"LineString","coordinates":[[7.31979,49.30494],[7.31992,49.30494],[7.32004,49.30495],[7.32023,49.30496]]},"properties":{"kv":110,"cable":false,"operator":"","name":"","rail":false}},{"type":"Feature","geometry":{"type":"LineString","coordinates":[[7.32023,49.30503],[7.31991,49.30501],[7.31978,49.30501]]},"properties":{"kv":110,"cable":false,"operator":"","name":"","rail":false}},{"type":"Feature","geometry":{"type":"LineString","coordinates":[[7.31974,49.3053],[7.31986,49.3053],[7.32001,49.30531],[7.32019,49.30532]]},"properties":{"kv":110,"cable":false,"operator":"","name":"","rail":false}},{"type":"Feature","geometry":{"type":"LineString","coordinates":[[7.31921,49.30523],[7.31924,49.30487]]},"properties":{"kv":110,"cable":false,"operator":"","name":"","rail":false}},{"type":"Feature","geometry":{"type":"LineString","coordinates":[[7.31999,49.30517],[7.31988,49.30516],[7.31957,49.30514]]},"properties":{"kv":110,"cable":false,"operator":"","name":"Barbara - Beeden","rail":false}},{"type":"Feature","geometry":{"type":"LineString","coordinates":[[7.31998,49.30524],[7.31987,49.30523],[7.31955,49.30522]]},"properties":{"kv":110,"cable":false,"operator":"","name":"Beeden - Rohrbach","rail":false}},{"type":"Feature","geometry":{"type":"LineString","coordinates":[[6.88411,49.24905],[6.88416,49.24907]]},"properties":{"kv":110,"cable":false,"operator":"","name":"","rail":false}},{"type":"Feature","geometry":{"type":"LineString","coordinates":[[6.88413,49.24903],[6.88414,49.24903],[6.88418,49.24898],[6.88422,49.24899]]},"properties":{"kv":110,"cable":false,"operator":"","name":"","rail":false}},{"type":"Feature","geometry":{"type":"LineString","coordinates":[[6.81513,49.18313],[6.8151,49.18311],[6.81504,49.18308],[6.81489,49.18298],[6.81482,49.18295],[6.81477,49.18292]]},"properties":{"kv":65,"cable":false,"operator":"","name":"","rail":false}},{"type":"Feature","geometry":{"type":"LineString","coordinates":[[6.81529,49.18295],[6.81521,49.18301],[6.81513,49.18309],[6.8151,49.18311]]},"properties":{"kv":65,"cable":false,"operator":"","name":"","rail":false}},{"type":"Feature","geometry":{"type":"LineString","coordinates":[[6.81524,49.18292],[6.81516,49.18298],[6.81508,49.18306],[6.81504,49.18308]]},"properties":{"kv":65,"cable":false,"operator":"","name":"","rail":false}},{"type":"Feature","geometry":{"type":"LineString","coordinates":[[6.81511,49.18285],[6.81503,49.18291],[6.81492,49.18296],[6.81489,49.18298]]},"properties":{"kv":65,"cable":false,"operator":"","name":"","rail":false}},{"type":"Feature","geometry":{"type":"LineString","coordinates":[[6.81504,49.18282],[6.81497,49.18287],[6.81485,49.18293],[6.81482,49.18295]]},"properties":{"kv":65,"cable":false,"operator":"","name":"","rail":false}},{"type":"Feature","geometry":{"type":"LineString","coordinates":[[6.91357,49.29532],[6.91379,49.29517]]},"properties":{"kv":110,"cable":false,"operator":"","name":"","rail":false}},{"type":"Feature","geometry":{"type":"LineString","coordinates":[[6.91325,49.29512],[6.91347,49.29497]]},"properties":{"kv":110,"cable":false,"operator":"","name":"","rail":false}},{"type":"Feature","geometry":{"type":"LineString","coordinates":[[6.94733,49.32317],[6.94733,49.32313],[6.94731,49.32302],[6.9473,49.32292],[6.94729,49.32282],[6.94728,49.32277]]},"properties":{"kv":110,"cable":false,"operator":"","name":"","rail":false}},{"type":"Feature","geometry":{"type":"LineString","coordinates":[[6.94698,49.32315],[6.94733,49.32313]]},"properties":{"kv":110,"cable":false,"operator":"","name":"","rail":false}},{"type":"Feature","geometry":{"type":"LineString","coordinates":[[6.94695,49.32283],[6.94729,49.32282]]},"properties":{"kv":110,"cable":false,"operator":"","name":"","rail":false}},{"type":"Feature","geometry":{"type":"LineString","coordinates":[[6.94707,49.32298],[6.94707,49.32293],[6.9473,49.32292]]},"properties":{"kv":110,"cable":false,"operator":"","name":"","rail":false}},{"type":"Feature","geometry":{"type":"LineString","coordinates":[[6.94707,49.32298],[6.94708,49.32303],[6.94731,49.32302]]},"properties":{"kv":110,"cable":false,"operator":"","name":"","rail":false}},{"type":"Feature","geometry":{"type":"LineString","coordinates":[[7.14429,49.33377],[7.14411,49.33439]]},"properties":{"kv":65,"cable":false,"operator":"Creos","name":"","rail":false}},{"type":"Feature","geometry":{"type":"LineString","coordinates":[[6.83996,49.25279],[6.83957,49.25425]]},"properties":{"kv":110,"cable":false,"operator":"","name":"Ensdorf - Saarstahl VK","rail":false}},{"type":"Feature","geometry":{"type":"LineString","coordinates":[[6.83957,49.25425],[6.83954,49.25424],[6.83937,49.25414],[6.83938,49.25413],[6.83938,49.25411],[6.83931,49.25361],[6.83932,49.2536],[6.83932,49.25358],[6.83953,49.25327],[6.83953,49.25326],[6.83953,49.25325],[6.83946,49.25291]]},"properties":{"kv":110,"cable":true,"operator":"","name":"","rail":false}},{"type":"Feature","geometry":{"type":"LineString","coordinates":[[6.83947,49.2529],[6.83946,49.25291]]},"properties":{"kv":110,"cable":true,"operator":"","name":"","rail":false}},{"type":"Feature","geometry":{"type":"LineString","coordinates":[[6.83946,49.25291],[6.8394,49.25264],[6.83941,49.25264]]},"properties":{"kv":110,"cable":true,"operator":"","name":"","rail":false}},{"type":"Feature","geometry":{"type":"LineString","coordinates":[[6.75738,49.3101],[6.75728,49.31014],[6.75721,49.31017]]},"properties":{"kv":110,"cable":false,"operator":"","name":"","rail":false}},{"type":"Feature","geometry":{"type":"LineString","coordinates":[[6.75744,49.3102],[6.75739,49.31018],[6.75728,49.31014],[6.75717,49.31009]]},"properties":{"kv":110,"cable":false,"operator":"","name":"","rail":false}},{"type":"Feature","geometry":{"type":"LineString","coordinates":[[6.75743,49.31014],[6.75739,49.31018],[6.75725,49.31032],[6.75722,49.31036],[6.75716,49.31041]]},"properties":{"kv":110,"cable":false,"operator":"","name":"","rail":false}},{"type":"Feature","geometry":{"type":"LineString","coordinates":[[6.75743,49.31014],[6.75745,49.31012],[6.75758,49.30999],[6.75763,49.30994],[6.75767,49.3099]]},"properties":{"kv":110,"cable":false,"operator":"","name":"","rail":false}},{"type":"Feature","geometry":{"type":"LineString","coordinates":[[6.75738,49.3101],[6.75745,49.31012]]},"properties":{"kv":110,"cable":false,"operator":"","name":"","rail":false}},{"type":"Feature","geometry":{"type":"LineString","coordinates":[[6.88968,49.52787],[6.88995,49.52787]]},"properties":{"kv":110,"cable":false,"operator":"","name":"","rail":false}},{"type":"Feature","geometry":{"type":"LineString","coordinates":[[7.03651,49.23126],[7.03668,49.23112],[7.03674,49.23106]]},"properties":{"kv":110,"cable":false,"operator":"","name":"","rail":false}},{"type":"Feature","geometry":{"type":"LineString","coordinates":[[7.03661,49.23108],[7.03656,49.23106],[7.0367,49.23094],[7.03677,49.23093],[7.03681,49.23095],[7.03682,49.23099],[7.03674,49.23106]]},"properties":{"kv":110,"cable":false,"operator":"","name":"","rail":false}},{"type":"Feature","geometry":{"type":"LineString","coordinates":[[7.03661,49.23132],[7.03679,49.23117],[7.03685,49.23112]]},"properties":{"kv":110,"cable":false,"operator":"","name":"","rail":false}},{"type":"Feature","geometry":{"type":"LineString","coordinates":[[7.03669,49.23139],[7.03689,49.23123],[7.03695,49.23117]]},"properties":{"kv":110,"cable":false,"operator":"","name":"","rail":false}},{"type":"Feature","geometry":{"type":"LineString","coordinates":[[7.03752,49.23156],[7.0376,49.2315],[7.03776,49.23137]]},"properties":{"kv":110,"cable":false,"operator":"","name":"","rail":false}},{"type":"Feature","geometry":{"type":"LineString","coordinates":[[7.03682,49.23143],[7.037,49.23129],[7.03708,49.23123]]},"properties":{"kv":110,"cable":false,"operator":"","name":"","rail":false}},{"type":"Feature","geometry":{"type":"LineString","coordinates":[[7.03738,49.23139],[7.0373,49.23145],[7.03712,49.23159]]},"properties":{"kv":110,"cable":false,"operator":"","name":"","rail":false}},{"type":"Feature","geometry":{"type":"LineString","coordinates":[[7.03708,49.23133],[7.03716,49.23127],[7.0373,49.23116]]},"properties":{"kv":110,"cable":false,"operator":"","name":"Brebach - Eschberg","rail":false}},{"type":"Feature","geometry":{"type":"LineString","coordinates":[[7.03741,49.23121],[7.03726,49.23132],[7.03718,49.23138]]},"properties":{"kv":110,"cable":false,"operator":"","name":"Brebach - Eschberg","rail":false}},{"type":"Feature","geometry":{"type":"LineString","coordinates":[[6.97782,49.24352],[6.9778,49.24356],[6.97777,49.24361],[6.97774,49.24366],[6.97772,49.24371],[6.97768,49.24379],[6.97761,49.24392],[6.97759,49.24397],[6.97756,49.24401],[6.97754,49.24406],[6.97752,49.2441]]},"properties":{"kv":110,"cable":false,"operator":"DB Energie GmbH","name":"","rail":true}},{"type":"Feature","geometry":{"type":"LineString","coordinates":[[6.97752,49.24396],[6.97759,49.24397],[6.97777,49.244],[6.97779,49.24395]]},"properties":{"kv":110,"cable":false,"operator":"DB Energie GmbH","name":"","rail":true}},{"type":"Feature","geometry":{"type":"LineString","coordinates":[[6.97767,49.24365],[6.97774,49.24366],[6.97792,49.2437],[6.97789,49.24375]]},"properties":{"kv":110,"cable":false,"operator":"DB Energie GmbH","name":"","rail":true}},{"type":"Feature","geometry":{"type":"LineString","coordinates":[[6.97732,49.24386],[6.97755,49.2439],[6.97761,49.24392]]},"properties":{"kv":110,"cable":false,"operator":"DB Energie GmbH","name":"","rail":true}},{"type":"Feature","geometry":{"type":"LineString","coordinates":[[6.97747,49.24355],[6.9777,49.2436],[6.97777,49.24361]]},"properties":{"kv":110,"cable":false,"operator":"DB Energie GmbH","name":"","rail":true}},{"type":"Feature","geometry":{"type":"LineString","coordinates":[[6.97742,49.24366],[6.97765,49.2437],[6.97772,49.24371]]},"properties":{"kv":110,"cable":false,"operator":"DB Energie GmbH","name":"","rail":true}},{"type":"Feature","geometry":{"type":"LineString","coordinates":[[6.97768,49.24379],[6.97745,49.24374],[6.97745,49.24375],[6.97761,49.24379]]},"properties":{"kv":110,"cable":false,"operator":"DB Energie GmbH","name":"","rail":true}},{"type":"Feature","geometry":{"type":"LineString","coordinates":[[6.97756,49.24351],[6.97772,49.24354],[6.9778,49.24356]]},"properties":{"kv":110,"cable":false,"operator":"DB Energie GmbH","name":"","rail":true}},{"type":"Feature","geometry":{"type":"LineString","coordinates":[[6.97737,49.24377],[6.97732,49.24386],[6.97727,49.24395],[6.97723,49.24403]]},"properties":{"kv":110,"cable":false,"operator":"DB Energie GmbH","name":"110 kV Bahnstrom Kaiserslautern - Saarbr\u00fccken 1|2;UW Saarbr\u00fccken - UW Bengel;UW Saarbr\u00fccken - UW Karthaus","rail":true}},{"type":"Feature","geometry":{"type":"LineString","coordinates":[[6.90614,49.25076],[6.90604,49.25078]]},"properties":{"kv":63,"cable":false,"operator":"Evonik","name":"","rail":false}},{"type":"Feature","geometry":{"type":"LineString","coordinates":[[6.90618,49.25086],[6.90609,49.25088]]},"properties":{"kv":63,"cable":false,"operator":"Evonik","name":"","rail":false}},{"type":"Feature","geometry":{"type":"LineString","coordinates":[[6.8317,49.21666],[6.83085,49.21641],[6.83076,49.21658]]},"properties":{"kv":0,"cable":false,"operator":"Creos","name":"","rail":false}},{"type":"Feature","geometry":{"type":"LineString","coordinates":[[6.88117,49.32477],[6.88211,49.32191],[6.88303,49.31912],[6.88393,49.31635],[6.88159,49.31452],[6.87875,49.31232],[6.87638,49.31048],[6.87767,49.30765],[6.87893,49.30491],[6.88031,49.30189],[6.88127,49.29979],[6.8852,49.29831],[6.8881,49.29653],[6.8911,49.29417],[6.89374,49.29265],[6.8969,49.29082],[6.89782,49.29023],[6.89933,49.28925],[6.9007,49.28836],[6.90097,49.28574],[6.90115,49.28417]]},"properties":{"kv":65,"cable":false,"operator":"Creos","name":"","rail":false}},{"type":"Feature","geometry":{"type":"LineString","coordinates":[[6.90222,49.32737],[6.9024,49.32709]]},"properties":{"kv":65,"cable":false,"operator":"Creos","name":"Nordschacht - S\u00fcdschacht","rail":false}},{"type":"Feature","geometry":{"type":"LineString","coordinates":[[6.9024,49.32709],[6.90244,49.32702],[6.90247,49.32697]]},"properties":{"kv":65,"cable":false,"operator":"Creos","name":"Nordschacht - S\u00fcdschacht","rail":false}},{"type":"Feature","geometry":{"type":"LineString","coordinates":[[6.90236,49.32708],[6.9024,49.32701],[6.90242,49.32696]]},"properties":{"kv":65,"cable":false,"operator":"Creos","name":"Luisenthal - S\u00fcdschacht","rail":false}},{"type":"Feature","geometry":{"type":"LineString","coordinates":[[6.93866,49.32916],[6.93861,49.32921],[6.9378,49.32917],[6.93708,49.32914],[6.93644,49.3289],[6.93617,49.32885],[6.93462,49.32887],[6.9343,49.32885],[6.93417,49.32884],[6.93405,49.32883],[6.93366,49.32875],[6.93362,49.32873],[6.93356,49.32869],[6.93343,49.32879],[6.93286,49.32858],[6.93241,49.32828],[6.93088,49.32702],[6.92892,49.32622],[6.9288,49.32634],[6.92855,49.32674],[6.92846,49.32679],[6.9282,49.32685],[6.92571,49.32732],[6.92556,49.32738],[6.92466,49.32793],[6.92351,49.32742],[6.92269,49.32733],[6.92251,49.32737],[6.92241,49.32752],[6.9224,49.3278]]},"properties":{"kv":0,"cable":true,"operator":"Creos","name":"","rail":false}}]}